<?xml version="1.0" encoding="UTF-8"?>
<osm version="0.6" generator="Overpass API 0.7.62.11 87bfad18">
<note>The data included in this document is from www.openstreetmap.org. The data is made available under ODbL.</note>
<meta osm_base="2026-10-02T03:31:59Z" areas="2026-09-30T19:06:41Z"/>

<action type="modify">
<old>
  <node id="402807948" lat="46.2777148" lon="12.3633477" version="4" timestamp="2022-10-19T12:52:37Z" changeset="127781569" uid="2360444" user="rikmede"/>
</old>
<new>
  <node id="402807948" lat="46.2777023" lon="12.3633537" version="5" timestamp="2026-10-01T09:42:58Z" changeset="189812875" uid="188429" user="gpstracks"/>
</new>
</action>
<action type="modify">
<old>
  <node id="402808048" lat="46.2756835" lon="12.3629971" version="6" timestamp="2023-10-03T16:04:53Z" changeset="142108015" uid="3217726" user="maicolgalante"/>
</old>
<new>
  <node id="402808048" lat="46.2756841" lon="12.3629980" version="7" timestamp="2026-10-01T09:42:58Z" changeset="189812875" uid="188429" user="gpstracks"/>
</new>
</action>
<action type="modify">
<old>
  <node id="402897142" lat="46.4339219" lon="13.4396459" version="5" timestamp="2022-05-05T16:54:42Z" changeset="120598114" uid="3538539" user="micheleOSM3"/>
</old>
<new>
  <node id="402897142" lat="46.4339256" lon="13.4396224" version="6" timestamp="2026-10-01T04:02:11Z" changeset="189801744" uid="3538539" user="micheleOSM3"/>
</new>
</action>
<action type="modify">
<old>
  <node id="402897145" lat="46.4339677" lon="13.4396232" version="5" timestamp="2022-05-05T16:54:42Z" changeset="120598114" uid="3538539" user="micheleOSM3"/>
</old>
<new>
  <node id="402897145" lat="46.4339682" lon="13.4396152" version="6" timestamp="2026-10-01T04:02:11Z" changeset="189801744" uid="3538539" user="micheleOSM3"/>
</new>
</action>
<action type="create">
  <node id="402899234" lat="46.4315192" lon="13.4340439" version="1" timestamp="2009-05-17T15:54:05Z" changeset="1222822" uid="86130" user="Stefano Salvador"/>
</action>
<action type="create">
  <node id="402899275" lat="46.4316018" lon="13.4345530" version="1" timestamp="2009-05-17T15:54:07Z" changeset="1222822" uid="86130" user="Stefano Salvador"/>
</action>
<action type="create">
  <node id="402899292" lat="46.4316095" lon="13.4347229" version="1" timestamp="2009-05-17T15:54:07Z" changeset="1222822" uid="86130" user="Stefano Salvador"/>
</action>
<action type="create">
  <node id="402899332" lat="46.4316971" lon="13.4350484" version="1" timestamp="2009-05-17T15:54:08Z" changeset="1222822" uid="86130" user="Stefano Salvador"/>
</action>
<action type="create">
  <node id="402899358" lat="46.4317110" lon="13.4353171" version="1" timestamp="2009-05-17T15:54:08Z" changeset="1222822" uid="86130" user="Stefano Salvador"/>
</action>
<action type="create">
  <node id="402899385" lat="46.4317723" lon="13.4356353" version="1" timestamp="2009-05-17T15:54:09Z" changeset="1222822" uid="86130" user="Stefano Salvador"/>
</action>
<action type="create">
  <node id="402899409" lat="46.4317823" lon="13.4358525" version="1" timestamp="2009-05-17T15:54:10Z" changeset="1222822" uid="86130" user="Stefano Salvador"/>
</action>
<action type="create">
  <node id="402899430" lat="46.4318212" lon="13.4359731" version="1" timestamp="2009-05-17T15:54:10Z" changeset="1222822" uid="86130" user="Stefano Salvador"/>
</action>
<action type="create">
  <node id="402899454" lat="46.4318424" lon="13.4361180" version="1" timestamp="2009-05-17T15:54:11Z" changeset="1222822" uid="86130" user="Stefano Salvador"/>
</action>
<action type="create">
  <node id="402899506" lat="46.4319284" lon="13.4364399" version="2" timestamp="2018-09-01T15:29:49Z" changeset="62200507" uid="1343743" user="Luvot"/>
</action>
<action type="create">
  <node id="402899518" lat="46.4318959" lon="13.4364626" version="1" timestamp="2009-05-17T15:54:13Z" changeset="1222822" uid="86130" user="Stefano Salvador"/>
</action>
<action type="create">
  <node id="402899537" lat="46.4318055" lon="13.4365233" version="1" timestamp="2009-05-17T15:54:13Z" changeset="1222822" uid="86130" user="Stefano Salvador"/>
</action>
<action type="create">
  <node id="402899557" lat="46.4317647" lon="13.4366283" version="2" timestamp="2018-09-01T15:29:49Z" changeset="62200507" uid="1343743" user="Luvot"/>
</action>
<action type="create">
  <node id="402899571" lat="46.4317406" lon="13.4366950" version="2" timestamp="2018-09-01T15:29:49Z" changeset="62200507" uid="1343743" user="Luvot"/>
</action>
<action type="create">
  <node id="402899584" lat="46.4317543" lon="13.4367326" version="2" timestamp="2018-09-01T15:29:49Z" changeset="62200507" uid="1343743" user="Luvot"/>
</action>
<action type="create">
  <node id="402899633" lat="46.4317799" lon="13.4369261" version="2" timestamp="2018-09-01T15:29:49Z" changeset="62200507" uid="1343743" user="Luvot"/>
</action>
<action type="create">
  <node id="402899654" lat="46.4317710" lon="13.4370799" version="2" timestamp="2018-09-01T15:29:49Z" changeset="62200507" uid="1343743" user="Luvot"/>
</action>
<action type="create">
  <node id="402899675" lat="46.4319200" lon="13.4373097" version="1" timestamp="2009-05-17T15:54:17Z" changeset="1222822" uid="86130" user="Stefano Salvador"/>
</action>
<action type="create">
  <node id="402899678" lat="46.4319468" lon="13.4373188" version="1" timestamp="2009-05-17T15:54:17Z" changeset="1222822" uid="86130" user="Stefano Salvador"/>
</action>
<action type="create">
  <node id="402899690" lat="46.4319874" lon="13.4372165" version="1" timestamp="2009-05-17T15:54:17Z" changeset="1222822" uid="86130" user="Stefano Salvador"/>
</action>
<action type="create">
  <node id="402899694" lat="46.4320280" lon="13.4372096" version="1" timestamp="2009-05-17T15:54:18Z" changeset="1222822" uid="86130" user="Stefano Salvador"/>
</action>
<action type="create">
  <node id="402899700" lat="46.4320518" lon="13.4371761" version="1" timestamp="2009-05-17T15:54:18Z" changeset="1222822" uid="86130" user="Stefano Salvador"/>
</action>
<action type="create">
  <node id="402899702" lat="46.4320743" lon="13.4371859" version="1" timestamp="2009-05-17T15:54:18Z" changeset="1222822" uid="86130" user="Stefano Salvador"/>
</action>
<action type="create">
  <node id="402899706" lat="46.4320880" lon="13.4372715" version="1" timestamp="2009-05-17T15:54:18Z" changeset="1222822" uid="86130" user="Stefano Salvador"/>
</action>
<action type="create">
  <node id="402899718" lat="46.4320839" lon="13.4374010" version="1" timestamp="2009-05-17T15:54:19Z" changeset="1222822" uid="86130" user="Stefano Salvador"/>
</action>
<action type="create">
  <node id="402899727" lat="46.4321615" lon="13.4375035" version="1" timestamp="2009-05-17T15:54:19Z" changeset="1222822" uid="86130" user="Stefano Salvador"/>
</action>
<action type="create">
  <node id="402899729" lat="46.4321864" lon="13.4375672" version="1" timestamp="2009-05-17T15:54:19Z" changeset="1222822" uid="86130" user="Stefano Salvador"/>
</action>
<action type="create">
  <node id="402899741" lat="46.4321787" lon="13.4379422" version="2" timestamp="2016-08-24T16:37:11Z" changeset="41667631" uid="188429" user="gpstracks"/>
</action>
<action type="create">
  <node id="402899749" lat="46.4321332" lon="13.4385782" version="3" timestamp="2016-08-28T06:57:02Z" changeset="41749175" uid="188429" user="gpstracks"/>
</action>
<action type="create">
  <node id="402899767" lat="46.4321553" lon="13.4390703" version="2" timestamp="2016-08-24T16:37:11Z" changeset="41667631" uid="188429" user="gpstracks"/>
</action>
<action type="create">
  <node id="402899777" lat="46.4322316" lon="13.4392666" version="3" timestamp="2016-08-28T06:57:02Z" changeset="41749175" uid="188429" user="gpstracks"/>
</action>
<action type="create">
  <node id="402899799" lat="46.4322053" lon="13.4394288" version="3" timestamp="2016-08-28T06:57:02Z" changeset="41749175" uid="188429" user="gpstracks"/>
</action>
<action type="create">
  <node id="402900225" lat="46.4345394" lon="13.4385996" version="1" timestamp="2009-05-17T15:54:31Z" changeset="1222822" uid="86130" user="Stefano Salvador"/>
</action>
<action type="create">
  <node id="402900237" lat="46.4346663" lon="13.4382872" version="2" timestamp="2016-08-24T16:37:11Z" changeset="41667631" uid="188429" user="gpstracks"/>
</action>
<action type="create">
  <node id="402900249" lat="46.4346634" lon="13.4380240" version="3" timestamp="2016-08-28T06:57:02Z" changeset="41749175" uid="188429" user="gpstracks"/>
</action>
<action type="create">
  <node id="402900253" lat="46.4346724" lon="13.4377692" version="3" timestamp="2016-08-28T06:57:02Z" changeset="41749175" uid="188429" user="gpstracks"/>
</action>
<action type="create">
  <node id="402900271" lat="46.4347509" lon="13.4374084" version="3" timestamp="2016-08-28T06:57:02Z" changeset="41749175" uid="188429" user="gpstracks"/>
</action>
<action type="create">
  <node id="402900282" lat="46.4348803" lon="13.4372717" version="2" timestamp="2016-08-28T06:57:03Z" changeset="41749175" uid="188429" user="gpstracks"/>
</action>
<action type="create">
  <node id="402900294" lat="46.4349900" lon="13.4371410" version="1" timestamp="2009-05-17T15:54:32Z" changeset="1222822" uid="86130" user="Stefano Salvador"/>
</action>
<action type="create">
  <node id="402900304" lat="46.4350268" lon="13.4369374" version="1" timestamp="2009-05-17T15:54:33Z" changeset="1222822" uid="86130" user="Stefano Salvador"/>
</action>
<action type="create">
  <node id="402900311" lat="46.4350467" lon="13.4367721" version="2" timestamp="2016-08-28T06:57:03Z" changeset="41749175" uid="188429" user="gpstracks"/>
</action>
<action type="create">
  <node id="402900316" lat="46.4350583" lon="13.4366940" version="2" timestamp="2016-08-28T06:57:03Z" changeset="41749175" uid="188429" user="gpstracks"/>
</action>
<action type="create">
  <node id="402900319" lat="46.4350906" lon="13.4366286" version="2" timestamp="2016-08-28T06:57:03Z" changeset="41749175" uid="188429" user="gpstracks"/>
</action>
<action type="create">
  <node id="402900332" lat="46.4351696" lon="13.4364963" version="1" timestamp="2009-05-17T15:54:33Z" changeset="1222822" uid="86130" user="Stefano Salvador"/>
</action>
<action type="create">
  <node id="402900333" lat="46.4351931" lon="13.4364316" version="1" timestamp="2009-05-17T15:54:33Z" changeset="1222822" uid="86130" user="Stefano Salvador"/>
</action>
<action type="create">
  <node id="402900340" lat="46.4352023" lon="13.4362183" version="1" timestamp="2009-05-17T15:54:34Z" changeset="1222822" uid="86130" user="Stefano Salvador"/>
</action>
<action type="create">
  <node id="402900354" lat="46.4352434" lon="13.4359038" version="1" timestamp="2009-05-17T15:54:34Z" changeset="1222822" uid="86130" user="Stefano Salvador"/>
</action>
<action type="create">
  <node id="402900375" lat="46.4353474" lon="13.4356890" version="3" timestamp="2016-08-28T06:57:03Z" changeset="41749175" uid="188429" user="gpstracks"/>
</action>
<action type="create">
  <node id="402900409" lat="46.4353677" lon="13.4353653" version="2" timestamp="2016-08-24T16:37:11Z" changeset="41667631" uid="188429" user="gpstracks"/>
</action>
<action type="create">
  <node id="402900413" lat="46.4354253" lon="13.4352595" version="2" timestamp="2016-08-24T16:37:11Z" changeset="41667631" uid="188429" user="gpstracks"/>
</action>
<action type="create">
  <node id="402900432" lat="46.4355597" lon="13.4349140" version="3" timestamp="2016-08-28T06:57:03Z" changeset="41749175" uid="188429" user="gpstracks"/>
</action>
<action type="create">
  <node id="402900447" lat="46.4356937" lon="13.4345593" version="2" timestamp="2016-08-28T06:57:03Z" changeset="41749175" uid="188429" user="gpstracks"/>
</action>
<action type="create">
  <node id="402900456" lat="46.4357870" lon="13.4343588" version="3" timestamp="2016-08-28T06:57:03Z" changeset="41749175" uid="188429" user="gpstracks"/>
</action>
<action type="create">
  <node id="402900464" lat="46.4357777" lon="13.4341359" version="2" timestamp="2016-08-24T16:37:11Z" changeset="41667631" uid="188429" user="gpstracks"/>
</action>
<action type="modify">
<old>
  <node id="403197759" lat="46.2839056" lon="12.3378777" version="4" timestamp="2022-09-02T12:45:58Z" changeset="125697742" uid="2360444" user="rikmede"/>
</old>
<new>
  <node id="403197759" lat="46.2839041" lon="12.3378726" version="5" timestamp="2026-10-01T09:42:58Z" changeset="189812875" uid="188429" user="gpstracks"/>
</new>
</action>
<action type="modify">
<old>
  <node id="403197795" lat="46.2842267" lon="12.3386174" version="4" timestamp="2020-09-24T17:29:44Z" changeset="91456741" uid="188429" user="gpstracks"/>
</old>
<new>
  <node id="403197795" lat="46.2842349" lon="12.3386318" version="5" timestamp="2026-10-01T09:42:58Z" changeset="189812875" uid="188429" user="gpstracks"/>
</new>
</action>
<action type="modify">
<old>
  <node id="403197867" lat="46.2844036" lon="12.3398654" version="4" timestamp="2022-09-02T12:45:58Z" changeset="125697742" uid="2360444" user="rikmede"/>
</old>
<new>
  <node id="403197867" lat="46.2844080" lon="12.3398626" version="5" timestamp="2026-10-01T09:42:58Z" changeset="189812875" uid="188429" user="gpstracks"/>
</new>
</action>
<action type="modify">
<old>
  <node id="403197874" lat="46.2844534" lon="12.3399347" version="3" timestamp="2018-06-23T19:27:27Z" changeset="60107508" uid="656290" user="Fernando De Luca"/>
</old>
<new>
  <node id="403197874" lat="46.2844510" lon="12.3399413" version="4" timestamp="2026-10-01T09:42:58Z" changeset="189812875" uid="188429" user="gpstracks"/>
</new>
</action>
<action type="delete">
<old>
  <node id="403198475" lat="46.2888290" lon="12.3521639" version="3" timestamp="2020-09-24T17:29:44Z" changeset="91456741" uid="188429" user="gpstracks"/>
</old>
<new>
  <node id="403198475" visible="true" version="3" timestamp="2020-09-24T17:29:44Z" changeset="91456741" uid="188429" user="gpstracks"/>
</new>
</action>
<action type="delete">
<old>
  <node id="403198485" lat="46.2888667" lon="12.3518032" version="4" timestamp="2022-09-02T12:45:58Z" changeset="125697742" uid="2360444" user="rikmede"/>
</old>
<new>
  <node id="403198485" visible="true" version="4" timestamp="2022-09-02T12:45:58Z" changeset="125697742" uid="2360444" user="rikmede"/>
</new>
</action>
<action type="delete">
<old>
  <node id="403198492" lat="46.2888993" lon="12.3517370" version="3" timestamp="2022-09-02T12:45:58Z" changeset="125697742" uid="2360444" user="rikmede"/>
</old>
<new>
  <node id="403198492" visible="true" version="3" timestamp="2022-09-02T12:45:58Z" changeset="125697742" uid="2360444" user="rikmede"/>
</new>
</action>
<action type="delete">
<old>
  <node id="403198495" lat="46.2889599" lon="12.3514955" version="2" timestamp="2013-08-31T15:54:00Z" changeset="17605378" uid="188429" user="gpstracks"/>
</old>
<new>
  <node id="403198495" visible="true" version="2" timestamp="2013-08-31T15:54:00Z" changeset="17605378" uid="188429" user="gpstracks"/>
</new>
</action>
<action type="delete">
<old>
  <node id="403198497" lat="46.2890213" lon="12.3513690" version="2" timestamp="2013-08-31T15:54:00Z" changeset="17605378" uid="188429" user="gpstracks"/>
</old>
<new>
  <node id="403198497" visible="true" version="2" timestamp="2013-08-31T15:54:00Z" changeset="17605378" uid="188429" user="gpstracks"/>
</new>
</action>
<action type="delete">
<old>
  <node id="403198503" lat="46.2890821" lon="12.3512687" version="5" timestamp="2022-09-02T12:45:58Z" changeset="125697742" uid="2360444" user="rikmede"/>
</old>
<new>
  <node id="403198503" visible="true" version="5" timestamp="2022-09-02T12:45:58Z" changeset="125697742" uid="2360444" user="rikmede"/>
</new>
</action>
<action type="delete">
<old>
  <node id="403198506" lat="46.2891367" lon="12.3511588" version="4" timestamp="2020-09-24T17:29:44Z" changeset="91456741" uid="188429" user="gpstracks"/>
</old>
<new>
  <node id="403198506" visible="true" version="4" timestamp="2020-09-24T17:29:44Z" changeset="91456741" uid="188429" user="gpstracks"/>
</new>
</action>
<action type="delete">
<old>
  <node id="403198508" lat="46.2892252" lon="12.3510877" version="4" timestamp="2020-09-24T17:29:44Z" changeset="91456741" uid="188429" user="gpstracks"/>
</old>
<new>
  <node id="403198508" visible="true" version="4" timestamp="2020-09-24T17:29:44Z" changeset="91456741" uid="188429" user="gpstracks"/>
</new>
</action>
<action type="delete">
<old>
  <node id="403198513" lat="46.2892201" lon="12.3508979" version="4" timestamp="2020-09-24T17:29:44Z" changeset="91456741" uid="188429" user="gpstracks"/>
</old>
<new>
  <node id="403198513" visible="true" version="4" timestamp="2020-09-24T17:29:44Z" changeset="91456741" uid="188429" user="gpstracks"/>
</new>
</action>
<action type="delete">
<old>
  <node id="403198515" lat="46.2892862" lon="12.3508722" version="4" timestamp="2020-09-24T17:29:44Z" changeset="91456741" uid="188429" user="gpstracks"/>
</old>
<new>
  <node id="403198515" visible="true" version="4" timestamp="2020-09-24T17:29:44Z" changeset="91456741" uid="188429" user="gpstracks"/>
</new>
</action>
<action type="delete">
<old>
  <node id="403198536" lat="46.2898821" lon="12.3505203" version="4" timestamp="2022-09-02T12:45:58Z" changeset="125697742" uid="2360444" user="rikmede"/>
</old>
<new>
  <node id="403198536" visible="true" version="4" timestamp="2022-09-02T12:45:58Z" changeset="125697742" uid="2360444" user="rikmede"/>
</new>
</action>
<action type="delete">
<old>
  <node id="403198549" lat="46.2899821" lon="12.3503752" version="4" timestamp="2022-09-02T12:45:58Z" changeset="125697742" uid="2360444" user="rikmede"/>
</old>
<new>
  <node id="403198549" visible="true" version="4" timestamp="2022-09-02T12:45:58Z" changeset="125697742" uid="2360444" user="rikmede"/>
</new>
</action>
<action type="delete">
<old>
  <node id="403198561" lat="46.2900625" lon="12.3503166" version="3" timestamp="2022-09-02T12:45:58Z" changeset="125697742" uid="2360444" user="rikmede"/>
</old>
<new>
  <node id="403198561" visible="true" version="3" timestamp="2022-09-02T12:45:58Z" changeset="125697742" uid="2360444" user="rikmede"/>
</new>
</action>
<action type="delete">
<old>
  <node id="403198565" lat="46.2900569" lon="12.3501858" version="3" timestamp="2022-09-02T12:45:58Z" changeset="125697742" uid="2360444" user="rikmede"/>
</old>
<new>
  <node id="403198565" visible="true" version="3" timestamp="2022-09-02T12:45:58Z" changeset="125697742" uid="2360444" user="rikmede"/>
</new>
</action>
<action type="delete">
<old>
  <node id="403198568" lat="46.2900573" lon="12.3501183" version="4" timestamp="2022-09-02T12:45:58Z" changeset="125697742" uid="2360444" user="rikmede"/>
</old>
<new>
  <node id="403198568" visible="true" version="4" timestamp="2022-09-02T12:45:58Z" changeset="125697742" uid="2360444" user="rikmede"/>
</new>
</action>
<action type="delete">
<old>
  <node id="403198570" lat="46.2900555" lon="12.3500976" version="3" timestamp="2022-09-02T12:45:58Z" changeset="125697742" uid="2360444" user="rikmede"/>
</old>
<new>
  <node id="403198570" visible="true" version="3" timestamp="2022-09-02T12:45:58Z" changeset="125697742" uid="2360444" user="rikmede"/>
</new>
</action>
<action type="delete">
<old>
  <node id="403198573" lat="46.2900647" lon="12.3500400" version="4" timestamp="2022-09-02T12:45:58Z" changeset="125697742" uid="2360444" user="rikmede"/>
</old>
<new>
  <node id="403198573" visible="true" version="4" timestamp="2022-09-02T12:45:58Z" changeset="125697742" uid="2360444" user="rikmede"/>
</new>
</action>
<action type="delete">
<old>
  <node id="403198578" lat="46.2900831" lon="12.3500150" version="4" timestamp="2022-09-02T12:45:58Z" changeset="125697742" uid="2360444" user="rikmede"/>
</old>
<new>
  <node id="403198578" visible="true" version="4" timestamp="2022-09-02T12:45:58Z" changeset="125697742" uid="2360444" user="rikmede"/>
</new>
</action>
<action type="delete">
<old>
  <node id="403198585" lat="46.2902357" lon="12.3497646" version="4" timestamp="2022-09-02T12:45:58Z" changeset="125697742" uid="2360444" user="rikmede"/>
</old>
<new>
  <node id="403198585" visible="true" version="4" timestamp="2022-09-02T12:45:58Z" changeset="125697742" uid="2360444" user="rikmede"/>
</new>
</action>
<action type="delete">
<old>
  <node id="403198595" lat="46.2902831" lon="12.3497026" version="4" timestamp="2022-09-02T12:45:58Z" changeset="125697742" uid="2360444" user="rikmede"/>
</old>
<new>
  <node id="403198595" visible="true" version="4" timestamp="2022-09-02T12:45:58Z" changeset="125697742" uid="2360444" user="rikmede"/>
</new>
</action>
<action type="delete">
<old>
  <node id="403198599" lat="46.2903055" lon="12.3496252" version="4" timestamp="2022-09-02T12:45:58Z" changeset="125697742" uid="2360444" user="rikmede"/>
</old>
<new>
  <node id="403198599" visible="true" version="4" timestamp="2022-09-02T12:45:58Z" changeset="125697742" uid="2360444" user="rikmede"/>
</new>
</action>
<action type="delete">
<old>
  <node id="403198606" lat="46.2903307" lon="12.3495105" version="4" timestamp="2022-09-02T12:45:58Z" changeset="125697742" uid="2360444" user="rikmede"/>
</old>
<new>
  <node id="403198606" visible="true" version="4" timestamp="2022-09-02T12:45:58Z" changeset="125697742" uid="2360444" user="rikmede"/>
</new>
</action>
<action type="delete">
<old>
  <node id="403198609" lat="46.2903620" lon="12.3493744" version="4" timestamp="2022-09-02T12:45:58Z" changeset="125697742" uid="2360444" user="rikmede"/>
</old>
<new>
  <node id="403198609" visible="true" version="4" timestamp="2022-09-02T12:45:58Z" changeset="125697742" uid="2360444" user="rikmede"/>
</new>
</action>
<action type="delete">
<old>
  <node id="403198613" lat="46.2904120" lon="12.3493175" version="3" timestamp="2022-09-02T12:45:58Z" changeset="125697742" uid="2360444" user="rikmede"/>
</old>
<new>
  <node id="403198613" visible="true" version="3" timestamp="2022-09-02T12:45:58Z" changeset="125697742" uid="2360444" user="rikmede"/>
</new>
</action>
<action type="delete">
<old>
  <node id="403198616" lat="46.2904138" lon="12.3492754" version="2" timestamp="2013-08-31T15:54:01Z" changeset="17605378" uid="188429" user="gpstracks"/>
</old>
<new>
  <node id="403198616" visible="true" version="2" timestamp="2013-08-31T15:54:01Z" changeset="17605378" uid="188429" user="gpstracks"/>
</new>
</action>
<action type="delete">
<old>
  <node id="403198628" lat="46.2904198" lon="12.3491173" version="2" timestamp="2013-08-31T15:54:01Z" changeset="17605378" uid="188429" user="gpstracks"/>
</old>
<new>
  <node id="403198628" visible="true" version="2" timestamp="2013-08-31T15:54:01Z" changeset="17605378" uid="188429" user="gpstracks"/>
</new>
</action>
<action type="delete">
<old>
  <node id="403198632" lat="46.2904377" lon="12.3490572" version="2" timestamp="2013-08-31T15:54:01Z" changeset="17605378" uid="188429" user="gpstracks"/>
</old>
<new>
  <node id="403198632" visible="true" version="2" timestamp="2013-08-31T15:54:01Z" changeset="17605378" uid="188429" user="gpstracks"/>
</new>
</action>
<action type="delete">
<old>
  <node id="403198634" lat="46.2904731" lon="12.3490130" version="3" timestamp="2018-06-23T19:27:28Z" changeset="60107508" uid="656290" user="Fernando De Luca"/>
</old>
<new>
  <node id="403198634" visible="true" version="3" timestamp="2018-06-23T19:27:28Z" changeset="60107508" uid="656290" user="Fernando De Luca"/>
</new>
</action>
<action type="delete">
<old>
  <node id="403198636" lat="46.2905076" lon="12.3489717" version="3" timestamp="2022-09-02T12:45:58Z" changeset="125697742" uid="2360444" user="rikmede"/>
</old>
<new>
  <node id="403198636" visible="true" version="3" timestamp="2022-09-02T12:45:58Z" changeset="125697742" uid="2360444" user="rikmede"/>
</new>
</action>
<action type="delete">
<old>
  <node id="403198639" lat="46.2906088" lon="12.3489455" version="4" timestamp="2022-09-02T12:45:58Z" changeset="125697742" uid="2360444" user="rikmede"/>
</old>
<new>
  <node id="403198639" visible="true" version="4" timestamp="2022-09-02T12:45:58Z" changeset="125697742" uid="2360444" user="rikmede"/>
</new>
</action>
<action type="delete">
<old>
  <node id="403198648" lat="46.2906790" lon="12.3489055" version="3" timestamp="2022-09-02T12:45:58Z" changeset="125697742" uid="2360444" user="rikmede"/>
</old>
<new>
  <node id="403198648" visible="true" version="3" timestamp="2022-09-02T12:45:58Z" changeset="125697742" uid="2360444" user="rikmede"/>
</new>
</action>
<action type="delete">
<old>
  <node id="403198650" lat="46.2908340" lon="12.3489472" version="3" timestamp="2022-09-02T12:45:58Z" changeset="125697742" uid="2360444" user="rikmede"/>
</old>
<new>
  <node id="403198650" visible="true" version="3" timestamp="2022-09-02T12:45:58Z" changeset="125697742" uid="2360444" user="rikmede"/>
</new>
</action>
<action type="delete">
<old>
  <node id="403198656" lat="46.2908693" lon="12.3489367" version="2" timestamp="2013-08-31T15:54:01Z" changeset="17605378" uid="188429" user="gpstracks"/>
</old>
<new>
  <node id="403198656" visible="true" version="2" timestamp="2013-08-31T15:54:01Z" changeset="17605378" uid="188429" user="gpstracks"/>
</new>
</action>
<action type="delete">
<old>
  <node id="403198659" lat="46.2909739" lon="12.3489630" version="2" timestamp="2013-08-31T15:54:01Z" changeset="17605378" uid="188429" user="gpstracks"/>
</old>
<new>
  <node id="403198659" visible="true" version="2" timestamp="2013-08-31T15:54:01Z" changeset="17605378" uid="188429" user="gpstracks"/>
</new>
</action>
<action type="delete">
<old>
  <node id="403198663" lat="46.2910969" lon="12.3489087" version="2" timestamp="2013-08-31T15:54:01Z" changeset="17605378" uid="188429" user="gpstracks"/>
</old>
<new>
  <node id="403198663" visible="true" version="2" timestamp="2013-08-31T15:54:01Z" changeset="17605378" uid="188429" user="gpstracks"/>
</new>
</action>
<action type="delete">
<old>
  <node id="403198667" lat="46.2912198" lon="12.3489126" version="2" timestamp="2013-08-31T15:54:01Z" changeset="17605378" uid="188429" user="gpstracks"/>
</old>
<new>
  <node id="403198667" visible="true" version="2" timestamp="2013-08-31T15:54:01Z" changeset="17605378" uid="188429" user="gpstracks"/>
</new>
</action>
<action type="delete">
<old>
  <node id="403198668" lat="46.2913199" lon="12.3488659" version="3" timestamp="2022-09-02T12:45:58Z" changeset="125697742" uid="2360444" user="rikmede"/>
</old>
<new>
  <node id="403198668" visible="true" version="3" timestamp="2022-09-02T12:45:58Z" changeset="125697742" uid="2360444" user="rikmede"/>
</new>
</action>
<action type="delete">
<old>
  <node id="403198669" lat="46.2913584" lon="12.3488261" version="2" timestamp="2013-08-31T15:54:01Z" changeset="17605378" uid="188429" user="gpstracks"/>
</old>
<new>
  <node id="403198669" visible="true" version="2" timestamp="2013-08-31T15:54:01Z" changeset="17605378" uid="188429" user="gpstracks"/>
</new>
</action>
<action type="delete">
<old>
  <node id="403198670" lat="46.2914181" lon="12.3488220" version="2" timestamp="2013-08-31T15:54:01Z" changeset="17605378" uid="188429" user="gpstracks"/>
</old>
<new>
  <node id="403198670" visible="true" version="2" timestamp="2013-08-31T15:54:01Z" changeset="17605378" uid="188429" user="gpstracks"/>
</new>
</action>
<action type="delete">
<old>
  <node id="403198671" lat="46.2915613" lon="12.3489463" version="4" timestamp="2022-09-02T12:45:58Z" changeset="125697742" uid="2360444" user="rikmede"/>
</old>
<new>
  <node id="403198671" visible="true" version="4" timestamp="2022-09-02T12:45:58Z" changeset="125697742" uid="2360444" user="rikmede"/>
</new>
</action>
<action type="delete">
<old>
  <node id="403198672" lat="46.2916301" lon="12.3489210" version="3" timestamp="2018-06-23T19:27:28Z" changeset="60107508" uid="656290" user="Fernando De Luca"/>
</old>
<new>
  <node id="403198672" visible="true" version="4" timestamp="2026-10-01T09:42:58Z" changeset="189812875" uid="188429" user="gpstracks"/>
</new>
</action>
<action type="modify">
<old>
  <node id="403198688" lat="46.2916588" lon="12.3488539" version="3" timestamp="2018-06-23T19:27:28Z" changeset="60107508" uid="656290" user="Fernando De Luca"/>
</old>
<new>
  <node id="403198688" lat="46.2916160" lon="12.3490366" version="4" timestamp="2026-10-01T09:42:58Z" changeset="189812875" uid="188429" user="gpstracks"/>
</new>
</action>
<action type="delete">
<old>
  <node id="403198695" lat="46.2916475" lon="12.3486455" version="2" timestamp="2013-08-31T15:54:01Z" changeset="17605378" uid="188429" user="gpstracks"/>
</old>
<new>
  <node id="403198695" visible="true" version="2" timestamp="2013-08-31T15:54:01Z" changeset="17605378" uid="188429" user="gpstracks"/>
</new>
</action>
<action type="delete">
<old>
  <node id="403198705" lat="46.2916318" lon="12.3485041" version="4" timestamp="2022-09-02T12:45:58Z" changeset="125697742" uid="2360444" user="rikmede"/>
</old>
<new>
  <node id="403198705" visible="true" version="4" timestamp="2022-09-02T12:45:58Z" changeset="125697742" uid="2360444" user="rikmede"/>
</new>
</action>
<action type="delete">
<old>
  <node id="403198706" lat="46.2917061" lon="12.3484682" version="2" timestamp="2013-08-31T15:54:01Z" changeset="17605378" uid="188429" user="gpstracks"/>
</old>
<new>
  <node id="403198706" visible="true" version="2" timestamp="2013-08-31T15:54:01Z" changeset="17605378" uid="188429" user="gpstracks"/>
</new>
</action>
<action type="delete">
<old>
  <node id="403198708" lat="46.2917757" lon="12.3484647" version="3" timestamp="2022-09-02T12:45:58Z" changeset="125697742" uid="2360444" user="rikmede"/>
</old>
<new>
  <node id="403198708" visible="true" version="3" timestamp="2022-09-02T12:45:58Z" changeset="125697742" uid="2360444" user="rikmede"/>
</new>
</action>
<action type="delete">
<old>
  <node id="403198714" lat="46.2918683" lon="12.3483869" version="3" timestamp="2022-09-02T12:45:58Z" changeset="125697742" uid="2360444" user="rikmede"/>
</old>
<new>
  <node id="403198714" visible="true" version="3" timestamp="2022-09-02T12:45:58Z" changeset="125697742" uid="2360444" user="rikmede"/>
</new>
</action>
<action type="delete">
<old>
  <node id="403198716" lat="46.2919519" lon="12.3483432" version="3" timestamp="2022-09-02T12:45:58Z" changeset="125697742" uid="2360444" user="rikmede"/>
</old>
<new>
  <node id="403198716" visible="true" version="3" timestamp="2022-09-02T12:45:58Z" changeset="125697742" uid="2360444" user="rikmede"/>
</new>
</action>
<action type="delete">
<old>
  <node id="403198718" lat="46.2920034" lon="12.3483133" version="2" timestamp="2013-08-31T15:54:02Z" changeset="17605378" uid="188429" user="gpstracks"/>
</old>
<new>
  <node id="403198718" visible="true" version="2" timestamp="2013-08-31T15:54:02Z" changeset="17605378" uid="188429" user="gpstracks"/>
</new>
</action>
<action type="modify">
<old>
  <node id="403198723" lat="46.2921026" lon="12.3482075" version="4" timestamp="2022-09-02T12:45:58Z" changeset="125697742" uid="2360444" user="rikmede"/>
</old>
<new>
  <node id="403198723" lat="46.2921209" lon="12.3482532" version="5" timestamp="2026-10-01T09:42:58Z" changeset="189812875" uid="188429" user="gpstracks"/>
</new>
</action>
<action type="modify">
<old>
  <node id="403199001" lat="46.2865180" lon="12.3541010" version="6" timestamp="2023-10-03T16:04:53Z" changeset="142108015" uid="3217726" user="maicolgalante"/>
</old>
<new>
  <node id="403199001" lat="46.2865320" lon="12.3540921" version="7" timestamp="2026-10-01T09:42:58Z" changeset="189812875" uid="188429" user="gpstracks"/>
</new>
</action>
<action type="modify">
<old>
  <node id="403199003" lat="46.2864998" lon="12.3540237" version="6" timestamp="2023-10-03T16:04:53Z" changeset="142108015" uid="3217726" user="maicolgalante"/>
</old>
<new>
  <node id="403199003" lat="46.2865210" lon="12.3539947" version="7" timestamp="2026-10-01T09:42:58Z" changeset="189812875" uid="188429" user="gpstracks"/>
</new>
</action>
<action type="modify">
<old>
  <node id="403199007" lat="46.2865124" lon="12.3538808" version="5" timestamp="2023-10-03T16:04:53Z" changeset="142108015" uid="3217726" user="maicolgalante"/>
</old>
<new>
  <node id="403199007" lat="46.2865247" lon="12.3539019" version="6" timestamp="2026-10-01T09:42:58Z" changeset="189812875" uid="188429" user="gpstracks"/>
</new>
</action>
<action type="modify">
<old>
  <node id="403199050" lat="46.2867981" lon="12.3532967" version="3" timestamp="2022-08-21T18:12:41Z" changeset="125194292" uid="3538539" user="micheleOSM3"/>
</old>
<new>
  <node id="403199050" lat="46.2868091" lon="12.3533212" version="4" timestamp="2026-10-01T09:42:58Z" changeset="189812875" uid="188429" user="gpstracks"/>
</new>
</action>
<action type="modify">
<old>
  <node id="403200099" lat="46.2810731" lon="12.3336821" version="4" timestamp="2022-09-02T12:45:58Z" changeset="125697742" uid="2360444" user="rikmede"/>
</old>
<new>
  <node id="403200099" lat="46.2810836" lon="12.3336976" version="5" timestamp="2026-10-01T09:42:58Z" changeset="189812875" uid="188429" user="gpstracks"/>
</new>
</action>
<action type="modify">
<old>
  <node id="403200143" lat="46.2810557" lon="12.3335284" version="4" timestamp="2022-09-02T12:45:58Z" changeset="125697742" uid="2360444" user="rikmede"/>
</old>
<new>
  <node id="403200143" lat="46.2810919" lon="12.3334649" version="5" timestamp="2026-10-01T09:42:58Z" changeset="189812875" uid="188429" user="gpstracks"/>
</new>
</action>
<action type="modify">
<old>
  <node id="403200188" lat="46.2810510" lon="12.3333972" version="3" timestamp="2018-06-23T19:27:27Z" changeset="60107508" uid="656290" user="Fernando De Luca"/>
</old>
<new>
  <node id="403200188" lat="46.2810799" lon="12.3333863" version="4" timestamp="2026-10-01T09:42:58Z" changeset="189812875" uid="188429" user="gpstracks"/>
</new>
</action>
<action type="modify">
<old>
  <node id="403200243" lat="46.2810722" lon="12.3333204" version="3" timestamp="2018-06-23T19:27:27Z" changeset="60107508" uid="656290" user="Fernando De Luca"/>
</old>
<new>
  <node id="403200243" lat="46.2810950" lon="12.3333000" version="4" timestamp="2026-10-01T09:42:58Z" changeset="189812875" uid="188429" user="gpstracks"/>
</new>
</action>
<action type="modify">
<old>
  <node id="403200987" lat="46.2750553" lon="12.3328707" version="5" timestamp="2022-09-02T12:45:58Z" changeset="125697742" uid="2360444" user="rikmede"/>
</old>
<new>
  <node id="403200987" lat="46.2750777" lon="12.3327210" version="6" timestamp="2026-10-01T09:42:58Z" changeset="189812875" uid="188429" user="gpstracks"/>
</new>
</action>
<action type="modify">
<old>
  <node id="403201313" lat="46.2737744" lon="12.3313492" version="4" timestamp="2022-09-02T12:45:58Z" changeset="125697742" uid="2360444" user="rikmede"/>
</old>
<new>
  <node id="403201313" lat="46.2737488" lon="12.3313523" version="5" timestamp="2026-10-01T09:42:58Z" changeset="189812875" uid="188429" user="gpstracks"/>
</new>
</action>
<action type="modify">
<old>
  <node id="403201347" lat="46.2738620" lon="12.3312774" version="4" timestamp="2022-09-02T12:45:58Z" changeset="125697742" uid="2360444" user="rikmede"/>
</old>
<new>
  <node id="403201347" lat="46.2738368" lon="12.3312693" version="5" timestamp="2026-10-01T09:42:58Z" changeset="189812875" uid="188429" user="gpstracks"/>
</new>
</action>
<action type="modify">
<old>
  <node id="403306968" lat="46.2776472" lon="12.3630398" version="2" timestamp="2013-08-31T15:54:54Z" changeset="17605378" uid="188429" user="gpstracks"/>
</old>
<new>
  <node id="403306968" lat="46.2776148" lon="12.3630413" version="3" timestamp="2026-10-01T09:42:58Z" changeset="189812875" uid="188429" user="gpstracks"/>
</new>
</action>
<action type="modify">
<old>
  <node id="403306971" lat="46.2776928" lon="12.3632732" version="2" timestamp="2013-08-31T15:54:54Z" changeset="17605378" uid="188429" user="gpstracks"/>
</old>
<new>
  <node id="403306971" lat="46.2776693" lon="12.3632453" version="3" timestamp="2026-10-01T09:42:58Z" changeset="189812875" uid="188429" user="gpstracks"/>
</new>
</action>
<action type="modify">
<old>
  <node id="403308792" lat="46.2826029" lon="12.3568693" version="2" timestamp="2013-08-31T15:55:05Z" changeset="17605378" uid="188429" user="gpstracks"/>
</old>
<new>
  <node id="403308792" lat="46.2825910" lon="12.3568555" version="3" timestamp="2026-10-01T09:42:58Z" changeset="189812875" uid="188429" user="gpstracks"/>
</new>
</action>
<action type="delete">
<old>
  <node id="2440495441" lat="46.2916261" lon="12.3485278" version="3" timestamp="2022-09-02T12:45:58Z" changeset="125697742" uid="2360444" user="rikmede"/>
</old>
<new>
  <node id="2440495441" visible="true" version="3" timestamp="2022-09-02T12:45:58Z" changeset="125697742" uid="2360444" user="rikmede"/>
</new>
</action>
<action type="delete">
<old>
  <node id="2440495442" lat="46.2916510" lon="12.3485852" version="2" timestamp="2022-09-02T12:45:58Z" changeset="125697742" uid="2360444" user="rikmede"/>
</old>
<new>
  <node id="2440495442" visible="true" version="2" timestamp="2022-09-02T12:45:58Z" changeset="125697742" uid="2360444" user="rikmede"/>
</new>
</action>
<action type="delete">
<old>
  <node id="2440495443" lat="46.2916821" lon="12.3484733" version="2" timestamp="2022-09-02T12:45:58Z" changeset="125697742" uid="2360444" user="rikmede"/>
</old>
<new>
  <node id="2440495443" visible="true" version="2" timestamp="2022-09-02T12:45:58Z" changeset="125697742" uid="2360444" user="rikmede"/>
</new>
</action>
<action type="delete">
<old>
  <node id="2440495444" lat="46.2920128" lon="12.3482963" version="1" timestamp="2013-08-31T15:41:12Z" changeset="17605378" uid="188429" user="gpstracks"/>
</old>
<new>
  <node id="2440495444" visible="true" version="1" timestamp="2013-08-31T15:41:12Z" changeset="17605378" uid="188429" user="gpstracks"/>
</new>
</action>
<action type="delete">
<old>
  <node id="2440495445" lat="46.2920333" lon="12.3482981" version="1" timestamp="2013-08-31T15:41:12Z" changeset="17605378" uid="188429" user="gpstracks"/>
</old>
<new>
  <node id="2440495445" visible="true" version="1" timestamp="2013-08-31T15:41:12Z" changeset="17605378" uid="188429" user="gpstracks"/>
</new>
</action>
<action type="delete">
<old>
  <node id="2440495446" lat="46.2920742" lon="12.3482963" version="1" timestamp="2013-08-31T15:41:12Z" changeset="17605378" uid="188429" user="gpstracks"/>
</old>
<new>
  <node id="2440495446" visible="true" version="1" timestamp="2013-08-31T15:41:12Z" changeset="17605378" uid="188429" user="gpstracks"/>
</new>
</action>
<action type="modify">
<old>
  <node id="2705372837" lat="46.4338443" lon="13.4397621" version="2" timestamp="2016-08-28T06:56:53Z" changeset="41749175" uid="188429" user="gpstracks"/>
</old>
<new>
  <node id="2705372837" lat="46.4338355" lon="13.4397574" version="3" timestamp="2026-10-01T04:02:11Z" changeset="189801744" uid="3538539" user="micheleOSM3"/>
</new>
</action>
<action type="modify">
<old>
  <node id="2705372838" lat="46.4338843" lon="13.4397061" version="1" timestamp="2014-03-07T10:51:01Z" changeset="20967082" uid="468482" user="Pier88"/>
</old>
<new>
  <node id="2705372838" lat="46.4338436" lon="13.4396907" version="2" timestamp="2026-10-01T04:02:11Z" changeset="189801744" uid="3538539" user="micheleOSM3"/>
</new>
</action>
<action type="modify">
<old>
  <node id="2705372839" lat="46.4339034" lon="13.4397040" version="2" timestamp="2016-08-24T16:37:10Z" changeset="41667631" uid="188429" user="gpstracks"/>
</old>
<new>
  <node id="2705372839" lat="46.4338385" lon="13.4396554" version="3" timestamp="2026-10-01T04:02:11Z" changeset="189801744" uid="3538539" user="micheleOSM3"/>
</new>
</action>
<action type="delete">
<old>
  <node id="2705385290" lat="46.4338910" lon="13.4397019" version="3" timestamp="2016-08-28T06:56:53Z" changeset="41749175" uid="188429" user="gpstracks"/>
</old>
<new>
  <node id="2705385290" visible="false" version="4" timestamp="2026-10-01T04:02:11Z" changeset="189801744" uid="3538539" user="micheleOSM3"/>
</new>
</action>
<action type="create">
  <node id="4365124246" lat="46.4321479" lon="13.4383354" version="1" timestamp="2016-08-24T16:37:08Z" changeset="41667631" uid="188429" user="gpstracks"/>
</action>
<action type="create">
  <node id="4365124248" lat="46.4347057" lon="13.4375640" version="2" timestamp="2016-08-28T06:57:04Z" changeset="41749175" uid="188429" user="gpstracks"/>
</action>
<action type="create">
  <node id="4365124249" lat="46.4353397" lon="13.4355175" version="2" timestamp="2016-08-28T06:57:04Z" changeset="41749175" uid="188429" user="gpstracks"/>
</action>
<action type="create">
  <node id="4365124250" lat="46.4353657" lon="13.4354575" version="1" timestamp="2016-08-24T16:37:08Z" changeset="41667631" uid="188429" user="gpstracks"/>
</action>
<action type="create">
  <node id="4365124251" lat="46.4354585" lon="13.4351809" version="2" timestamp="2016-08-28T06:57:04Z" changeset="41749175" uid="188429" user="gpstracks"/>
</action>
<action type="create">
  <node id="4365124252" lat="46.4355634" lon="13.4349965" version="2" timestamp="2016-08-28T06:57:04Z" changeset="41749175" uid="188429" user="gpstracks"/>
</action>
<action type="create">
  <node id="4365124253" lat="46.4355383" lon="13.4350692" version="1" timestamp="2016-08-24T16:37:08Z" changeset="41667631" uid="188429" user="gpstracks"/>
</action>
<action type="create">
  <node id="4365124254" lat="46.4356262" lon="13.4347068" version="2" timestamp="2016-08-28T06:57:04Z" changeset="41749175" uid="188429" user="gpstracks"/>
</action>
<action type="create">
  <node id="4365124255" lat="46.4357713" lon="13.4344654" version="1" timestamp="2016-08-24T16:37:08Z" changeset="41667631" uid="188429" user="gpstracks"/>
</action>
<action type="create">
  <node id="4370651695" lat="46.4321387" lon="13.4399928" version="1" timestamp="2016-08-28T06:56:24Z" changeset="41749175" uid="188429" user="gpstracks"/>
</action>
<action type="create">
  <node id="4370651696" lat="46.4321461" lon="13.4400759" version="1" timestamp="2016-08-28T06:56:24Z" changeset="41749175" uid="188429" user="gpstracks"/>
</action>
<action type="create">
  <node id="4370651697" lat="46.4321605" lon="13.4387241" version="1" timestamp="2016-08-28T06:56:24Z" changeset="41749175" uid="188429" user="gpstracks"/>
</action>
<action type="create">
  <node id="4370651698" lat="46.4321646" lon="13.4396414" version="1" timestamp="2016-08-28T06:56:24Z" changeset="41749175" uid="188429" user="gpstracks"/>
</action>
<action type="create">
  <node id="4370651699" lat="46.4321646" lon="13.4402020" version="1" timestamp="2016-08-28T06:56:24Z" changeset="41749175" uid="188429" user="gpstracks"/>
</action>
<action type="create">
  <node id="4370651700" lat="46.4321757" lon="13.4397219" version="1" timestamp="2016-08-28T06:56:24Z" changeset="41749175" uid="188429" user="gpstracks"/>
</action>
<action type="create">
  <node id="4370651701" lat="46.4321776" lon="13.4398533" version="1" timestamp="2016-08-28T06:56:24Z" changeset="41749175" uid="188429" user="gpstracks"/>
</action>
<action type="create">
  <node id="4370651702" lat="46.4321794" lon="13.4399016" version="1" timestamp="2016-08-28T06:56:24Z" changeset="41749175" uid="188429" user="gpstracks"/>
</action>
<action type="create">
  <node id="4370651703" lat="46.4321942" lon="13.4395582" version="1" timestamp="2016-08-28T06:56:24Z" changeset="41749175" uid="188429" user="gpstracks"/>
</action>
<action type="create">
  <node id="4370651704" lat="46.4321974" lon="13.4391888" version="1" timestamp="2016-08-28T06:56:24Z" changeset="41749175" uid="188429" user="gpstracks"/>
</action>
<action type="create">
  <node id="4370651706" lat="46.4322326" lon="13.4393604" version="1" timestamp="2016-08-28T06:56:24Z" changeset="41749175" uid="188429" user="gpstracks"/>
</action>
<action type="modify">
<old>
  <node id="4370651737" lat="46.4341442" lon="13.4395629" version="1" timestamp="2016-08-28T06:56:25Z" changeset="41749175" uid="188429" user="gpstracks"/>
</old>
<new>
  <node id="4370651737" lat="46.4341169" lon="13.4395790" version="2" timestamp="2026-10-01T04:02:11Z" changeset="189801744" uid="3538539" user="micheleOSM3"/>
</new>
</action>
<action type="modify">
<old>
  <node id="4370651738" lat="46.4341682" lon="13.4395914" version="1" timestamp="2016-08-28T06:56:25Z" changeset="41749175" uid="188429" user="gpstracks"/>
</old>
<new>
  <node id="4370651738" lat="46.4341737" lon="13.4393487" version="2" timestamp="2026-10-01T04:02:11Z" changeset="189801744" uid="3538539" user="micheleOSM3"/>
</new>
</action>
<action type="modify">
<old>
  <node id="4370651739" lat="46.4341756" lon="13.4396250" version="1" timestamp="2016-08-28T06:56:25Z" changeset="41749175" uid="188429" user="gpstracks"/>
</old>
<new>
  <node id="4370651739" lat="46.4342458" lon="13.4393085" version="2" timestamp="2026-10-01T04:02:11Z" changeset="189801744" uid="3538539" user="micheleOSM3"/>
</new>
</action>
<action type="modify">
<old>
  <node id="4370651740" lat="46.4341895" lon="13.4396504" version="1" timestamp="2016-08-28T06:56:25Z" changeset="41749175" uid="188429" user="gpstracks"/>
</old>
<new>
  <node id="4370651740" lat="46.4343027" lon="13.4392333" version="2" timestamp="2026-10-01T04:02:11Z" changeset="189801744" uid="3538539" user="micheleOSM3"/>
</new>
</action>
<action type="modify">
<old>
  <node id="4370651741" lat="46.4342135" lon="13.4396987" version="1" timestamp="2016-08-28T06:56:25Z" changeset="41749175" uid="188429" user="gpstracks"/>
</old>
<new>
  <node id="4370651741" lat="46.4343725" lon="13.4391703" version="2" timestamp="2026-10-01T04:02:11Z" changeset="189801744" uid="3538539" user="micheleOSM3"/>
</new>
</action>
<action type="modify">
<old>
  <node id="4370651742" lat="46.4342301" lon="13.4397054" version="1" timestamp="2016-08-28T06:56:25Z" changeset="41749175" uid="188429" user="gpstracks"/>
</old>
<new>
  <node id="4370651742" lat="46.4344113" lon="13.4391696" version="2" timestamp="2026-10-01T04:02:11Z" changeset="189801744" uid="3538539" user="micheleOSM3"/>
</new>
</action>
<action type="delete">
<old>
  <node id="4370651743" lat="46.4342550" lon="13.4396808" version="1" timestamp="2016-08-28T06:56:25Z" changeset="41749175" uid="188429" user="gpstracks"/>
</old>
<new>
  <node id="4370651743" visible="true" version="1" timestamp="2016-08-28T06:56:25Z" changeset="41749175" uid="188429" user="gpstracks"/>
</new>
</action>
<action type="create">
  <node id="4370651755" lat="46.4343905" lon="13.4391076" version="1" timestamp="2016-08-28T06:56:25Z" changeset="41749175" uid="188429" user="gpstracks"/>
</action>
<action type="create">
  <node id="4370651756" lat="46.4343951" lon="13.4390634" version="1" timestamp="2016-08-28T06:56:25Z" changeset="41749175" uid="188429" user="gpstracks"/>
</action>
<action type="create">
  <node id="4370651760" lat="46.4344219" lon="13.4390513" version="1" timestamp="2016-08-28T06:56:25Z" changeset="41749175" uid="188429" user="gpstracks"/>
</action>
<action type="create">
  <node id="4370651764" lat="46.4344469" lon="13.4390392" version="1" timestamp="2016-08-28T06:56:25Z" changeset="41749175" uid="188429" user="gpstracks"/>
</action>
<action type="create">
  <node id="4370651765" lat="46.4344792" lon="13.4390298" version="1" timestamp="2016-08-28T06:56:25Z" changeset="41749175" uid="188429" user="gpstracks"/>
</action>
<action type="create">
  <node id="4370651766" lat="46.4344894" lon="13.4389963" version="1" timestamp="2016-08-28T06:56:25Z" changeset="41749175" uid="188429" user="gpstracks"/>
</action>
<action type="create">
  <node id="4370651767" lat="46.4344986" lon="13.4389695" version="1" timestamp="2016-08-28T06:56:25Z" changeset="41749175" uid="188429" user="gpstracks"/>
</action>
<action type="create">
  <node id="4370651768" lat="46.4344995" lon="13.4388354" version="1" timestamp="2016-08-28T06:56:25Z" changeset="41749175" uid="188429" user="gpstracks"/>
</action>
<action type="create">
  <node id="4370651769" lat="46.4345125" lon="13.4389480" version="1" timestamp="2016-08-28T06:56:25Z" changeset="41749175" uid="188429" user="gpstracks"/>
</action>
<action type="create">
  <node id="4370651770" lat="46.4345208" lon="13.4388770" version="1" timestamp="2016-08-28T06:56:25Z" changeset="41749175" uid="188429" user="gpstracks"/>
</action>
<action type="create">
  <node id="4370651771" lat="46.4345245" lon="13.4389078" version="1" timestamp="2016-08-28T06:56:25Z" changeset="41749175" uid="188429" user="gpstracks"/>
</action>
<action type="create">
  <node id="4370651772" lat="46.4346317" lon="13.4379020" version="1" timestamp="2016-08-28T06:56:25Z" changeset="41749175" uid="188429" user="gpstracks"/>
</action>
<action type="create">
  <node id="4370651773" lat="46.4346400" lon="13.4378497" version="1" timestamp="2016-08-28T06:56:25Z" changeset="41749175" uid="188429" user="gpstracks"/>
</action>
<action type="create">
  <node id="4370651774" lat="46.4346474" lon="13.4379556" version="1" timestamp="2016-08-28T06:56:25Z" changeset="41749175" uid="188429" user="gpstracks"/>
</action>
<action type="create">
  <node id="4370651775" lat="46.4346567" lon="13.4378094" version="1" timestamp="2016-08-28T06:56:25Z" changeset="41749175" uid="188429" user="gpstracks"/>
</action>
<action type="create">
  <node id="4370651776" lat="46.4346754" lon="13.4381266" version="1" timestamp="2016-08-28T06:56:25Z" changeset="41749175" uid="188429" user="gpstracks"/>
</action>
<action type="create">
  <node id="4370651777" lat="46.4346770" lon="13.4376270" version="1" timestamp="2016-08-28T06:56:25Z" changeset="41749175" uid="188429" user="gpstracks"/>
</action>
<action type="create">
  <node id="4370651778" lat="46.4346779" lon="13.4376901" version="1" timestamp="2016-08-28T06:56:25Z" changeset="41749175" uid="188429" user="gpstracks"/>
</action>
<action type="create">
  <node id="4370651779" lat="46.4346890" lon="13.4375868" version="1" timestamp="2016-08-28T06:56:25Z" changeset="41749175" uid="188429" user="gpstracks"/>
</action>
<action type="create">
  <node id="4370651780" lat="46.4347315" lon="13.4375090" version="1" timestamp="2016-08-28T06:56:25Z" changeset="41749175" uid="188429" user="gpstracks"/>
</action>
<action type="create">
  <node id="4370651781" lat="46.4347445" lon="13.4374728" version="1" timestamp="2016-08-28T06:56:25Z" changeset="41749175" uid="188429" user="gpstracks"/>
</action>
<action type="create">
  <node id="4370651782" lat="46.4347648" lon="13.4373749" version="1" timestamp="2016-08-28T06:56:25Z" changeset="41749175" uid="188429" user="gpstracks"/>
</action>
<action type="create">
  <node id="4370651783" lat="46.4347972" lon="13.4373468" version="1" timestamp="2016-08-28T06:56:25Z" changeset="41749175" uid="188429" user="gpstracks"/>
</action>
<action type="create">
  <node id="4370651784" lat="46.4348230" lon="13.4373307" version="1" timestamp="2016-08-28T06:56:25Z" changeset="41749175" uid="188429" user="gpstracks"/>
</action>
<action type="create">
  <node id="4370651785" lat="46.4348424" lon="13.4372918" version="1" timestamp="2016-08-28T06:56:25Z" changeset="41749175" uid="188429" user="gpstracks"/>
</action>
<action type="create">
  <node id="4370651786" lat="46.4349330" lon="13.4372220" version="1" timestamp="2016-08-28T06:56:25Z" changeset="41749175" uid="188429" user="gpstracks"/>
</action>
<action type="create">
  <node id="4370651787" lat="46.4350033" lon="13.4370960" version="1" timestamp="2016-08-28T06:56:25Z" changeset="41749175" uid="188429" user="gpstracks"/>
</action>
<action type="create">
  <node id="4370651788" lat="46.4350107" lon="13.4369954" version="1" timestamp="2016-08-28T06:56:25Z" changeset="41749175" uid="188429" user="gpstracks"/>
</action>
<action type="create">
  <node id="4370651789" lat="46.4350333" lon="13.4369129" version="1" timestamp="2016-08-28T06:56:25Z" changeset="41749175" uid="188429" user="gpstracks"/>
</action>
<action type="create">
  <node id="4370651790" lat="46.4350467" lon="13.4368583" version="1" timestamp="2016-08-28T06:56:25Z" changeset="41749175" uid="188429" user="gpstracks"/>
</action>
<action type="create">
  <node id="4370651791" lat="46.4351985" lon="13.4363228" version="1" timestamp="2016-08-28T06:56:25Z" changeset="41749175" uid="188429" user="gpstracks"/>
</action>
<action type="create">
  <node id="4370651792" lat="46.4352059" lon="13.4361864" version="1" timestamp="2016-08-28T06:56:25Z" changeset="41749175" uid="188429" user="gpstracks"/>
</action>
<action type="create">
  <node id="4370651793" lat="46.4352078" lon="13.4363701" version="1" timestamp="2016-08-28T06:56:25Z" changeset="41749175" uid="188429" user="gpstracks"/>
</action>
<action type="create">
  <node id="4370651794" lat="46.4352138" lon="13.4361508" version="1" timestamp="2016-08-28T06:56:25Z" changeset="41749175" uid="188429" user="gpstracks"/>
</action>
<action type="create">
  <node id="4370651795" lat="46.4352256" lon="13.4361190" version="1" timestamp="2016-08-28T06:56:25Z" changeset="41749175" uid="188429" user="gpstracks"/>
</action>
<action type="create">
  <node id="4370651796" lat="46.4352302" lon="13.4360687" version="1" timestamp="2016-08-28T06:56:25Z" changeset="41749175" uid="188429" user="gpstracks"/>
</action>
<action type="create">
  <node id="4370651798" lat="46.4353476" lon="13.4355644" version="1" timestamp="2016-08-28T06:56:25Z" changeset="41749175" uid="188429" user="gpstracks"/>
</action>
<action type="create">
  <node id="4370651799" lat="46.4353577" lon="13.4355986" version="1" timestamp="2016-08-28T06:56:25Z" changeset="41749175" uid="188429" user="gpstracks"/>
</action>
<action type="create">
  <node id="4370651800" lat="46.4353582" lon="13.4356529" version="1" timestamp="2016-08-28T06:56:25Z" changeset="41749175" uid="188429" user="gpstracks"/>
</action>
<action type="create">
  <node id="4370651802" lat="46.4353746" lon="13.4354216" version="1" timestamp="2016-08-28T06:56:25Z" changeset="41749175" uid="188429" user="gpstracks"/>
</action>
<action type="create">
  <node id="4370651810" lat="46.4355370" lon="13.4349415" version="1" timestamp="2016-08-28T06:56:25Z" changeset="41749175" uid="188429" user="gpstracks"/>
</action>
<action type="create">
  <node id="4370651811" lat="46.4355440" lon="13.4349643" version="1" timestamp="2016-08-28T06:56:25Z" changeset="41749175" uid="188429" user="gpstracks"/>
</action>
<action type="create">
  <node id="4370651812" lat="46.4355569" lon="13.4350334" version="1" timestamp="2016-08-28T06:56:25Z" changeset="41749175" uid="188429" user="gpstracks"/>
</action>
<action type="create">
  <node id="4370651813" lat="46.4356082" lon="13.4347806" version="1" timestamp="2016-08-28T06:56:25Z" changeset="41749175" uid="188429" user="gpstracks"/>
</action>
<action type="create">
  <node id="4370651814" lat="46.4356110" lon="13.4347316" version="1" timestamp="2016-08-28T06:56:26Z" changeset="41749175" uid="188429" user="gpstracks"/>
</action>
<action type="create">
  <node id="4370651817" lat="46.4356595" lon="13.4346572" version="1" timestamp="2016-08-28T06:56:26Z" changeset="41749175" uid="188429" user="gpstracks"/>
</action>
<action type="create">
  <node id="4370651820" lat="46.4357283" lon="13.4345164" version="1" timestamp="2016-08-28T06:56:26Z" changeset="41749175" uid="188429" user="gpstracks"/>
</action>
<action type="create">
  <node id="4370651824" lat="46.4357598" lon="13.4345029" version="1" timestamp="2016-08-28T06:56:26Z" changeset="41749175" uid="188429" user="gpstracks"/>
</action>
<action type="create">
  <node id="4370651825" lat="46.4357755" lon="13.4342126" version="1" timestamp="2016-08-28T06:56:26Z" changeset="41749175" uid="188429" user="gpstracks"/>
</action>
<action type="create">
  <node id="4370651828" lat="46.4357866" lon="13.4340765" version="1" timestamp="2016-08-28T06:56:26Z" changeset="41749175" uid="188429" user="gpstracks"/>
</action>
<action type="create">
  <node id="4370651829" lat="46.4357903" lon="13.4344084" version="1" timestamp="2016-08-28T06:56:26Z" changeset="41749175" uid="188429" user="gpstracks"/>
</action>
<action type="modify">
<old>
  <node id="5714061251" lat="46.2750341" lon="12.3321771" version="3" timestamp="2022-09-02T12:45:58Z" changeset="125697742" uid="2360444" user="rikmede"/>
</old>
<new>
  <node id="5714061251" lat="46.2750634" lon="12.3322054" version="4" timestamp="2026-10-01T09:42:58Z" changeset="189812875" uid="188429" user="gpstracks"/>
</new>
</action>
<action type="modify">
<old>
  <node id="5714061258" lat="46.2757929" lon="12.3309878" version="2" timestamp="2022-09-02T12:45:58Z" changeset="125697742" uid="2360444" user="rikmede"/>
</old>
<new>
  <node id="5714061258" lat="46.2757999" lon="12.3309962" version="3" timestamp="2026-10-01T09:42:58Z" changeset="189812875" uid="188429" user="gpstracks"/>
</new>
</action>
<action type="create">
  <node id="5873611648" lat="46.4318931" lon="13.4371976" version="1" timestamp="2018-09-01T15:29:48Z" changeset="62200507" uid="1343743" user="Luvot"/>
</action>
<action type="create">
  <node id="5873611649" lat="46.4318638" lon="13.4371891" version="1" timestamp="2018-09-01T15:29:48Z" changeset="62200507" uid="1343743" user="Luvot"/>
</action>
<action type="create">
  <node id="5873611650" lat="46.4318033" lon="13.4373165" version="1" timestamp="2018-09-01T15:29:48Z" changeset="62200507" uid="1343743" user="Luvot"/>
</action>
<action type="create">
  <node id="5873611651" lat="46.4317623" lon="13.4368394" version="1" timestamp="2018-09-01T15:29:48Z" changeset="62200507" uid="1343743" user="Luvot"/>
</action>
<action type="create">
  <node id="5873611652" lat="46.4318974" lon="13.4363135" version="1" timestamp="2018-09-01T15:29:48Z" changeset="62200507" uid="1343743" user="Luvot"/>
</action>
<action type="create">
  <node id="5873611653" lat="46.4319052" lon="13.4363539" version="1" timestamp="2018-09-01T15:29:49Z" changeset="62200507" uid="1343743" user="Luvot"/>
</action>
<action type="create">
  <node id="5873611654" lat="46.4319413" lon="13.4363949" version="1" timestamp="2018-09-01T15:29:49Z" changeset="62200507" uid="1343743" user="Luvot"/>
</action>
<action type="create">
  <node id="5873611655" lat="46.4319292" lon="13.4363680" version="1" timestamp="2018-09-01T15:29:49Z" changeset="62200507" uid="1343743" user="Luvot"/>
</action>
<action type="modify">
<old>
  <node id="6530373173" lat="46.2875298" lon="12.3584284" version="2" timestamp="2022-09-02T12:45:58Z" changeset="125697742" uid="2360444" user="rikmede"/>
</old>
<new>
  <node id="6530373173" lat="46.2875340" lon="12.3584141" version="3" timestamp="2026-10-01T09:42:58Z" changeset="189812875" uid="188429" user="gpstracks"/>
</new>
</action>
<action type="modify">
<old>
  <node id="6530373174" lat="46.2875691" lon="12.3584975" version="2" timestamp="2022-09-02T12:45:58Z" changeset="125697742" uid="2360444" user="rikmede"/>
</old>
<new>
  <node id="6530373174" lat="46.2875874" lon="12.3584786" version="3" timestamp="2026-10-01T09:42:58Z" changeset="189812875" uid="188429" user="gpstracks"/>
</new>
</action>
<action type="modify">
<old>
  <node id="6530373175" lat="46.2876301" lon="12.3585734" version="2" timestamp="2022-09-02T12:45:58Z" changeset="125697742" uid="2360444" user="rikmede"/>
</old>
<new>
  <node id="6530373175" lat="46.2876536" lon="12.3585198" version="3" timestamp="2026-10-01T09:42:58Z" changeset="189812875" uid="188429" user="gpstracks"/>
</new>
</action>
<action type="modify">
<old>
  <node id="6530373176" lat="46.2876666" lon="12.3586160" version="2" timestamp="2022-09-02T12:45:58Z" changeset="125697742" uid="2360444" user="rikmede"/>
</old>
<new>
  <node id="6530373176" lat="46.2877063" lon="12.3586122" version="3" timestamp="2026-10-01T09:42:58Z" changeset="189812875" uid="188429" user="gpstracks"/>
</new>
</action>
<action type="modify">
<old>
  <node id="6530373177" lat="46.2877032" lon="12.3586659" version="2" timestamp="2022-09-02T12:45:58Z" changeset="125697742" uid="2360444" user="rikmede"/>
</old>
<new>
  <node id="6530373177" lat="46.2877241" lon="12.3586644" version="3" timestamp="2026-10-01T09:42:58Z" changeset="189812875" uid="188429" user="gpstracks"/>
</new>
</action>
<action type="create">
  <node id="6530373179" lat="46.2888857" lon="12.3522629" version="1" timestamp="2019-06-06T19:59:07Z" changeset="71002312" uid="1078501" user="rupeit"/>
</action>
<action type="create">
  <node id="6530373180" lat="46.2889438" lon="12.3521938" version="2" timestamp="2026-10-01T09:42:58Z" changeset="189812875" uid="188429" user="gpstracks"/>
</action>
<action type="create">
  <node id="6530373181" lat="46.2890646" lon="12.3521416" version="2" timestamp="2026-10-01T09:42:58Z" changeset="189812875" uid="188429" user="gpstracks"/>
</action>
<action type="create">
  <node id="6530373182" lat="46.2891156" lon="12.3520483" version="1" timestamp="2019-06-06T19:59:07Z" changeset="71002312" uid="1078501" user="rupeit"/>
</action>
<action type="create">
  <node id="6530373183" lat="46.2891471" lon="12.3519786" version="1" timestamp="2019-06-06T19:59:07Z" changeset="71002312" uid="1078501" user="rupeit"/>
</action>
<action type="create">
  <node id="6530373184" lat="46.2891990" lon="12.3519008" version="1" timestamp="2019-06-06T19:59:07Z" changeset="71002312" uid="1078501" user="rupeit"/>
</action>
<action type="create">
  <node id="6530405185" lat="46.2892212" lon="12.3517908" version="1" timestamp="2019-06-06T19:59:07Z" changeset="71002312" uid="1078501" user="rupeit"/>
</action>
<action type="create">
  <node id="6530405186" lat="46.2892657" lon="12.3516540" version="1" timestamp="2019-06-06T19:59:07Z" changeset="71002312" uid="1078501" user="rupeit"/>
</action>
<action type="create">
  <node id="6530405187" lat="46.2893120" lon="12.3515628" version="1" timestamp="2019-06-06T19:59:07Z" changeset="71002312" uid="1078501" user="rupeit"/>
</action>
<action type="create">
  <node id="6530405188" lat="46.2894034" lon="12.3514889" version="2" timestamp="2026-10-01T09:42:58Z" changeset="189812875" uid="188429" user="gpstracks"/>
</action>
<action type="create">
  <node id="6530405189" lat="46.2894751" lon="12.3515800" version="2" timestamp="2026-10-01T09:42:58Z" changeset="189812875" uid="188429" user="gpstracks"/>
</action>
<action type="create">
  <node id="6530405190" lat="46.2894984" lon="12.3516646" version="2" timestamp="2026-10-01T09:42:58Z" changeset="189812875" uid="188429" user="gpstracks"/>
</action>
<action type="create">
  <node id="6530405191" lat="46.2895344" lon="12.3518042" version="1" timestamp="2019-06-06T19:59:07Z" changeset="71002312" uid="1078501" user="rupeit"/>
</action>
<action type="create">
  <node id="6530405192" lat="46.2895567" lon="12.3519196" version="1" timestamp="2019-06-06T19:59:07Z" changeset="71002312" uid="1078501" user="rupeit"/>
</action>
<action type="create">
  <node id="6530405193" lat="46.2895619" lon="12.3520248" version="2" timestamp="2026-10-01T09:42:58Z" changeset="189812875" uid="188429" user="gpstracks"/>
</action>
<action type="create">
  <node id="6530405194" lat="46.2896046" lon="12.3522034" version="2" timestamp="2026-10-01T09:42:58Z" changeset="189812875" uid="188429" user="gpstracks"/>
</action>
<action type="create">
  <node id="6530405195" lat="46.2896086" lon="12.3522897" version="1" timestamp="2019-06-06T19:59:07Z" changeset="71002312" uid="1078501" user="rupeit"/>
</action>
<action type="create">
  <node id="6530405196" lat="46.2895633" lon="12.3524712" version="1" timestamp="2019-06-06T19:59:07Z" changeset="71002312" uid="1078501" user="rupeit"/>
</action>
<action type="create">
  <node id="6530405197" lat="46.2895279" lon="12.3525577" version="2" timestamp="2026-10-01T09:42:58Z" changeset="189812875" uid="188429" user="gpstracks"/>
</action>
<action type="create">
  <node id="6530405198" lat="46.2894761" lon="12.3526988" version="2" timestamp="2026-10-01T09:42:58Z" changeset="189812875" uid="188429" user="gpstracks"/>
</action>
<action type="create">
  <node id="6530405199" lat="46.2894654" lon="12.3527863" version="2" timestamp="2026-10-01T09:42:58Z" changeset="189812875" uid="188429" user="gpstracks"/>
</action>
<action type="create">
  <node id="6530405200" lat="46.2894593" lon="12.3528708" version="2" timestamp="2026-10-01T09:42:58Z" changeset="189812875" uid="188429" user="gpstracks"/>
</action>
<action type="create">
  <node id="6530405201" lat="46.2894532" lon="12.3529870" version="2" timestamp="2026-10-01T09:42:58Z" changeset="189812875" uid="188429" user="gpstracks"/>
</action>
<action type="create">
  <node id="6530405202" lat="46.2894471" lon="12.3530575" version="2" timestamp="2026-10-01T09:42:58Z" changeset="189812875" uid="188429" user="gpstracks"/>
</action>
<action type="create">
  <node id="6530405203" lat="46.2894161" lon="12.3531810" version="2" timestamp="2026-10-01T09:42:58Z" changeset="189812875" uid="188429" user="gpstracks"/>
</action>
<action type="create">
  <node id="6530405204" lat="46.2894040" lon="12.3532677" version="2" timestamp="2026-10-01T09:42:58Z" changeset="189812875" uid="188429" user="gpstracks"/>
</action>
<action type="create">
  <node id="6530405205" lat="46.2894542" lon="12.3532508" version="2" timestamp="2026-10-01T09:42:58Z" changeset="189812875" uid="188429" user="gpstracks"/>
</action>
<action type="create">
  <node id="6530405206" lat="46.2894903" lon="12.3532266" version="2" timestamp="2026-10-01T09:42:58Z" changeset="189812875" uid="188429" user="gpstracks"/>
</action>
<action type="create">
  <node id="6530405207" lat="46.2895462" lon="12.3531678" version="2" timestamp="2026-10-01T09:42:58Z" changeset="189812875" uid="188429" user="gpstracks"/>
</action>
<action type="create">
  <node id="6530405208" lat="46.2895934" lon="12.3530840" version="2" timestamp="2026-10-01T09:42:58Z" changeset="189812875" uid="188429" user="gpstracks"/>
</action>
<action type="create">
  <node id="6530405209" lat="46.2896696" lon="12.3529465" version="2" timestamp="2026-10-01T09:42:58Z" changeset="189812875" uid="188429" user="gpstracks"/>
</action>
<action type="create">
  <node id="6530405210" lat="46.2897602" lon="12.3528711" version="1" timestamp="2019-06-06T19:59:07Z" changeset="71002312" uid="1078501" user="rupeit"/>
</action>
<action type="create">
  <node id="6530405211" lat="46.2898556" lon="12.3527366" version="1" timestamp="2019-06-06T19:59:07Z" changeset="71002312" uid="1078501" user="rupeit"/>
</action>
<action type="create">
  <node id="6530405212" lat="46.2899408" lon="12.3526304" version="2" timestamp="2026-10-01T09:42:58Z" changeset="189812875" uid="188429" user="gpstracks"/>
</action>
<action type="create">
  <node id="6530405213" lat="46.2900268" lon="12.3525243" version="1" timestamp="2019-06-06T19:59:07Z" changeset="71002312" uid="1078501" user="rupeit"/>
</action>
<action type="create">
  <node id="6530405214" lat="46.2900724" lon="12.3524834" version="2" timestamp="2026-10-01T09:42:58Z" changeset="189812875" uid="188429" user="gpstracks"/>
</action>
<action type="create">
  <node id="6530405215" lat="46.2901307" lon="12.3524234" version="1" timestamp="2019-06-06T19:59:07Z" changeset="71002312" uid="1078501" user="rupeit"/>
</action>
<action type="create">
  <node id="6530405216" lat="46.2901537" lon="12.3523710" version="2" timestamp="2026-10-01T09:42:58Z" changeset="189812875" uid="188429" user="gpstracks"/>
</action>
<action type="create">
  <node id="6530405217" lat="46.2902622" lon="12.3521516" version="1" timestamp="2019-06-06T19:59:07Z" changeset="71002312" uid="1078501" user="rupeit"/>
</action>
<action type="create">
  <node id="6530405218" lat="46.2903314" lon="12.3520006" version="1" timestamp="2019-06-06T19:59:07Z" changeset="71002312" uid="1078501" user="rupeit"/>
</action>
<action type="create">
  <node id="6530405219" lat="46.2903974" lon="12.3517511" version="1" timestamp="2019-06-06T19:59:07Z" changeset="71002312" uid="1078501" user="rupeit"/>
</action>
<action type="create">
  <node id="6530405220" lat="46.2904645" lon="12.3515354" version="1" timestamp="2019-06-06T19:59:07Z" changeset="71002312" uid="1078501" user="rupeit"/>
</action>
<action type="create">
  <node id="6530405221" lat="46.2905124" lon="12.3513530" version="1" timestamp="2019-06-06T19:59:07Z" changeset="71002312" uid="1078501" user="rupeit"/>
</action>
<action type="create">
  <node id="6530405222" lat="46.2905661" lon="12.3512162" version="2" timestamp="2026-10-01T09:42:58Z" changeset="189812875" uid="188429" user="gpstracks"/>
</action>
<action type="create">
  <node id="6530405223" lat="46.2906832" lon="12.3508362" version="2" timestamp="2026-10-01T09:42:58Z" changeset="189812875" uid="188429" user="gpstracks"/>
</action>
<action type="create">
  <node id="6530405224" lat="46.2907793" lon="12.3506761" version="1" timestamp="2019-06-06T19:59:07Z" changeset="71002312" uid="1078501" user="rupeit"/>
</action>
<action type="create">
  <node id="6530405225" lat="46.2908651" lon="12.3504690" version="1" timestamp="2019-06-06T19:59:07Z" changeset="71002312" uid="1078501" user="rupeit"/>
</action>
<action type="create">
  <node id="6530405226" lat="46.2909367" lon="12.3503368" version="1" timestamp="2019-06-06T19:59:07Z" changeset="71002312" uid="1078501" user="rupeit"/>
</action>
<action type="create">
  <node id="6530405227" lat="46.2910085" lon="12.3502246" version="2" timestamp="2026-10-01T09:42:58Z" changeset="189812875" uid="188429" user="gpstracks"/>
</action>
<action type="create">
  <node id="6530405228" lat="46.2910558" lon="12.3501198" version="2" timestamp="2023-10-03T16:04:53Z" changeset="142108015" uid="3217726" user="maicolgalante"/>
</action>
<action type="create">
  <node id="6530405229" lat="46.2911022" lon="12.3500691" version="2" timestamp="2023-10-03T16:04:53Z" changeset="142108015" uid="3217726" user="maicolgalante"/>
</action>
<action type="create">
  <node id="6530405230" lat="46.2911604" lon="12.3500408" version="3" timestamp="2026-10-01T09:42:58Z" changeset="189812875" uid="188429" user="gpstracks"/>
</action>
<action type="create">
  <node id="6530405231" lat="46.2911896" lon="12.3497494" version="1" timestamp="2019-06-06T19:59:07Z" changeset="71002312" uid="1078501" user="rupeit"/>
</action>
<action type="create">
  <node id="6530405232" lat="46.2912050" lon="12.3496599" version="1" timestamp="2019-06-06T19:59:07Z" changeset="71002312" uid="1078501" user="rupeit"/>
</action>
<action type="create">
  <node id="6530405233" lat="46.2912640" lon="12.3495563" version="1" timestamp="2019-06-06T19:59:07Z" changeset="71002312" uid="1078501" user="rupeit"/>
</action>
<action type="create">
  <node id="6530405234" lat="46.2913595" lon="12.3494770" version="1" timestamp="2019-06-06T19:59:07Z" changeset="71002312" uid="1078501" user="rupeit"/>
</action>
<action type="create">
  <node id="6530405235" lat="46.2914522" lon="12.3493794" version="1" timestamp="2019-06-06T19:59:07Z" changeset="71002312" uid="1078501" user="rupeit"/>
</action>
<action type="create">
  <node id="6530405236" lat="46.2915688" lon="12.3492502" version="2" timestamp="2026-10-01T09:42:58Z" changeset="189812875" uid="188429" user="gpstracks"/>
</action>
<action type="create">
  <node id="6530405237" lat="46.2916220" lon="12.3491369" version="2" timestamp="2026-10-01T09:42:58Z" changeset="189812875" uid="188429" user="gpstracks"/>
</action>
<action type="create">
  <node id="6530405238" lat="46.2916205" lon="12.3490871" version="2" timestamp="2026-10-01T09:42:58Z" changeset="189812875" uid="188429" user="gpstracks"/>
</action>
<action type="create">
  <node id="6530405239" lat="46.2916213" lon="12.3490527" version="2" timestamp="2026-10-01T09:42:58Z" changeset="189812875" uid="188429" user="gpstracks"/>
</action>
<action type="modify">
<old>
  <node id="7939106843" lat="46.2868708" lon="12.3530967" version="2" timestamp="2022-08-21T18:12:41Z" changeset="125194292" uid="3538539" user="micheleOSM3"/>
</old>
<new>
  <node id="7939106843" lat="46.2868831" lon="12.3531106" version="3" timestamp="2026-10-01T09:42:58Z" changeset="189812875" uid="188429" user="gpstracks"/>
</new>
</action>
<action type="delete">
<old>
  <node id="7939106853" lat="46.2888786" lon="12.3517717" version="1" timestamp="2020-09-24T17:29:44Z" changeset="91456741" uid="188429" user="gpstracks"/>
</old>
<new>
  <node id="7939106853" visible="true" version="1" timestamp="2020-09-24T17:29:44Z" changeset="91456741" uid="188429" user="gpstracks"/>
</new>
</action>
<action type="delete">
<old>
  <node id="7939106854" lat="46.2889288" lon="12.3517001" version="2" timestamp="2022-09-02T12:45:58Z" changeset="125697742" uid="2360444" user="rikmede"/>
</old>
<new>
  <node id="7939106854" visible="true" version="2" timestamp="2022-09-02T12:45:58Z" changeset="125697742" uid="2360444" user="rikmede"/>
</new>
</action>
<action type="delete">
<old>
  <node id="7939106855" lat="46.2889310" lon="12.3516013" version="1" timestamp="2020-09-24T17:29:44Z" changeset="91456741" uid="188429" user="gpstracks"/>
</old>
<new>
  <node id="7939106855" visible="true" version="1" timestamp="2020-09-24T17:29:44Z" changeset="91456741" uid="188429" user="gpstracks"/>
</new>
</action>
<action type="delete">
<old>
  <node id="7939106856" lat="46.2890867" lon="12.3512299" version="1" timestamp="2020-09-24T17:29:44Z" changeset="91456741" uid="188429" user="gpstracks"/>
</old>
<new>
  <node id="7939106856" visible="true" version="1" timestamp="2020-09-24T17:29:44Z" changeset="91456741" uid="188429" user="gpstracks"/>
</new>
</action>
<action type="delete">
<old>
  <node id="7939106857" lat="46.2891057" lon="12.3512030" version="1" timestamp="2020-09-24T17:29:44Z" changeset="91456741" uid="188429" user="gpstracks"/>
</old>
<new>
  <node id="7939106857" visible="true" version="1" timestamp="2020-09-24T17:29:44Z" changeset="91456741" uid="188429" user="gpstracks"/>
</new>
</action>
<action type="delete">
<old>
  <node id="7939106858" lat="46.2891775" lon="12.3511474" version="1" timestamp="2020-09-24T17:29:44Z" changeset="91456741" uid="188429" user="gpstracks"/>
</old>
<new>
  <node id="7939106858" visible="true" version="1" timestamp="2020-09-24T17:29:44Z" changeset="91456741" uid="188429" user="gpstracks"/>
</new>
</action>
<action type="delete">
<old>
  <node id="7939106859" lat="46.2891971" lon="12.3511134" version="2" timestamp="2022-09-02T12:45:58Z" changeset="125697742" uid="2360444" user="rikmede"/>
</old>
<new>
  <node id="7939106859" visible="true" version="2" timestamp="2022-09-02T12:45:58Z" changeset="125697742" uid="2360444" user="rikmede"/>
</new>
</action>
<action type="delete">
<old>
  <node id="7939106860" lat="46.2892210" lon="12.3511098" version="1" timestamp="2020-09-24T17:29:44Z" changeset="91456741" uid="188429" user="gpstracks"/>
</old>
<new>
  <node id="7939106860" visible="true" version="1" timestamp="2020-09-24T17:29:44Z" changeset="91456741" uid="188429" user="gpstracks"/>
</new>
</action>
<action type="delete">
<old>
  <node id="7939106861" lat="46.2891942" lon="12.3510126" version="1" timestamp="2020-09-24T17:29:44Z" changeset="91456741" uid="188429" user="gpstracks"/>
</old>
<new>
  <node id="7939106861" visible="true" version="1" timestamp="2020-09-24T17:29:44Z" changeset="91456741" uid="188429" user="gpstracks"/>
</new>
</action>
<action type="delete">
<old>
  <node id="7939106862" lat="46.2891946" lon="12.3509811" version="1" timestamp="2020-09-24T17:29:44Z" changeset="91456741" uid="188429" user="gpstracks"/>
</old>
<new>
  <node id="7939106862" visible="true" version="1" timestamp="2020-09-24T17:29:44Z" changeset="91456741" uid="188429" user="gpstracks"/>
</new>
</action>
<action type="delete">
<old>
  <node id="7939106863" lat="46.2892034" lon="12.3509241" version="1" timestamp="2020-09-24T17:29:44Z" changeset="91456741" uid="188429" user="gpstracks"/>
</old>
<new>
  <node id="7939106863" visible="true" version="1" timestamp="2020-09-24T17:29:44Z" changeset="91456741" uid="188429" user="gpstracks"/>
</new>
</action>
<action type="delete">
<old>
  <node id="7939106864" lat="46.2892590" lon="12.3509120" version="1" timestamp="2020-09-24T17:29:44Z" changeset="91456741" uid="188429" user="gpstracks"/>
</old>
<new>
  <node id="7939106864" visible="true" version="1" timestamp="2020-09-24T17:29:44Z" changeset="91456741" uid="188429" user="gpstracks"/>
</new>
</action>
<action type="delete">
<old>
  <node id="7939106865" lat="46.2892873" lon="12.3507913" version="1" timestamp="2020-09-24T17:29:44Z" changeset="91456741" uid="188429" user="gpstracks"/>
</old>
<new>
  <node id="7939106865" visible="true" version="1" timestamp="2020-09-24T17:29:44Z" changeset="91456741" uid="188429" user="gpstracks"/>
</new>
</action>
<action type="modify">
<old>
  <node id="9994946660" lat="46.2864995" lon="12.3537709" version="2" timestamp="2023-10-03T16:04:53Z" changeset="142108015" uid="3217726" user="maicolgalante"/>
</old>
<new>
  <node id="9994946660" lat="46.2865310" lon="12.3538332" version="3" timestamp="2026-10-01T09:42:58Z" changeset="189812875" uid="188429" user="gpstracks"/>
</new>
</action>
<action type="modify">
<old>
  <node id="9994946686" lat="46.2868458" lon="12.3512207" version="1" timestamp="2022-09-02T12:45:58Z" changeset="125697742" uid="2360444" user="rikmede"/>
</old>
<new>
  <node id="9994946686" lat="46.2867209" lon="12.3513084" version="2" timestamp="2026-10-01T09:42:58Z" changeset="189812875" uid="188429" user="gpstracks"/>
</new>
</action>
<action type="delete">
<old>
  <node id="9994946711" lat="46.2888279" lon="12.3520816" version="1" timestamp="2022-09-02T12:45:58Z" changeset="125697742" uid="2360444" user="rikmede"/>
</old>
<new>
  <node id="9994946711" visible="true" version="1" timestamp="2022-09-02T12:45:58Z" changeset="125697742" uid="2360444" user="rikmede"/>
</new>
</action>
<action type="delete">
<old>
  <node id="9994946712" lat="46.2888526" lon="12.3519012" version="1" timestamp="2022-09-02T12:45:58Z" changeset="125697742" uid="2360444" user="rikmede"/>
</old>
<new>
  <node id="9994946712" visible="true" version="1" timestamp="2022-09-02T12:45:58Z" changeset="125697742" uid="2360444" user="rikmede"/>
</new>
</action>
<action type="delete">
<old>
  <node id="9994946713" lat="46.2888523" lon="12.3520058" version="1" timestamp="2022-09-02T12:45:58Z" changeset="125697742" uid="2360444" user="rikmede"/>
</old>
<new>
  <node id="9994946713" visible="true" version="1" timestamp="2022-09-02T12:45:58Z" changeset="125697742" uid="2360444" user="rikmede"/>
</new>
</action>
<action type="delete">
<old>
  <node id="9994946714" lat="46.2889269" lon="12.3516432" version="1" timestamp="2022-09-02T12:45:58Z" changeset="125697742" uid="2360444" user="rikmede"/>
</old>
<new>
  <node id="9994946714" visible="true" version="1" timestamp="2022-09-02T12:45:58Z" changeset="125697742" uid="2360444" user="rikmede"/>
</new>
</action>
<action type="delete">
<old>
  <node id="9994946715" lat="46.2890444" lon="12.3513492" version="1" timestamp="2022-09-02T12:45:58Z" changeset="125697742" uid="2360444" user="rikmede"/>
</old>
<new>
  <node id="9994946715" visible="true" version="1" timestamp="2022-09-02T12:45:58Z" changeset="125697742" uid="2360444" user="rikmede"/>
</new>
</action>
<action type="delete">
<old>
  <node id="9994946716" lat="46.2890621" lon="12.3513188" version="1" timestamp="2022-09-02T12:45:58Z" changeset="125697742" uid="2360444" user="rikmede"/>
</old>
<new>
  <node id="9994946716" visible="true" version="1" timestamp="2022-09-02T12:45:58Z" changeset="125697742" uid="2360444" user="rikmede"/>
</new>
</action>
<action type="delete">
<old>
  <node id="9994951017" lat="46.2890034" lon="12.3513953" version="1" timestamp="2022-09-02T12:45:58Z" changeset="125697742" uid="2360444" user="rikmede"/>
</old>
<new>
  <node id="9994951017" visible="true" version="1" timestamp="2022-09-02T12:45:58Z" changeset="125697742" uid="2360444" user="rikmede"/>
</new>
</action>
<action type="delete">
<old>
  <node id="9994951018" lat="46.2889693" lon="12.3514570" version="1" timestamp="2022-09-02T12:45:58Z" changeset="125697742" uid="2360444" user="rikmede"/>
</old>
<new>
  <node id="9994951018" visible="true" version="1" timestamp="2022-09-02T12:45:58Z" changeset="125697742" uid="2360444" user="rikmede"/>
</new>
</action>
<action type="delete">
<old>
  <node id="9994951019" lat="46.2889954" lon="12.3514238" version="1" timestamp="2022-09-02T12:45:58Z" changeset="125697742" uid="2360444" user="rikmede"/>
</old>
<new>
  <node id="9994951019" visible="true" version="1" timestamp="2022-09-02T12:45:58Z" changeset="125697742" uid="2360444" user="rikmede"/>
</new>
</action>
<action type="delete">
<old>
  <node id="9994951020" lat="46.2892432" lon="12.3509011" version="1" timestamp="2022-09-02T12:45:58Z" changeset="125697742" uid="2360444" user="rikmede"/>
</old>
<new>
  <node id="9994951020" visible="true" version="1" timestamp="2022-09-02T12:45:58Z" changeset="125697742" uid="2360444" user="rikmede"/>
</new>
</action>
<action type="delete">
<old>
  <node id="9994951021" lat="46.2892810" lon="12.3508217" version="1" timestamp="2022-09-02T12:45:58Z" changeset="125697742" uid="2360444" user="rikmede"/>
</old>
<new>
  <node id="9994951021" visible="true" version="1" timestamp="2022-09-02T12:45:58Z" changeset="125697742" uid="2360444" user="rikmede"/>
</new>
</action>
<action type="delete">
<old>
  <node id="9994951022" lat="46.2892988" lon="12.3507763" version="1" timestamp="2022-09-02T12:45:58Z" changeset="125697742" uid="2360444" user="rikmede"/>
</old>
<new>
  <node id="9994951022" visible="true" version="1" timestamp="2022-09-02T12:45:58Z" changeset="125697742" uid="2360444" user="rikmede"/>
</new>
</action>
<action type="delete">
<old>
  <node id="9994951023" lat="46.2893160" lon="12.3507658" version="1" timestamp="2022-09-02T12:45:58Z" changeset="125697742" uid="2360444" user="rikmede"/>
</old>
<new>
  <node id="9994951023" visible="true" version="1" timestamp="2022-09-02T12:45:58Z" changeset="125697742" uid="2360444" user="rikmede"/>
</new>
</action>
<action type="delete">
<old>
  <node id="9994951024" lat="46.2893513" lon="12.3507496" version="1" timestamp="2022-09-02T12:45:58Z" changeset="125697742" uid="2360444" user="rikmede"/>
</old>
<new>
  <node id="9994951024" visible="true" version="1" timestamp="2022-09-02T12:45:58Z" changeset="125697742" uid="2360444" user="rikmede"/>
</new>
</action>
<action type="delete">
<old>
  <node id="9994951025" lat="46.2893716" lon="12.3507273" version="1" timestamp="2022-09-02T12:45:58Z" changeset="125697742" uid="2360444" user="rikmede"/>
</old>
<new>
  <node id="9994951025" visible="true" version="1" timestamp="2022-09-02T12:45:58Z" changeset="125697742" uid="2360444" user="rikmede"/>
</new>
</action>
<action type="delete">
<old>
  <node id="9994951026" lat="46.2893882" lon="12.3506925" version="1" timestamp="2022-09-02T12:45:58Z" changeset="125697742" uid="2360444" user="rikmede"/>
</old>
<new>
  <node id="9994951026" visible="true" version="1" timestamp="2022-09-02T12:45:58Z" changeset="125697742" uid="2360444" user="rikmede"/>
</new>
</action>
<action type="delete">
<old>
  <node id="9994951027" lat="46.2894024" lon="12.3506676" version="1" timestamp="2022-09-02T12:45:58Z" changeset="125697742" uid="2360444" user="rikmede"/>
</old>
<new>
  <node id="9994951027" visible="true" version="1" timestamp="2022-09-02T12:45:58Z" changeset="125697742" uid="2360444" user="rikmede"/>
</new>
</action>
<action type="delete">
<old>
  <node id="9994951028" lat="46.2894112" lon="12.3506410" version="1" timestamp="2022-09-02T12:45:58Z" changeset="125697742" uid="2360444" user="rikmede"/>
</old>
<new>
  <node id="9994951028" visible="true" version="1" timestamp="2022-09-02T12:45:58Z" changeset="125697742" uid="2360444" user="rikmede"/>
</new>
</action>
<action type="delete">
<old>
  <node id="9994951029" lat="46.2894273" lon="12.3506383" version="1" timestamp="2022-09-02T12:45:58Z" changeset="125697742" uid="2360444" user="rikmede"/>
</old>
<new>
  <node id="9994951029" visible="true" version="1" timestamp="2022-09-02T12:45:58Z" changeset="125697742" uid="2360444" user="rikmede"/>
</new>
</action>
<action type="delete">
<old>
  <node id="9994951030" lat="46.2894419" lon="12.3506299" version="1" timestamp="2022-09-02T12:45:58Z" changeset="125697742" uid="2360444" user="rikmede"/>
</old>
<new>
  <node id="9994951030" visible="true" version="1" timestamp="2022-09-02T12:45:58Z" changeset="125697742" uid="2360444" user="rikmede"/>
</new>
</action>
<action type="delete">
<old>
  <node id="9994951031" lat="46.2894584" lon="12.3506203" version="1" timestamp="2022-09-02T12:45:58Z" changeset="125697742" uid="2360444" user="rikmede"/>
</old>
<new>
  <node id="9994951031" visible="true" version="1" timestamp="2022-09-02T12:45:58Z" changeset="125697742" uid="2360444" user="rikmede"/>
</new>
</action>
<action type="delete">
<old>
  <node id="9994951032" lat="46.2894795" lon="12.3506028" version="1" timestamp="2022-09-02T12:45:58Z" changeset="125697742" uid="2360444" user="rikmede"/>
</old>
<new>
  <node id="9994951032" visible="true" version="1" timestamp="2022-09-02T12:45:58Z" changeset="125697742" uid="2360444" user="rikmede"/>
</new>
</action>
<action type="delete">
<old>
  <node id="9994951033" lat="46.2894956" lon="12.3505992" version="1" timestamp="2022-09-02T12:45:58Z" changeset="125697742" uid="2360444" user="rikmede"/>
</old>
<new>
  <node id="9994951033" visible="true" version="1" timestamp="2022-09-02T12:45:58Z" changeset="125697742" uid="2360444" user="rikmede"/>
</new>
</action>
<action type="delete">
<old>
  <node id="9994951034" lat="46.2895153" lon="12.3505827" version="1" timestamp="2022-09-02T12:45:58Z" changeset="125697742" uid="2360444" user="rikmede"/>
</old>
<new>
  <node id="9994951034" visible="true" version="1" timestamp="2022-09-02T12:45:58Z" changeset="125697742" uid="2360444" user="rikmede"/>
</new>
</action>
<action type="delete">
<old>
  <node id="9994951035" lat="46.2895328" lon="12.3505838" version="1" timestamp="2022-09-02T12:45:58Z" changeset="125697742" uid="2360444" user="rikmede"/>
</old>
<new>
  <node id="9994951035" visible="true" version="1" timestamp="2022-09-02T12:45:58Z" changeset="125697742" uid="2360444" user="rikmede"/>
</new>
</action>
<action type="delete">
<old>
  <node id="9994951036" lat="46.2895386" lon="12.3505709" version="1" timestamp="2022-09-02T12:45:58Z" changeset="125697742" uid="2360444" user="rikmede"/>
</old>
<new>
  <node id="9994951036" visible="true" version="1" timestamp="2022-09-02T12:45:58Z" changeset="125697742" uid="2360444" user="rikmede"/>
</new>
</action>
<action type="delete">
<old>
  <node id="9994951037" lat="46.2895633" lon="12.3505639" version="1" timestamp="2022-09-02T12:45:58Z" changeset="125697742" uid="2360444" user="rikmede"/>
</old>
<new>
  <node id="9994951037" visible="true" version="1" timestamp="2022-09-02T12:45:58Z" changeset="125697742" uid="2360444" user="rikmede"/>
</new>
</action>
<action type="delete">
<old>
  <node id="9994951038" lat="46.2895967" lon="12.3505545" version="1" timestamp="2022-09-02T12:45:58Z" changeset="125697742" uid="2360444" user="rikmede"/>
</old>
<new>
  <node id="9994951038" visible="true" version="1" timestamp="2022-09-02T12:45:58Z" changeset="125697742" uid="2360444" user="rikmede"/>
</new>
</action>
<action type="delete">
<old>
  <node id="9994951039" lat="46.2896196" lon="12.3505311" version="1" timestamp="2022-09-02T12:45:58Z" changeset="125697742" uid="2360444" user="rikmede"/>
</old>
<new>
  <node id="9994951039" visible="true" version="1" timestamp="2022-09-02T12:45:58Z" changeset="125697742" uid="2360444" user="rikmede"/>
</new>
</action>
<action type="delete">
<old>
  <node id="9994951040" lat="46.2896448" lon="12.3505454" version="1" timestamp="2022-09-02T12:45:58Z" changeset="125697742" uid="2360444" user="rikmede"/>
</old>
<new>
  <node id="9994951040" visible="true" version="1" timestamp="2022-09-02T12:45:58Z" changeset="125697742" uid="2360444" user="rikmede"/>
</new>
</action>
<action type="delete">
<old>
  <node id="9994951041" lat="46.2896769" lon="12.3505381" version="1" timestamp="2022-09-02T12:45:58Z" changeset="125697742" uid="2360444" user="rikmede"/>
</old>
<new>
  <node id="9994951041" visible="true" version="1" timestamp="2022-09-02T12:45:58Z" changeset="125697742" uid="2360444" user="rikmede"/>
</new>
</action>
<action type="delete">
<old>
  <node id="9994951042" lat="46.2896968" lon="12.3505565" version="1" timestamp="2022-09-02T12:45:58Z" changeset="125697742" uid="2360444" user="rikmede"/>
</old>
<new>
  <node id="9994951042" visible="true" version="1" timestamp="2022-09-02T12:45:58Z" changeset="125697742" uid="2360444" user="rikmede"/>
</new>
</action>
<action type="delete">
<old>
  <node id="9994951043" lat="46.2897171" lon="12.3505633" version="1" timestamp="2022-09-02T12:45:58Z" changeset="125697742" uid="2360444" user="rikmede"/>
</old>
<new>
  <node id="9994951043" visible="true" version="1" timestamp="2022-09-02T12:45:58Z" changeset="125697742" uid="2360444" user="rikmede"/>
</new>
</action>
<action type="delete">
<old>
  <node id="9994951044" lat="46.2897612" lon="12.3505825" version="1" timestamp="2022-09-02T12:45:58Z" changeset="125697742" uid="2360444" user="rikmede"/>
</old>
<new>
  <node id="9994951044" visible="true" version="1" timestamp="2022-09-02T12:45:58Z" changeset="125697742" uid="2360444" user="rikmede"/>
</new>
</action>
<action type="delete">
<old>
  <node id="9994951045" lat="46.2898058" lon="12.3505910" version="1" timestamp="2022-09-02T12:45:58Z" changeset="125697742" uid="2360444" user="rikmede"/>
</old>
<new>
  <node id="9994951045" visible="true" version="1" timestamp="2022-09-02T12:45:58Z" changeset="125697742" uid="2360444" user="rikmede"/>
</new>
</action>
<action type="delete">
<old>
  <node id="9994951046" lat="46.2898336" lon="12.3505722" version="1" timestamp="2022-09-02T12:45:58Z" changeset="125697742" uid="2360444" user="rikmede"/>
</old>
<new>
  <node id="9994951046" visible="true" version="1" timestamp="2022-09-02T12:45:58Z" changeset="125697742" uid="2360444" user="rikmede"/>
</new>
</action>
<action type="delete">
<old>
  <node id="9994951047" lat="46.2898627" lon="12.3505834" version="1" timestamp="2022-09-02T12:45:58Z" changeset="125697742" uid="2360444" user="rikmede"/>
</old>
<new>
  <node id="9994951047" visible="true" version="1" timestamp="2022-09-02T12:45:58Z" changeset="125697742" uid="2360444" user="rikmede"/>
</new>
</action>
<action type="delete">
<old>
  <node id="9994951048" lat="46.2898773" lon="12.3505740" version="1" timestamp="2022-09-02T12:45:58Z" changeset="125697742" uid="2360444" user="rikmede"/>
</old>
<new>
  <node id="9994951048" visible="true" version="1" timestamp="2022-09-02T12:45:58Z" changeset="125697742" uid="2360444" user="rikmede"/>
</new>
</action>
<action type="delete">
<old>
  <node id="9994951049" lat="46.2899047" lon="12.3504515" version="1" timestamp="2022-09-02T12:45:58Z" changeset="125697742" uid="2360444" user="rikmede"/>
</old>
<new>
  <node id="9994951049" visible="true" version="1" timestamp="2022-09-02T12:45:58Z" changeset="125697742" uid="2360444" user="rikmede"/>
</new>
</action>
<action type="delete">
<old>
  <node id="9994951050" lat="46.2900023" lon="12.3503751" version="1" timestamp="2022-09-02T12:45:58Z" changeset="125697742" uid="2360444" user="rikmede"/>
</old>
<new>
  <node id="9994951050" visible="true" version="1" timestamp="2022-09-02T12:45:58Z" changeset="125697742" uid="2360444" user="rikmede"/>
</new>
</action>
<action type="delete">
<old>
  <node id="9994951051" lat="46.2900437" lon="12.3503653" version="1" timestamp="2022-09-02T12:45:58Z" changeset="125697742" uid="2360444" user="rikmede"/>
</old>
<new>
  <node id="9994951051" visible="true" version="1" timestamp="2022-09-02T12:45:58Z" changeset="125697742" uid="2360444" user="rikmede"/>
</new>
</action>
<action type="delete">
<old>
  <node id="9994951052" lat="46.2900343" lon="12.3503328" version="1" timestamp="2022-09-02T12:45:58Z" changeset="125697742" uid="2360444" user="rikmede"/>
</old>
<new>
  <node id="9994951052" visible="true" version="1" timestamp="2022-09-02T12:45:58Z" changeset="125697742" uid="2360444" user="rikmede"/>
</new>
</action>
<action type="delete">
<old>
  <node id="9994951053" lat="46.2900531" lon="12.3503358" version="1" timestamp="2022-09-02T12:45:58Z" changeset="125697742" uid="2360444" user="rikmede"/>
</old>
<new>
  <node id="9994951053" visible="true" version="1" timestamp="2022-09-02T12:45:58Z" changeset="125697742" uid="2360444" user="rikmede"/>
</new>
</action>
<action type="delete">
<old>
  <node id="9994951054" lat="46.2900533" lon="12.3502844" version="1" timestamp="2022-09-02T12:45:58Z" changeset="125697742" uid="2360444" user="rikmede"/>
</old>
<new>
  <node id="9994951054" visible="true" version="1" timestamp="2022-09-02T12:45:58Z" changeset="125697742" uid="2360444" user="rikmede"/>
</new>
</action>
<action type="delete">
<old>
  <node id="9994951055" lat="46.2900214" lon="12.3502142" version="1" timestamp="2022-09-02T12:45:58Z" changeset="125697742" uid="2360444" user="rikmede"/>
</old>
<new>
  <node id="9994951055" visible="true" version="1" timestamp="2022-09-02T12:45:58Z" changeset="125697742" uid="2360444" user="rikmede"/>
</new>
</action>
<action type="delete">
<old>
  <node id="9994951056" lat="46.2900377" lon="12.3501621" version="1" timestamp="2022-09-02T12:45:58Z" changeset="125697742" uid="2360444" user="rikmede"/>
</old>
<new>
  <node id="9994951056" visible="true" version="1" timestamp="2022-09-02T12:45:58Z" changeset="125697742" uid="2360444" user="rikmede"/>
</new>
</action>
<action type="delete">
<old>
  <node id="9994951057" lat="46.2900378" lon="12.3501388" version="1" timestamp="2022-09-02T12:45:58Z" changeset="125697742" uid="2360444" user="rikmede"/>
</old>
<new>
  <node id="9994951057" visible="true" version="1" timestamp="2022-09-02T12:45:58Z" changeset="125697742" uid="2360444" user="rikmede"/>
</new>
</action>
<action type="delete">
<old>
  <node id="9994951058" lat="46.2900337" lon="12.3500751" version="1" timestamp="2022-09-02T12:45:58Z" changeset="125697742" uid="2360444" user="rikmede"/>
</old>
<new>
  <node id="9994951058" visible="true" version="1" timestamp="2022-09-02T12:45:58Z" changeset="125697742" uid="2360444" user="rikmede"/>
</new>
</action>
<action type="delete">
<old>
  <node id="9994951059" lat="46.2900357" lon="12.3500459" version="1" timestamp="2022-09-02T12:45:58Z" changeset="125697742" uid="2360444" user="rikmede"/>
</old>
<new>
  <node id="9994951059" visible="true" version="1" timestamp="2022-09-02T12:45:58Z" changeset="125697742" uid="2360444" user="rikmede"/>
</new>
</action>
<action type="delete">
<old>
  <node id="9994951060" lat="46.2900971" lon="12.3499712" version="1" timestamp="2022-09-02T12:45:58Z" changeset="125697742" uid="2360444" user="rikmede"/>
</old>
<new>
  <node id="9994951060" visible="true" version="1" timestamp="2022-09-02T12:45:58Z" changeset="125697742" uid="2360444" user="rikmede"/>
</new>
</action>
<action type="delete">
<old>
  <node id="9994951061" lat="46.2901331" lon="12.3499288" version="1" timestamp="2022-09-02T12:45:58Z" changeset="125697742" uid="2360444" user="rikmede"/>
</old>
<new>
  <node id="9994951061" visible="true" version="1" timestamp="2022-09-02T12:45:58Z" changeset="125697742" uid="2360444" user="rikmede"/>
</new>
</action>
<action type="delete">
<old>
  <node id="9994951062" lat="46.2901477" lon="12.3498961" version="1" timestamp="2022-09-02T12:45:58Z" changeset="125697742" uid="2360444" user="rikmede"/>
</old>
<new>
  <node id="9994951062" visible="true" version="1" timestamp="2022-09-02T12:45:58Z" changeset="125697742" uid="2360444" user="rikmede"/>
</new>
</action>
<action type="delete">
<old>
  <node id="9994951063" lat="46.2901856" lon="12.3498497" version="1" timestamp="2022-09-02T12:45:58Z" changeset="125697742" uid="2360444" user="rikmede"/>
</old>
<new>
  <node id="9994951063" visible="true" version="1" timestamp="2022-09-02T12:45:58Z" changeset="125697742" uid="2360444" user="rikmede"/>
</new>
</action>
<action type="delete">
<old>
  <node id="9994951064" lat="46.2901969" lon="12.3498133" version="1" timestamp="2022-09-02T12:45:58Z" changeset="125697742" uid="2360444" user="rikmede"/>
</old>
<new>
  <node id="9994951064" visible="true" version="1" timestamp="2022-09-02T12:45:58Z" changeset="125697742" uid="2360444" user="rikmede"/>
</new>
</action>
<action type="delete">
<old>
  <node id="9994951065" lat="46.2902560" lon="12.3497552" version="1" timestamp="2022-09-02T12:45:58Z" changeset="125697742" uid="2360444" user="rikmede"/>
</old>
<new>
  <node id="9994951065" visible="true" version="1" timestamp="2022-09-02T12:45:58Z" changeset="125697742" uid="2360444" user="rikmede"/>
</new>
</action>
<action type="delete">
<old>
  <node id="9994951066" lat="46.2903400" lon="12.3495554" version="1" timestamp="2022-09-02T12:45:58Z" changeset="125697742" uid="2360444" user="rikmede"/>
</old>
<new>
  <node id="9994951066" visible="true" version="1" timestamp="2022-09-02T12:45:58Z" changeset="125697742" uid="2360444" user="rikmede"/>
</new>
</action>
<action type="delete">
<old>
  <node id="9994951067" lat="46.2903452" lon="12.3494873" version="1" timestamp="2022-09-02T12:45:58Z" changeset="125697742" uid="2360444" user="rikmede"/>
</old>
<new>
  <node id="9994951067" visible="true" version="1" timestamp="2022-09-02T12:45:58Z" changeset="125697742" uid="2360444" user="rikmede"/>
</new>
</action>
<action type="delete">
<old>
  <node id="9994951068" lat="46.2903512" lon="12.3494560" version="1" timestamp="2022-09-02T12:45:58Z" changeset="125697742" uid="2360444" user="rikmede"/>
</old>
<new>
  <node id="9994951068" visible="true" version="1" timestamp="2022-09-02T12:45:58Z" changeset="125697742" uid="2360444" user="rikmede"/>
</new>
</action>
<action type="delete">
<old>
  <node id="9994951069" lat="46.2903492" lon="12.3493989" version="1" timestamp="2022-09-02T12:45:58Z" changeset="125697742" uid="2360444" user="rikmede"/>
</old>
<new>
  <node id="9994951069" visible="true" version="1" timestamp="2022-09-02T12:45:58Z" changeset="125697742" uid="2360444" user="rikmede"/>
</new>
</action>
<action type="delete">
<old>
  <node id="9994951070" lat="46.2903948" lon="12.3493676" version="1" timestamp="2022-09-02T12:45:58Z" changeset="125697742" uid="2360444" user="rikmede"/>
</old>
<new>
  <node id="9994951070" visible="true" version="1" timestamp="2022-09-02T12:45:58Z" changeset="125697742" uid="2360444" user="rikmede"/>
</new>
</action>
<action type="delete">
<old>
  <node id="9994951071" lat="46.2905366" lon="12.3489334" version="1" timestamp="2022-09-02T12:45:58Z" changeset="125697742" uid="2360444" user="rikmede"/>
</old>
<new>
  <node id="9994951071" visible="true" version="1" timestamp="2022-09-02T12:45:58Z" changeset="125697742" uid="2360444" user="rikmede"/>
</new>
</action>
<action type="delete">
<old>
  <node id="9994951072" lat="46.2907056" lon="12.3489213" version="1" timestamp="2022-09-02T12:45:58Z" changeset="125697742" uid="2360444" user="rikmede"/>
</old>
<new>
  <node id="9994951072" visible="true" version="1" timestamp="2022-09-02T12:45:58Z" changeset="125697742" uid="2360444" user="rikmede"/>
</new>
</action>
<action type="delete">
<old>
  <node id="9994951073" lat="46.2906275" lon="12.3489164" version="1" timestamp="2022-09-02T12:45:58Z" changeset="125697742" uid="2360444" user="rikmede"/>
</old>
<new>
  <node id="9994951073" visible="true" version="1" timestamp="2022-09-02T12:45:58Z" changeset="125697742" uid="2360444" user="rikmede"/>
</new>
</action>
<action type="delete">
<old>
  <node id="9994951074" lat="46.2907468" lon="12.3489329" version="1" timestamp="2022-09-02T12:45:58Z" changeset="125697742" uid="2360444" user="rikmede"/>
</old>
<new>
  <node id="9994951074" visible="true" version="1" timestamp="2022-09-02T12:45:58Z" changeset="125697742" uid="2360444" user="rikmede"/>
</new>
</action>
<action type="delete">
<old>
  <node id="9994951075" lat="46.2907784" lon="12.3489595" version="1" timestamp="2022-09-02T12:45:58Z" changeset="125697742" uid="2360444" user="rikmede"/>
</old>
<new>
  <node id="9994951075" visible="true" version="1" timestamp="2022-09-02T12:45:58Z" changeset="125697742" uid="2360444" user="rikmede"/>
</new>
</action>
<action type="delete">
<old>
  <node id="9994951076" lat="46.2908079" lon="12.3489590" version="1" timestamp="2022-09-02T12:45:58Z" changeset="125697742" uid="2360444" user="rikmede"/>
</old>
<new>
  <node id="9994951076" visible="true" version="1" timestamp="2022-09-02T12:45:58Z" changeset="125697742" uid="2360444" user="rikmede"/>
</new>
</action>
<action type="delete">
<old>
  <node id="9994951077" lat="46.2908410" lon="12.3489642" version="1" timestamp="2022-09-02T12:45:58Z" changeset="125697742" uid="2360444" user="rikmede"/>
</old>
<new>
  <node id="9994951077" visible="true" version="1" timestamp="2022-09-02T12:45:58Z" changeset="125697742" uid="2360444" user="rikmede"/>
</new>
</action>
<action type="delete">
<old>
  <node id="9994951078" lat="46.2908556" lon="12.3489587" version="1" timestamp="2022-09-02T12:45:58Z" changeset="125697742" uid="2360444" user="rikmede"/>
</old>
<new>
  <node id="9994951078" visible="true" version="1" timestamp="2022-09-02T12:45:58Z" changeset="125697742" uid="2360444" user="rikmede"/>
</new>
</action>
<action type="delete">
<old>
  <node id="9994951079" lat="46.2908929" lon="12.3489423" version="1" timestamp="2022-09-02T12:45:58Z" changeset="125697742" uid="2360444" user="rikmede"/>
</old>
<new>
  <node id="9994951079" visible="true" version="1" timestamp="2022-09-02T12:45:58Z" changeset="125697742" uid="2360444" user="rikmede"/>
</new>
</action>
<action type="delete">
<old>
  <node id="9994951080" lat="46.2908994" lon="12.3489653" version="1" timestamp="2022-09-02T12:45:58Z" changeset="125697742" uid="2360444" user="rikmede"/>
</old>
<new>
  <node id="9994951080" visible="true" version="1" timestamp="2022-09-02T12:45:58Z" changeset="125697742" uid="2360444" user="rikmede"/>
</new>
</action>
<action type="delete">
<old>
  <node id="9994951081" lat="46.2909123" lon="12.3489705" version="1" timestamp="2022-09-02T12:45:58Z" changeset="125697742" uid="2360444" user="rikmede"/>
</old>
<new>
  <node id="9994951081" visible="true" version="1" timestamp="2022-09-02T12:45:58Z" changeset="125697742" uid="2360444" user="rikmede"/>
</new>
</action>
<action type="delete">
<old>
  <node id="9994951082" lat="46.2909248" lon="12.3489563" version="1" timestamp="2022-09-02T12:45:58Z" changeset="125697742" uid="2360444" user="rikmede"/>
</old>
<new>
  <node id="9994951082" visible="true" version="1" timestamp="2022-09-02T12:45:58Z" changeset="125697742" uid="2360444" user="rikmede"/>
</new>
</action>
<action type="delete">
<old>
  <node id="9994951083" lat="46.2909356" lon="12.3489916" version="1" timestamp="2022-09-02T12:45:58Z" changeset="125697742" uid="2360444" user="rikmede"/>
</old>
<new>
  <node id="9994951083" visible="true" version="1" timestamp="2022-09-02T12:45:58Z" changeset="125697742" uid="2360444" user="rikmede"/>
</new>
</action>
<action type="delete">
<old>
  <node id="9994951084" lat="46.2909518" lon="12.3489938" version="1" timestamp="2022-09-02T12:45:58Z" changeset="125697742" uid="2360444" user="rikmede"/>
</old>
<new>
  <node id="9994951084" visible="true" version="1" timestamp="2022-09-02T12:45:58Z" changeset="125697742" uid="2360444" user="rikmede"/>
</new>
</action>
<action type="delete">
<old>
  <node id="9994951085" lat="46.2909918" lon="12.3489492" version="1" timestamp="2022-09-02T12:45:58Z" changeset="125697742" uid="2360444" user="rikmede"/>
</old>
<new>
  <node id="9994951085" visible="true" version="1" timestamp="2022-09-02T12:45:58Z" changeset="125697742" uid="2360444" user="rikmede"/>
</new>
</action>
<action type="delete">
<old>
  <node id="9994951086" lat="46.2910388" lon="12.3489508" version="1" timestamp="2022-09-02T12:45:58Z" changeset="125697742" uid="2360444" user="rikmede"/>
</old>
<new>
  <node id="9994951086" visible="true" version="1" timestamp="2022-09-02T12:45:58Z" changeset="125697742" uid="2360444" user="rikmede"/>
</new>
</action>
<action type="delete">
<old>
  <node id="9994951087" lat="46.2911370" lon="12.3488957" version="1" timestamp="2022-09-02T12:45:58Z" changeset="125697742" uid="2360444" user="rikmede"/>
</old>
<new>
  <node id="9994951087" visible="true" version="1" timestamp="2022-09-02T12:45:58Z" changeset="125697742" uid="2360444" user="rikmede"/>
</new>
</action>
<action type="delete">
<old>
  <node id="9994951088" lat="46.2911689" lon="12.3489096" version="1" timestamp="2022-09-02T12:45:58Z" changeset="125697742" uid="2360444" user="rikmede"/>
</old>
<new>
  <node id="9994951088" visible="true" version="1" timestamp="2022-09-02T12:45:58Z" changeset="125697742" uid="2360444" user="rikmede"/>
</new>
</action>
<action type="delete">
<old>
  <node id="9994951089" lat="46.2912797" lon="12.3488771" version="1" timestamp="2022-09-02T12:45:58Z" changeset="125697742" uid="2360444" user="rikmede"/>
</old>
<new>
  <node id="9994951089" visible="true" version="1" timestamp="2022-09-02T12:45:58Z" changeset="125697742" uid="2360444" user="rikmede"/>
</new>
</action>
<action type="delete">
<old>
  <node id="9994951090" lat="46.2914434" lon="12.3488402" version="1" timestamp="2022-09-02T12:45:58Z" changeset="125697742" uid="2360444" user="rikmede"/>
</old>
<new>
  <node id="9994951090" visible="true" version="1" timestamp="2022-09-02T12:45:58Z" changeset="125697742" uid="2360444" user="rikmede"/>
</new>
</action>
<action type="delete">
<old>
  <node id="9994951091" lat="46.2914794" lon="12.3488578" version="1" timestamp="2022-09-02T12:45:58Z" changeset="125697742" uid="2360444" user="rikmede"/>
</old>
<new>
  <node id="9994951091" visible="true" version="1" timestamp="2022-09-02T12:45:58Z" changeset="125697742" uid="2360444" user="rikmede"/>
</new>
</action>
<action type="delete">
<old>
  <node id="9994951092" lat="46.2915109" lon="12.3488815" version="1" timestamp="2022-09-02T12:45:58Z" changeset="125697742" uid="2360444" user="rikmede"/>
</old>
<new>
  <node id="9994951092" visible="true" version="1" timestamp="2022-09-02T12:45:58Z" changeset="125697742" uid="2360444" user="rikmede"/>
</new>
</action>
<action type="delete">
<old>
  <node id="9994951093" lat="46.2915866" lon="12.3489893" version="1" timestamp="2022-09-02T12:45:58Z" changeset="125697742" uid="2360444" user="rikmede"/>
</old>
<new>
  <node id="9994951093" visible="true" version="1" timestamp="2022-09-02T12:45:58Z" changeset="125697742" uid="2360444" user="rikmede"/>
</new>
</action>
<action type="delete">
<old>
  <node id="9994951094" lat="46.2916179" lon="12.3490372" version="1" timestamp="2022-09-02T12:45:58Z" changeset="125697742" uid="2360444" user="rikmede"/>
</old>
<new>
  <node id="9994951094" visible="true" version="2" timestamp="2026-10-01T09:42:58Z" changeset="189812875" uid="188429" user="gpstracks"/>
</new>
</action>
<action type="delete">
<old>
  <node id="9994951095" lat="46.2916542" lon="12.3488058" version="1" timestamp="2022-09-02T12:45:58Z" changeset="125697742" uid="2360444" user="rikmede"/>
</old>
<new>
  <node id="9994951095" visible="true" version="1" timestamp="2022-09-02T12:45:58Z" changeset="125697742" uid="2360444" user="rikmede"/>
</new>
</action>
<action type="delete">
<old>
  <node id="9994951096" lat="46.2916307" lon="12.3487768" version="1" timestamp="2022-09-02T12:45:58Z" changeset="125697742" uid="2360444" user="rikmede"/>
</old>
<new>
  <node id="9994951096" visible="true" version="1" timestamp="2022-09-02T12:45:58Z" changeset="125697742" uid="2360444" user="rikmede"/>
</new>
</action>
<action type="delete">
<old>
  <node id="9994951097" lat="46.2916178" lon="12.3487435" version="1" timestamp="2022-09-02T12:45:58Z" changeset="125697742" uid="2360444" user="rikmede"/>
</old>
<new>
  <node id="9994951097" visible="true" version="1" timestamp="2022-09-02T12:45:58Z" changeset="125697742" uid="2360444" user="rikmede"/>
</new>
</action>
<action type="delete">
<old>
  <node id="9994951098" lat="46.2916299" lon="12.3486838" version="1" timestamp="2022-09-02T12:45:58Z" changeset="125697742" uid="2360444" user="rikmede"/>
</old>
<new>
  <node id="9994951098" visible="true" version="1" timestamp="2022-09-02T12:45:58Z" changeset="125697742" uid="2360444" user="rikmede"/>
</new>
</action>
<action type="delete">
<old>
  <node id="9994951099" lat="46.2916281" lon="12.3485492" version="1" timestamp="2022-09-02T12:45:58Z" changeset="125697742" uid="2360444" user="rikmede"/>
</old>
<new>
  <node id="9994951099" visible="true" version="1" timestamp="2022-09-02T12:45:58Z" changeset="125697742" uid="2360444" user="rikmede"/>
</new>
</action>
<action type="delete">
<old>
  <node id="9994951100" lat="46.2918073" lon="12.3484553" version="1" timestamp="2022-09-02T12:45:58Z" changeset="125697742" uid="2360444" user="rikmede"/>
</old>
<new>
  <node id="9994951100" visible="true" version="1" timestamp="2022-09-02T12:45:58Z" changeset="125697742" uid="2360444" user="rikmede"/>
</new>
</action>
<action type="delete">
<old>
  <node id="9994951101" lat="46.2918179" lon="12.3484170" version="1" timestamp="2022-09-02T12:45:58Z" changeset="125697742" uid="2360444" user="rikmede"/>
</old>
<new>
  <node id="9994951101" visible="true" version="1" timestamp="2022-09-02T12:45:58Z" changeset="125697742" uid="2360444" user="rikmede"/>
</new>
</action>
<action type="delete">
<old>
  <node id="9994951102" lat="46.2918392" lon="12.3484392" version="1" timestamp="2022-09-02T12:45:58Z" changeset="125697742" uid="2360444" user="rikmede"/>
</old>
<new>
  <node id="9994951102" visible="true" version="1" timestamp="2022-09-02T12:45:58Z" changeset="125697742" uid="2360444" user="rikmede"/>
</new>
</action>
<action type="delete">
<old>
  <node id="9994951103" lat="46.2918563" lon="12.3484229" version="1" timestamp="2022-09-02T12:45:58Z" changeset="125697742" uid="2360444" user="rikmede"/>
</old>
<new>
  <node id="9994951103" visible="true" version="1" timestamp="2022-09-02T12:45:58Z" changeset="125697742" uid="2360444" user="rikmede"/>
</new>
</action>
<action type="delete">
<old>
  <node id="9994951104" lat="46.2919132" lon="12.3483562" version="1" timestamp="2022-09-02T12:45:58Z" changeset="125697742" uid="2360444" user="rikmede"/>
</old>
<new>
  <node id="9994951104" visible="true" version="1" timestamp="2022-09-02T12:45:58Z" changeset="125697742" uid="2360444" user="rikmede"/>
</new>
</action>
<action type="delete">
<old>
  <node id="9994951105" lat="46.2919426" lon="12.3483761" version="1" timestamp="2022-09-02T12:45:58Z" changeset="125697742" uid="2360444" user="rikmede"/>
</old>
<new>
  <node id="9994951105" visible="true" version="1" timestamp="2022-09-02T12:45:58Z" changeset="125697742" uid="2360444" user="rikmede"/>
</new>
</action>
<action type="delete">
<old>
  <node id="9994951106" lat="46.2919734" lon="12.3483436" version="1" timestamp="2022-09-02T12:45:58Z" changeset="125697742" uid="2360444" user="rikmede"/>
</old>
<new>
  <node id="9994951106" visible="true" version="1" timestamp="2022-09-02T12:45:58Z" changeset="125697742" uid="2360444" user="rikmede"/>
</new>
</action>
<action type="delete">
<old>
  <node id="9994951107" lat="46.2920953" lon="12.3482698" version="1" timestamp="2022-09-02T12:45:58Z" changeset="125697742" uid="2360444" user="rikmede"/>
</old>
<new>
  <node id="9994951107" visible="true" version="1" timestamp="2022-09-02T12:45:58Z" changeset="125697742" uid="2360444" user="rikmede"/>
</new>
</action>
<action type="modify">
<old>
  <node id="9994951205" lat="46.2857393" lon="12.3403296" version="1" timestamp="2022-09-02T12:45:58Z" changeset="125697742" uid="2360444" user="rikmede"/>
</old>
<new>
  <node id="9994951205" lat="46.2857394" lon="12.3403297" version="2" timestamp="2026-10-01T09:42:58Z" changeset="189812875" uid="188429" user="gpstracks">
    <tag k="ele" v="2003"/>
    <tag k="mountain_pass" v="yes"/>
    <tag k="name" v="Forcella Salta"/>
    <tag k="natural" v="saddle"/>
  </node>
</new>
</action>
<action type="modify">
<old>
  <node id="9994951219" lat="46.2853381" lon="12.3407294" version="1" timestamp="2022-09-02T12:45:58Z" changeset="125697742" uid="2360444" user="rikmede"/>
</old>
<new>
  <node id="9994951219" lat="46.2853382" lon="12.3407164" version="2" timestamp="2026-10-01T09:42:58Z" changeset="189812875" uid="188429" user="gpstracks"/>
</new>
</action>
<action type="modify">
<old>
  <node id="9994951224" lat="46.2846036" lon="12.3400285" version="1" timestamp="2022-09-02T12:45:58Z" changeset="125697742" uid="2360444" user="rikmede"/>
</old>
<new>
  <node id="9994951224" lat="46.2845989" lon="12.3400115" version="2" timestamp="2026-10-01T09:42:58Z" changeset="189812875" uid="188429" user="gpstracks"/>
</new>
</action>
<action type="modify">
<old>
  <node id="9994951231" lat="46.2842307" lon="12.3386744" version="1" timestamp="2022-09-02T12:45:58Z" changeset="125697742" uid="2360444" user="rikmede"/>
</old>
<new>
  <node id="9994951231" lat="46.2842279" lon="12.3387305" version="2" timestamp="2026-10-01T09:42:58Z" changeset="189812875" uid="188429" user="gpstracks"/>
</new>
</action>
<action type="modify">
<old>
  <node id="9994951239" lat="46.2838798" lon="12.3378842" version="1" timestamp="2022-09-02T12:45:58Z" changeset="125697742" uid="2360444" user="rikmede"/>
</old>
<new>
  <node id="9994951239" lat="46.2838748" lon="12.3378808" version="2" timestamp="2026-10-01T09:42:58Z" changeset="189812875" uid="188429" user="gpstracks"/>
</new>
</action>
<action type="modify">
<old>
  <node id="9994951299" lat="46.2810512" lon="12.3337859" version="1" timestamp="2022-09-02T12:45:58Z" changeset="125697742" uid="2360444" user="rikmede"/>
</old>
<new>
  <node id="9994951299" lat="46.2810565" lon="12.3337861" version="2" timestamp="2026-10-01T09:42:58Z" changeset="189812875" uid="188429" user="gpstracks"/>
</new>
</action>
<action type="modify">
<old>
  <node id="9994951300" lat="46.2810442" lon="12.3334287" version="1" timestamp="2022-09-02T12:45:58Z" changeset="125697742" uid="2360444" user="rikmede"/>
</old>
<new>
  <node id="9994951300" lat="46.2810723" lon="12.3334267" version="2" timestamp="2026-10-01T09:42:58Z" changeset="189812875" uid="188429" user="gpstracks"/>
</new>
</action>
<action type="modify">
<old>
  <node id="9994951301" lat="46.2810684" lon="12.3335448" version="1" timestamp="2022-09-02T12:45:58Z" changeset="125697742" uid="2360444" user="rikmede"/>
</old>
<new>
  <node id="9994951301" lat="46.2810769" lon="12.3335490" version="2" timestamp="2026-10-01T09:42:58Z" changeset="189812875" uid="188429" user="gpstracks"/>
</new>
</action>
<action type="modify">
<old>
  <node id="9994951362" lat="46.2759027" lon="12.3304364" version="1" timestamp="2022-09-02T12:45:58Z" changeset="125697742" uid="2360444" user="rikmede"/>
</old>
<new>
  <node id="9994951362" lat="46.2759316" lon="12.3304937" version="2" timestamp="2026-10-01T09:42:58Z" changeset="189812875" uid="188429" user="gpstracks"/>
</new>
</action>
<action type="modify">
<old>
  <node id="9994951372" lat="46.2758066" lon="12.3309546" version="1" timestamp="2022-09-02T12:45:58Z" changeset="125697742" uid="2360444" user="rikmede"/>
</old>
<new>
  <node id="9994951372" lat="46.2758116" lon="12.3309651" version="2" timestamp="2026-10-01T09:42:58Z" changeset="189812875" uid="188429" user="gpstracks"/>
</new>
</action>
<action type="modify">
<old>
  <node id="9994951392" lat="46.2750667" lon="12.3328721" version="1" timestamp="2022-09-02T12:45:58Z" changeset="125697742" uid="2360444" user="rikmede"/>
</old>
<new>
  <node id="9994951392" lat="46.2750928" lon="12.3328095" version="2" timestamp="2026-10-01T09:42:58Z" changeset="189812875" uid="188429" user="gpstracks"/>
</new>
</action>
<action type="modify">
<old>
  <node id="9994951393" lat="46.2750280" lon="12.3325959" version="1" timestamp="2022-09-02T12:45:58Z" changeset="125697742" uid="2360444" user="rikmede"/>
</old>
<new>
  <node id="9994951393" lat="46.2750543" lon="12.3325823" version="2" timestamp="2026-10-01T09:42:58Z" changeset="189812875" uid="188429" user="gpstracks"/>
</new>
</action>
<action type="modify">
<old>
  <node id="9994951395" lat="46.2750465" lon="12.3323247" version="1" timestamp="2022-09-02T12:45:58Z" changeset="125697742" uid="2360444" user="rikmede"/>
</old>
<new>
  <node id="9994951395" lat="46.2750724" lon="12.3323158" version="2" timestamp="2026-10-01T09:42:58Z" changeset="189812875" uid="188429" user="gpstracks"/>
</new>
</action>
<action type="modify">
<old>
  <node id="11236558918" lat="46.2865693" lon="12.3513278" version="1" timestamp="2023-10-03T16:04:53Z" changeset="142108015" uid="3217726" user="maicolgalante"/>
</old>
<new>
  <node id="11236558918" lat="46.2866030" lon="12.3514110" version="2" timestamp="2026-10-01T09:42:58Z" changeset="189812875" uid="188429" user="gpstracks"/>
</new>
</action>
<action type="modify">
<old>
  <node id="11236558920" lat="46.2865202" lon="12.3524144" version="1" timestamp="2023-10-03T16:04:53Z" changeset="142108015" uid="3217726" user="maicolgalante"/>
</old>
<new>
  <node id="11236558920" lat="46.2865283" lon="12.3523963" version="2" timestamp="2026-10-01T09:42:58Z" changeset="189812875" uid="188429" user="gpstracks"/>
</new>
</action>
<action type="modify">
<old>
  <node id="11236558921" lat="46.2868599" lon="12.3518096" version="1" timestamp="2023-10-03T16:04:53Z" changeset="142108015" uid="3217726" user="maicolgalante"/>
</old>
<new>
  <node id="11236558921" lat="46.2868263" lon="12.3517501" version="2" timestamp="2026-10-01T09:42:58Z" changeset="189812875" uid="188429" user="gpstracks"/>
</new>
</action>
<action type="create">
  <node id="11687736332" lat="46.4357489" lon="13.4338835" version="1" timestamp="2024-03-03T14:01:25Z" changeset="148167045" uid="16531246" user="mk2k22"/>
</action>
<action type="modify">
<old>
  <node id="12807076561" lat="45.6544676" lon="13.7978320" version="1" timestamp="2025-05-03T23:10:55Z" changeset="165779814" uid="12294600" user="alessandrocarmeli">
    <tag k="highway" v="crossing"/>
    <tag k="crossing:markings" v="yes"/>
    <tag k="crossing" v="uncontrolled"/>
  </node>
</old>
<new>
  <node id="12807076561" lat="45.6544676" lon="13.7978320" version="3" timestamp="2026-10-01T13:44:10Z" changeset="189825085" uid="24614003" user="simonedeiana">
    <tag k="crossing" v="uncontrolled"/>
    <tag k="crossing:island" v="no"/>
    <tag k="crossing:markings" v="yes"/>
    <tag k="highway" v="crossing"/>
    <tag k="tactile_paving" v="no"/>
  </node>
</new>
</action>
<action type="create">
  <node id="13683405034" lat="46.4355301" lon="13.4350807" version="1" timestamp="2026-03-26T21:15:23Z" changeset="180476020" uid="2842498" user="Igorzo"/>
</action>
<action type="create">
  <node id="13683405035" lat="46.4355839" lon="13.4348473" version="1" timestamp="2026-03-26T21:15:23Z" changeset="180476020" uid="2842498" user="Igorzo"/>
</action>
<action type="create">
  <node id="13893647404" lat="46.4355602" lon="13.4350150" version="1" timestamp="2026-05-29T11:39:56Z" changeset="183350846" uid="2842498" user="Igorzo"/>
</action>
<action type="create">
  <node id="13893647407" lat="46.4346536" lon="13.4383185" version="1" timestamp="2026-05-29T11:39:56Z" changeset="183350846" uid="2842498" user="Igorzo"/>
</action>
<action type="create">
  <node id="13893647408" lat="46.4346501" lon="13.4379670" version="1" timestamp="2026-05-29T11:39:56Z" changeset="183350846" uid="2842498" user="Igorzo"/>
</action>
<action type="create">
  <node id="13893687685" lat="46.4317564" lon="13.4366512" version="1" timestamp="2026-05-29T11:44:02Z" changeset="183351053" uid="2842498" user="Igorzo"/>
</action>
<action type="create">
  <node id="13893687686" lat="46.4317600" lon="13.4368081" version="1" timestamp="2026-05-29T11:44:02Z" changeset="183351053" uid="2842498" user="Igorzo"/>
</action>
<action type="create">
  <node id="13893780304" lat="46.4317740" lon="13.4370275" version="1" timestamp="2026-05-29T12:45:36Z" changeset="183354007" uid="2842498" user="Igorzo"/>
</action>
<action type="create">
  <node id="13893780305" lat="46.4317745" lon="13.4371056" version="1" timestamp="2026-05-29T12:45:36Z" changeset="183354007" uid="2842498" user="Igorzo"/>
</action>
<action type="create">
  <node id="13893780306" lat="46.4320077" lon="13.4372131" version="1" timestamp="2026-05-29T12:45:36Z" changeset="183354007" uid="2842498" user="Igorzo"/>
</action>
<action type="create">
  <node id="13893789115" lat="46.4343931" lon="13.4391159" version="1" timestamp="2026-05-29T12:47:42Z" changeset="183354075" uid="2842498" user="Igorzo"/>
</action>
<action type="create">
  <node id="14237631599" lat="46.4338887" lon="13.4396388" version="1" timestamp="2026-10-01T04:02:11Z" changeset="189801744" uid="3538539" user="micheleOSM3"/>
</action>
<action type="create">
  <node id="14237631600" lat="46.4339018" lon="13.4396156" version="1" timestamp="2026-10-01T04:02:11Z" changeset="189801744" uid="3538539" user="micheleOSM3"/>
</action>
<action type="create">
  <node id="14237653201" lat="46.4341345" lon="13.4394242" version="1" timestamp="2026-10-01T04:02:11Z" changeset="189801744" uid="3538539" user="micheleOSM3"/>
</action>
<action type="create">
  <node id="14237653202" lat="46.4341174" lon="13.4395080" version="1" timestamp="2026-10-01T04:02:11Z" changeset="189801744" uid="3538539" user="micheleOSM3"/>
</action>
<action type="create">
  <node id="14237653203" lat="46.4338434" lon="13.4397246" version="1" timestamp="2026-10-01T04:02:11Z" changeset="189801744" uid="3538539" user="micheleOSM3"/>
</action>
<action type="create">
  <node id="14238574346" lat="46.2838727" lon="12.3378551" version="1" timestamp="2026-10-01T09:42:58Z" changeset="189812875" uid="188429" user="gpstracks"/>
</action>
<action type="create">
  <node id="14238574347" lat="46.2839107" lon="12.3379589" version="1" timestamp="2026-10-01T09:42:58Z" changeset="189812875" uid="188429" user="gpstracks"/>
</action>
<action type="create">
  <node id="14238574348" lat="46.2839158" lon="12.3379116" version="1" timestamp="2026-10-01T09:42:58Z" changeset="189812875" uid="188429" user="gpstracks"/>
</action>
<action type="create">
  <node id="14238574349" lat="46.2839114" lon="12.3378835" version="1" timestamp="2026-10-01T09:42:58Z" changeset="189812875" uid="188429" user="gpstracks"/>
</action>
<action type="create">
  <node id="14238574350" lat="46.2838967" lon="12.3378772" version="1" timestamp="2026-10-01T09:42:58Z" changeset="189812875" uid="188429" user="gpstracks"/>
</action>
<action type="create">
  <node id="14238574351" lat="46.2838892" lon="12.3378963" version="1" timestamp="2026-10-01T09:42:58Z" changeset="189812875" uid="188429" user="gpstracks"/>
</action>
<action type="create">
  <node id="14238574352" lat="46.2759086" lon="12.3304255" version="1" timestamp="2026-10-01T09:42:58Z" changeset="189812875" uid="188429" user="gpstracks"/>
</action>
<action type="create">
  <node id="14238574353" lat="46.2757995" lon="12.3309722" version="1" timestamp="2026-10-01T09:42:58Z" changeset="189812875" uid="188429" user="gpstracks"/>
</action>
<action type="create">
  <node id="14238574354" lat="46.2738681" lon="12.3312464" version="1" timestamp="2026-10-01T09:42:58Z" changeset="189812875" uid="188429" user="gpstracks"/>
</action>
<action type="create">
  <node id="14238574355" lat="46.2737156" lon="12.3313960" version="1" timestamp="2026-10-01T09:42:58Z" changeset="189812875" uid="188429" user="gpstracks"/>
</action>
<action type="create">
  <node id="14238574356" lat="46.2736828" lon="12.3314474" version="1" timestamp="2026-10-01T09:42:58Z" changeset="189812875" uid="188429" user="gpstracks"/>
</action>
<action type="create">
  <node id="14238574376" lat="46.2723493" lon="12.3428582" version="1" timestamp="2026-10-01T09:42:58Z" changeset="189812875" uid="188429" user="gpstracks"/>
</action>
<action type="create">
  <node id="14238574377" lat="46.2753073" lon="12.3597767" version="1" timestamp="2026-10-01T09:42:58Z" changeset="189812875" uid="188429" user="gpstracks"/>
</action>
<action type="create">
  <node id="14238574381" lat="46.2776421" lon="12.3631576" version="1" timestamp="2026-10-01T09:42:58Z" changeset="189812875" uid="188429" user="gpstracks"/>
</action>
<action type="create">
  <node id="14238574382" lat="46.2775941" lon="12.3633019" version="1" timestamp="2026-10-01T09:42:58Z" changeset="189812875" uid="188429" user="gpstracks"/>
</action>
<action type="create">
  <node id="14238574383" lat="46.2775815" lon="12.3633079" version="1" timestamp="2026-10-01T09:42:58Z" changeset="189812875" uid="188429" user="gpstracks"/>
</action>
<action type="create">
  <node id="14238574384" lat="46.2775586" lon="12.3633245" version="1" timestamp="2026-10-01T09:42:58Z" changeset="189812875" uid="188429" user="gpstracks"/>
</action>
<action type="create">
  <node id="14238574385" lat="46.2775398" lon="12.3633472" version="1" timestamp="2026-10-01T09:42:58Z" changeset="189812875" uid="188429" user="gpstracks"/>
</action>
<action type="create">
  <node id="14238574386" lat="46.2775283" lon="12.3633547" version="1" timestamp="2026-10-01T09:42:58Z" changeset="189812875" uid="188429" user="gpstracks"/>
</action>
<action type="create">
  <node id="14238574387" lat="46.2775074" lon="12.3633804" version="1" timestamp="2026-10-01T09:42:58Z" changeset="189812875" uid="188429" user="gpstracks"/>
</action>
<action type="create">
  <node id="14238574388" lat="46.2774991" lon="12.3633955" version="1" timestamp="2026-10-01T09:42:58Z" changeset="189812875" uid="188429" user="gpstracks"/>
</action>
<action type="create">
  <node id="14238574389" lat="46.2774855" lon="12.3634347" version="1" timestamp="2026-10-01T09:42:58Z" changeset="189812875" uid="188429" user="gpstracks"/>
</action>
<action type="create">
  <node id="14238574390" lat="46.2774803" lon="12.3634725" version="1" timestamp="2026-10-01T09:42:58Z" changeset="189812875" uid="188429" user="gpstracks"/>
</action>
<action type="create">
  <node id="14238574391" lat="46.2774605" lon="12.3635404" version="1" timestamp="2026-10-01T09:42:58Z" changeset="189812875" uid="188429" user="gpstracks"/>
</action>
<action type="create">
  <node id="14238574392" lat="46.2774375" lon="12.3635646" version="1" timestamp="2026-10-01T09:42:58Z" changeset="189812875" uid="188429" user="gpstracks"/>
</action>
<action type="create">
  <node id="14238574393" lat="46.2774109" lon="12.3635850" version="1" timestamp="2026-10-01T09:42:58Z" changeset="189812875" uid="188429" user="gpstracks"/>
</action>
<action type="create">
  <node id="14238574394" lat="46.2773864" lon="12.3635925" version="1" timestamp="2026-10-01T09:42:58Z" changeset="189812875" uid="188429" user="gpstracks"/>
</action>
<action type="create">
  <node id="14238574395" lat="46.2773582" lon="12.3636008" version="1" timestamp="2026-10-01T09:42:58Z" changeset="189812875" uid="188429" user="gpstracks"/>
</action>
<action type="create">
  <node id="14238574396" lat="46.2773222" lon="12.3636167" version="1" timestamp="2026-10-01T09:42:58Z" changeset="189812875" uid="188429" user="gpstracks"/>
</action>
<action type="create">
  <node id="14238574397" lat="46.2772857" lon="12.3636212" version="1" timestamp="2026-10-01T09:42:58Z" changeset="189812875" uid="188429" user="gpstracks"/>
</action>
<action type="create">
  <node id="14238574398" lat="46.2772627" lon="12.3636182" version="1" timestamp="2026-10-01T09:42:58Z" changeset="189812875" uid="188429" user="gpstracks"/>
</action>
<action type="create">
  <node id="14238574399" lat="46.2772423" lon="12.3636175" version="1" timestamp="2026-10-01T09:42:58Z" changeset="189812875" uid="188429" user="gpstracks"/>
</action>
<action type="create">
  <node id="14238574400" lat="46.2772272" lon="12.3636107" version="1" timestamp="2026-10-01T09:42:58Z" changeset="189812875" uid="188429" user="gpstracks"/>
</action>
<action type="create">
  <node id="14238574401" lat="46.2772100" lon="12.3635941" version="1" timestamp="2026-10-01T09:42:58Z" changeset="189812875" uid="188429" user="gpstracks"/>
</action>
<action type="create">
  <node id="14238574402" lat="46.2771876" lon="12.3635790" version="1" timestamp="2026-10-01T09:42:58Z" changeset="189812875" uid="188429" user="gpstracks"/>
</action>
<action type="create">
  <node id="14238574403" lat="46.2771735" lon="12.3635623" version="1" timestamp="2026-10-01T09:42:58Z" changeset="189812875" uid="188429" user="gpstracks"/>
</action>
<action type="create">
  <node id="14238574404" lat="46.2771589" lon="12.3635178" version="1" timestamp="2026-10-01T09:42:58Z" changeset="189812875" uid="188429" user="gpstracks"/>
</action>
<action type="create">
  <node id="14238574405" lat="46.2771463" lon="12.3634861" version="1" timestamp="2026-10-01T09:42:58Z" changeset="189812875" uid="188429" user="gpstracks"/>
</action>
<action type="create">
  <node id="14238574406" lat="46.2771369" lon="12.3634559" version="1" timestamp="2026-10-01T09:42:58Z" changeset="189812875" uid="188429" user="gpstracks"/>
</action>
<action type="create">
  <node id="14238574407" lat="46.2771202" lon="12.3634302" version="1" timestamp="2026-10-01T09:42:58Z" changeset="189812875" uid="188429" user="gpstracks"/>
</action>
<action type="create">
  <node id="14238574408" lat="46.2771098" lon="12.3634227" version="1" timestamp="2026-10-01T09:42:58Z" changeset="189812875" uid="188429" user="gpstracks"/>
</action>
<action type="create">
  <node id="14238574409" lat="46.2770973" lon="12.3634166" version="1" timestamp="2026-10-01T09:42:58Z" changeset="189812875" uid="188429" user="gpstracks"/>
</action>
<action type="create">
  <node id="14238574410" lat="46.2770420" lon="12.3633698" version="1" timestamp="2026-10-01T09:42:58Z" changeset="189812875" uid="188429" user="gpstracks"/>
</action>
<action type="create">
  <node id="14238574411" lat="46.2769877" lon="12.3632958" version="1" timestamp="2026-10-01T09:42:58Z" changeset="189812875" uid="188429" user="gpstracks"/>
</action>
<action type="create">
  <node id="14238574412" lat="46.2769564" lon="12.3632369" version="1" timestamp="2026-10-01T09:42:58Z" changeset="189812875" uid="188429" user="gpstracks"/>
</action>
<action type="create">
  <node id="14238574413" lat="46.2769397" lon="12.3632128" version="1" timestamp="2026-10-01T09:42:58Z" changeset="189812875" uid="188429" user="gpstracks"/>
</action>
<action type="create">
  <node id="14238574414" lat="46.2769157" lon="12.3631992" version="1" timestamp="2026-10-01T09:42:58Z" changeset="189812875" uid="188429" user="gpstracks"/>
</action>
<action type="create">
  <node id="14238574415" lat="46.2768729" lon="12.3631644" version="1" timestamp="2026-10-01T09:42:58Z" changeset="189812875" uid="188429" user="gpstracks"/>
</action>
<action type="create">
  <node id="14238574416" lat="46.2768050" lon="12.3630648" version="1" timestamp="2026-10-01T09:42:58Z" changeset="189812875" uid="188429" user="gpstracks"/>
</action>
<action type="create">
  <node id="14238574417" lat="46.2767852" lon="12.3630421" version="1" timestamp="2026-10-01T09:42:58Z" changeset="189812875" uid="188429" user="gpstracks"/>
</action>
<action type="create">
  <node id="14238574418" lat="46.2767226" lon="12.3630029" version="1" timestamp="2026-10-01T09:42:58Z" changeset="189812875" uid="188429" user="gpstracks"/>
</action>
<action type="create">
  <node id="14238574419" lat="46.2766787" lon="12.3629923" version="1" timestamp="2026-10-01T09:42:58Z" changeset="189812875" uid="188429" user="gpstracks"/>
</action>
<action type="create">
  <node id="14238574420" lat="46.2766380" lon="12.3629923" version="1" timestamp="2026-10-01T09:42:58Z" changeset="189812875" uid="188429" user="gpstracks"/>
</action>
<action type="create">
  <node id="14238574421" lat="46.2766120" lon="12.3629983" version="1" timestamp="2026-10-01T09:42:58Z" changeset="189812875" uid="188429" user="gpstracks"/>
</action>
<action type="create">
  <node id="14238574422" lat="46.2765994" lon="12.3630029" version="1" timestamp="2026-10-01T09:42:58Z" changeset="189812875" uid="188429" user="gpstracks"/>
</action>
<action type="create">
  <node id="14238574423" lat="46.2765754" lon="12.3630195" version="1" timestamp="2026-10-01T09:42:58Z" changeset="189812875" uid="188429" user="gpstracks"/>
</action>
<action type="create">
  <node id="14238574424" lat="46.2765525" lon="12.3630406" version="1" timestamp="2026-10-01T09:42:58Z" changeset="189812875" uid="188429" user="gpstracks"/>
</action>
<action type="create">
  <node id="14238574425" lat="46.2765264" lon="12.3630603" version="1" timestamp="2026-10-01T09:42:58Z" changeset="189812875" uid="188429" user="gpstracks"/>
</action>
<action type="create">
  <node id="14238574426" lat="46.2765118" lon="12.3630663" version="1" timestamp="2026-10-01T09:42:58Z" changeset="189812875" uid="188429" user="gpstracks"/>
</action>
<action type="create">
  <node id="14238574427" lat="46.2764747" lon="12.3630655" version="1" timestamp="2026-10-01T09:42:58Z" changeset="189812875" uid="188429" user="gpstracks"/>
</action>
<action type="create">
  <node id="14238574428" lat="46.2764481" lon="12.3630436" version="1" timestamp="2026-10-01T09:42:58Z" changeset="189812875" uid="188429" user="gpstracks"/>
</action>
<action type="create">
  <node id="14238574429" lat="46.2764387" lon="12.3630331" version="1" timestamp="2026-10-01T09:42:58Z" changeset="189812875" uid="188429" user="gpstracks"/>
</action>
<action type="create">
  <node id="14238574430" lat="46.2764236" lon="12.3630014" version="1" timestamp="2026-10-01T09:42:58Z" changeset="189812875" uid="188429" user="gpstracks"/>
</action>
<action type="create">
  <node id="14238574431" lat="46.2763949" lon="12.3629470" version="1" timestamp="2026-10-01T09:42:58Z" changeset="189812875" uid="188429" user="gpstracks"/>
</action>
<action type="create">
  <node id="14238574432" lat="46.2763834" lon="12.3629379" version="1" timestamp="2026-10-01T09:42:58Z" changeset="189812875" uid="188429" user="gpstracks"/>
</action>
<action type="create">
  <node id="14238574433" lat="46.2763709" lon="12.3629334" version="1" timestamp="2026-10-01T09:42:58Z" changeset="189812875" uid="188429" user="gpstracks"/>
</action>
<action type="create">
  <node id="14238574434" lat="46.2763312" lon="12.3629266" version="1" timestamp="2026-10-01T09:42:58Z" changeset="189812875" uid="188429" user="gpstracks"/>
</action>
<action type="create">
  <node id="14238574435" lat="46.2762863" lon="12.3629379" version="1" timestamp="2026-10-01T09:42:58Z" changeset="189812875" uid="188429" user="gpstracks"/>
</action>
<action type="create">
  <node id="14238574436" lat="46.2762498" lon="12.3629523" version="1" timestamp="2026-10-01T09:42:58Z" changeset="189812875" uid="188429" user="gpstracks"/>
</action>
<action type="create">
  <node id="14238574437" lat="46.2762315" lon="12.3630006" version="1" timestamp="2026-10-01T09:42:58Z" changeset="189812875" uid="188429" user="gpstracks"/>
</action>
<action type="create">
  <node id="14238574438" lat="46.2761966" lon="12.3630421" version="1" timestamp="2026-10-01T09:42:58Z" changeset="189812875" uid="188429" user="gpstracks"/>
</action>
<action type="create">
  <node id="14238574439" lat="46.2761371" lon="12.3630663" version="1" timestamp="2026-10-01T09:42:58Z" changeset="189812875" uid="188429" user="gpstracks"/>
</action>
<action type="create">
  <node id="14238574440" lat="46.2760974" lon="12.3630761" version="1" timestamp="2026-10-01T09:42:58Z" changeset="189812875" uid="188429" user="gpstracks"/>
</action>
<action type="create">
  <node id="14238574441" lat="46.2760473" lon="12.3631327" version="1" timestamp="2026-10-01T09:42:58Z" changeset="189812875" uid="188429" user="gpstracks"/>
</action>
<action type="create">
  <node id="14238574442" lat="46.2760202" lon="12.3631705" version="1" timestamp="2026-10-01T09:42:58Z" changeset="189812875" uid="188429" user="gpstracks"/>
</action>
<action type="create">
  <node id="14238574443" lat="46.2760108" lon="12.3632037" version="1" timestamp="2026-10-01T09:42:58Z" changeset="189812875" uid="188429" user="gpstracks"/>
</action>
<action type="create">
  <node id="14238574444" lat="46.2759836" lon="12.3632837" version="1" timestamp="2026-10-01T09:42:58Z" changeset="189812875" uid="188429" user="gpstracks"/>
</action>
<action type="create">
  <node id="14238574445" lat="46.2759753" lon="12.3632973" version="1" timestamp="2026-10-01T09:42:58Z" changeset="189812875" uid="188429" user="gpstracks"/>
</action>
<action type="create">
  <node id="14238574446" lat="46.2759638" lon="12.3633079" version="1" timestamp="2026-10-01T09:42:58Z" changeset="189812875" uid="188429" user="gpstracks"/>
</action>
<action type="create">
  <node id="14238574447" lat="46.2759466" lon="12.3633200" version="1" timestamp="2026-10-01T09:42:58Z" changeset="189812875" uid="188429" user="gpstracks"/>
</action>
<action type="create">
  <node id="14238574448" lat="46.2759194" lon="12.3633139" version="1" timestamp="2026-10-01T09:42:58Z" changeset="189812875" uid="188429" user="gpstracks"/>
</action>
<action type="create">
  <node id="14238574449" lat="46.2758939" lon="12.3632641" version="1" timestamp="2026-10-01T09:42:58Z" changeset="189812875" uid="188429" user="gpstracks"/>
</action>
<action type="create">
  <node id="14238574450" lat="46.2758208" lon="12.3631931" version="1" timestamp="2026-10-01T09:42:58Z" changeset="189812875" uid="188429" user="gpstracks"/>
</action>
<action type="create">
  <node id="14238574451" lat="46.2758104" lon="12.3631811" version="1" timestamp="2026-10-01T09:42:58Z" changeset="189812875" uid="188429" user="gpstracks"/>
</action>
<action type="create">
  <node id="14238574452" lat="46.2757937" lon="12.3631509" version="1" timestamp="2026-10-01T09:42:58Z" changeset="189812875" uid="188429" user="gpstracks"/>
</action>
<action type="create">
  <node id="14238574453" lat="46.2757848" lon="12.3631097" version="1" timestamp="2026-10-01T09:42:58Z" changeset="189812875" uid="188429" user="gpstracks"/>
</action>
<action type="create">
  <node id="14238574454" lat="46.2757616" lon="12.3630640" version="1" timestamp="2026-10-01T09:42:58Z" changeset="189812875" uid="188429" user="gpstracks"/>
</action>
<action type="create">
  <node id="14238574455" lat="46.2757444" lon="12.3630625" version="1" timestamp="2026-10-01T09:42:58Z" changeset="189812875" uid="188429" user="gpstracks"/>
</action>
<action type="create">
  <node id="14238574456" lat="46.2757201" lon="12.3630395" version="1" timestamp="2026-10-01T09:42:58Z" changeset="189812875" uid="188429" user="gpstracks"/>
</action>
<action type="create">
  <node id="14238574458" lat="46.2776630" lon="12.3632966" version="1" timestamp="2026-10-01T09:42:58Z" changeset="189812875" uid="188429" user="gpstracks"/>
</action>
<action type="create">
  <node id="14238574459" lat="46.2823458" lon="12.3579684" version="1" timestamp="2026-10-01T09:42:58Z" changeset="189812875" uid="188429" user="gpstracks"/>
</action>
<action type="create">
  <node id="14238574460" lat="46.2822753" lon="12.3567339" version="1" timestamp="2026-10-01T09:42:58Z" changeset="189812875" uid="188429" user="gpstracks"/>
</action>
<action type="create">
  <node id="14238574461" lat="46.2825185" lon="12.3568691" version="1" timestamp="2026-10-01T09:42:58Z" changeset="189812875" uid="188429" user="gpstracks"/>
</action>
<action type="create">
  <node id="14238574462" lat="46.2824893" lon="12.3568563" version="1" timestamp="2026-10-01T09:42:58Z" changeset="189812875" uid="188429" user="gpstracks"/>
</action>
<action type="create">
  <node id="14238574463" lat="46.2823974" lon="12.3567445" version="1" timestamp="2026-10-01T09:42:58Z" changeset="189812875" uid="188429" user="gpstracks"/>
</action>
<action type="create">
  <node id="14238574464" lat="46.2824266" lon="12.3567657" version="1" timestamp="2026-10-01T09:42:58Z" changeset="189812875" uid="188429" user="gpstracks"/>
</action>
<action type="create">
  <node id="14238574465" lat="46.2824324" lon="12.3568004" version="1" timestamp="2026-10-01T09:42:58Z" changeset="189812875" uid="188429" user="gpstracks"/>
</action>
<action type="create">
  <node id="14238574466" lat="46.2828717" lon="12.3565761" version="1" timestamp="2026-10-01T09:42:58Z" changeset="189812875" uid="188429" user="gpstracks"/>
</action>
<action type="create">
  <node id="14238574467" lat="46.2827590" lon="12.3566003" version="1" timestamp="2026-10-01T09:42:58Z" changeset="189812875" uid="188429" user="gpstracks"/>
</action>
<action type="create">
  <node id="14238574468" lat="46.2876945" lon="12.3585634" version="1" timestamp="2026-10-01T09:42:58Z" changeset="189812875" uid="188429" user="gpstracks"/>
</action>
<action type="create">
  <node id="14238574469" lat="46.2865158" lon="12.3537561" version="1" timestamp="2026-10-01T09:42:58Z" changeset="189812875" uid="188429" user="gpstracks"/>
</action>
<action type="create">
  <node id="14238574470" lat="46.2864652" lon="12.3535870" version="1" timestamp="2026-10-01T09:42:58Z" changeset="189812875" uid="188429" user="gpstracks"/>
</action>
<action type="create">
  <node id="14238574471" lat="46.2864715" lon="12.3535712" version="1" timestamp="2026-10-01T09:42:58Z" changeset="189812875" uid="188429" user="gpstracks"/>
</action>
<action type="create">
  <node id="14238574472" lat="46.2864970" lon="12.3535870" version="1" timestamp="2026-10-01T09:42:58Z" changeset="189812875" uid="188429" user="gpstracks"/>
</action>
<action type="create">
  <node id="14238574473" lat="46.2865513" lon="12.3536217" version="1" timestamp="2026-10-01T09:42:58Z" changeset="189812875" uid="188429" user="gpstracks"/>
</action>
<action type="create">
  <node id="14238574474" lat="46.2868320" lon="12.3533296" version="1" timestamp="2026-10-01T09:42:58Z" changeset="189812875" uid="188429" user="gpstracks"/>
</action>
<action type="create">
  <node id="14238574475" lat="46.2868868" lon="12.3533658" version="1" timestamp="2026-10-01T09:42:58Z" changeset="189812875" uid="188429" user="gpstracks"/>
</action>
<action type="create">
  <node id="14238574476" lat="46.2868670" lon="12.3531710" version="1" timestamp="2026-10-01T09:42:58Z" changeset="189812875" uid="188429" user="gpstracks"/>
</action>
<action type="create">
  <node id="14238574477" lat="46.2868696" lon="12.3531272" version="1" timestamp="2026-10-01T09:42:58Z" changeset="189812875" uid="188429" user="gpstracks"/>
</action>
<action type="create">
  <node id="14238574478" lat="46.2869228" lon="12.3531325" version="1" timestamp="2026-10-01T09:42:58Z" changeset="189812875" uid="188429" user="gpstracks"/>
</action>
<action type="create">
  <node id="14238574479" lat="46.2869995" lon="12.3532314" version="1" timestamp="2026-10-01T09:42:58Z" changeset="189812875" uid="188429" user="gpstracks"/>
</action>
<action type="create">
  <node id="14238574480" lat="46.2870449" lon="12.3532314" version="1" timestamp="2026-10-01T09:42:58Z" changeset="189812875" uid="188429" user="gpstracks"/>
</action>
<action type="create">
  <node id="14238574481" lat="46.2870381" lon="12.3531816" version="1" timestamp="2026-10-01T09:42:58Z" changeset="189812875" uid="188429" user="gpstracks"/>
</action>
<action type="create">
  <node id="14238574482" lat="46.2867830" lon="12.3525474" version="1" timestamp="2026-10-01T09:42:58Z" changeset="189812875" uid="188429" user="gpstracks"/>
</action>
<action type="create">
  <node id="14238574483" lat="46.2867339" lon="12.3525013" version="1" timestamp="2026-10-01T09:42:58Z" changeset="189812875" uid="188429" user="gpstracks"/>
</action>
<action type="create">
  <node id="14238574484" lat="46.2866995" lon="12.3524786" version="1" timestamp="2026-10-01T09:42:58Z" changeset="189812875" uid="188429" user="gpstracks"/>
</action>
<action type="create">
  <node id="14238574485" lat="46.2866713" lon="12.3524854" version="1" timestamp="2026-10-01T09:42:58Z" changeset="189812875" uid="188429" user="gpstracks"/>
</action>
<action type="create">
  <node id="14238574486" lat="46.2866369" lon="12.3524862" version="1" timestamp="2026-10-01T09:42:58Z" changeset="189812875" uid="188429" user="gpstracks"/>
</action>
<action type="create">
  <node id="14238574487" lat="46.2866358" lon="12.3524583" version="1" timestamp="2026-10-01T09:42:58Z" changeset="189812875" uid="188429" user="gpstracks"/>
</action>
<action type="create">
  <node id="14238574488" lat="46.2866223" lon="12.3524281" version="1" timestamp="2026-10-01T09:42:58Z" changeset="189812875" uid="188429" user="gpstracks"/>
</action>
<action type="create">
  <node id="14238574489" lat="46.2865868" lon="12.3524288" version="1" timestamp="2026-10-01T09:42:58Z" changeset="189812875" uid="188429" user="gpstracks"/>
</action>
<action type="create">
  <node id="14238574490" lat="46.2865894" lon="12.3523088" version="1" timestamp="2026-10-01T09:42:58Z" changeset="189812875" uid="188429" user="gpstracks"/>
</action>
<action type="create">
  <node id="14238574491" lat="46.2867391" lon="12.3522099" version="1" timestamp="2026-10-01T09:42:58Z" changeset="189812875" uid="188429" user="gpstracks"/>
</action>
<action type="create">
  <node id="14238574492" lat="46.2868456" lon="12.3522121" version="1" timestamp="2026-10-01T09:42:58Z" changeset="189812875" uid="188429" user="gpstracks"/>
</action>
<action type="create">
  <node id="14238574493" lat="46.2869249" lon="12.3522068" version="1" timestamp="2026-10-01T09:42:58Z" changeset="189812875" uid="188429" user="gpstracks"/>
</action>
<action type="create">
  <node id="14238574494" lat="46.2870219" lon="12.3522000" version="1" timestamp="2026-10-01T09:42:58Z" changeset="189812875" uid="188429" user="gpstracks"/>
</action>
<action type="create">
  <node id="14238574495" lat="46.2870094" lon="12.3521714" version="1" timestamp="2026-10-01T09:42:58Z" changeset="189812875" uid="188429" user="gpstracks"/>
</action>
<action type="create">
  <node id="14238574496" lat="46.2869186" lon="12.3519947" version="1" timestamp="2026-10-01T09:42:58Z" changeset="189812875" uid="188429" user="gpstracks"/>
</action>
<action type="create">
  <node id="14238574497" lat="46.2868951" lon="12.3519373" version="1" timestamp="2026-10-01T09:42:58Z" changeset="189812875" uid="188429" user="gpstracks"/>
</action>
<action type="create">
  <node id="14238574498" lat="46.2868784" lon="12.3518943" version="1" timestamp="2026-10-01T09:42:58Z" changeset="189812875" uid="188429" user="gpstracks"/>
</action>
<action type="create">
  <node id="14238574499" lat="46.2868435" lon="12.3518293" version="1" timestamp="2026-10-01T09:42:58Z" changeset="189812875" uid="188429" user="gpstracks"/>
</action>
<action type="create">
  <node id="14238574500" lat="46.2867965" lon="12.3512608" version="1" timestamp="2026-10-01T09:42:58Z" changeset="189812875" uid="188429" user="gpstracks"/>
</action>
<action type="create">
  <node id="14238574501" lat="46.2866400" lon="12.3514428" version="1" timestamp="2026-10-01T09:42:58Z" changeset="189812875" uid="188429" user="gpstracks"/>
</action>
<action type="create">
  <node id="14238574502" lat="46.2865899" lon="12.3513756" version="1" timestamp="2026-10-01T09:42:58Z" changeset="189812875" uid="188429" user="gpstracks"/>
</action>
<action type="create">
  <node id="14238574503" lat="46.2865920" lon="12.3513605" version="1" timestamp="2026-10-01T09:42:58Z" changeset="189812875" uid="188429" user="gpstracks"/>
</action>
<action type="create">
  <node id="14238574504" lat="46.2866009" lon="12.3513371" version="1" timestamp="2026-10-01T09:42:58Z" changeset="189812875" uid="188429" user="gpstracks"/>
</action>
<action type="create">
  <node id="14238574505" lat="46.2866259" lon="12.3513371" version="1" timestamp="2026-10-01T09:42:58Z" changeset="189812875" uid="188429" user="gpstracks"/>
</action>
<action type="create">
  <node id="14238574521" lat="46.2915057" lon="12.3493264" version="1" timestamp="2026-10-01T09:42:58Z" changeset="189812875" uid="188429" user="gpstracks"/>
</action>
<action type="create">
  <node id="14238574522" lat="46.2915406" lon="12.3493159" version="1" timestamp="2026-10-01T09:42:58Z" changeset="189812875" uid="188429" user="gpstracks"/>
</action>
<action type="create">
  <node id="14238574529" lat="46.2911350" lon="12.3501283" version="1" timestamp="2026-10-01T09:42:58Z" changeset="189812875" uid="188429" user="gpstracks"/>
</action>
<action type="create">
  <node id="14238574530" lat="46.2910893" lon="12.3500548" version="1" timestamp="2026-10-01T09:42:58Z" changeset="189812875" uid="188429" user="gpstracks"/>
</action>
<action type="create">
  <node id="14238574531" lat="46.2907054" lon="12.3507895" version="1" timestamp="2026-10-01T09:42:58Z" changeset="189812875" uid="188429" user="gpstracks"/>
</action>
<action type="create">
  <node id="14238574532" lat="46.2906358" lon="12.3510021" version="1" timestamp="2026-10-01T09:42:58Z" changeset="189812875" uid="188429" user="gpstracks"/>
</action>
<action type="create">
  <node id="14238574533" lat="46.2905361" lon="12.3512691" version="1" timestamp="2026-10-01T09:42:58Z" changeset="189812875" uid="188429" user="gpstracks"/>
</action>
<action type="create">
  <node id="14238574534" lat="46.2905636" lon="12.3511530" version="1" timestamp="2026-10-01T09:42:58Z" changeset="189812875" uid="188429" user="gpstracks"/>
</action>
<action type="create">
  <node id="14238574535" lat="46.2905991" lon="12.3510456" version="1" timestamp="2026-10-01T09:42:58Z" changeset="189812875" uid="188429" user="gpstracks"/>
</action>
<action type="create">
  <node id="14238574536" lat="46.2904051" lon="12.3516624" version="1" timestamp="2026-10-01T09:42:58Z" changeset="189812875" uid="188429" user="gpstracks"/>
</action>
<action type="create">
  <node id="14238574537" lat="46.2902227" lon="12.3522225" version="1" timestamp="2026-10-01T09:42:58Z" changeset="189812875" uid="188429" user="gpstracks"/>
</action>
<action type="create">
  <node id="14238574538" lat="46.2893963" lon="12.3532428" version="1" timestamp="2026-10-01T09:42:58Z" changeset="189812875" uid="188429" user="gpstracks"/>
</action>
<action type="create">
  <node id="14238574539" lat="46.2894034" lon="12.3532214" version="1" timestamp="2026-10-01T09:42:58Z" changeset="189812875" uid="188429" user="gpstracks"/>
</action>
<action type="create">
  <node id="14238574540" lat="46.2894989" lon="12.3526371" version="1" timestamp="2026-10-01T09:42:58Z" changeset="189812875" uid="188429" user="gpstracks"/>
</action>
<action type="create">
  <node id="14238574541" lat="46.2895553" lon="12.3525297" version="1" timestamp="2026-10-01T09:42:58Z" changeset="189812875" uid="188429" user="gpstracks"/>
</action>
<action type="create">
  <node id="14238574542" lat="46.2896203" lon="12.3522629" version="1" timestamp="2026-10-01T09:42:58Z" changeset="189812875" uid="188429" user="gpstracks"/>
</action>
<action type="create">
  <node id="14238574543" lat="46.2896188" lon="12.3522166" version="1" timestamp="2026-10-01T09:42:58Z" changeset="189812875" uid="188429" user="gpstracks"/>
</action>
<action type="create">
  <node id="14238574544" lat="46.2895660" lon="12.3522078" version="1" timestamp="2026-10-01T09:42:58Z" changeset="189812875" uid="188429" user="gpstracks"/>
</action>
<action type="create">
  <node id="14238574545" lat="46.2895690" lon="12.3521747" version="1" timestamp="2026-10-01T09:42:58Z" changeset="189812875" uid="188429" user="gpstracks"/>
</action>
<action type="create">
  <node id="14238574546" lat="46.2895695" lon="12.3521130" version="1" timestamp="2026-10-01T09:42:58Z" changeset="189812875" uid="188429" user="gpstracks"/>
</action>
<action type="create">
  <node id="14238574547" lat="46.2894928" lon="12.3516146" version="1" timestamp="2026-10-01T09:42:58Z" changeset="189812875" uid="188429" user="gpstracks"/>
</action>
<action type="create">
  <node id="14238574548" lat="46.2894664" lon="12.3515323" version="1" timestamp="2026-10-01T09:42:58Z" changeset="189812875" uid="188429" user="gpstracks"/>
</action>
<action type="create">
  <node id="14238574549" lat="46.2894354" lon="12.3514852" version="1" timestamp="2026-10-01T09:42:58Z" changeset="189812875" uid="188429" user="gpstracks"/>
</action>
<action type="create">
  <node id="14238574550" lat="46.2893526" lon="12.3515065" version="1" timestamp="2026-10-01T09:42:58Z" changeset="189812875" uid="188429" user="gpstracks"/>
</action>
<action type="create">
  <node id="14238574551" lat="46.2892323" lon="12.3516910" version="1" timestamp="2026-10-01T09:42:58Z" changeset="189812875" uid="188429" user="gpstracks"/>
</action>
<action type="create">
  <node id="14238574552" lat="46.2891596" lon="12.3519726" version="1" timestamp="2026-10-01T09:42:58Z" changeset="189812875" uid="188429" user="gpstracks"/>
</action>
<action type="create">
  <node id="14238574553" lat="46.2891236" lon="12.3520159" version="1" timestamp="2026-10-01T09:42:58Z" changeset="189812875" uid="188429" user="gpstracks"/>
</action>
<action type="create">
  <node id="14238574554" lat="46.2890189" lon="12.3521637" version="1" timestamp="2026-10-01T09:42:58Z" changeset="189812875" uid="188429" user="gpstracks"/>
</action>
<action type="create">
  <node id="14238574555" lat="46.2889742" lon="12.3521615" version="1" timestamp="2026-10-01T09:42:58Z" changeset="189812875" uid="188429" user="gpstracks"/>
</action>
<action type="create">
  <node id="14238574556" lat="46.2889600" lon="12.3521703" version="1" timestamp="2026-10-01T09:42:58Z" changeset="189812875" uid="188429" user="gpstracks"/>
</action>
<action type="create">
  <node id="14238574557" lat="46.2889077" lon="12.3522578" version="1" timestamp="2026-10-01T09:42:58Z" changeset="189812875" uid="188429" user="gpstracks"/>
</action>
<action type="create">
  <node id="14238574558" lat="46.2853545" lon="12.3407264" version="1" timestamp="2026-10-01T09:42:58Z" changeset="189812875" uid="188429" user="gpstracks"/>
</action>
<action type="create">
  <node id="14238574559" lat="46.2853085" lon="12.3407178" version="1" timestamp="2026-10-01T09:42:58Z" changeset="189812875" uid="188429" user="gpstracks"/>
</action>
<action type="create">
  <node id="14238574560" lat="46.2844767" lon="12.3399514" version="1" timestamp="2026-10-01T09:42:58Z" changeset="189812875" uid="188429" user="gpstracks"/>
</action>
<action type="create">
  <node id="14238574561" lat="46.2844119" lon="12.3398941" version="1" timestamp="2026-10-01T09:42:58Z" changeset="189812875" uid="188429" user="gpstracks"/>
</action>
<action type="create">
  <node id="14238574562" lat="46.2842151" lon="12.3388121" version="1" timestamp="2026-10-01T09:42:58Z" changeset="189812875" uid="188429" user="gpstracks"/>
</action>
<action type="create">
  <node id="14238574563" lat="46.2842294" lon="12.3385831" version="1" timestamp="2026-10-01T09:42:58Z" changeset="189812875" uid="188429" user="gpstracks"/>
</action>
<action type="create">
  <node id="14238574564" lat="46.2842156" lon="12.3385559" version="1" timestamp="2026-10-01T09:42:58Z" changeset="189812875" uid="188429" user="gpstracks"/>
</action>
<action type="modify">
<old>
  <way id="34636301" version="11" timestamp="2022-10-19T12:52:37Z" changeset="127781569" uid="2360444" user="rikmede">
    <bounds minlat="46.2713873" minlon="12.3333925" maxlat="46.2736669" maxlon="12.3537554"/>
    <nd ref="402809074" lat="46.2715029" lon="12.3333925"/>
    <nd ref="9455747590" lat="46.2715324" lon="12.3335308"/>
    <nd ref="402809077" lat="46.2715773" lon="12.3336823"/>
    <nd ref="402809079" lat="46.2716369" lon="12.3338542"/>
    <nd ref="402809081" lat="46.2716591" lon="12.3339803"/>
    <nd ref="10114111911" lat="46.2717105" lon="12.3340404"/>
    <nd ref="10114111910" lat="46.2717644" lon="12.3341436"/>
    <nd ref="402809093" lat="46.2717855" lon="12.3342396"/>
    <nd ref="402809097" lat="46.2718028" lon="12.3343918"/>
    <nd ref="10114111909" lat="46.2718601" lon="12.3345319"/>
    <nd ref="10114111908" lat="46.2719361" lon="12.3346150"/>
    <nd ref="402809107" lat="46.2719784" lon="12.3346886"/>
    <nd ref="402809112" lat="46.2720526" lon="12.3347931"/>
    <nd ref="10114111907" lat="46.2720759" lon="12.3348533"/>
    <nd ref="402809115" lat="46.2720819" lon="12.3349363"/>
    <nd ref="402809120" lat="46.2720658" lon="12.3351425"/>
    <nd ref="402809127" lat="46.2720061" lon="12.3355666"/>
    <nd ref="402809132" lat="46.2719585" lon="12.3357377"/>
    <nd ref="402809138" lat="46.2719619" lon="12.3359673"/>
    <nd ref="10114111906" lat="46.2719607" lon="12.3360671"/>
    <nd ref="402809143" lat="46.2719792" lon="12.3361990"/>
    <nd ref="402809149" lat="46.2720237" lon="12.3363482"/>
    <nd ref="10114111905" lat="46.2720840" lon="12.3364769"/>
    <nd ref="10114111904" lat="46.2722038" lon="12.3367934"/>
    <nd ref="10114111903" lat="46.2722821" lon="12.3369746"/>
    <nd ref="402809165" lat="46.2723162" lon="12.3371047"/>
    <nd ref="402809172" lat="46.2724573" lon="12.3375895"/>
    <nd ref="402809175" lat="46.2725747" lon="12.3379221"/>
    <nd ref="402809177" lat="46.2726289" lon="12.3381559"/>
    <nd ref="402809182" lat="46.2726697" lon="12.3384474"/>
    <nd ref="402809187" lat="46.2726721" lon="12.3387095"/>
    <nd ref="10114111902" lat="46.2726842" lon="12.3387890"/>
    <nd ref="10114111901" lat="46.2727061" lon="12.3388232"/>
    <nd ref="402809194" lat="46.2727222" lon="12.3389428"/>
    <nd ref="402809198" lat="46.2727629" lon="12.3390770"/>
    <nd ref="402809206" lat="46.2727926" lon="12.3392102"/>
    <nd ref="402809214" lat="46.2728234" lon="12.3392784"/>
    <nd ref="402809222" lat="46.2728440" lon="12.3392495"/>
    <nd ref="402809237" lat="46.2728577" lon="12.3392003"/>
    <nd ref="402809262" lat="46.2729400" lon="12.3396263"/>
    <nd ref="402809268" lat="46.2729685" lon="12.3396960"/>
    <nd ref="402809276" lat="46.2730161" lon="12.3399437"/>
    <nd ref="402809281" lat="46.2730478" lon="12.3400506"/>
    <nd ref="402809285" lat="46.2730714" lon="12.3401914"/>
    <nd ref="402809295" lat="46.2730874" lon="12.3403472"/>
    <nd ref="402809299" lat="46.2730835" lon="12.3403925"/>
    <nd ref="10114111900" lat="46.2729790" lon="12.3404026"/>
    <nd ref="402809310" lat="46.2729129" lon="12.3404442"/>
    <nd ref="402809314" lat="46.2728547" lon="12.3404510"/>
    <nd ref="402809318" lat="46.2728069" lon="12.3404791"/>
    <nd ref="402809321" lat="46.2727748" lon="12.3405380"/>
    <nd ref="402809325" lat="46.2727304" lon="12.3405941"/>
    <nd ref="402809329" lat="46.2726768" lon="12.3406372"/>
    <nd ref="402809332" lat="46.2726387" lon="12.3406824"/>
    <nd ref="402809338" lat="46.2726184" lon="12.3407567"/>
    <nd ref="402809344" lat="46.2726237" lon="12.3408315"/>
    <nd ref="402809350" lat="46.2726393" lon="12.3408992"/>
    <nd ref="402809352" lat="46.2726764" lon="12.3409808"/>
    <nd ref="402809355" lat="46.2727249" lon="12.3410342"/>
    <nd ref="402809363" lat="46.2728740" lon="12.3411498"/>
    <nd ref="402809376" lat="46.2731099" lon="12.3413628"/>
    <nd ref="402809401" lat="46.2731582" lon="12.3414196"/>
    <nd ref="402809404" lat="46.2731878" lon="12.3414989"/>
    <nd ref="402809407" lat="46.2732008" lon="12.3415460"/>
    <nd ref="10114111899" lat="46.2732518" lon="12.3415538"/>
    <nd ref="402809418" lat="46.2735431" lon="12.3418478"/>
    <nd ref="402809426" lat="46.2736426" lon="12.3420179"/>
    <nd ref="402809437" lat="46.2736669" lon="12.3420637"/>
    <nd ref="2447398886" lat="46.2736606" lon="12.3420805"/>
    <nd ref="402809489" lat="46.2736493" lon="12.3421104"/>
    <nd ref="402809487" lat="46.2736305" lon="12.3421562"/>
    <nd ref="402809485" lat="46.2735845" lon="12.3421988"/>
    <nd ref="10114111898" lat="46.2735285" lon="12.3422204"/>
    <nd ref="10114111897" lat="46.2734671" lon="12.3423111"/>
    <nd ref="10114111896" lat="46.2733109" lon="12.3424197"/>
    <nd ref="10114111895" lat="46.2730961" lon="12.3425102"/>
    <nd ref="402809471" lat="46.2729218" lon="12.3425738"/>
    <nd ref="402809469" lat="46.2727811" lon="12.3425933"/>
    <nd ref="402809465" lat="46.2726948" lon="12.3426458"/>
    <nd ref="402809453" lat="46.2723916" lon="12.3428053"/>
    <nd ref="402809450" lat="46.2723094" lon="12.3428646"/>
    <nd ref="402809703" lat="46.2722804" lon="12.3428854"/>
    <nd ref="10114111894" lat="46.2722673" lon="12.3429852"/>
    <nd ref="402809706" lat="46.2722670" lon="12.3430622"/>
    <nd ref="402809710" lat="46.2722901" lon="12.3431116"/>
    <nd ref="10114111893" lat="46.2724175" lon="12.3432144"/>
    <nd ref="402809711" lat="46.2725038" lon="12.3432833"/>
    <nd ref="402809715" lat="46.2725855" lon="12.3434535"/>
    <nd ref="402809718" lat="46.2726364" lon="12.3436742"/>
    <nd ref="10114111892" lat="46.2726457" lon="12.3437565"/>
    <nd ref="402809722" lat="46.2726411" lon="12.3438301"/>
    <nd ref="10114111891" lat="46.2725806" lon="12.3440305"/>
    <nd ref="402809726" lat="46.2725722" lon="12.3440942"/>
    <nd ref="10114111890" lat="46.2725570" lon="12.3441823"/>
    <nd ref="10114111888" lat="46.2725607" lon="12.3442546"/>
    <nd ref="10114111889" lat="46.2725555" lon="12.3443426"/>
    <nd ref="402809729" lat="46.2725763" lon="12.3443874"/>
    <nd ref="10114111887" lat="46.2727097" lon="12.3444639"/>
    <nd ref="402809736" lat="46.2728148" lon="12.3446240"/>
    <nd ref="402809738" lat="46.2729286" lon="12.3447777"/>
    <nd ref="402809742" lat="46.2729741" lon="12.3449301"/>
    <nd ref="402809746" lat="46.2730299" lon="12.3452079"/>
    <nd ref="10114111886" lat="46.2730366" lon="12.3452968"/>
    <nd ref="402809749" lat="46.2730540" lon="12.3453546"/>
    <nd ref="10114111885" lat="46.2730553" lon="12.3454475"/>
    <nd ref="10114111884" lat="46.2729987" lon="12.3456286"/>
    <nd ref="402809754" lat="46.2729525" lon="12.3457580"/>
    <nd ref="402809758" lat="46.2728508" lon="12.3459068"/>
    <nd ref="402809763" lat="46.2727491" lon="12.3460403"/>
    <nd ref="402809768" lat="46.2725935" lon="12.3462181"/>
    <nd ref="402809774" lat="46.2725019" lon="12.3463838"/>
    <nd ref="402809781" lat="46.2724532" lon="12.3465235"/>
    <nd ref="10114111883" lat="46.2724259" lon="12.3466500"/>
    <nd ref="402809788" lat="46.2723994" lon="12.3467253"/>
    <nd ref="10114111882" lat="46.2723288" lon="12.3468273"/>
    <nd ref="402809799" lat="46.2721970" lon="12.3469299"/>
    <nd ref="10114111881" lat="46.2721291" lon="12.3469990"/>
    <nd ref="10114111880" lat="46.2720772" lon="12.3470692"/>
    <nd ref="402809809" lat="46.2720289" lon="12.3471828"/>
    <nd ref="402809823" lat="46.2719194" lon="12.3472781"/>
    <nd ref="402809833" lat="46.2718468" lon="12.3473349"/>
    <nd ref="10114111879" lat="46.2717890" lon="12.3473893"/>
    <nd ref="10114111878" lat="46.2717418" lon="12.3474621"/>
    <nd ref="402809840" lat="46.2716444" lon="12.3475618"/>
    <nd ref="402809849" lat="46.2715965" lon="12.3476376"/>
    <nd ref="402809853" lat="46.2715623" lon="12.3477139"/>
    <nd ref="10114111877" lat="46.2715253" lon="12.3478216"/>
    <nd ref="10114111876" lat="46.2714933" lon="12.3479833"/>
    <nd ref="402809865" lat="46.2714675" lon="12.3481077"/>
    <nd ref="10114111875" lat="46.2714391" lon="12.3482701"/>
    <nd ref="10114111874" lat="46.2714159" lon="12.3485802"/>
    <nd ref="402809872" lat="46.2714234" lon="12.3489478"/>
    <nd ref="10114111873" lat="46.2714346" lon="12.3492697"/>
    <nd ref="402809882" lat="46.2714350" lon="12.3493921"/>
    <nd ref="10114111872" lat="46.2714115" lon="12.3495302"/>
    <nd ref="402809889" lat="46.2713873" lon="12.3500216"/>
    <nd ref="402809891" lat="46.2714766" lon="12.3503769"/>
    <nd ref="402809896" lat="46.2714977" lon="12.3504793"/>
    <nd ref="402809904" lat="46.2715564" lon="12.3507886"/>
    <nd ref="402809910" lat="46.2715623" lon="12.3508678"/>
    <nd ref="402809918" lat="46.2715417" lon="12.3509919"/>
    <nd ref="10114111871" lat="46.2715469" lon="12.3510915"/>
    <nd ref="10114111870" lat="46.2715289" lon="12.3512277"/>
    <nd ref="10114111869" lat="46.2715291" lon="12.3514051"/>
    <nd ref="402809924" lat="46.2715308" lon="12.3514924"/>
    <nd ref="10114111868" lat="46.2715116" lon="12.3516806"/>
    <nd ref="402809931" lat="46.2715227" lon="12.3519913"/>
    <nd ref="402809937" lat="46.2715345" lon="12.3520984"/>
    <nd ref="402809944" lat="46.2715375" lon="12.3521708"/>
    <nd ref="402809951" lat="46.2715261" lon="12.3522592"/>
    <nd ref="10114111867" lat="46.2715040" lon="12.3523199"/>
    <nd ref="402809958" lat="46.2715227" lon="12.3524531"/>
    <nd ref="402809966" lat="46.2715944" lon="12.3526010"/>
    <nd ref="402809974" lat="46.2716836" lon="12.3527069"/>
    <nd ref="402809979" lat="46.2717770" lon="12.3527468"/>
    <nd ref="10114111866" lat="46.2718258" lon="12.3527965"/>
    <nd ref="10114111865" lat="46.2718740" lon="12.3528189"/>
    <nd ref="10114111864" lat="46.2719123" lon="12.3528743"/>
    <nd ref="402808192" lat="46.2719425" lon="12.3529452"/>
    <nd ref="10114111863" lat="46.2719596" lon="12.3530332"/>
    <nd ref="10114111862" lat="46.2719900" lon="12.3530908"/>
    <nd ref="402808159" lat="46.2719913" lon="12.3531635"/>
    <nd ref="402808151" lat="46.2720022" lon="12.3532107"/>
    <nd ref="402808144" lat="46.2720491" lon="12.3532666"/>
    <nd ref="402808140" lat="46.2720746" lon="12.3532850"/>
    <nd ref="10114111861" lat="46.2721098" lon="12.3532930"/>
    <nd ref="402808128" lat="46.2721467" lon="12.3533365"/>
    <nd ref="10114111860" lat="46.2721684" lon="12.3533969"/>
    <nd ref="10114111859" lat="46.2721958" lon="12.3534929"/>
    <nd ref="402808088" lat="46.2722389" lon="12.3535708"/>
    <nd ref="402808073" lat="46.2723299" lon="12.3536355"/>
    <nd ref="402809687" lat="46.2724259" lon="12.3537554"/>
    <tag k="highway" v="path"/>
    <tag k="sac_scale" v="mountain_hiking"/>
  </way>
</old>
<new>
  <way id="34636301" version="12" timestamp="2026-10-01T09:42:58Z" changeset="189812875" uid="188429" user="gpstracks">
    <bounds minlat="46.2713873" minlon="12.3333925" maxlat="46.2736669" maxlon="12.3537554"/>
    <nd ref="402809074" lat="46.2715029" lon="12.3333925"/>
    <nd ref="9455747590" lat="46.2715324" lon="12.3335308"/>
    <nd ref="402809077" lat="46.2715773" lon="12.3336823"/>
    <nd ref="402809079" lat="46.2716369" lon="12.3338542"/>
    <nd ref="402809081" lat="46.2716591" lon="12.3339803"/>
    <nd ref="10114111911" lat="46.2717105" lon="12.3340404"/>
    <nd ref="10114111910" lat="46.2717644" lon="12.3341436"/>
    <nd ref="402809093" lat="46.2717855" lon="12.3342396"/>
    <nd ref="402809097" lat="46.2718028" lon="12.3343918"/>
    <nd ref="10114111909" lat="46.2718601" lon="12.3345319"/>
    <nd ref="10114111908" lat="46.2719361" lon="12.3346150"/>
    <nd ref="402809107" lat="46.2719784" lon="12.3346886"/>
    <nd ref="402809112" lat="46.2720526" lon="12.3347931"/>
    <nd ref="10114111907" lat="46.2720759" lon="12.3348533"/>
    <nd ref="402809115" lat="46.2720819" lon="12.3349363"/>
    <nd ref="402809120" lat="46.2720658" lon="12.3351425"/>
    <nd ref="402809127" lat="46.2720061" lon="12.3355666"/>
    <nd ref="402809132" lat="46.2719585" lon="12.3357377"/>
    <nd ref="402809138" lat="46.2719619" lon="12.3359673"/>
    <nd ref="10114111906" lat="46.2719607" lon="12.3360671"/>
    <nd ref="402809143" lat="46.2719792" lon="12.3361990"/>
    <nd ref="402809149" lat="46.2720237" lon="12.3363482"/>
    <nd ref="10114111905" lat="46.2720840" lon="12.3364769"/>
    <nd ref="10114111904" lat="46.2722038" lon="12.3367934"/>
    <nd ref="10114111903" lat="46.2722821" lon="12.3369746"/>
    <nd ref="402809165" lat="46.2723162" lon="12.3371047"/>
    <nd ref="402809172" lat="46.2724573" lon="12.3375895"/>
    <nd ref="402809175" lat="46.2725747" lon="12.3379221"/>
    <nd ref="402809177" lat="46.2726289" lon="12.3381559"/>
    <nd ref="402809182" lat="46.2726697" lon="12.3384474"/>
    <nd ref="402809187" lat="46.2726721" lon="12.3387095"/>
    <nd ref="10114111902" lat="46.2726842" lon="12.3387890"/>
    <nd ref="10114111901" lat="46.2727061" lon="12.3388232"/>
    <nd ref="402809194" lat="46.2727222" lon="12.3389428"/>
    <nd ref="402809198" lat="46.2727629" lon="12.3390770"/>
    <nd ref="402809206" lat="46.2727926" lon="12.3392102"/>
    <nd ref="402809214" lat="46.2728234" lon="12.3392784"/>
    <nd ref="402809222" lat="46.2728440" lon="12.3392495"/>
    <nd ref="402809237" lat="46.2728577" lon="12.3392003"/>
    <nd ref="402809262" lat="46.2729400" lon="12.3396263"/>
    <nd ref="402809268" lat="46.2729685" lon="12.3396960"/>
    <nd ref="402809276" lat="46.2730161" lon="12.3399437"/>
    <nd ref="402809281" lat="46.2730478" lon="12.3400506"/>
    <nd ref="402809285" lat="46.2730714" lon="12.3401914"/>
    <nd ref="402809295" lat="46.2730874" lon="12.3403472"/>
    <nd ref="402809299" lat="46.2730835" lon="12.3403925"/>
    <nd ref="10114111900" lat="46.2729790" lon="12.3404026"/>
    <nd ref="402809310" lat="46.2729129" lon="12.3404442"/>
    <nd ref="402809314" lat="46.2728547" lon="12.3404510"/>
    <nd ref="402809318" lat="46.2728069" lon="12.3404791"/>
    <nd ref="402809321" lat="46.2727748" lon="12.3405380"/>
    <nd ref="402809325" lat="46.2727304" lon="12.3405941"/>
    <nd ref="402809329" lat="46.2726768" lon="12.3406372"/>
    <nd ref="402809332" lat="46.2726387" lon="12.3406824"/>
    <nd ref="402809338" lat="46.2726184" lon="12.3407567"/>
    <nd ref="402809344" lat="46.2726237" lon="12.3408315"/>
    <nd ref="402809350" lat="46.2726393" lon="12.3408992"/>
    <nd ref="402809352" lat="46.2726764" lon="12.3409808"/>
    <nd ref="402809355" lat="46.2727249" lon="12.3410342"/>
    <nd ref="402809363" lat="46.2728740" lon="12.3411498"/>
    <nd ref="402809376" lat="46.2731099" lon="12.3413628"/>
    <nd ref="402809401" lat="46.2731582" lon="12.3414196"/>
    <nd ref="402809404" lat="46.2731878" lon="12.3414989"/>
    <nd ref="402809407" lat="46.2732008" lon="12.3415460"/>
    <nd ref="10114111899" lat="46.2732518" lon="12.3415538"/>
    <nd ref="402809418" lat="46.2735431" lon="12.3418478"/>
    <nd ref="402809426" lat="46.2736426" lon="12.3420179"/>
    <nd ref="402809437" lat="46.2736669" lon="12.3420637"/>
    <nd ref="2447398886" lat="46.2736606" lon="12.3420805"/>
    <nd ref="402809489" lat="46.2736493" lon="12.3421104"/>
    <nd ref="402809487" lat="46.2736305" lon="12.3421562"/>
    <nd ref="402809485" lat="46.2735845" lon="12.3421988"/>
    <nd ref="10114111898" lat="46.2735285" lon="12.3422204"/>
    <nd ref="10114111897" lat="46.2734671" lon="12.3423111"/>
    <nd ref="10114111896" lat="46.2733109" lon="12.3424197"/>
    <nd ref="10114111895" lat="46.2730961" lon="12.3425102"/>
    <nd ref="402809471" lat="46.2729218" lon="12.3425738"/>
    <nd ref="402809469" lat="46.2727811" lon="12.3425933"/>
    <nd ref="402809465" lat="46.2726948" lon="12.3426458"/>
    <nd ref="402809453" lat="46.2723916" lon="12.3428053"/>
    <nd ref="14238574376" lat="46.2723493" lon="12.3428582"/>
    <nd ref="402809450" lat="46.2723094" lon="12.3428646"/>
    <nd ref="402809703" lat="46.2722804" lon="12.3428854"/>
    <nd ref="10114111894" lat="46.2722673" lon="12.3429852"/>
    <nd ref="402809706" lat="46.2722670" lon="12.3430622"/>
    <nd ref="402809710" lat="46.2722901" lon="12.3431116"/>
    <nd ref="10114111893" lat="46.2724175" lon="12.3432144"/>
    <nd ref="402809711" lat="46.2725038" lon="12.3432833"/>
    <nd ref="402809715" lat="46.2725855" lon="12.3434535"/>
    <nd ref="402809718" lat="46.2726364" lon="12.3436742"/>
    <nd ref="10114111892" lat="46.2726457" lon="12.3437565"/>
    <nd ref="402809722" lat="46.2726411" lon="12.3438301"/>
    <nd ref="10114111891" lat="46.2725806" lon="12.3440305"/>
    <nd ref="402809726" lat="46.2725722" lon="12.3440942"/>
    <nd ref="10114111890" lat="46.2725570" lon="12.3441823"/>
    <nd ref="10114111888" lat="46.2725607" lon="12.3442546"/>
    <nd ref="10114111889" lat="46.2725555" lon="12.3443426"/>
    <nd ref="402809729" lat="46.2725763" lon="12.3443874"/>
    <nd ref="10114111887" lat="46.2727097" lon="12.3444639"/>
    <nd ref="402809736" lat="46.2728148" lon="12.3446240"/>
    <nd ref="402809738" lat="46.2729286" lon="12.3447777"/>
    <nd ref="402809742" lat="46.2729741" lon="12.3449301"/>
    <nd ref="402809746" lat="46.2730299" lon="12.3452079"/>
    <nd ref="10114111886" lat="46.2730366" lon="12.3452968"/>
    <nd ref="402809749" lat="46.2730540" lon="12.3453546"/>
    <nd ref="10114111885" lat="46.2730553" lon="12.3454475"/>
    <nd ref="10114111884" lat="46.2729987" lon="12.3456286"/>
    <nd ref="402809754" lat="46.2729525" lon="12.3457580"/>
    <nd ref="402809758" lat="46.2728508" lon="12.3459068"/>
    <nd ref="402809763" lat="46.2727491" lon="12.3460403"/>
    <nd ref="402809768" lat="46.2725935" lon="12.3462181"/>
    <nd ref="402809774" lat="46.2725019" lon="12.3463838"/>
    <nd ref="402809781" lat="46.2724532" lon="12.3465235"/>
    <nd ref="10114111883" lat="46.2724259" lon="12.3466500"/>
    <nd ref="402809788" lat="46.2723994" lon="12.3467253"/>
    <nd ref="10114111882" lat="46.2723288" lon="12.3468273"/>
    <nd ref="402809799" lat="46.2721970" lon="12.3469299"/>
    <nd ref="10114111881" lat="46.2721291" lon="12.3469990"/>
    <nd ref="10114111880" lat="46.2720772" lon="12.3470692"/>
    <nd ref="402809809" lat="46.2720289" lon="12.3471828"/>
    <nd ref="402809823" lat="46.2719194" lon="12.3472781"/>
    <nd ref="402809833" lat="46.2718468" lon="12.3473349"/>
    <nd ref="10114111879" lat="46.2717890" lon="12.3473893"/>
    <nd ref="10114111878" lat="46.2717418" lon="12.3474621"/>
    <nd ref="402809840" lat="46.2716444" lon="12.3475618"/>
    <nd ref="402809849" lat="46.2715965" lon="12.3476376"/>
    <nd ref="402809853" lat="46.2715623" lon="12.3477139"/>
    <nd ref="10114111877" lat="46.2715253" lon="12.3478216"/>
    <nd ref="10114111876" lat="46.2714933" lon="12.3479833"/>
    <nd ref="402809865" lat="46.2714675" lon="12.3481077"/>
    <nd ref="10114111875" lat="46.2714391" lon="12.3482701"/>
    <nd ref="10114111874" lat="46.2714159" lon="12.3485802"/>
    <nd ref="402809872" lat="46.2714234" lon="12.3489478"/>
    <nd ref="10114111873" lat="46.2714346" lon="12.3492697"/>
    <nd ref="402809882" lat="46.2714350" lon="12.3493921"/>
    <nd ref="10114111872" lat="46.2714115" lon="12.3495302"/>
    <nd ref="402809889" lat="46.2713873" lon="12.3500216"/>
    <nd ref="402809891" lat="46.2714766" lon="12.3503769"/>
    <nd ref="402809896" lat="46.2714977" lon="12.3504793"/>
    <nd ref="402809904" lat="46.2715564" lon="12.3507886"/>
    <nd ref="402809910" lat="46.2715623" lon="12.3508678"/>
    <nd ref="402809918" lat="46.2715417" lon="12.3509919"/>
    <nd ref="10114111871" lat="46.2715469" lon="12.3510915"/>
    <nd ref="10114111870" lat="46.2715289" lon="12.3512277"/>
    <nd ref="10114111869" lat="46.2715291" lon="12.3514051"/>
    <nd ref="402809924" lat="46.2715308" lon="12.3514924"/>
    <nd ref="10114111868" lat="46.2715116" lon="12.3516806"/>
    <nd ref="402809931" lat="46.2715227" lon="12.3519913"/>
    <nd ref="402809937" lat="46.2715345" lon="12.3520984"/>
    <nd ref="402809944" lat="46.2715375" lon="12.3521708"/>
    <nd ref="402809951" lat="46.2715261" lon="12.3522592"/>
    <nd ref="10114111867" lat="46.2715040" lon="12.3523199"/>
    <nd ref="402809958" lat="46.2715227" lon="12.3524531"/>
    <nd ref="402809966" lat="46.2715944" lon="12.3526010"/>
    <nd ref="402809974" lat="46.2716836" lon="12.3527069"/>
    <nd ref="402809979" lat="46.2717770" lon="12.3527468"/>
    <nd ref="10114111866" lat="46.2718258" lon="12.3527965"/>
    <nd ref="10114111865" lat="46.2718740" lon="12.3528189"/>
    <nd ref="10114111864" lat="46.2719123" lon="12.3528743"/>
    <nd ref="402808192" lat="46.2719425" lon="12.3529452"/>
    <nd ref="10114111863" lat="46.2719596" lon="12.3530332"/>
    <nd ref="10114111862" lat="46.2719900" lon="12.3530908"/>
    <nd ref="402808159" lat="46.2719913" lon="12.3531635"/>
    <nd ref="402808151" lat="46.2720022" lon="12.3532107"/>
    <nd ref="402808144" lat="46.2720491" lon="12.3532666"/>
    <nd ref="402808140" lat="46.2720746" lon="12.3532850"/>
    <nd ref="10114111861" lat="46.2721098" lon="12.3532930"/>
    <nd ref="402808128" lat="46.2721467" lon="12.3533365"/>
    <nd ref="10114111860" lat="46.2721684" lon="12.3533969"/>
    <nd ref="10114111859" lat="46.2721958" lon="12.3534929"/>
    <nd ref="402808088" lat="46.2722389" lon="12.3535708"/>
    <nd ref="402808073" lat="46.2723299" lon="12.3536355"/>
    <nd ref="402809687" lat="46.2724259" lon="12.3537554"/>
    <tag k="highway" v="path"/>
    <tag k="sac_scale" v="mountain_hiking"/>
  </way>
</new>
</action>
<action type="modify">
<old>
  <way id="34638772" version="19" timestamp="2025-09-23T12:16:01Z" changeset="172341254" uid="10261027" user="JurijC">
    <bounds minlat="46.4163126" minlon="13.4469625" maxlat="46.4214716" maxlon="13.4524822"/>
    <nd ref="402902684" lat="46.4163126" lon="13.4471343"/>
    <nd ref="4960624884" lat="46.4163774" lon="13.4471035"/>
    <nd ref="402902690" lat="46.4166054" lon="13.4469949"/>
    <nd ref="402902694" lat="46.4168853" lon="13.4469979"/>
    <nd ref="402902698" lat="46.4171082" lon="13.4469625"/>
    <nd ref="3930568019" lat="46.4171184" lon="13.4469728"/>
    <nd ref="402902700" lat="46.4171210" lon="13.4469886"/>
    <nd ref="3930568018" lat="46.4171093" lon="13.4470326"/>
    <nd ref="402902704" lat="46.4169675" lon="13.4472473"/>
    <nd ref="402902707" lat="46.4168215" lon="13.4474174"/>
    <nd ref="402902709" lat="46.4167706" lon="13.4475306"/>
    <nd ref="402902714" lat="46.4167452" lon="13.4477694"/>
    <nd ref="402902718" lat="46.4167533" lon="13.4479960"/>
    <nd ref="402902734" lat="46.4166294" lon="13.4483604"/>
    <nd ref="402902736" lat="46.4166623" lon="13.4484684"/>
    <nd ref="402902738" lat="46.4167565" lon="13.4486481"/>
    <nd ref="402902743" lat="46.4169614" lon="13.4489069"/>
    <nd ref="402902744" lat="46.4171070" lon="13.4490224"/>
    <nd ref="402902750" lat="46.4171886" lon="13.4491708"/>
    <nd ref="402902757" lat="46.4174406" lon="13.4494493"/>
    <nd ref="402902760" lat="46.4174777" lon="13.4495267"/>
    <nd ref="402902768" lat="46.4176877" lon="13.4498318"/>
    <nd ref="402902771" lat="46.4177263" lon="13.4499245"/>
    <nd ref="402902774" lat="46.4177381" lon="13.4499725"/>
    <nd ref="12960813969" lat="46.4176927" lon="13.4501385"/>
    <nd ref="402902777" lat="46.4176516" lon="13.4502522"/>
    <nd ref="402902778" lat="46.4176237" lon="13.4503188"/>
    <nd ref="12960813966" lat="46.4175398" lon="13.4503882"/>
    <nd ref="402902783" lat="46.4175121" lon="13.4504212"/>
    <nd ref="12960813967" lat="46.4175057" lon="13.4504532"/>
    <nd ref="12960813968" lat="46.4175516" lon="13.4506160"/>
    <nd ref="12960813970" lat="46.4175925" lon="13.4508628"/>
    <nd ref="402902791" lat="46.4175969" lon="13.4509410"/>
    <nd ref="402902793" lat="46.4175961" lon="13.4510149"/>
    <nd ref="9249983903" lat="46.4175676" lon="13.4510636"/>
    <nd ref="9249983905" lat="46.4175750" lon="13.4511052"/>
    <nd ref="9249983904" lat="46.4175519" lon="13.4511387"/>
    <nd ref="402902798" lat="46.4175364" lon="13.4511738"/>
    <nd ref="13165067264" lat="46.4176215" lon="13.4512197"/>
    <nd ref="402902800" lat="46.4176653" lon="13.4512744"/>
    <nd ref="402902802" lat="46.4177490" lon="13.4512685"/>
    <nd ref="402902804" lat="46.4177984" lon="13.4512405"/>
    <nd ref="9249983906" lat="46.4178339" lon="13.4511951"/>
    <nd ref="402902807" lat="46.4178757" lon="13.4511289"/>
    <nd ref="402902809" lat="46.4179381" lon="13.4510741"/>
    <nd ref="12960813962" lat="46.4179889" lon="13.4510254"/>
    <nd ref="12960813961" lat="46.4180498" lon="13.4510365"/>
    <nd ref="9249983911" lat="46.4181409" lon="13.4510609"/>
    <nd ref="9249983907" lat="46.4182305" lon="13.4510596"/>
    <nd ref="9249983908" lat="46.4182610" lon="13.4510770"/>
    <nd ref="9249983910" lat="46.4182990" lon="13.4510650"/>
    <nd ref="9249983909" lat="46.4183470" lon="13.4510837"/>
    <nd ref="402902815" lat="46.4184461" lon="13.4510962"/>
    <nd ref="402902817" lat="46.4184608" lon="13.4511121"/>
    <nd ref="9249983912" lat="46.4183849" lon="13.4511977"/>
    <nd ref="9249983913" lat="46.4182990" lon="13.4512621"/>
    <nd ref="402902821" lat="46.4181343" lon="13.4514267"/>
    <nd ref="402902822" lat="46.4181253" lon="13.4514533"/>
    <nd ref="402902826" lat="46.4183474" lon="13.4515376"/>
    <nd ref="402902828" lat="46.4184037" lon="13.4515648"/>
    <nd ref="402902829" lat="46.4184652" lon="13.4516084"/>
    <nd ref="402902833" lat="46.4185444" lon="13.4516098"/>
    <nd ref="12960813959" lat="46.4186092" lon="13.4515623"/>
    <nd ref="12960813960" lat="46.4186609" lon="13.4515442"/>
    <nd ref="9250069417" lat="46.4187427" lon="13.4514941"/>
    <nd ref="9249983916" lat="46.4188463" lon="13.4514606"/>
    <nd ref="402902841" lat="46.4189461" lon="13.4513900"/>
    <nd ref="9250069418" lat="46.4190404" lon="13.4512447"/>
    <nd ref="9249983915" lat="46.4190848" lon="13.4512165"/>
    <nd ref="9249983914" lat="46.4191070" lon="13.4511803"/>
    <nd ref="402902847" lat="46.4191616" lon="13.4511159"/>
    <nd ref="9250069420" lat="46.4192346" lon="13.4510449"/>
    <nd ref="9250069419" lat="46.4192531" lon="13.4510422"/>
    <nd ref="402902850" lat="46.4193098" lon="13.4510036"/>
    <nd ref="8394691491" lat="46.4192762" lon="13.4511039"/>
    <nd ref="9250069423" lat="46.4192503" lon="13.4511884"/>
    <nd ref="8394691490" lat="46.4192382" lon="13.4512741"/>
    <nd ref="8394691489" lat="46.4192142" lon="13.4513627"/>
    <nd ref="402902856" lat="46.4191771" lon="13.4514628"/>
    <nd ref="9250069422" lat="46.4191310" lon="13.4515411"/>
    <nd ref="9250069424" lat="46.4190959" lon="13.4516054"/>
    <nd ref="9250069421" lat="46.4190793" lon="13.4516671"/>
    <nd ref="402902860" lat="46.4190205" lon="13.4517479"/>
    <nd ref="402902861" lat="46.4189247" lon="13.4518394"/>
    <nd ref="9250069427" lat="46.4189036" lon="13.4518965"/>
    <nd ref="402902863" lat="46.4189042" lon="13.4519473"/>
    <nd ref="9250069426" lat="46.4188777" lon="13.4519944"/>
    <nd ref="9250069425" lat="46.4188759" lon="13.4520319"/>
    <nd ref="9250069429" lat="46.4188472" lon="13.4520976"/>
    <nd ref="9250069428" lat="46.4187945" lon="13.4521861"/>
    <nd ref="402902867" lat="46.4187895" lon="13.4522246"/>
    <nd ref="402902869" lat="46.4188001" lon="13.4522688"/>
    <nd ref="9250069431" lat="46.4189554" lon="13.4521580"/>
    <nd ref="9250069430" lat="46.4190330" lon="13.4520923"/>
    <nd ref="402902875" lat="46.4191158" lon="13.4520448"/>
    <nd ref="402902879" lat="46.4192075" lon="13.4519262"/>
    <nd ref="9250069432" lat="46.4192586" lon="13.4518924"/>
    <nd ref="9250069433" lat="46.4193169" lon="13.4518763"/>
    <nd ref="9250069436" lat="46.4193917" lon="13.4518106"/>
    <nd ref="9250069434" lat="46.4194565" lon="13.4517798"/>
    <nd ref="9250069435" lat="46.4195230" lon="13.4517275"/>
    <nd ref="402902884" lat="46.4195730" lon="13.4517064"/>
    <nd ref="9250069437" lat="46.4196321" lon="13.4516913"/>
    <nd ref="402902885" lat="46.4196875" lon="13.4516476"/>
    <nd ref="9250069438" lat="46.4197373" lon="13.4516245"/>
    <nd ref="9250069442" lat="46.4197648" lon="13.4516188"/>
    <nd ref="9250069439" lat="46.4197870" lon="13.4515904"/>
    <nd ref="9250069441" lat="46.4198013" lon="13.4515622"/>
    <nd ref="9250069440" lat="46.4198156" lon="13.4515632"/>
    <nd ref="9250069446" lat="46.4198297" lon="13.4515588"/>
    <nd ref="9250069443" lat="46.4198570" lon="13.4515320"/>
    <nd ref="9250069444" lat="46.4199002" lon="13.4515132"/>
    <nd ref="9250069445" lat="46.4199252" lon="13.4515173"/>
    <nd ref="402902888" lat="46.4199745" lon="13.4514789"/>
    <nd ref="9250069447" lat="46.4200495" lon="13.4514106"/>
    <nd ref="402902889" lat="46.4201316" lon="13.4513491"/>
    <nd ref="9250069449" lat="46.4202136" lon="13.4512920"/>
    <nd ref="9250069448" lat="46.4202724" lon="13.4512722"/>
    <nd ref="402902890" lat="46.4203082" lon="13.4512413"/>
    <nd ref="402902891" lat="46.4203281" lon="13.4512064"/>
    <nd ref="9250069450" lat="46.4203773" lon="13.4511850"/>
    <nd ref="9250069452" lat="46.4204274" lon="13.4511696"/>
    <nd ref="9250069451" lat="46.4204637" lon="13.4511340"/>
    <nd ref="402902894" lat="46.4205158" lon="13.4511003"/>
    <nd ref="9250069453" lat="46.4205254" lon="13.4511092"/>
    <nd ref="402902895" lat="46.4205142" lon="13.4511334"/>
    <nd ref="8394691488" lat="46.4204919" lon="13.4511843"/>
    <nd ref="402902897" lat="46.4203788" lon="13.4514032"/>
    <nd ref="9250069455" lat="46.4203653" lon="13.4514432"/>
    <nd ref="9250069454" lat="46.4203264" lon="13.4514982"/>
    <nd ref="402902899" lat="46.4202925" lon="13.4515678"/>
    <nd ref="9250069456" lat="46.4202691" lon="13.4516336"/>
    <nd ref="9250069458" lat="46.4202659" lon="13.4516644"/>
    <nd ref="9250069457" lat="46.4202469" lon="13.4517107"/>
    <nd ref="402902900" lat="46.4202368" lon="13.4517650"/>
    <nd ref="9250069459" lat="46.4202021" lon="13.4518093"/>
    <nd ref="9250069460" lat="46.4201864" lon="13.4518589"/>
    <nd ref="402902901" lat="46.4201541" lon="13.4519633"/>
    <nd ref="9250069461" lat="46.4200851" lon="13.4520185"/>
    <nd ref="9250069464" lat="46.4200313" lon="13.4520815"/>
    <nd ref="9250069463" lat="46.4199867" lon="13.4521466"/>
    <nd ref="9250069462" lat="46.4199779" lon="13.4521915"/>
    <nd ref="9250069470" lat="46.4199566" lon="13.4522244"/>
    <nd ref="9250069468" lat="46.4199065" lon="13.4522793"/>
    <nd ref="9250069467" lat="46.4198778" lon="13.4523122"/>
    <nd ref="9250069469" lat="46.4198642" lon="13.4523420"/>
    <nd ref="9250069466" lat="46.4198226" lon="13.4524078"/>
    <nd ref="9250069465" lat="46.4197999" lon="13.4524393"/>
    <nd ref="402902909" lat="46.4197765" lon="13.4524637"/>
    <nd ref="9250069474" lat="46.4197791" lon="13.4524822"/>
    <nd ref="402902911" lat="46.4197935" lon="13.4524807"/>
    <nd ref="9250069473" lat="46.4198277" lon="13.4524617"/>
    <nd ref="9250069472" lat="46.4198522" lon="13.4524624"/>
    <nd ref="9250069471" lat="46.4198771" lon="13.4524409"/>
    <nd ref="402902915" lat="46.4198949" lon="13.4524346"/>
    <nd ref="9250069475" lat="46.4199312" lon="13.4524067"/>
    <nd ref="402902917" lat="46.4199675" lon="13.4523623"/>
    <nd ref="9250069476" lat="46.4200005" lon="13.4523444"/>
    <nd ref="9250069478" lat="46.4200172" lon="13.4523209"/>
    <nd ref="9250069477" lat="46.4200398" lon="13.4522954"/>
    <nd ref="9250069482" lat="46.4200727" lon="13.4522881"/>
    <nd ref="9250069481" lat="46.4201263" lon="13.4522612"/>
    <nd ref="9250069480" lat="46.4201517" lon="13.4522398"/>
    <nd ref="402902921" lat="46.4201782" lon="13.4522270"/>
    <nd ref="9250069479" lat="46.4202229" lon="13.4522042"/>
    <nd ref="9250069485" lat="46.4202659" lon="13.4521707"/>
    <nd ref="9250069483" lat="46.4202950" lon="13.4521439"/>
    <nd ref="9250069484" lat="46.4203172" lon="13.4521077"/>
    <nd ref="9250069490" lat="46.4203447" lon="13.4520815"/>
    <nd ref="9250069486" lat="46.4203768" lon="13.4520333"/>
    <nd ref="9250069489" lat="46.4204217" lon="13.4519947"/>
    <nd ref="9250069488" lat="46.4204452" lon="13.4519632"/>
    <nd ref="9250069487" lat="46.4204919" lon="13.4519474"/>
    <nd ref="402902928" lat="46.4205074" lon="13.4519213"/>
    <nd ref="9250069491" lat="46.4205488" lon="13.4518519"/>
    <nd ref="402902932" lat="46.4205657" lon="13.4517668"/>
    <nd ref="9250069492" lat="46.4205781" lon="13.4517429"/>
    <nd ref="9250069493" lat="46.4205994" lon="13.4517251"/>
    <nd ref="9250069495" lat="46.4206558" lon="13.4516829"/>
    <nd ref="9250069494" lat="46.4207052" lon="13.4516527"/>
    <nd ref="402902936" lat="46.4207543" lon="13.4516129"/>
    <nd ref="402902938" lat="46.4208024" lon="13.4515955"/>
    <nd ref="402902940" lat="46.4208058" lon="13.4516170"/>
    <nd ref="9250069496" lat="46.4207797" lon="13.4516507"/>
    <nd ref="9250069497" lat="46.4207670" lon="13.4516826"/>
    <nd ref="9250069498" lat="46.4207226" lon="13.4517295"/>
    <nd ref="402902944" lat="46.4207218" lon="13.4517536"/>
    <nd ref="402902946" lat="46.4207432" lon="13.4517570"/>
    <nd ref="402902950" lat="46.4208313" lon="13.4517018"/>
    <nd ref="9250069502" lat="46.4209306" lon="13.4516708"/>
    <nd ref="9250069500" lat="46.4209563" lon="13.4516785"/>
    <nd ref="9250069501" lat="46.4209814" lon="13.4516624"/>
    <nd ref="9250069499" lat="46.4210025" lon="13.4516457"/>
    <nd ref="402902954" lat="46.4210289" lon="13.4516417"/>
    <nd ref="9250069503" lat="46.4210854" lon="13.4516423"/>
    <nd ref="9250069508" lat="46.4211400" lon="13.4516557"/>
    <nd ref="9250069507" lat="46.4211779" lon="13.4516611"/>
    <nd ref="9250069506" lat="46.4211959" lon="13.4516735"/>
    <nd ref="9250069505" lat="46.4212218" lon="13.4516722"/>
    <nd ref="9250069504" lat="46.4212334" lon="13.4516836"/>
    <nd ref="402902960" lat="46.4212469" lon="13.4516882"/>
    <nd ref="9250069511" lat="46.4213193" lon="13.4516685"/>
    <nd ref="9250069510" lat="46.4213561" lon="13.4516671"/>
    <nd ref="9250069509" lat="46.4213739" lon="13.4516641"/>
    <nd ref="402902968" lat="46.4213912" lon="13.4516546"/>
    <nd ref="9250069512" lat="46.4214236" lon="13.4516410"/>
    <nd ref="402902970" lat="46.4214500" lon="13.4516059"/>
    <nd ref="9250069514" lat="46.4214571" lon="13.4516001"/>
    <nd ref="9250069515" lat="46.4214656" lon="13.4516024"/>
    <nd ref="402902972" lat="46.4214716" lon="13.4516247"/>
    <nd ref="9250069513" lat="46.4214682" lon="13.4516648"/>
    <nd ref="9250069517" lat="46.4214580" lon="13.4517054"/>
    <nd ref="9250069516" lat="46.4214566" lon="13.4517456"/>
    <nd ref="402902974" lat="46.4214495" lon="13.4517871"/>
    <nd ref="9250069519" lat="46.4214310" lon="13.4518136"/>
    <nd ref="9250069518" lat="46.4214210" lon="13.4518173"/>
    <nd ref="9250069522" lat="46.4214046" lon="13.4518318"/>
    <nd ref="9250069521" lat="46.4213903" lon="13.4518431"/>
    <nd ref="9250069520" lat="46.4213811" lon="13.4518696"/>
    <nd ref="9250069527" lat="46.4213633" lon="13.4518965"/>
    <nd ref="9250069523" lat="46.4213471" lon="13.4519156"/>
    <nd ref="9250069526" lat="46.4213328" lon="13.4519561"/>
    <nd ref="9250069525" lat="46.4213009" lon="13.4519796"/>
    <nd ref="9250069524" lat="46.4212774" lon="13.4519872"/>
    <nd ref="402902980" lat="46.4212282" lon="13.4519833"/>
    <nd ref="12960813957" lat="46.4212168" lon="13.4520020"/>
    <nd ref="12960813958" lat="46.4212213" lon="13.4520230"/>
    <nd ref="9250069528" lat="46.4213042" lon="13.4520474"/>
    <nd ref="9250069529" lat="46.4213651" lon="13.4520502"/>
    <tag k="bicycle" v="no"/>
    <tag k="horse" v="no"/>
    <tag k="highway" v="path"/>
    <tag k="sac_scale" v="mountain_hiking"/>
    <tag k="surface" v="ground"/>
    <tag k="trail_visibility" v="excellent"/>
  </way>
</old>
<new>
  <way id="34638772" version="20" timestamp="2026-10-01T04:02:11Z" changeset="189801744" uid="3538539" user="micheleOSM3">
    <bounds minlat="46.4163126" minlon="13.4469625" maxlat="46.4214716" maxlon="13.4524822"/>
    <nd ref="402902684" lat="46.4163126" lon="13.4471343"/>
    <nd ref="4960624884" lat="46.4163774" lon="13.4471035"/>
    <nd ref="402902690" lat="46.4166054" lon="13.4469949"/>
    <nd ref="402902694" lat="46.4168853" lon="13.4469979"/>
    <nd ref="402902698" lat="46.4171082" lon="13.4469625"/>
    <nd ref="3930568019" lat="46.4171184" lon="13.4469728"/>
    <nd ref="402902700" lat="46.4171210" lon="13.4469886"/>
    <nd ref="3930568018" lat="46.4171093" lon="13.4470326"/>
    <nd ref="402902704" lat="46.4169675" lon="13.4472473"/>
    <nd ref="402902707" lat="46.4168215" lon="13.4474174"/>
    <nd ref="402902709" lat="46.4167706" lon="13.4475306"/>
    <nd ref="402902714" lat="46.4167452" lon="13.4477694"/>
    <nd ref="402902718" lat="46.4167533" lon="13.4479960"/>
    <nd ref="402902734" lat="46.4166294" lon="13.4483604"/>
    <nd ref="402902736" lat="46.4166623" lon="13.4484684"/>
    <nd ref="402902738" lat="46.4167565" lon="13.4486481"/>
    <nd ref="402902743" lat="46.4169614" lon="13.4489069"/>
    <nd ref="402902744" lat="46.4171070" lon="13.4490224"/>
    <nd ref="402902750" lat="46.4171886" lon="13.4491708"/>
    <nd ref="402902757" lat="46.4174406" lon="13.4494493"/>
    <nd ref="402902760" lat="46.4174777" lon="13.4495267"/>
    <nd ref="402902768" lat="46.4176877" lon="13.4498318"/>
    <nd ref="402902771" lat="46.4177263" lon="13.4499245"/>
    <nd ref="402902774" lat="46.4177381" lon="13.4499725"/>
    <nd ref="12960813969" lat="46.4176927" lon="13.4501385"/>
    <nd ref="402902777" lat="46.4176516" lon="13.4502522"/>
    <nd ref="402902778" lat="46.4176237" lon="13.4503188"/>
    <nd ref="12960813966" lat="46.4175398" lon="13.4503882"/>
    <nd ref="402902783" lat="46.4175121" lon="13.4504212"/>
    <nd ref="12960813967" lat="46.4175057" lon="13.4504532"/>
    <nd ref="12960813968" lat="46.4175516" lon="13.4506160"/>
    <nd ref="12960813970" lat="46.4175925" lon="13.4508628"/>
    <nd ref="402902791" lat="46.4175969" lon="13.4509410"/>
    <nd ref="402902793" lat="46.4175961" lon="13.4510149"/>
    <nd ref="9249983903" lat="46.4175676" lon="13.4510636"/>
    <nd ref="9249983905" lat="46.4175750" lon="13.4511052"/>
    <nd ref="9249983904" lat="46.4175519" lon="13.4511387"/>
    <nd ref="402902798" lat="46.4175364" lon="13.4511738"/>
    <nd ref="13165067264" lat="46.4176215" lon="13.4512197"/>
    <nd ref="402902800" lat="46.4176653" lon="13.4512744"/>
    <nd ref="402902802" lat="46.4177490" lon="13.4512685"/>
    <nd ref="402902804" lat="46.4177984" lon="13.4512405"/>
    <nd ref="9249983906" lat="46.4178339" lon="13.4511951"/>
    <nd ref="402902807" lat="46.4178757" lon="13.4511289"/>
    <nd ref="402902809" lat="46.4179381" lon="13.4510741"/>
    <nd ref="12960813962" lat="46.4179889" lon="13.4510254"/>
    <nd ref="12960813961" lat="46.4180498" lon="13.4510365"/>
    <nd ref="9249983911" lat="46.4181409" lon="13.4510609"/>
    <nd ref="9249983907" lat="46.4182305" lon="13.4510596"/>
    <nd ref="9249983908" lat="46.4182610" lon="13.4510770"/>
    <nd ref="9249983910" lat="46.4182990" lon="13.4510650"/>
    <nd ref="9249983909" lat="46.4183470" lon="13.4510837"/>
    <nd ref="402902815" lat="46.4184461" lon="13.4510962"/>
    <nd ref="402902817" lat="46.4184608" lon="13.4511121"/>
    <nd ref="9249983912" lat="46.4183849" lon="13.4511977"/>
    <nd ref="9249983913" lat="46.4182990" lon="13.4512621"/>
    <nd ref="402902821" lat="46.4181343" lon="13.4514267"/>
    <nd ref="402902822" lat="46.4181253" lon="13.4514533"/>
    <nd ref="402902826" lat="46.4183474" lon="13.4515376"/>
    <nd ref="402902828" lat="46.4184037" lon="13.4515648"/>
    <nd ref="402902829" lat="46.4184652" lon="13.4516084"/>
    <nd ref="402902833" lat="46.4185444" lon="13.4516098"/>
    <nd ref="12960813959" lat="46.4186092" lon="13.4515623"/>
    <nd ref="12960813960" lat="46.4186609" lon="13.4515442"/>
    <nd ref="9250069417" lat="46.4187427" lon="13.4514941"/>
    <nd ref="9249983916" lat="46.4188463" lon="13.4514606"/>
    <nd ref="402902841" lat="46.4189461" lon="13.4513900"/>
    <nd ref="9250069418" lat="46.4190404" lon="13.4512447"/>
    <nd ref="9249983915" lat="46.4190848" lon="13.4512165"/>
    <nd ref="9249983914" lat="46.4191070" lon="13.4511803"/>
    <nd ref="402902847" lat="46.4191616" lon="13.4511159"/>
    <nd ref="9250069420" lat="46.4192346" lon="13.4510449"/>
    <nd ref="9250069419" lat="46.4192531" lon="13.4510422"/>
    <nd ref="402902850" lat="46.4193098" lon="13.4510036"/>
    <nd ref="8394691491" lat="46.4192762" lon="13.4511039"/>
    <nd ref="9250069423" lat="46.4192503" lon="13.4511884"/>
    <nd ref="8394691490" lat="46.4192382" lon="13.4512741"/>
    <nd ref="8394691489" lat="46.4192142" lon="13.4513627"/>
    <nd ref="402902856" lat="46.4191771" lon="13.4514628"/>
    <nd ref="9250069422" lat="46.4191310" lon="13.4515411"/>
    <nd ref="9250069424" lat="46.4190959" lon="13.4516054"/>
    <nd ref="9250069421" lat="46.4190793" lon="13.4516671"/>
    <nd ref="402902860" lat="46.4190205" lon="13.4517479"/>
    <nd ref="402902861" lat="46.4189247" lon="13.4518394"/>
    <nd ref="9250069427" lat="46.4189036" lon="13.4518965"/>
    <nd ref="402902863" lat="46.4189042" lon="13.4519473"/>
    <nd ref="9250069426" lat="46.4188777" lon="13.4519944"/>
    <nd ref="9250069425" lat="46.4188759" lon="13.4520319"/>
    <nd ref="9250069429" lat="46.4188472" lon="13.4520976"/>
    <nd ref="9250069428" lat="46.4187945" lon="13.4521861"/>
    <nd ref="402902867" lat="46.4187895" lon="13.4522246"/>
    <nd ref="402902869" lat="46.4188001" lon="13.4522688"/>
    <nd ref="9250069431" lat="46.4189554" lon="13.4521580"/>
    <nd ref="9250069430" lat="46.4190330" lon="13.4520923"/>
    <nd ref="402902875" lat="46.4191158" lon="13.4520448"/>
    <nd ref="402902879" lat="46.4192075" lon="13.4519262"/>
    <nd ref="9250069432" lat="46.4192586" lon="13.4518924"/>
    <nd ref="9250069433" lat="46.4193169" lon="13.4518763"/>
    <nd ref="9250069436" lat="46.4193917" lon="13.4518106"/>
    <nd ref="9250069434" lat="46.4194565" lon="13.4517798"/>
    <nd ref="9250069435" lat="46.4195230" lon="13.4517275"/>
    <nd ref="402902884" lat="46.4195730" lon="13.4517064"/>
    <nd ref="9250069437" lat="46.4196321" lon="13.4516913"/>
    <nd ref="402902885" lat="46.4196875" lon="13.4516476"/>
    <nd ref="9250069438" lat="46.4197373" lon="13.4516245"/>
    <nd ref="9250069442" lat="46.4197648" lon="13.4516188"/>
    <nd ref="9250069439" lat="46.4197870" lon="13.4515904"/>
    <nd ref="9250069441" lat="46.4198013" lon="13.4515622"/>
    <nd ref="9250069440" lat="46.4198156" lon="13.4515632"/>
    <nd ref="9250069446" lat="46.4198297" lon="13.4515588"/>
    <nd ref="9250069443" lat="46.4198570" lon="13.4515320"/>
    <nd ref="9250069444" lat="46.4199002" lon="13.4515132"/>
    <nd ref="9250069445" lat="46.4199252" lon="13.4515173"/>
    <nd ref="402902888" lat="46.4199745" lon="13.4514789"/>
    <nd ref="9250069447" lat="46.4200495" lon="13.4514106"/>
    <nd ref="402902889" lat="46.4201316" lon="13.4513491"/>
    <nd ref="9250069449" lat="46.4202136" lon="13.4512920"/>
    <nd ref="9250069448" lat="46.4202724" lon="13.4512722"/>
    <nd ref="402902890" lat="46.4203082" lon="13.4512413"/>
    <nd ref="402902891" lat="46.4203281" lon="13.4512064"/>
    <nd ref="9250069450" lat="46.4203773" lon="13.4511850"/>
    <nd ref="9250069452" lat="46.4204274" lon="13.4511696"/>
    <nd ref="9250069451" lat="46.4204637" lon="13.4511340"/>
    <nd ref="402902894" lat="46.4205158" lon="13.4511003"/>
    <nd ref="9250069453" lat="46.4205254" lon="13.4511092"/>
    <nd ref="402902895" lat="46.4205142" lon="13.4511334"/>
    <nd ref="8394691488" lat="46.4204919" lon="13.4511843"/>
    <nd ref="402902897" lat="46.4203788" lon="13.4514032"/>
    <nd ref="9250069455" lat="46.4203653" lon="13.4514432"/>
    <nd ref="9250069454" lat="46.4203264" lon="13.4514982"/>
    <nd ref="402902899" lat="46.4202925" lon="13.4515678"/>
    <nd ref="9250069456" lat="46.4202691" lon="13.4516336"/>
    <nd ref="9250069458" lat="46.4202659" lon="13.4516644"/>
    <nd ref="9250069457" lat="46.4202469" lon="13.4517107"/>
    <nd ref="402902900" lat="46.4202368" lon="13.4517650"/>
    <nd ref="9250069459" lat="46.4202021" lon="13.4518093"/>
    <nd ref="9250069460" lat="46.4201864" lon="13.4518589"/>
    <nd ref="402902901" lat="46.4201541" lon="13.4519633"/>
    <nd ref="9250069461" lat="46.4200851" lon="13.4520185"/>
    <nd ref="9250069464" lat="46.4200313" lon="13.4520815"/>
    <nd ref="9250069463" lat="46.4199867" lon="13.4521466"/>
    <nd ref="9250069462" lat="46.4199779" lon="13.4521915"/>
    <nd ref="9250069470" lat="46.4199566" lon="13.4522244"/>
    <nd ref="9250069468" lat="46.4199065" lon="13.4522793"/>
    <nd ref="9250069467" lat="46.4198778" lon="13.4523122"/>
    <nd ref="9250069469" lat="46.4198642" lon="13.4523420"/>
    <nd ref="9250069466" lat="46.4198226" lon="13.4524078"/>
    <nd ref="9250069465" lat="46.4197999" lon="13.4524393"/>
    <nd ref="402902909" lat="46.4197765" lon="13.4524637"/>
    <nd ref="9250069474" lat="46.4197791" lon="13.4524822"/>
    <nd ref="402902911" lat="46.4197935" lon="13.4524807"/>
    <nd ref="9250069473" lat="46.4198277" lon="13.4524617"/>
    <nd ref="9250069472" lat="46.4198522" lon="13.4524624"/>
    <nd ref="9250069471" lat="46.4198771" lon="13.4524409"/>
    <nd ref="402902915" lat="46.4198949" lon="13.4524346"/>
    <nd ref="9250069475" lat="46.4199312" lon="13.4524067"/>
    <nd ref="402902917" lat="46.4199675" lon="13.4523623"/>
    <nd ref="9250069476" lat="46.4200005" lon="13.4523444"/>
    <nd ref="9250069478" lat="46.4200172" lon="13.4523209"/>
    <nd ref="9250069477" lat="46.4200398" lon="13.4522954"/>
    <nd ref="9250069482" lat="46.4200727" lon="13.4522881"/>
    <nd ref="9250069481" lat="46.4201263" lon="13.4522612"/>
    <nd ref="9250069480" lat="46.4201517" lon="13.4522398"/>
    <nd ref="402902921" lat="46.4201782" lon="13.4522270"/>
    <nd ref="9250069479" lat="46.4202229" lon="13.4522042"/>
    <nd ref="9250069485" lat="46.4202659" lon="13.4521707"/>
    <nd ref="9250069483" lat="46.4202950" lon="13.4521439"/>
    <nd ref="9250069484" lat="46.4203172" lon="13.4521077"/>
    <nd ref="9250069490" lat="46.4203447" lon="13.4520815"/>
    <nd ref="9250069486" lat="46.4203768" lon="13.4520333"/>
    <nd ref="9250069489" lat="46.4204217" lon="13.4519947"/>
    <nd ref="9250069488" lat="46.4204452" lon="13.4519632"/>
    <nd ref="9250069487" lat="46.4204919" lon="13.4519474"/>
    <nd ref="402902928" lat="46.4205074" lon="13.4519213"/>
    <nd ref="9250069491" lat="46.4205488" lon="13.4518519"/>
    <nd ref="402902932" lat="46.4205657" lon="13.4517668"/>
    <nd ref="9250069492" lat="46.4205781" lon="13.4517429"/>
    <nd ref="9250069493" lat="46.4205994" lon="13.4517251"/>
    <nd ref="9250069495" lat="46.4206558" lon="13.4516829"/>
    <nd ref="9250069494" lat="46.4207052" lon="13.4516527"/>
    <nd ref="402902936" lat="46.4207543" lon="13.4516129"/>
    <nd ref="402902938" lat="46.4208024" lon="13.4515955"/>
    <nd ref="402902940" lat="46.4208058" lon="13.4516170"/>
    <nd ref="9250069496" lat="46.4207797" lon="13.4516507"/>
    <nd ref="9250069497" lat="46.4207670" lon="13.4516826"/>
    <nd ref="9250069498" lat="46.4207226" lon="13.4517295"/>
    <nd ref="402902944" lat="46.4207218" lon="13.4517536"/>
    <nd ref="402902946" lat="46.4207432" lon="13.4517570"/>
    <nd ref="402902950" lat="46.4208313" lon="13.4517018"/>
    <nd ref="9250069502" lat="46.4209306" lon="13.4516708"/>
    <nd ref="9250069500" lat="46.4209563" lon="13.4516785"/>
    <nd ref="9250069501" lat="46.4209814" lon="13.4516624"/>
    <nd ref="9250069499" lat="46.4210025" lon="13.4516457"/>
    <nd ref="402902954" lat="46.4210289" lon="13.4516417"/>
    <nd ref="9250069503" lat="46.4210854" lon="13.4516423"/>
    <nd ref="9250069508" lat="46.4211400" lon="13.4516557"/>
    <nd ref="9250069507" lat="46.4211779" lon="13.4516611"/>
    <nd ref="9250069506" lat="46.4211959" lon="13.4516735"/>
    <nd ref="9250069505" lat="46.4212218" lon="13.4516722"/>
    <nd ref="9250069504" lat="46.4212334" lon="13.4516836"/>
    <nd ref="402902960" lat="46.4212469" lon="13.4516882"/>
    <nd ref="9250069511" lat="46.4213193" lon="13.4516685"/>
    <nd ref="9250069510" lat="46.4213561" lon="13.4516671"/>
    <nd ref="9250069509" lat="46.4213739" lon="13.4516641"/>
    <nd ref="402902968" lat="46.4213912" lon="13.4516546"/>
    <nd ref="9250069512" lat="46.4214236" lon="13.4516410"/>
    <nd ref="402902970" lat="46.4214500" lon="13.4516059"/>
    <nd ref="9250069514" lat="46.4214571" lon="13.4516001"/>
    <nd ref="9250069515" lat="46.4214656" lon="13.4516024"/>
    <nd ref="402902972" lat="46.4214716" lon="13.4516247"/>
    <nd ref="9250069513" lat="46.4214682" lon="13.4516648"/>
    <nd ref="9250069517" lat="46.4214580" lon="13.4517054"/>
    <nd ref="9250069516" lat="46.4214566" lon="13.4517456"/>
    <nd ref="402902974" lat="46.4214495" lon="13.4517871"/>
    <nd ref="9250069519" lat="46.4214310" lon="13.4518136"/>
    <nd ref="9250069518" lat="46.4214210" lon="13.4518173"/>
    <nd ref="9250069522" lat="46.4214046" lon="13.4518318"/>
    <nd ref="9250069521" lat="46.4213903" lon="13.4518431"/>
    <nd ref="9250069520" lat="46.4213811" lon="13.4518696"/>
    <nd ref="9250069527" lat="46.4213633" lon="13.4518965"/>
    <nd ref="9250069523" lat="46.4213471" lon="13.4519156"/>
    <nd ref="9250069526" lat="46.4213328" lon="13.4519561"/>
    <nd ref="9250069525" lat="46.4213009" lon="13.4519796"/>
    <nd ref="9250069524" lat="46.4212774" lon="13.4519872"/>
    <nd ref="402902980" lat="46.4212282" lon="13.4519833"/>
    <nd ref="12960813957" lat="46.4212168" lon="13.4520020"/>
    <nd ref="12960813958" lat="46.4212213" lon="13.4520230"/>
    <nd ref="9250069528" lat="46.4213042" lon="13.4520474"/>
    <nd ref="9250069529" lat="46.4213651" lon="13.4520502"/>
    <tag k="highway" v="path"/>
    <tag k="sac_scale" v="mountain_hiking"/>
    <tag k="surface" v="ground"/>
    <tag k="trail_visibility" v="excellent"/>
  </way>
</new>
</action>
<action type="delete">
<old>
  <way id="34656130" version="14" timestamp="2023-09-19T06:47:20Z" changeset="141452746" uid="3538539" user="micheleOSM3">
    <bounds minlat="46.2888151" minlon="12.3482075" maxlat="46.2921026" maxlon="12.3522236"/>
    <nd ref="403198723" lat="46.2921026" lon="12.3482075"/>
    <nd ref="9994951107" lat="46.2920953" lon="12.3482698"/>
    <nd ref="2440495446" lat="46.2920742" lon="12.3482963"/>
    <nd ref="2440495445" lat="46.2920333" lon="12.3482981"/>
    <nd ref="2440495444" lat="46.2920128" lon="12.3482963"/>
    <nd ref="403198718" lat="46.2920034" lon="12.3483133"/>
    <nd ref="9994951106" lat="46.2919734" lon="12.3483436"/>
    <nd ref="403198716" lat="46.2919519" lon="12.3483432"/>
    <nd ref="9994951105" lat="46.2919426" lon="12.3483761"/>
    <nd ref="9994951104" lat="46.2919132" lon="12.3483562"/>
    <nd ref="403198714" lat="46.2918683" lon="12.3483869"/>
    <nd ref="9994951103" lat="46.2918563" lon="12.3484229"/>
    <nd ref="9994951102" lat="46.2918392" lon="12.3484392"/>
    <nd ref="9994951101" lat="46.2918179" lon="12.3484170"/>
    <nd ref="9994951100" lat="46.2918073" lon="12.3484553"/>
    <nd ref="403198708" lat="46.2917757" lon="12.3484647"/>
    <nd ref="403198706" lat="46.2917061" lon="12.3484682"/>
    <nd ref="2440495443" lat="46.2916821" lon="12.3484733"/>
    <nd ref="403198705" lat="46.2916318" lon="12.3485041"/>
    <nd ref="2440495441" lat="46.2916261" lon="12.3485278"/>
    <nd ref="9994951099" lat="46.2916281" lon="12.3485492"/>
    <nd ref="2440495442" lat="46.2916510" lon="12.3485852"/>
    <nd ref="403198695" lat="46.2916475" lon="12.3486455"/>
    <nd ref="9994951098" lat="46.2916299" lon="12.3486838"/>
    <nd ref="9994951097" lat="46.2916178" lon="12.3487435"/>
    <nd ref="9994951096" lat="46.2916307" lon="12.3487768"/>
    <nd ref="9994951095" lat="46.2916542" lon="12.3488058"/>
    <nd ref="403198688" lat="46.2916588" lon="12.3488539"/>
    <nd ref="403198672" lat="46.2916301" lon="12.3489210"/>
    <nd ref="9994951094" lat="46.2916179" lon="12.3490372"/>
    <nd ref="9994951093" lat="46.2915866" lon="12.3489893"/>
    <nd ref="403198671" lat="46.2915613" lon="12.3489463"/>
    <nd ref="9994951092" lat="46.2915109" lon="12.3488815"/>
    <nd ref="9994951091" lat="46.2914794" lon="12.3488578"/>
    <nd ref="9994951090" lat="46.2914434" lon="12.3488402"/>
    <nd ref="403198670" lat="46.2914181" lon="12.3488220"/>
    <nd ref="403198669" lat="46.2913584" lon="12.3488261"/>
    <nd ref="403198668" lat="46.2913199" lon="12.3488659"/>
    <nd ref="9994951089" lat="46.2912797" lon="12.3488771"/>
    <nd ref="403198667" lat="46.2912198" lon="12.3489126"/>
    <nd ref="9994951088" lat="46.2911689" lon="12.3489096"/>
    <nd ref="9994951087" lat="46.2911370" lon="12.3488957"/>
    <nd ref="403198663" lat="46.2910969" lon="12.3489087"/>
    <nd ref="9994951086" lat="46.2910388" lon="12.3489508"/>
    <nd ref="9994951085" lat="46.2909918" lon="12.3489492"/>
    <nd ref="403198659" lat="46.2909739" lon="12.3489630"/>
    <nd ref="9994951084" lat="46.2909518" lon="12.3489938"/>
    <nd ref="9994951083" lat="46.2909356" lon="12.3489916"/>
    <nd ref="9994951082" lat="46.2909248" lon="12.3489563"/>
    <nd ref="9994951081" lat="46.2909123" lon="12.3489705"/>
    <nd ref="9994951080" lat="46.2908994" lon="12.3489653"/>
    <nd ref="9994951079" lat="46.2908929" lon="12.3489423"/>
    <nd ref="403198656" lat="46.2908693" lon="12.3489367"/>
    <nd ref="9994951078" lat="46.2908556" lon="12.3489587"/>
    <nd ref="9994951077" lat="46.2908410" lon="12.3489642"/>
    <nd ref="403198650" lat="46.2908340" lon="12.3489472"/>
    <nd ref="9994951076" lat="46.2908079" lon="12.3489590"/>
    <nd ref="9994951075" lat="46.2907784" lon="12.3489595"/>
    <nd ref="9994951074" lat="46.2907468" lon="12.3489329"/>
    <nd ref="9994951072" lat="46.2907056" lon="12.3489213"/>
    <nd ref="403198648" lat="46.2906790" lon="12.3489055"/>
    <nd ref="9994951073" lat="46.2906275" lon="12.3489164"/>
    <nd ref="403198639" lat="46.2906088" lon="12.3489455"/>
    <nd ref="9994951071" lat="46.2905366" lon="12.3489334"/>
    <nd ref="403198636" lat="46.2905076" lon="12.3489717"/>
    <nd ref="403198634" lat="46.2904731" lon="12.3490130"/>
    <nd ref="403198632" lat="46.2904377" lon="12.3490572"/>
    <nd ref="403198628" lat="46.2904198" lon="12.3491173"/>
    <nd ref="403198616" lat="46.2904138" lon="12.3492754"/>
    <nd ref="403198613" lat="46.2904120" lon="12.3493175"/>
    <nd ref="9994951070" lat="46.2903948" lon="12.3493676"/>
    <nd ref="403198609" lat="46.2903620" lon="12.3493744"/>
    <nd ref="9994951069" lat="46.2903492" lon="12.3493989"/>
    <nd ref="9994951068" lat="46.2903512" lon="12.3494560"/>
    <nd ref="9994951067" lat="46.2903452" lon="12.3494873"/>
    <nd ref="403198606" lat="46.2903307" lon="12.3495105"/>
    <nd ref="9994951066" lat="46.2903400" lon="12.3495554"/>
    <nd ref="403198599" lat="46.2903055" lon="12.3496252"/>
    <nd ref="403198595" lat="46.2902831" lon="12.3497026"/>
    <nd ref="9994951065" lat="46.2902560" lon="12.3497552"/>
    <nd ref="403198585" lat="46.2902357" lon="12.3497646"/>
    <nd ref="9994951064" lat="46.2901969" lon="12.3498133"/>
    <nd ref="9994951063" lat="46.2901856" lon="12.3498497"/>
    <nd ref="9994951062" lat="46.2901477" lon="12.3498961"/>
    <nd ref="9994951061" lat="46.2901331" lon="12.3499288"/>
    <nd ref="9994951060" lat="46.2900971" lon="12.3499712"/>
    <nd ref="403198578" lat="46.2900831" lon="12.3500150"/>
    <nd ref="403198573" lat="46.2900647" lon="12.3500400"/>
    <nd ref="9994951059" lat="46.2900357" lon="12.3500459"/>
    <nd ref="9994951058" lat="46.2900337" lon="12.3500751"/>
    <nd ref="403198570" lat="46.2900555" lon="12.3500976"/>
    <nd ref="403198568" lat="46.2900573" lon="12.3501183"/>
    <nd ref="9994951057" lat="46.2900378" lon="12.3501388"/>
    <nd ref="9994951056" lat="46.2900377" lon="12.3501621"/>
    <nd ref="403198565" lat="46.2900569" lon="12.3501858"/>
    <nd ref="9994951055" lat="46.2900214" lon="12.3502142"/>
    <nd ref="9994951054" lat="46.2900533" lon="12.3502844"/>
    <nd ref="403198561" lat="46.2900625" lon="12.3503166"/>
    <nd ref="9994951053" lat="46.2900531" lon="12.3503358"/>
    <nd ref="9994951052" lat="46.2900343" lon="12.3503328"/>
    <nd ref="9994951051" lat="46.2900437" lon="12.3503653"/>
    <nd ref="9994951050" lat="46.2900023" lon="12.3503751"/>
    <nd ref="403198549" lat="46.2899821" lon="12.3503752"/>
    <nd ref="9994951049" lat="46.2899047" lon="12.3504515"/>
    <nd ref="403198536" lat="46.2898821" lon="12.3505203"/>
    <nd ref="9994951048" lat="46.2898773" lon="12.3505740"/>
    <nd ref="9994951047" lat="46.2898627" lon="12.3505834"/>
    <nd ref="9994951046" lat="46.2898336" lon="12.3505722"/>
    <nd ref="9994951045" lat="46.2898058" lon="12.3505910"/>
    <nd ref="9994951044" lat="46.2897612" lon="12.3505825"/>
    <nd ref="9994951043" lat="46.2897171" lon="12.3505633"/>
    <nd ref="9994951042" lat="46.2896968" lon="12.3505565"/>
    <nd ref="9994951041" lat="46.2896769" lon="12.3505381"/>
    <nd ref="9994951040" lat="46.2896448" lon="12.3505454"/>
    <nd ref="9994951039" lat="46.2896196" lon="12.3505311"/>
    <nd ref="9994951038" lat="46.2895967" lon="12.3505545"/>
    <nd ref="9994951037" lat="46.2895633" lon="12.3505639"/>
    <nd ref="9994951036" lat="46.2895386" lon="12.3505709"/>
    <nd ref="9994951035" lat="46.2895328" lon="12.3505838"/>
    <nd ref="9994951034" lat="46.2895153" lon="12.3505827"/>
    <nd ref="9994951033" lat="46.2894956" lon="12.3505992"/>
    <nd ref="9994951032" lat="46.2894795" lon="12.3506028"/>
    <nd ref="9994951031" lat="46.2894584" lon="12.3506203"/>
    <nd ref="9994951030" lat="46.2894419" lon="12.3506299"/>
    <nd ref="9994951029" lat="46.2894273" lon="12.3506383"/>
    <nd ref="9994951028" lat="46.2894112" lon="12.3506410"/>
    <nd ref="9994951027" lat="46.2894024" lon="12.3506676"/>
    <nd ref="9994951026" lat="46.2893882" lon="12.3506925"/>
    <nd ref="9994951025" lat="46.2893716" lon="12.3507273"/>
    <nd ref="9994951024" lat="46.2893513" lon="12.3507496"/>
    <nd ref="9994951023" lat="46.2893160" lon="12.3507658"/>
    <nd ref="9994951022" lat="46.2892988" lon="12.3507763"/>
    <nd ref="7939106865" lat="46.2892873" lon="12.3507913"/>
    <nd ref="9994951021" lat="46.2892810" lon="12.3508217"/>
    <nd ref="403198515" lat="46.2892862" lon="12.3508722"/>
    <nd ref="7939106864" lat="46.2892590" lon="12.3509120"/>
    <nd ref="9994951020" lat="46.2892432" lon="12.3509011"/>
    <nd ref="403198513" lat="46.2892201" lon="12.3508979"/>
    <nd ref="7939106863" lat="46.2892034" lon="12.3509241"/>
    <nd ref="7939106862" lat="46.2891946" lon="12.3509811"/>
    <nd ref="7939106861" lat="46.2891942" lon="12.3510126"/>
    <nd ref="403198508" lat="46.2892252" lon="12.3510877"/>
    <nd ref="7939106860" lat="46.2892210" lon="12.3511098"/>
    <nd ref="7939106859" lat="46.2891971" lon="12.3511134"/>
    <nd ref="7939106858" lat="46.2891775" lon="12.3511474"/>
    <nd ref="403198506" lat="46.2891367" lon="12.3511588"/>
    <nd ref="7939106857" lat="46.2891057" lon="12.3512030"/>
    <nd ref="7939106856" lat="46.2890867" lon="12.3512299"/>
    <nd ref="403198503" lat="46.2890821" lon="12.3512687"/>
    <nd ref="9994946716" lat="46.2890621" lon="12.3513188"/>
    <nd ref="9994946715" lat="46.2890444" lon="12.3513492"/>
    <nd ref="403198497" lat="46.2890213" lon="12.3513690"/>
    <nd ref="9994951017" lat="46.2890034" lon="12.3513953"/>
    <nd ref="9994951019" lat="46.2889954" lon="12.3514238"/>
    <nd ref="9994951018" lat="46.2889693" lon="12.3514570"/>
    <nd ref="403198495" lat="46.2889599" lon="12.3514955"/>
    <nd ref="7939106855" lat="46.2889310" lon="12.3516013"/>
    <nd ref="9994946714" lat="46.2889269" lon="12.3516432"/>
    <nd ref="7939106854" lat="46.2889288" lon="12.3517001"/>
    <nd ref="403198492" lat="46.2888993" lon="12.3517370"/>
    <nd ref="7939106853" lat="46.2888786" lon="12.3517717"/>
    <nd ref="403198485" lat="46.2888667" lon="12.3518032"/>
    <nd ref="9994946712" lat="46.2888526" lon="12.3519012"/>
    <nd ref="9994946713" lat="46.2888523" lon="12.3520058"/>
    <nd ref="9994946711" lat="46.2888279" lon="12.3520816"/>
    <nd ref="403198475" lat="46.2888290" lon="12.3521639"/>
    <nd ref="6530373178" lat="46.2888151" lon="12.3522236"/>
    <tag k="highway" v="path"/>
    <tag k="sac_scale" v="unknown"/>
  </way>
</old>
<new>
  <way id="34656130" visible="true" version="15" timestamp="2026-10-01T09:42:58Z" changeset="189812875" uid="188429" user="gpstracks"/>
</new>
</action>
<action type="modify">
<old>
  <way id="34656214" version="15" timestamp="2025-05-28T05:54:39Z" changeset="166853453" uid="18550967" user="il Vaz">
    <bounds minlat="46.2804056" minlon="12.3268832" maxlat="46.2857393" maxlon="12.3408124"/>
    <nd ref="1224669333" lat="46.2826543" lon="12.3268832"/>
    <nd ref="7939110687" lat="46.2825834" lon="12.3269767"/>
    <nd ref="7939110688" lat="46.2824852" lon="12.3270115"/>
    <nd ref="1224663237" lat="46.2823770" lon="12.3271494"/>
    <nd ref="9994951339" lat="46.2822190" lon="12.3272360"/>
    <nd ref="7939110689" lat="46.2821636" lon="12.3272999"/>
    <nd ref="7939110690" lat="46.2821302" lon="12.3273750"/>
    <nd ref="1224668083" lat="46.2820607" lon="12.3274253"/>
    <nd ref="1224656272" lat="46.2817633" lon="12.3275192"/>
    <nd ref="1224625461" lat="46.2816659" lon="12.3276626"/>
    <nd ref="7939110691" lat="46.2816225" lon="12.3277534"/>
    <nd ref="7939110692" lat="46.2815935" lon="12.3278470"/>
    <nd ref="1224646027" lat="46.2815586" lon="12.3279701"/>
    <nd ref="1224643832" lat="46.2815252" lon="12.3280543"/>
    <nd ref="1224626018" lat="46.2814273" lon="12.3281353"/>
    <nd ref="1224632296" lat="46.2813377" lon="12.3281877"/>
    <nd ref="1224646864" lat="46.2812302" lon="12.3282413"/>
    <nd ref="9994951338" lat="46.2811469" lon="12.3282203"/>
    <nd ref="1224654054" lat="46.2810828" lon="12.3282199"/>
    <nd ref="1224629081" lat="46.2809921" lon="12.3282191"/>
    <nd ref="1224669807" lat="46.2809702" lon="12.3282909"/>
    <nd ref="1224631451" lat="46.2808748" lon="12.3283546"/>
    <nd ref="9994951337" lat="46.2808174" lon="12.3284379"/>
    <nd ref="1224653795" lat="46.2807700" lon="12.3285209"/>
    <nd ref="9994951336" lat="46.2806828" lon="12.3285966"/>
    <nd ref="7939110693" lat="46.2806203" lon="12.3286892"/>
    <nd ref="1224664970" lat="46.2805666" lon="12.3288642"/>
    <nd ref="7939110696" lat="46.2805249" lon="12.3292378"/>
    <nd ref="7939110697" lat="46.2804920" lon="12.3294235"/>
    <nd ref="7939110695" lat="46.2804544" lon="12.3295248"/>
    <nd ref="7939110694" lat="46.2804572" lon="12.3295576"/>
    <nd ref="1224622932" lat="46.2804221" lon="12.3297394"/>
    <nd ref="9994951335" lat="46.2804486" lon="12.3297329"/>
    <nd ref="7939110700" lat="46.2804516" lon="12.3298185"/>
    <nd ref="7939110699" lat="46.2804331" lon="12.3299083"/>
    <nd ref="7939110698" lat="46.2804442" lon="12.3299740"/>
    <nd ref="9994951334" lat="46.2804171" lon="12.3301065"/>
    <nd ref="9994951333" lat="46.2804083" lon="12.3303356"/>
    <nd ref="9994951332" lat="46.2804064" lon="12.3304830"/>
    <nd ref="9994951331" lat="46.2804056" lon="12.3305354"/>
    <nd ref="1224628691" lat="46.2804248" lon="12.3305879"/>
    <nd ref="9994951330" lat="46.2804456" lon="12.3306381"/>
    <nd ref="9994951329" lat="46.2804787" lon="12.3306762"/>
    <nd ref="9994951328" lat="46.2804908" lon="12.3307299"/>
    <nd ref="9994951327" lat="46.2805155" lon="12.3307258"/>
    <nd ref="9994951326" lat="46.2805230" lon="12.3307603"/>
    <nd ref="9994951325" lat="46.2805393" lon="12.3307643"/>
    <nd ref="9994951324" lat="46.2805873" lon="12.3308948"/>
    <nd ref="9994951323" lat="46.2805979" lon="12.3309185"/>
    <nd ref="9994951322" lat="46.2806141" lon="12.3309216"/>
    <nd ref="9994951321" lat="46.2806187" lon="12.3309456"/>
    <nd ref="9994951320" lat="46.2806523" lon="12.3310021"/>
    <nd ref="1224635752" lat="46.2806650" lon="12.3310513"/>
    <nd ref="9994951319" lat="46.2806905" lon="12.3311136"/>
    <nd ref="9994951318" lat="46.2807171" lon="12.3311588"/>
    <nd ref="9994951317" lat="46.2807360" lon="12.3312490"/>
    <nd ref="7939110701" lat="46.2807658" lon="12.3313538"/>
    <nd ref="9994951316" lat="46.2807889" lon="12.3314441"/>
    <nd ref="9994951315" lat="46.2807967" lon="12.3315774"/>
    <nd ref="1224643163" lat="46.2808048" lon="12.3316814"/>
    <nd ref="9994951314" lat="46.2808378" lon="12.3317246"/>
    <nd ref="1224650492" lat="46.2808817" lon="12.3318432"/>
    <nd ref="9994951313" lat="46.2809124" lon="12.3318692"/>
    <nd ref="9994951312" lat="46.2809218" lon="12.3318979"/>
    <nd ref="9994951311" lat="46.2809166" lon="12.3319611"/>
    <nd ref="9994951310" lat="46.2809012" lon="12.3320210"/>
    <nd ref="9994951309" lat="46.2809008" lon="12.3320936"/>
    <nd ref="9994951308" lat="46.2809103" lon="12.3321533"/>
    <nd ref="9994951307" lat="46.2808890" lon="12.3323927"/>
    <nd ref="9994951306" lat="46.2808690" lon="12.3325438"/>
    <nd ref="1224657875" lat="46.2808581" lon="12.3326736"/>
    <nd ref="9994951305" lat="46.2808587" lon="12.3327362"/>
    <nd ref="9994951304" lat="46.2809048" lon="12.3327543"/>
    <nd ref="1224648405" lat="46.2809417" lon="12.3327906"/>
    <nd ref="9994951303" lat="46.2809909" lon="12.3328722"/>
    <nd ref="1224654682" lat="46.2810299" lon="12.3329885"/>
    <nd ref="403200325" lat="46.2810664" lon="12.3331346"/>
    <nd ref="9994951302" lat="46.2810850" lon="12.3332174"/>
    <nd ref="403200243" lat="46.2810722" lon="12.3333204"/>
    <nd ref="403200188" lat="46.2810510" lon="12.3333972"/>
    <nd ref="9994951300" lat="46.2810442" lon="12.3334287"/>
    <nd ref="403200143" lat="46.2810557" lon="12.3335284"/>
    <nd ref="9994951301" lat="46.2810684" lon="12.3335448"/>
    <nd ref="403200099" lat="46.2810731" lon="12.3336821"/>
    <nd ref="9994951299" lat="46.2810512" lon="12.3337859"/>
    <nd ref="403200066" lat="46.2810641" lon="12.3338746"/>
    <nd ref="9994951292" lat="46.2810853" lon="12.3338637"/>
    <nd ref="9994951293" lat="46.2810998" lon="12.3339124"/>
    <nd ref="9994951294" lat="46.2811284" lon="12.3339275"/>
    <nd ref="9994951295" lat="46.2811297" lon="12.3339846"/>
    <nd ref="9994951296" lat="46.2811412" lon="12.3340160"/>
    <nd ref="9994951297" lat="46.2811477" lon="12.3340632"/>
    <nd ref="9994951298" lat="46.2811626" lon="12.3340974"/>
    <nd ref="403199846" lat="46.2811555" lon="12.3341751"/>
    <nd ref="9994951291" lat="46.2811905" lon="12.3342840"/>
    <nd ref="9994951290" lat="46.2812461" lon="12.3343084"/>
    <nd ref="9994951289" lat="46.2812757" lon="12.3343361"/>
    <nd ref="403199685" lat="46.2812892" lon="12.3343707"/>
    <nd ref="9994951288" lat="46.2813148" lon="12.3344601"/>
    <nd ref="9994951287" lat="46.2813205" lon="12.3345577"/>
    <nd ref="9994951286" lat="46.2813436" lon="12.3346583"/>
    <nd ref="403200902" lat="46.2814121" lon="12.3349403"/>
    <nd ref="403200814" lat="46.2815087" lon="12.3352817"/>
    <nd ref="9994951285" lat="46.2815240" lon="12.3353046"/>
    <nd ref="403200778" lat="46.2815314" lon="12.3355280"/>
    <nd ref="9994951284" lat="46.2815578" lon="12.3356305"/>
    <nd ref="403200745" lat="46.2815486" lon="12.3357635"/>
    <nd ref="9994951283" lat="46.2815245" lon="12.3358453"/>
    <nd ref="403200610" lat="46.2814895" lon="12.3359164"/>
    <nd ref="9994951282" lat="46.2814996" lon="12.3359570"/>
    <nd ref="9994951281" lat="46.2815164" lon="12.3359891"/>
    <nd ref="9994951280" lat="46.2815238" lon="12.3360440"/>
    <nd ref="403200516" lat="46.2815465" lon="12.3361116"/>
    <nd ref="9994951279" lat="46.2815393" lon="12.3361915"/>
    <nd ref="403197714" lat="46.2815400" lon="12.3362569"/>
    <nd ref="9994951278" lat="46.2815701" lon="12.3362733"/>
    <nd ref="9994951277" lat="46.2816023" lon="12.3363299"/>
    <nd ref="403197715" lat="46.2816226" lon="12.3363423"/>
    <nd ref="403197720" lat="46.2816866" lon="12.3363061"/>
    <nd ref="7939110685" lat="46.2817835" lon="12.3361257"/>
    <nd ref="9994951276" lat="46.2818143" lon="12.3360580"/>
    <nd ref="9994951275" lat="46.2818785" lon="12.3360132"/>
    <nd ref="9994951274" lat="46.2819064" lon="12.3359440"/>
    <nd ref="9994951273" lat="46.2820113" lon="12.3358314"/>
    <nd ref="9994951272" lat="46.2820278" lon="12.3357618"/>
    <nd ref="9994951271" lat="46.2820571" lon="12.3357245"/>
    <nd ref="5714061267" lat="46.2820766" lon="12.3356644"/>
    <nd ref="403197722" lat="46.2821169" lon="12.3356610"/>
    <nd ref="9994951270" lat="46.2821419" lon="12.3356710"/>
    <nd ref="9994951269" lat="46.2821530" lon="12.3357169"/>
    <nd ref="9994951268" lat="46.2821812" lon="12.3357156"/>
    <nd ref="9994951267" lat="46.2822333" lon="12.3358729"/>
    <nd ref="5714061268" lat="46.2822583" lon="12.3358732"/>
    <nd ref="403197723" lat="46.2823252" lon="12.3358498"/>
    <nd ref="9994951266" lat="46.2823637" lon="12.3359073"/>
    <nd ref="9994951265" lat="46.2824164" lon="12.3359183"/>
    <nd ref="9994951264" lat="46.2824648" lon="12.3359780"/>
    <nd ref="9994951263" lat="46.2825033" lon="12.3360711"/>
    <nd ref="9994951262" lat="46.2825257" lon="12.3360545"/>
    <nd ref="9994951261" lat="46.2825347" lon="12.3360928"/>
    <nd ref="9994951260" lat="46.2825817" lon="12.3360925"/>
    <nd ref="9994951259" lat="46.2825981" lon="12.3361033"/>
    <nd ref="9994951258" lat="46.2826338" lon="12.3360783"/>
    <nd ref="9994951257" lat="46.2826455" lon="12.3361204"/>
    <nd ref="9994951256" lat="46.2826765" lon="12.3361227"/>
    <nd ref="9994951255" lat="46.2826925" lon="12.3361782"/>
    <nd ref="9994951254" lat="46.2827256" lon="12.3362153"/>
    <nd ref="9994951253" lat="46.2827413" lon="12.3362533"/>
    <nd ref="9994951252" lat="46.2827765" lon="12.3362632"/>
    <nd ref="9994951251" lat="46.2828084" lon="12.3363063"/>
    <nd ref="403197730" lat="46.2828645" lon="12.3363520"/>
    <nd ref="7939106884" lat="46.2828712" lon="12.3364596"/>
    <nd ref="403197732" lat="46.2828929" lon="12.3365370"/>
    <nd ref="7939106883" lat="46.2830552" lon="12.3365897"/>
    <nd ref="403197735" lat="46.2830984" lon="12.3365552"/>
    <nd ref="9994951250" lat="46.2831159" lon="12.3365297"/>
    <nd ref="403197739" lat="46.2831931" lon="12.3366856"/>
    <nd ref="7939106882" lat="46.2832720" lon="12.3366782"/>
    <nd ref="9994951249" lat="46.2833182" lon="12.3366207"/>
    <nd ref="403197745" lat="46.2833465" lon="12.3366584"/>
    <nd ref="7939106881" lat="46.2834101" lon="12.3367426"/>
    <nd ref="9994951248" lat="46.2834580" lon="12.3368242"/>
    <nd ref="403197748" lat="46.2834888" lon="12.3368477"/>
    <nd ref="9994951247" lat="46.2835368" lon="12.3369473"/>
    <nd ref="9994951246" lat="46.2835604" lon="12.3369811"/>
    <nd ref="7939110702" lat="46.2835820" lon="12.3370560"/>
    <nd ref="9994951245" lat="46.2835959" lon="12.3371179"/>
    <nd ref="9994951244" lat="46.2836501" lon="12.3372819"/>
    <nd ref="403197752" lat="46.2836864" lon="12.3373244"/>
    <nd ref="9994951241" lat="46.2836947" lon="12.3374077"/>
    <nd ref="9994951242" lat="46.2837468" lon="12.3374527"/>
    <nd ref="9994951243" lat="46.2837888" lon="12.3374681"/>
    <nd ref="403197756" lat="46.2838189" lon="12.3375877"/>
    <nd ref="9994951240" lat="46.2838293" lon="12.3377083"/>
    <nd ref="7939106880" lat="46.2838643" lon="12.3378206"/>
    <nd ref="9994951239" lat="46.2838798" lon="12.3378842"/>
    <nd ref="403197759" lat="46.2839056" lon="12.3378777"/>
    <nd ref="9994951238" lat="46.2839065" lon="12.3380505"/>
    <nd ref="9994951237" lat="46.2839151" lon="12.3381306"/>
    <nd ref="403197773" lat="46.2839479" lon="12.3381993"/>
    <nd ref="9994951236" lat="46.2839881" lon="12.3382065"/>
    <nd ref="9994951235" lat="46.2840373" lon="12.3381586"/>
    <nd ref="9994951234" lat="46.2840589" lon="12.3381614"/>
    <nd ref="403197779" lat="46.2840632" lon="12.3382063"/>
    <nd ref="9994951233" lat="46.2841133" lon="12.3383041"/>
    <nd ref="403197784" lat="46.2841282" lon="12.3383949"/>
    <nd ref="403197790" lat="46.2841407" lon="12.3385198"/>
    <nd ref="9994951232" lat="46.2841881" lon="12.3385747"/>
    <nd ref="403197795" lat="46.2842267" lon="12.3386174"/>
    <nd ref="9994951231" lat="46.2842307" lon="12.3386744"/>
    <nd ref="9994951230" lat="46.2842122" lon="12.3387732"/>
    <nd ref="403197799" lat="46.2842268" lon="12.3388618"/>
    <nd ref="9994951228" lat="46.2842480" lon="12.3389226"/>
    <nd ref="9994951229" lat="46.2842798" lon="12.3389627"/>
    <nd ref="9994951227" lat="46.2843515" lon="12.3390988"/>
    <nd ref="403197802" lat="46.2843704" lon="12.3391902"/>
    <nd ref="9994951226" lat="46.2843968" lon="12.3392846"/>
    <nd ref="403197806" lat="46.2844005" lon="12.3393933"/>
    <nd ref="403197814" lat="46.2844056" lon="12.3396082"/>
    <nd ref="12870027298" lat="46.2844041" lon="12.3397989"/>
    <nd ref="403197867" lat="46.2844036" lon="12.3398654"/>
    <nd ref="9994951225" lat="46.2844221" lon="12.3399094"/>
    <nd ref="403197874" lat="46.2844534" lon="12.3399347"/>
    <nd ref="403197705" lat="46.2845705" lon="12.3399794"/>
    <nd ref="9994951224" lat="46.2846036" lon="12.3400285"/>
    <nd ref="403197701" lat="46.2846576" lon="12.3400541"/>
    <nd ref="403197699" lat="46.2847265" lon="12.3401296"/>
    <nd ref="403197698" lat="46.2847795" lon="12.3402627"/>
    <nd ref="403197696" lat="46.2848105" lon="12.3403845"/>
    <nd ref="403197694" lat="46.2848677" lon="12.3404959"/>
    <nd ref="403197692" lat="46.2849183" lon="12.3405626"/>
    <nd ref="403197690" lat="46.2849717" lon="12.3406202"/>
    <nd ref="9994951223" lat="46.2850223" lon="12.3406420"/>
    <nd ref="403197682" lat="46.2850703" lon="12.3406575"/>
    <nd ref="9994951221" lat="46.2850981" lon="12.3406964"/>
    <nd ref="9994951222" lat="46.2851454" lon="12.3407358"/>
    <nd ref="403197677" lat="46.2851838" lon="12.3407646"/>
    <nd ref="403197650" lat="46.2852206" lon="12.3407668"/>
    <nd ref="403197643" lat="46.2852524" lon="12.3407422"/>
    <nd ref="403197636" lat="46.2853008" lon="12.3407305"/>
    <nd ref="9994951219" lat="46.2853381" lon="12.3407294"/>
    <nd ref="9994951220" lat="46.2853721" lon="12.3407481"/>
    <nd ref="403197625" lat="46.2854140" lon="12.3407923"/>
    <nd ref="403197616" lat="46.2854364" lon="12.3407957"/>
    <nd ref="9994951218" lat="46.2854640" lon="12.3408124"/>
    <nd ref="9994951217" lat="46.2854908" lon="12.3407976"/>
    <nd ref="9994951216" lat="46.2854980" lon="12.3407740"/>
    <nd ref="403197609" lat="46.2854991" lon="12.3407495"/>
    <nd ref="9994951215" lat="46.2855254" lon="12.3407663"/>
    <nd ref="9994951214" lat="46.2855403" lon="12.3407021"/>
    <nd ref="9994951213" lat="46.2855662" lon="12.3407019"/>
    <nd ref="403197606" lat="46.2855632" lon="12.3406560"/>
    <nd ref="9994951212" lat="46.2855778" lon="12.3406359"/>
    <nd ref="9994951211" lat="46.2856148" lon="12.3406244"/>
    <nd ref="7939106879" lat="46.2856368" lon="12.3406238"/>
    <nd ref="9994951210" lat="46.2856628" lon="12.3406095"/>
    <nd ref="9994951209" lat="46.2856872" lon="12.3405899"/>
    <nd ref="9994951208" lat="46.2857185" lon="12.3405351"/>
    <nd ref="9994951207" lat="46.2857279" lon="12.3405065"/>
    <nd ref="6173719856" lat="46.2857375" lon="12.3404224"/>
    <nd ref="403198413" lat="46.2857390" lon="12.3403804"/>
    <nd ref="9994951206" lat="46.2857364" lon="12.3403511"/>
    <nd ref="9994951205" lat="46.2857393" lon="12.3403296"/>
    <tag k="highway" v="path"/>
    <tag k="sac_scale" v="demanding_mountain_hiking"/>
    <tag k="surface" v="ground"/>
  </way>
</old>
<new>
  <way id="34656214" version="16" timestamp="2026-10-01T09:42:58Z" changeset="189812875" uid="188429" user="gpstracks">
    <bounds minlat="46.2804056" minlon="12.3268832" maxlat="46.2857394" maxlon="12.3408124"/>
    <nd ref="1224669333" lat="46.2826543" lon="12.3268832"/>
    <nd ref="7939110687" lat="46.2825834" lon="12.3269767"/>
    <nd ref="7939110688" lat="46.2824852" lon="12.3270115"/>
    <nd ref="1224663237" lat="46.2823770" lon="12.3271494"/>
    <nd ref="9994951339" lat="46.2822190" lon="12.3272360"/>
    <nd ref="7939110689" lat="46.2821636" lon="12.3272999"/>
    <nd ref="7939110690" lat="46.2821302" lon="12.3273750"/>
    <nd ref="1224668083" lat="46.2820607" lon="12.3274253"/>
    <nd ref="1224656272" lat="46.2817633" lon="12.3275192"/>
    <nd ref="1224625461" lat="46.2816659" lon="12.3276626"/>
    <nd ref="7939110691" lat="46.2816225" lon="12.3277534"/>
    <nd ref="7939110692" lat="46.2815935" lon="12.3278470"/>
    <nd ref="1224646027" lat="46.2815586" lon="12.3279701"/>
    <nd ref="1224643832" lat="46.2815252" lon="12.3280543"/>
    <nd ref="1224626018" lat="46.2814273" lon="12.3281353"/>
    <nd ref="1224632296" lat="46.2813377" lon="12.3281877"/>
    <nd ref="1224646864" lat="46.2812302" lon="12.3282413"/>
    <nd ref="9994951338" lat="46.2811469" lon="12.3282203"/>
    <nd ref="1224654054" lat="46.2810828" lon="12.3282199"/>
    <nd ref="1224629081" lat="46.2809921" lon="12.3282191"/>
    <nd ref="1224669807" lat="46.2809702" lon="12.3282909"/>
    <nd ref="1224631451" lat="46.2808748" lon="12.3283546"/>
    <nd ref="9994951337" lat="46.2808174" lon="12.3284379"/>
    <nd ref="1224653795" lat="46.2807700" lon="12.3285209"/>
    <nd ref="9994951336" lat="46.2806828" lon="12.3285966"/>
    <nd ref="7939110693" lat="46.2806203" lon="12.3286892"/>
    <nd ref="1224664970" lat="46.2805666" lon="12.3288642"/>
    <nd ref="7939110696" lat="46.2805249" lon="12.3292378"/>
    <nd ref="7939110697" lat="46.2804920" lon="12.3294235"/>
    <nd ref="7939110695" lat="46.2804544" lon="12.3295248"/>
    <nd ref="7939110694" lat="46.2804572" lon="12.3295576"/>
    <nd ref="1224622932" lat="46.2804221" lon="12.3297394"/>
    <nd ref="9994951335" lat="46.2804486" lon="12.3297329"/>
    <nd ref="7939110700" lat="46.2804516" lon="12.3298185"/>
    <nd ref="7939110699" lat="46.2804331" lon="12.3299083"/>
    <nd ref="7939110698" lat="46.2804442" lon="12.3299740"/>
    <nd ref="9994951334" lat="46.2804171" lon="12.3301065"/>
    <nd ref="9994951333" lat="46.2804083" lon="12.3303356"/>
    <nd ref="9994951332" lat="46.2804064" lon="12.3304830"/>
    <nd ref="9994951331" lat="46.2804056" lon="12.3305354"/>
    <nd ref="1224628691" lat="46.2804248" lon="12.3305879"/>
    <nd ref="9994951330" lat="46.2804456" lon="12.3306381"/>
    <nd ref="9994951329" lat="46.2804787" lon="12.3306762"/>
    <nd ref="9994951328" lat="46.2804908" lon="12.3307299"/>
    <nd ref="9994951327" lat="46.2805155" lon="12.3307258"/>
    <nd ref="9994951326" lat="46.2805230" lon="12.3307603"/>
    <nd ref="9994951325" lat="46.2805393" lon="12.3307643"/>
    <nd ref="9994951324" lat="46.2805873" lon="12.3308948"/>
    <nd ref="9994951323" lat="46.2805979" lon="12.3309185"/>
    <nd ref="9994951322" lat="46.2806141" lon="12.3309216"/>
    <nd ref="9994951321" lat="46.2806187" lon="12.3309456"/>
    <nd ref="9994951320" lat="46.2806523" lon="12.3310021"/>
    <nd ref="1224635752" lat="46.2806650" lon="12.3310513"/>
    <nd ref="9994951319" lat="46.2806905" lon="12.3311136"/>
    <nd ref="9994951318" lat="46.2807171" lon="12.3311588"/>
    <nd ref="9994951317" lat="46.2807360" lon="12.3312490"/>
    <nd ref="7939110701" lat="46.2807658" lon="12.3313538"/>
    <nd ref="9994951316" lat="46.2807889" lon="12.3314441"/>
    <nd ref="9994951315" lat="46.2807967" lon="12.3315774"/>
    <nd ref="1224643163" lat="46.2808048" lon="12.3316814"/>
    <nd ref="9994951314" lat="46.2808378" lon="12.3317246"/>
    <nd ref="1224650492" lat="46.2808817" lon="12.3318432"/>
    <nd ref="9994951313" lat="46.2809124" lon="12.3318692"/>
    <nd ref="9994951312" lat="46.2809218" lon="12.3318979"/>
    <nd ref="9994951311" lat="46.2809166" lon="12.3319611"/>
    <nd ref="9994951310" lat="46.2809012" lon="12.3320210"/>
    <nd ref="9994951309" lat="46.2809008" lon="12.3320936"/>
    <nd ref="9994951308" lat="46.2809103" lon="12.3321533"/>
    <nd ref="9994951307" lat="46.2808890" lon="12.3323927"/>
    <nd ref="9994951306" lat="46.2808690" lon="12.3325438"/>
    <nd ref="1224657875" lat="46.2808581" lon="12.3326736"/>
    <nd ref="9994951305" lat="46.2808587" lon="12.3327362"/>
    <nd ref="9994951304" lat="46.2809048" lon="12.3327543"/>
    <nd ref="1224648405" lat="46.2809417" lon="12.3327906"/>
    <nd ref="9994951303" lat="46.2809909" lon="12.3328722"/>
    <nd ref="1224654682" lat="46.2810299" lon="12.3329885"/>
    <nd ref="403200325" lat="46.2810664" lon="12.3331346"/>
    <nd ref="9994951302" lat="46.2810850" lon="12.3332174"/>
    <nd ref="403200243" lat="46.2810950" lon="12.3333000"/>
    <nd ref="403200188" lat="46.2810799" lon="12.3333863"/>
    <nd ref="9994951300" lat="46.2810723" lon="12.3334267"/>
    <nd ref="403200143" lat="46.2810919" lon="12.3334649"/>
    <nd ref="9994951301" lat="46.2810769" lon="12.3335490"/>
    <nd ref="403200099" lat="46.2810836" lon="12.3336976"/>
    <nd ref="9994951299" lat="46.2810565" lon="12.3337861"/>
    <nd ref="403200066" lat="46.2810641" lon="12.3338746"/>
    <nd ref="9994951292" lat="46.2810853" lon="12.3338637"/>
    <nd ref="9994951293" lat="46.2810998" lon="12.3339124"/>
    <nd ref="9994951294" lat="46.2811284" lon="12.3339275"/>
    <nd ref="9994951295" lat="46.2811297" lon="12.3339846"/>
    <nd ref="9994951296" lat="46.2811412" lon="12.3340160"/>
    <nd ref="9994951297" lat="46.2811477" lon="12.3340632"/>
    <nd ref="9994951298" lat="46.2811626" lon="12.3340974"/>
    <nd ref="403199846" lat="46.2811555" lon="12.3341751"/>
    <nd ref="9994951291" lat="46.2811905" lon="12.3342840"/>
    <nd ref="9994951290" lat="46.2812461" lon="12.3343084"/>
    <nd ref="9994951289" lat="46.2812757" lon="12.3343361"/>
    <nd ref="403199685" lat="46.2812892" lon="12.3343707"/>
    <nd ref="9994951288" lat="46.2813148" lon="12.3344601"/>
    <nd ref="9994951287" lat="46.2813205" lon="12.3345577"/>
    <nd ref="9994951286" lat="46.2813436" lon="12.3346583"/>
    <nd ref="403200902" lat="46.2814121" lon="12.3349403"/>
    <nd ref="403200814" lat="46.2815087" lon="12.3352817"/>
    <nd ref="9994951285" lat="46.2815240" lon="12.3353046"/>
    <nd ref="403200778" lat="46.2815314" lon="12.3355280"/>
    <nd ref="9994951284" lat="46.2815578" lon="12.3356305"/>
    <nd ref="403200745" lat="46.2815486" lon="12.3357635"/>
    <nd ref="9994951283" lat="46.2815245" lon="12.3358453"/>
    <nd ref="403200610" lat="46.2814895" lon="12.3359164"/>
    <nd ref="9994951282" lat="46.2814996" lon="12.3359570"/>
    <nd ref="9994951281" lat="46.2815164" lon="12.3359891"/>
    <nd ref="9994951280" lat="46.2815238" lon="12.3360440"/>
    <nd ref="403200516" lat="46.2815465" lon="12.3361116"/>
    <nd ref="9994951279" lat="46.2815393" lon="12.3361915"/>
    <nd ref="403197714" lat="46.2815400" lon="12.3362569"/>
    <nd ref="9994951278" lat="46.2815701" lon="12.3362733"/>
    <nd ref="9994951277" lat="46.2816023" lon="12.3363299"/>
    <nd ref="403197715" lat="46.2816226" lon="12.3363423"/>
    <nd ref="403197720" lat="46.2816866" lon="12.3363061"/>
    <nd ref="7939110685" lat="46.2817835" lon="12.3361257"/>
    <nd ref="9994951276" lat="46.2818143" lon="12.3360580"/>
    <nd ref="9994951275" lat="46.2818785" lon="12.3360132"/>
    <nd ref="9994951274" lat="46.2819064" lon="12.3359440"/>
    <nd ref="9994951273" lat="46.2820113" lon="12.3358314"/>
    <nd ref="9994951272" lat="46.2820278" lon="12.3357618"/>
    <nd ref="9994951271" lat="46.2820571" lon="12.3357245"/>
    <nd ref="5714061267" lat="46.2820766" lon="12.3356644"/>
    <nd ref="403197722" lat="46.2821169" lon="12.3356610"/>
    <nd ref="9994951270" lat="46.2821419" lon="12.3356710"/>
    <nd ref="9994951269" lat="46.2821530" lon="12.3357169"/>
    <nd ref="9994951268" lat="46.2821812" lon="12.3357156"/>
    <nd ref="9994951267" lat="46.2822333" lon="12.3358729"/>
    <nd ref="5714061268" lat="46.2822583" lon="12.3358732"/>
    <nd ref="403197723" lat="46.2823252" lon="12.3358498"/>
    <nd ref="9994951266" lat="46.2823637" lon="12.3359073"/>
    <nd ref="9994951265" lat="46.2824164" lon="12.3359183"/>
    <nd ref="9994951264" lat="46.2824648" lon="12.3359780"/>
    <nd ref="9994951263" lat="46.2825033" lon="12.3360711"/>
    <nd ref="9994951262" lat="46.2825257" lon="12.3360545"/>
    <nd ref="9994951261" lat="46.2825347" lon="12.3360928"/>
    <nd ref="9994951260" lat="46.2825817" lon="12.3360925"/>
    <nd ref="9994951259" lat="46.2825981" lon="12.3361033"/>
    <nd ref="9994951258" lat="46.2826338" lon="12.3360783"/>
    <nd ref="9994951257" lat="46.2826455" lon="12.3361204"/>
    <nd ref="9994951256" lat="46.2826765" lon="12.3361227"/>
    <nd ref="9994951255" lat="46.2826925" lon="12.3361782"/>
    <nd ref="9994951254" lat="46.2827256" lon="12.3362153"/>
    <nd ref="9994951253" lat="46.2827413" lon="12.3362533"/>
    <nd ref="9994951252" lat="46.2827765" lon="12.3362632"/>
    <nd ref="9994951251" lat="46.2828084" lon="12.3363063"/>
    <nd ref="403197730" lat="46.2828645" lon="12.3363520"/>
    <nd ref="7939106884" lat="46.2828712" lon="12.3364596"/>
    <nd ref="403197732" lat="46.2828929" lon="12.3365370"/>
    <nd ref="7939106883" lat="46.2830552" lon="12.3365897"/>
    <nd ref="403197735" lat="46.2830984" lon="12.3365552"/>
    <nd ref="9994951250" lat="46.2831159" lon="12.3365297"/>
    <nd ref="403197739" lat="46.2831931" lon="12.3366856"/>
    <nd ref="7939106882" lat="46.2832720" lon="12.3366782"/>
    <nd ref="9994951249" lat="46.2833182" lon="12.3366207"/>
    <nd ref="403197745" lat="46.2833465" lon="12.3366584"/>
    <nd ref="7939106881" lat="46.2834101" lon="12.3367426"/>
    <nd ref="9994951248" lat="46.2834580" lon="12.3368242"/>
    <nd ref="403197748" lat="46.2834888" lon="12.3368477"/>
    <nd ref="9994951247" lat="46.2835368" lon="12.3369473"/>
    <nd ref="9994951246" lat="46.2835604" lon="12.3369811"/>
    <nd ref="7939110702" lat="46.2835820" lon="12.3370560"/>
    <nd ref="9994951245" lat="46.2835959" lon="12.3371179"/>
    <nd ref="9994951244" lat="46.2836501" lon="12.3372819"/>
    <nd ref="403197752" lat="46.2836864" lon="12.3373244"/>
    <nd ref="9994951241" lat="46.2836947" lon="12.3374077"/>
    <nd ref="9994951242" lat="46.2837468" lon="12.3374527"/>
    <nd ref="9994951243" lat="46.2837888" lon="12.3374681"/>
    <nd ref="403197756" lat="46.2838189" lon="12.3375877"/>
    <nd ref="9994951240" lat="46.2838293" lon="12.3377083"/>
    <nd ref="7939106880" lat="46.2838643" lon="12.3378206"/>
    <nd ref="14238574346" lat="46.2838727" lon="12.3378551"/>
    <nd ref="9994951239" lat="46.2838748" lon="12.3378808"/>
    <nd ref="14238574351" lat="46.2838892" lon="12.3378963"/>
    <nd ref="14238574350" lat="46.2838967" lon="12.3378772"/>
    <nd ref="403197759" lat="46.2839041" lon="12.3378726"/>
    <nd ref="14238574349" lat="46.2839114" lon="12.3378835"/>
    <nd ref="14238574348" lat="46.2839158" lon="12.3379116"/>
    <nd ref="14238574347" lat="46.2839107" lon="12.3379589"/>
    <nd ref="9994951238" lat="46.2839065" lon="12.3380505"/>
    <nd ref="9994951237" lat="46.2839151" lon="12.3381306"/>
    <nd ref="403197773" lat="46.2839479" lon="12.3381993"/>
    <nd ref="9994951236" lat="46.2839881" lon="12.3382065"/>
    <nd ref="9994951235" lat="46.2840373" lon="12.3381586"/>
    <nd ref="9994951234" lat="46.2840589" lon="12.3381614"/>
    <nd ref="403197779" lat="46.2840632" lon="12.3382063"/>
    <nd ref="9994951233" lat="46.2841133" lon="12.3383041"/>
    <nd ref="403197784" lat="46.2841282" lon="12.3383949"/>
    <nd ref="403197790" lat="46.2841407" lon="12.3385198"/>
    <nd ref="9994951232" lat="46.2841881" lon="12.3385747"/>
    <nd ref="14238574564" lat="46.2842156" lon="12.3385559"/>
    <nd ref="14238574563" lat="46.2842294" lon="12.3385831"/>
    <nd ref="403197795" lat="46.2842349" lon="12.3386318"/>
    <nd ref="9994951231" lat="46.2842279" lon="12.3387305"/>
    <nd ref="9994951230" lat="46.2842122" lon="12.3387732"/>
    <nd ref="14238574562" lat="46.2842151" lon="12.3388121"/>
    <nd ref="403197799" lat="46.2842268" lon="12.3388618"/>
    <nd ref="9994951228" lat="46.2842480" lon="12.3389226"/>
    <nd ref="9994951229" lat="46.2842798" lon="12.3389627"/>
    <nd ref="9994951227" lat="46.2843515" lon="12.3390988"/>
    <nd ref="403197802" lat="46.2843704" lon="12.3391902"/>
    <nd ref="9994951226" lat="46.2843968" lon="12.3392846"/>
    <nd ref="403197806" lat="46.2844005" lon="12.3393933"/>
    <nd ref="403197814" lat="46.2844056" lon="12.3396082"/>
    <nd ref="12870027298" lat="46.2844041" lon="12.3397989"/>
    <nd ref="403197867" lat="46.2844080" lon="12.3398626"/>
    <nd ref="14238574561" lat="46.2844119" lon="12.3398941"/>
    <nd ref="9994951225" lat="46.2844221" lon="12.3399094"/>
    <nd ref="403197874" lat="46.2844510" lon="12.3399413"/>
    <nd ref="14238574560" lat="46.2844767" lon="12.3399514"/>
    <nd ref="403197705" lat="46.2845705" lon="12.3399794"/>
    <nd ref="9994951224" lat="46.2845989" lon="12.3400115"/>
    <nd ref="403197701" lat="46.2846576" lon="12.3400541"/>
    <nd ref="403197699" lat="46.2847265" lon="12.3401296"/>
    <nd ref="403197698" lat="46.2847795" lon="12.3402627"/>
    <nd ref="403197696" lat="46.2848105" lon="12.3403845"/>
    <nd ref="403197694" lat="46.2848677" lon="12.3404959"/>
    <nd ref="403197692" lat="46.2849183" lon="12.3405626"/>
    <nd ref="403197690" lat="46.2849717" lon="12.3406202"/>
    <nd ref="9994951223" lat="46.2850223" lon="12.3406420"/>
    <nd ref="403197682" lat="46.2850703" lon="12.3406575"/>
    <nd ref="9994951221" lat="46.2850981" lon="12.3406964"/>
    <nd ref="9994951222" lat="46.2851454" lon="12.3407358"/>
    <nd ref="403197677" lat="46.2851838" lon="12.3407646"/>
    <nd ref="403197650" lat="46.2852206" lon="12.3407668"/>
    <nd ref="403197643" lat="46.2852524" lon="12.3407422"/>
    <nd ref="403197636" lat="46.2853008" lon="12.3407305"/>
    <nd ref="14238574559" lat="46.2853085" lon="12.3407178"/>
    <nd ref="9994951219" lat="46.2853382" lon="12.3407164"/>
    <nd ref="14238574558" lat="46.2853545" lon="12.3407264"/>
    <nd ref="9994951220" lat="46.2853721" lon="12.3407481"/>
    <nd ref="403197625" lat="46.2854140" lon="12.3407923"/>
    <nd ref="403197616" lat="46.2854364" lon="12.3407957"/>
    <nd ref="9994951218" lat="46.2854640" lon="12.3408124"/>
    <nd ref="9994951217" lat="46.2854908" lon="12.3407976"/>
    <nd ref="9994951216" lat="46.2854980" lon="12.3407740"/>
    <nd ref="403197609" lat="46.2854991" lon="12.3407495"/>
    <nd ref="9994951215" lat="46.2855254" lon="12.3407663"/>
    <nd ref="9994951214" lat="46.2855403" lon="12.3407021"/>
    <nd ref="9994951213" lat="46.2855662" lon="12.3407019"/>
    <nd ref="403197606" lat="46.2855632" lon="12.3406560"/>
    <nd ref="9994951212" lat="46.2855778" lon="12.3406359"/>
    <nd ref="9994951211" lat="46.2856148" lon="12.3406244"/>
    <nd ref="7939106879" lat="46.2856368" lon="12.3406238"/>
    <nd ref="9994951210" lat="46.2856628" lon="12.3406095"/>
    <nd ref="9994951209" lat="46.2856872" lon="12.3405899"/>
    <nd ref="9994951208" lat="46.2857185" lon="12.3405351"/>
    <nd ref="9994951207" lat="46.2857279" lon="12.3405065"/>
    <nd ref="6173719856" lat="46.2857375" lon="12.3404224"/>
    <nd ref="403198413" lat="46.2857390" lon="12.3403804"/>
    <nd ref="9994951206" lat="46.2857364" lon="12.3403511"/>
    <nd ref="9994951205" lat="46.2857394" lon="12.3403297"/>
    <tag k="highway" v="path"/>
    <tag k="sac_scale" v="demanding_mountain_hiking"/>
    <tag k="surface" v="ground"/>
  </way>
</new>
</action>
<action type="modify">
<old>
  <way id="35550323" version="11" timestamp="2025-05-28T05:54:39Z" changeset="166853453" uid="18550967" user="il Vaz">
    <bounds minlat="46.2771428" minlon="12.3558399" maxlat="46.2877032" maxlon="12.3633477"/>
    <nd ref="402807948" lat="46.2777148" lon="12.3633477"/>
    <nd ref="403306971" lat="46.2776928" lon="12.3632732"/>
    <nd ref="403306968" lat="46.2776472" lon="12.3630398"/>
    <nd ref="403306967" lat="46.2776335" lon="12.3629225"/>
    <nd ref="403306966" lat="46.2776559" lon="12.3627533"/>
    <nd ref="403306965" lat="46.2776377" lon="12.3626326"/>
    <nd ref="403306964" lat="46.2775859" lon="12.3625604"/>
    <nd ref="403306963" lat="46.2775101" lon="12.3625027"/>
    <nd ref="403306962" lat="46.2775001" lon="12.3624745"/>
    <nd ref="403306961" lat="46.2775286" lon="12.3623680"/>
    <nd ref="403306960" lat="46.2775125" lon="12.3622654"/>
    <nd ref="403306959" lat="46.2775381" lon="12.3621062"/>
    <nd ref="403306958" lat="46.2776307" lon="12.3619947"/>
    <nd ref="403306957" lat="46.2777920" lon="12.3618518"/>
    <nd ref="403306956" lat="46.2779052" lon="12.3617244"/>
    <nd ref="403306955" lat="46.2779519" lon="12.3616283"/>
    <nd ref="403306954" lat="46.2779186" lon="12.3615368"/>
    <nd ref="403306947" lat="46.2775432" lon="12.3609612"/>
    <nd ref="403306945" lat="46.2774557" lon="12.3609163"/>
    <nd ref="403306943" lat="46.2773173" lon="12.3609493"/>
    <nd ref="403306941" lat="46.2772096" lon="12.3608676"/>
    <nd ref="403306939" lat="46.2771538" lon="12.3606423"/>
    <nd ref="403307092" lat="46.2771428" lon="12.3604630"/>
    <nd ref="403307091" lat="46.2771696" lon="12.3603578"/>
    <nd ref="403307088" lat="46.2772483" lon="12.3601825"/>
    <nd ref="403307087" lat="46.2772863" lon="12.3600537"/>
    <nd ref="7939106831" lat="46.2773321" lon="12.3597975"/>
    <nd ref="403307083" lat="46.2773714" lon="12.3596795"/>
    <nd ref="403307080" lat="46.2774194" lon="12.3595466"/>
    <nd ref="7939106830" lat="46.2774406" lon="12.3594522"/>
    <nd ref="403307079" lat="46.2774847" lon="12.3594087"/>
    <nd ref="403307077" lat="46.2775402" lon="12.3593292"/>
    <nd ref="7939106832" lat="46.2775977" lon="12.3591779"/>
    <nd ref="403307072" lat="46.2776773" lon="12.3590269"/>
    <nd ref="403307070" lat="46.2777352" lon="12.3588716"/>
    <nd ref="403307067" lat="46.2778318" lon="12.3587561"/>
    <nd ref="7939106833" lat="46.2779068" lon="12.3587052"/>
    <nd ref="403307065" lat="46.2779263" lon="12.3586522"/>
    <nd ref="403307063" lat="46.2779632" lon="12.3585074"/>
    <nd ref="403307061" lat="46.2780032" lon="12.3585054"/>
    <nd ref="403307059" lat="46.2780649" lon="12.3585945"/>
    <nd ref="403307057" lat="46.2781478" lon="12.3586240"/>
    <nd ref="403307054" lat="46.2781868" lon="12.3587260"/>
    <nd ref="403307052" lat="46.2782266" lon="12.3588587"/>
    <nd ref="7939106835" lat="46.2782540" lon="12.3589439"/>
    <nd ref="403307050" lat="46.2782903" lon="12.3588960"/>
    <nd ref="7939106834" lat="46.2783151" lon="12.3588822"/>
    <nd ref="7939106836" lat="46.2784004" lon="12.3589211"/>
    <nd ref="403307047" lat="46.2784358" lon="12.3588808"/>
    <nd ref="9969280379" lat="46.2785079" lon="12.3587702"/>
    <nd ref="403307042" lat="46.2785844" lon="12.3586864"/>
    <nd ref="403307040" lat="46.2785997" lon="12.3586106"/>
    <nd ref="403307037" lat="46.2786491" lon="12.3585110"/>
    <nd ref="7939106837" lat="46.2786535" lon="12.3584678"/>
    <nd ref="403307035" lat="46.2786308" lon="12.3583914"/>
    <nd ref="7939106838" lat="46.2786372" lon="12.3583572"/>
    <nd ref="403307033" lat="46.2786637" lon="12.3583451"/>
    <nd ref="403307031" lat="46.2787207" lon="12.3583793"/>
    <nd ref="403307027" lat="46.2788224" lon="12.3583883"/>
    <nd ref="7939106842" lat="46.2788671" lon="12.3584075"/>
    <nd ref="9969280382" lat="46.2788704" lon="12.3583786"/>
    <nd ref="403307025" lat="46.2788495" lon="12.3583504"/>
    <nd ref="9969280378" lat="46.2788157" lon="12.3582834"/>
    <nd ref="403307023" lat="46.2787929" lon="12.3582051"/>
    <nd ref="9969280381" lat="46.2787712" lon="12.3581211"/>
    <nd ref="9969280380" lat="46.2788073" lon="12.3581024"/>
    <nd ref="7939106841" lat="46.2788337" lon="12.3580614"/>
    <nd ref="403308858" lat="46.2788516" lon="12.3580161"/>
    <nd ref="7939106840" lat="46.2788709" lon="12.3579581"/>
    <nd ref="7939106839" lat="46.2788634" lon="12.3577946"/>
    <nd ref="403308856" lat="46.2788842" lon="12.3577378"/>
    <nd ref="403308855" lat="46.2789167" lon="12.3576125"/>
    <nd ref="403308854" lat="46.2789949" lon="12.3575081"/>
    <nd ref="403308853" lat="46.2790853" lon="12.3574700"/>
    <nd ref="403308852" lat="46.2791980" lon="12.3574058"/>
    <nd ref="403308851" lat="46.2793030" lon="12.3573154"/>
    <nd ref="403308850" lat="46.2794285" lon="12.3572849"/>
    <nd ref="403308848" lat="46.2796351" lon="12.3571961"/>
    <nd ref="403308847" lat="46.2797133" lon="12.3571509"/>
    <nd ref="403308845" lat="46.2799368" lon="12.3571647"/>
    <nd ref="403308844" lat="46.2800599" lon="12.3571884"/>
    <nd ref="403308843" lat="46.2801256" lon="12.3572661"/>
    <nd ref="403308841" lat="46.2802813" lon="12.3574817"/>
    <nd ref="403308839" lat="46.2804260" lon="12.3576387"/>
    <nd ref="403308837" lat="46.2806399" lon="12.3576949"/>
    <nd ref="403308836" lat="46.2807531" lon="12.3577463"/>
    <nd ref="403308834" lat="46.2809357" lon="12.3577379"/>
    <nd ref="403308833" lat="46.2810143" lon="12.3577227"/>
    <nd ref="403308832" lat="46.2810776" lon="12.3576873"/>
    <nd ref="403308831" lat="46.2811840" lon="12.3576543"/>
    <nd ref="403308830" lat="46.2812342" lon="12.3576720"/>
    <nd ref="403308829" lat="46.2812515" lon="12.3577623"/>
    <nd ref="403308828" lat="46.2813333" lon="12.3578560"/>
    <nd ref="403308827" lat="46.2814402" lon="12.3579555"/>
    <nd ref="12870043030" lat="46.2816345" lon="12.3580626"/>
    <nd ref="403308824" lat="46.2817366" lon="12.3581188"/>
    <nd ref="403308823" lat="46.2818264" lon="12.3581243"/>
    <nd ref="403308822" lat="46.2819127" lon="12.3580785"/>
    <nd ref="403308820" lat="46.2819974" lon="12.3580752"/>
    <nd ref="403308819" lat="46.2820913" lon="12.3581165"/>
    <nd ref="403308817" lat="46.2822726" lon="12.3581430"/>
    <nd ref="403308816" lat="46.2823156" lon="12.3580795"/>
    <nd ref="403308813" lat="46.2823024" lon="12.3577894"/>
    <nd ref="403308812" lat="46.2822609" lon="12.3576865"/>
    <nd ref="403308811" lat="46.2822371" lon="12.3575469"/>
    <nd ref="403308810" lat="46.2822164" lon="12.3573283"/>
    <nd ref="403308809" lat="46.2822187" lon="12.3571812"/>
    <nd ref="403308807" lat="46.2822408" lon="12.3569769"/>
    <nd ref="403308805" lat="46.2822689" lon="12.3567917"/>
    <nd ref="403308802" lat="46.2822944" lon="12.3567098"/>
    <nd ref="403308798" lat="46.2823562" lon="12.3567174"/>
    <nd ref="403308796" lat="46.2824613" lon="12.3568016"/>
    <nd ref="403308792" lat="46.2826029" lon="12.3568693"/>
    <nd ref="403308790" lat="46.2827372" lon="12.3569130"/>
    <nd ref="403308787" lat="46.2827680" lon="12.3568936"/>
    <nd ref="403308783" lat="46.2827692" lon="12.3567718"/>
    <nd ref="403308781" lat="46.2827570" lon="12.3566354"/>
    <nd ref="403308667" lat="46.2828229" lon="12.3565773"/>
    <nd ref="403308665" lat="46.2829136" lon="12.3566066"/>
    <nd ref="403308663" lat="46.2830161" lon="12.3565823"/>
    <nd ref="403308659" lat="46.2831346" lon="12.3564859"/>
    <nd ref="403308656" lat="46.2832444" lon="12.3564957"/>
    <nd ref="403308653" lat="46.2833898" lon="12.3563468"/>
    <nd ref="403308648" lat="46.2835677" lon="12.3561966"/>
    <nd ref="403308640" lat="46.2837735" lon="12.3561001"/>
    <nd ref="403308637" lat="46.2842183" lon="12.3558882"/>
    <nd ref="9969280375" lat="46.2843296" lon="12.3558426"/>
    <nd ref="403308635" lat="46.2844426" lon="12.3558560"/>
    <nd ref="9969280374" lat="46.2845242" lon="12.3558399"/>
    <nd ref="9969280377" lat="46.2845854" lon="12.3558801"/>
    <nd ref="403308632" lat="46.2846689" lon="12.3559444"/>
    <nd ref="9969280376" lat="46.2847058" lon="12.3560303"/>
    <nd ref="403308630" lat="46.2847374" lon="12.3560921"/>
    <nd ref="403198836" lat="46.2848098" lon="12.3561594"/>
    <nd ref="403308623" lat="46.2849743" lon="12.3564260"/>
    <nd ref="403308619" lat="46.2850827" lon="12.3565352"/>
    <nd ref="403308613" lat="46.2854075" lon="12.3568048"/>
    <nd ref="403308609" lat="46.2856485" lon="12.3570546"/>
    <nd ref="403308600" lat="46.2860569" lon="12.3575373"/>
    <nd ref="403308594" lat="46.2863824" lon="12.3578231"/>
    <nd ref="403308592" lat="46.2865090" lon="12.3579457"/>
    <nd ref="403308588" lat="46.2867318" lon="12.3582363"/>
    <nd ref="403308587" lat="46.2868586" lon="12.3583280"/>
    <nd ref="403308586" lat="46.2869348" lon="12.3584530"/>
    <nd ref="403308585" lat="46.2870018" lon="12.3585328"/>
    <nd ref="403308584" lat="46.2870868" lon="12.3585234"/>
    <nd ref="403308583" lat="46.2872160" lon="12.3584873"/>
    <nd ref="403308582" lat="46.2873168" lon="12.3584370"/>
    <nd ref="403308581" lat="46.2874136" lon="12.3584478"/>
    <nd ref="403308580" lat="46.2875492" lon="12.3585463"/>
    <nd ref="403308579" lat="46.2876511" lon="12.3586616"/>
    <nd ref="6530373177" lat="46.2877032" lon="12.3586659"/>
    <tag k="sac_scale" v="unknown"/>
    <tag k="highway" v="path"/>
  </way>
</old>
<new>
  <way id="35550323" version="12" timestamp="2026-10-01T09:42:58Z" changeset="189812875" uid="188429" user="gpstracks">
    <bounds minlat="46.2771428" minlon="12.3558399" maxlat="46.2877241" maxlon="12.3633537"/>
    <nd ref="402807948" lat="46.2777023" lon="12.3633537"/>
    <nd ref="14238574458" lat="46.2776630" lon="12.3632966"/>
    <nd ref="403306971" lat="46.2776693" lon="12.3632453"/>
    <nd ref="14238574381" lat="46.2776421" lon="12.3631576"/>
    <nd ref="403306968" lat="46.2776148" lon="12.3630413"/>
    <nd ref="403306967" lat="46.2776335" lon="12.3629225"/>
    <nd ref="403306966" lat="46.2776559" lon="12.3627533"/>
    <nd ref="403306965" lat="46.2776377" lon="12.3626326"/>
    <nd ref="403306964" lat="46.2775859" lon="12.3625604"/>
    <nd ref="403306963" lat="46.2775101" lon="12.3625027"/>
    <nd ref="403306962" lat="46.2775001" lon="12.3624745"/>
    <nd ref="403306961" lat="46.2775286" lon="12.3623680"/>
    <nd ref="403306960" lat="46.2775125" lon="12.3622654"/>
    <nd ref="403306959" lat="46.2775381" lon="12.3621062"/>
    <nd ref="403306958" lat="46.2776307" lon="12.3619947"/>
    <nd ref="403306957" lat="46.2777920" lon="12.3618518"/>
    <nd ref="403306956" lat="46.2779052" lon="12.3617244"/>
    <nd ref="403306955" lat="46.2779519" lon="12.3616283"/>
    <nd ref="403306954" lat="46.2779186" lon="12.3615368"/>
    <nd ref="403306947" lat="46.2775432" lon="12.3609612"/>
    <nd ref="403306945" lat="46.2774557" lon="12.3609163"/>
    <nd ref="403306943" lat="46.2773173" lon="12.3609493"/>
    <nd ref="403306941" lat="46.2772096" lon="12.3608676"/>
    <nd ref="403306939" lat="46.2771538" lon="12.3606423"/>
    <nd ref="403307092" lat="46.2771428" lon="12.3604630"/>
    <nd ref="403307091" lat="46.2771696" lon="12.3603578"/>
    <nd ref="403307088" lat="46.2772483" lon="12.3601825"/>
    <nd ref="403307087" lat="46.2772863" lon="12.3600537"/>
    <nd ref="7939106831" lat="46.2773321" lon="12.3597975"/>
    <nd ref="403307083" lat="46.2773714" lon="12.3596795"/>
    <nd ref="403307080" lat="46.2774194" lon="12.3595466"/>
    <nd ref="7939106830" lat="46.2774406" lon="12.3594522"/>
    <nd ref="403307079" lat="46.2774847" lon="12.3594087"/>
    <nd ref="403307077" lat="46.2775402" lon="12.3593292"/>
    <nd ref="7939106832" lat="46.2775977" lon="12.3591779"/>
    <nd ref="403307072" lat="46.2776773" lon="12.3590269"/>
    <nd ref="403307070" lat="46.2777352" lon="12.3588716"/>
    <nd ref="403307067" lat="46.2778318" lon="12.3587561"/>
    <nd ref="7939106833" lat="46.2779068" lon="12.3587052"/>
    <nd ref="403307065" lat="46.2779263" lon="12.3586522"/>
    <nd ref="403307063" lat="46.2779632" lon="12.3585074"/>
    <nd ref="403307061" lat="46.2780032" lon="12.3585054"/>
    <nd ref="403307059" lat="46.2780649" lon="12.3585945"/>
    <nd ref="403307057" lat="46.2781478" lon="12.3586240"/>
    <nd ref="403307054" lat="46.2781868" lon="12.3587260"/>
    <nd ref="403307052" lat="46.2782266" lon="12.3588587"/>
    <nd ref="7939106835" lat="46.2782540" lon="12.3589439"/>
    <nd ref="403307050" lat="46.2782903" lon="12.3588960"/>
    <nd ref="7939106834" lat="46.2783151" lon="12.3588822"/>
    <nd ref="7939106836" lat="46.2784004" lon="12.3589211"/>
    <nd ref="403307047" lat="46.2784358" lon="12.3588808"/>
    <nd ref="9969280379" lat="46.2785079" lon="12.3587702"/>
    <nd ref="403307042" lat="46.2785844" lon="12.3586864"/>
    <nd ref="403307040" lat="46.2785997" lon="12.3586106"/>
    <nd ref="403307037" lat="46.2786491" lon="12.3585110"/>
    <nd ref="7939106837" lat="46.2786535" lon="12.3584678"/>
    <nd ref="403307035" lat="46.2786308" lon="12.3583914"/>
    <nd ref="7939106838" lat="46.2786372" lon="12.3583572"/>
    <nd ref="403307033" lat="46.2786637" lon="12.3583451"/>
    <nd ref="403307031" lat="46.2787207" lon="12.3583793"/>
    <nd ref="403307027" lat="46.2788224" lon="12.3583883"/>
    <nd ref="7939106842" lat="46.2788671" lon="12.3584075"/>
    <nd ref="9969280382" lat="46.2788704" lon="12.3583786"/>
    <nd ref="403307025" lat="46.2788495" lon="12.3583504"/>
    <nd ref="9969280378" lat="46.2788157" lon="12.3582834"/>
    <nd ref="403307023" lat="46.2787929" lon="12.3582051"/>
    <nd ref="9969280381" lat="46.2787712" lon="12.3581211"/>
    <nd ref="9969280380" lat="46.2788073" lon="12.3581024"/>
    <nd ref="7939106841" lat="46.2788337" lon="12.3580614"/>
    <nd ref="403308858" lat="46.2788516" lon="12.3580161"/>
    <nd ref="7939106840" lat="46.2788709" lon="12.3579581"/>
    <nd ref="7939106839" lat="46.2788634" lon="12.3577946"/>
    <nd ref="403308856" lat="46.2788842" lon="12.3577378"/>
    <nd ref="403308855" lat="46.2789167" lon="12.3576125"/>
    <nd ref="403308854" lat="46.2789949" lon="12.3575081"/>
    <nd ref="403308853" lat="46.2790853" lon="12.3574700"/>
    <nd ref="403308852" lat="46.2791980" lon="12.3574058"/>
    <nd ref="403308851" lat="46.2793030" lon="12.3573154"/>
    <nd ref="403308850" lat="46.2794285" lon="12.3572849"/>
    <nd ref="403308848" lat="46.2796351" lon="12.3571961"/>
    <nd ref="403308847" lat="46.2797133" lon="12.3571509"/>
    <nd ref="403308845" lat="46.2799368" lon="12.3571647"/>
    <nd ref="403308844" lat="46.2800599" lon="12.3571884"/>
    <nd ref="403308843" lat="46.2801256" lon="12.3572661"/>
    <nd ref="403308841" lat="46.2802813" lon="12.3574817"/>
    <nd ref="403308839" lat="46.2804260" lon="12.3576387"/>
    <nd ref="403308837" lat="46.2806399" lon="12.3576949"/>
    <nd ref="403308836" lat="46.2807531" lon="12.3577463"/>
    <nd ref="403308834" lat="46.2809357" lon="12.3577379"/>
    <nd ref="403308833" lat="46.2810143" lon="12.3577227"/>
    <nd ref="403308832" lat="46.2810776" lon="12.3576873"/>
    <nd ref="403308831" lat="46.2811840" lon="12.3576543"/>
    <nd ref="403308830" lat="46.2812342" lon="12.3576720"/>
    <nd ref="403308829" lat="46.2812515" lon="12.3577623"/>
    <nd ref="403308828" lat="46.2813333" lon="12.3578560"/>
    <nd ref="403308827" lat="46.2814402" lon="12.3579555"/>
    <nd ref="12870043030" lat="46.2816345" lon="12.3580626"/>
    <nd ref="403308824" lat="46.2817366" lon="12.3581188"/>
    <nd ref="403308823" lat="46.2818264" lon="12.3581243"/>
    <nd ref="403308822" lat="46.2819127" lon="12.3580785"/>
    <nd ref="403308820" lat="46.2819974" lon="12.3580752"/>
    <nd ref="403308819" lat="46.2820913" lon="12.3581165"/>
    <nd ref="403308817" lat="46.2822726" lon="12.3581430"/>
    <nd ref="403308816" lat="46.2823156" lon="12.3580795"/>
    <nd ref="14238574459" lat="46.2823458" lon="12.3579684"/>
    <nd ref="403308813" lat="46.2823024" lon="12.3577894"/>
    <nd ref="403308812" lat="46.2822609" lon="12.3576865"/>
    <nd ref="403308811" lat="46.2822371" lon="12.3575469"/>
    <nd ref="403308810" lat="46.2822164" lon="12.3573283"/>
    <nd ref="403308809" lat="46.2822187" lon="12.3571812"/>
    <nd ref="403308807" lat="46.2822408" lon="12.3569769"/>
    <nd ref="403308805" lat="46.2822689" lon="12.3567917"/>
    <nd ref="14238574460" lat="46.2822753" lon="12.3567339"/>
    <nd ref="403308802" lat="46.2822944" lon="12.3567098"/>
    <nd ref="403308798" lat="46.2823562" lon="12.3567174"/>
    <nd ref="14238574463" lat="46.2823974" lon="12.3567445"/>
    <nd ref="14238574464" lat="46.2824266" lon="12.3567657"/>
    <nd ref="14238574465" lat="46.2824324" lon="12.3568004"/>
    <nd ref="403308796" lat="46.2824613" lon="12.3568016"/>
    <nd ref="14238574462" lat="46.2824893" lon="12.3568563"/>
    <nd ref="14238574461" lat="46.2825185" lon="12.3568691"/>
    <nd ref="403308792" lat="46.2825910" lon="12.3568555"/>
    <nd ref="403308790" lat="46.2827372" lon="12.3569130"/>
    <nd ref="403308787" lat="46.2827680" lon="12.3568936"/>
    <nd ref="403308783" lat="46.2827692" lon="12.3567718"/>
    <nd ref="403308781" lat="46.2827570" lon="12.3566354"/>
    <nd ref="14238574467" lat="46.2827590" lon="12.3566003"/>
    <nd ref="403308667" lat="46.2828229" lon="12.3565773"/>
    <nd ref="14238574466" lat="46.2828717" lon="12.3565761"/>
    <nd ref="403308665" lat="46.2829136" lon="12.3566066"/>
    <nd ref="403308663" lat="46.2830161" lon="12.3565823"/>
    <nd ref="403308659" lat="46.2831346" lon="12.3564859"/>
    <nd ref="403308656" lat="46.2832444" lon="12.3564957"/>
    <nd ref="403308653" lat="46.2833898" lon="12.3563468"/>
    <nd ref="403308648" lat="46.2835677" lon="12.3561966"/>
    <nd ref="403308640" lat="46.2837735" lon="12.3561001"/>
    <nd ref="403308637" lat="46.2842183" lon="12.3558882"/>
    <nd ref="9969280375" lat="46.2843296" lon="12.3558426"/>
    <nd ref="403308635" lat="46.2844426" lon="12.3558560"/>
    <nd ref="9969280374" lat="46.2845242" lon="12.3558399"/>
    <nd ref="9969280377" lat="46.2845854" lon="12.3558801"/>
    <nd ref="403308632" lat="46.2846689" lon="12.3559444"/>
    <nd ref="9969280376" lat="46.2847058" lon="12.3560303"/>
    <nd ref="403308630" lat="46.2847374" lon="12.3560921"/>
    <nd ref="403198836" lat="46.2848098" lon="12.3561594"/>
    <nd ref="403308623" lat="46.2849743" lon="12.3564260"/>
    <nd ref="403308619" lat="46.2850827" lon="12.3565352"/>
    <nd ref="403308613" lat="46.2854075" lon="12.3568048"/>
    <nd ref="403308609" lat="46.2856485" lon="12.3570546"/>
    <nd ref="403308600" lat="46.2860569" lon="12.3575373"/>
    <nd ref="403308594" lat="46.2863824" lon="12.3578231"/>
    <nd ref="403308592" lat="46.2865090" lon="12.3579457"/>
    <nd ref="403308588" lat="46.2867318" lon="12.3582363"/>
    <nd ref="403308587" lat="46.2868586" lon="12.3583280"/>
    <nd ref="403308586" lat="46.2869348" lon="12.3584530"/>
    <nd ref="403308585" lat="46.2870018" lon="12.3585328"/>
    <nd ref="403308584" lat="46.2870868" lon="12.3585234"/>
    <nd ref="403308583" lat="46.2872160" lon="12.3584873"/>
    <nd ref="403308582" lat="46.2873168" lon="12.3584370"/>
    <nd ref="403308581" lat="46.2874136" lon="12.3584478"/>
    <nd ref="403308580" lat="46.2875492" lon="12.3585463"/>
    <nd ref="403308579" lat="46.2876511" lon="12.3586616"/>
    <nd ref="6530373177" lat="46.2877241" lon="12.3586644"/>
    <tag k="highway" v="path"/>
    <tag k="sac_scale" v="mountain_hiking"/>
  </way>
</new>
</action>
<action type="modify">
<old>
  <way id="35550325" version="6" timestamp="2022-04-20T16:24:16Z" changeset="119962096" uid="3538539" user="micheleOSM3">
    <bounds minlat="46.2777148" minlon="12.3632553" maxlat="46.2779809" maxlon="12.3633758"/>
    <nd ref="402807948" lat="46.2777148" lon="12.3633477"/>
    <nd ref="402807946" lat="46.2778009" lon="12.3633710"/>
    <nd ref="402807943" lat="46.2778550" lon="12.3633758"/>
    <nd ref="402807941" lat="46.2778807" lon="12.3633142"/>
    <nd ref="402807902" lat="46.2779294" lon="12.3632710"/>
    <nd ref="9680537027" lat="46.2779443" lon="12.3632665"/>
    <nd ref="402807899" lat="46.2779809" lon="12.3632553"/>
    <tag k="highway" v="path"/>
    <tag k="sac_scale" v="hiking"/>
  </way>
</old>
<new>
  <way id="35550325" version="6" timestamp="2022-04-20T16:24:16Z" changeset="119962096" uid="3538539" user="micheleOSM3">
    <bounds minlat="46.2777023" minlon="12.3632553" maxlat="46.2779809" maxlon="12.3633758"/>
    <nd ref="402807948" lat="46.2777023" lon="12.3633537"/>
    <nd ref="402807946" lat="46.2778009" lon="12.3633710"/>
    <nd ref="402807943" lat="46.2778550" lon="12.3633758"/>
    <nd ref="402807941" lat="46.2778807" lon="12.3633142"/>
    <nd ref="402807902" lat="46.2779294" lon="12.3632710"/>
    <nd ref="9680537027" lat="46.2779443" lon="12.3632665"/>
    <nd ref="402807899" lat="46.2779809" lon="12.3632553"/>
    <tag k="highway" v="path"/>
    <tag k="sac_scale" v="hiking"/>
  </way>
</new>
</action>
<action type="modify">
<old>
  <way id="35550326" version="8" timestamp="2022-10-19T12:52:37Z" changeset="127781569" uid="2360444" user="rikmede">
    <bounds minlat="46.2724259" minlon="12.3537554" maxlat="46.2757014" maxlon="12.3629390"/>
    <nd ref="402809687" lat="46.2724259" lon="12.3537554"/>
    <nd ref="402809685" lat="46.2724442" lon="12.3537680"/>
    <nd ref="10114111858" lat="46.2724913" lon="12.3537743"/>
    <nd ref="402809675" lat="46.2725617" lon="12.3538347"/>
    <nd ref="402809668" lat="46.2725888" lon="12.3538981"/>
    <nd ref="10114111857" lat="46.2725990" lon="12.3539446"/>
    <nd ref="402809659" lat="46.2726235" lon="12.3539853"/>
    <nd ref="402809651" lat="46.2726431" lon="12.3540259"/>
    <nd ref="402809648" lat="46.2726504" lon="12.3541463"/>
    <nd ref="10114111856" lat="46.2727003" lon="12.3542048"/>
    <nd ref="10114111855" lat="46.2727288" lon="12.3542940"/>
    <nd ref="402809627" lat="46.2727748" lon="12.3543800"/>
    <nd ref="402809613" lat="46.2728892" lon="12.3545380"/>
    <nd ref="10114111854" lat="46.2729491" lon="12.3546382"/>
    <nd ref="402809583" lat="46.2729612" lon="12.3547095"/>
    <nd ref="402809577" lat="46.2730047" lon="12.3547635"/>
    <nd ref="10114111853" lat="46.2730691" lon="12.3547659"/>
    <nd ref="10114111852" lat="46.2731219" lon="12.3548187"/>
    <nd ref="10114111851" lat="46.2731532" lon="12.3548868"/>
    <nd ref="402809545" lat="46.2732281" lon="12.3549743"/>
    <nd ref="402809529" lat="46.2732716" lon="12.3550878"/>
    <nd ref="10114111850" lat="46.2733650" lon="12.3552075"/>
    <nd ref="10114111849" lat="46.2734180" lon="12.3552679"/>
    <nd ref="402809513" lat="46.2734482" lon="12.3553333"/>
    <nd ref="402808380" lat="46.2735036" lon="12.3555261"/>
    <nd ref="402808373" lat="46.2735235" lon="12.3556253"/>
    <nd ref="402808363" lat="46.2736168" lon="12.3557125"/>
    <nd ref="2440495407" lat="46.2737420" lon="12.3558608"/>
    <nd ref="402808342" lat="46.2738467" lon="12.3559482"/>
    <nd ref="402808325" lat="46.2739452" lon="12.3560391"/>
    <nd ref="402808312" lat="46.2740032" lon="12.3561555"/>
    <nd ref="402808275" lat="46.2740893" lon="12.3562396"/>
    <nd ref="402807894" lat="46.2741162" lon="12.3563220"/>
    <nd ref="402807850" lat="46.2741576" lon="12.3565518"/>
    <nd ref="10114111848" lat="46.2741594" lon="12.3567886"/>
    <nd ref="402807811" lat="46.2741554" lon="12.3568542"/>
    <nd ref="402808576" lat="46.2741910" lon="12.3569751"/>
    <nd ref="402808570" lat="46.2742113" lon="12.3570638"/>
    <nd ref="402808566" lat="46.2742210" lon="12.3571597"/>
    <nd ref="402808563" lat="46.2742222" lon="12.3573088"/>
    <nd ref="10114111847" lat="46.2742434" lon="12.3573596"/>
    <nd ref="402808560" lat="46.2742961" lon="12.3573915"/>
    <nd ref="402808558" lat="46.2744011" lon="12.3573893"/>
    <nd ref="10114111846" lat="46.2744712" lon="12.3574040"/>
    <nd ref="402808556" lat="46.2745271" lon="12.3574338"/>
    <nd ref="402808552" lat="46.2745761" lon="12.3574883"/>
    <nd ref="402808528" lat="46.2746538" lon="12.3576615"/>
    <nd ref="402808525" lat="46.2747064" lon="12.3578355"/>
    <nd ref="10114111845" lat="46.2747517" lon="12.3579226"/>
    <nd ref="402808522" lat="46.2747635" lon="12.3580186"/>
    <nd ref="10114111844" lat="46.2748133" lon="12.3581276"/>
    <nd ref="402808520" lat="46.2748276" lon="12.3582072"/>
    <nd ref="402808517" lat="46.2749125" lon="12.3583700"/>
    <nd ref="402808514" lat="46.2749362" lon="12.3585051"/>
    <nd ref="10114111843" lat="46.2749485" lon="12.3585683"/>
    <nd ref="402808509" lat="46.2749905" lon="12.3586094"/>
    <nd ref="10114111842" lat="46.2750417" lon="12.3586220"/>
    <nd ref="10114111841" lat="46.2750935" lon="12.3585738"/>
    <nd ref="10114111840" lat="46.2751357" lon="12.3585422"/>
    <nd ref="402808499" lat="46.2751698" lon="12.3585626"/>
    <nd ref="402808496" lat="46.2752349" lon="12.3586351"/>
    <nd ref="402808493" lat="46.2752519" lon="12.3587232"/>
    <nd ref="402808490" lat="46.2752391" lon="12.3587985"/>
    <nd ref="10114111839" lat="46.2751991" lon="12.3588519"/>
    <nd ref="402808486" lat="46.2751896" lon="12.3589013"/>
    <nd ref="10114111838" lat="46.2751911" lon="12.3589935"/>
    <nd ref="10114111837" lat="46.2751996" lon="12.3590446"/>
    <nd ref="10114111836" lat="46.2752192" lon="12.3590923"/>
    <nd ref="402808483" lat="46.2752285" lon="12.3591550"/>
    <nd ref="10114111835" lat="46.2752324" lon="12.3592061"/>
    <nd ref="402808480" lat="46.2752787" lon="12.3592866"/>
    <nd ref="10114111834" lat="46.2752930" lon="12.3593119"/>
    <nd ref="402808477" lat="46.2752908" lon="12.3594042"/>
    <nd ref="10114111833" lat="46.2753455" lon="12.3594915"/>
    <nd ref="10114111832" lat="46.2753550" lon="12.3595902"/>
    <nd ref="10114111831" lat="46.2753510" lon="12.3596743"/>
    <nd ref="402808473" lat="46.2753316" lon="12.3597367"/>
    <nd ref="10114111830" lat="46.2753068" lon="12.3598233"/>
    <nd ref="402808469" lat="46.2753618" lon="12.3599276"/>
    <nd ref="402808464" lat="46.2754008" lon="12.3600152"/>
    <nd ref="402808460" lat="46.2754807" lon="12.3601698"/>
    <nd ref="402808456" lat="46.2755393" lon="12.3602809"/>
    <nd ref="10114111829" lat="46.2755467" lon="12.3603592"/>
    <nd ref="10114111828" lat="46.2755588" lon="12.3603958"/>
    <nd ref="402808452" lat="46.2756567" lon="12.3604513"/>
    <nd ref="10114111824" lat="46.2756681" lon="12.3604888"/>
    <nd ref="402808447" lat="46.2756713" lon="12.3605288"/>
    <nd ref="10114111825" lat="46.2756585" lon="12.3605599"/>
    <nd ref="10114111826" lat="46.2756617" lon="12.3606112"/>
    <nd ref="10114111827" lat="46.2756920" lon="12.3606670"/>
    <nd ref="10114111823" lat="46.2757014" lon="12.3607285"/>
    <nd ref="402808439" lat="46.2756964" lon="12.3607933"/>
    <nd ref="402808435" lat="46.2756483" lon="12.3608748"/>
    <nd ref="10114111822" lat="46.2756238" lon="12.3609211"/>
    <nd ref="402808429" lat="46.2756306" lon="12.3610272"/>
    <nd ref="402808425" lat="46.2756338" lon="12.3610998"/>
    <nd ref="402808422" lat="46.2756401" lon="12.3612141"/>
    <nd ref="10114111821" lat="46.2756305" lon="12.3612650"/>
    <nd ref="10114111820" lat="46.2756277" lon="12.3613157"/>
    <nd ref="10114111819" lat="46.2756388" lon="12.3613962"/>
    <nd ref="402808417" lat="46.2756162" lon="12.3615172"/>
    <nd ref="10114111818" lat="46.2756341" lon="12.3615939"/>
    <nd ref="402808415" lat="46.2756269" lon="12.3616302"/>
    <nd ref="402808413" lat="46.2755774" lon="12.3617009"/>
    <nd ref="402808410" lat="46.2755836" lon="12.3618864"/>
    <nd ref="10114111817" lat="46.2756088" lon="12.3619880"/>
    <nd ref="10114111816" lat="46.2756093" lon="12.3620958"/>
    <nd ref="402808408" lat="46.2756606" lon="12.3623605"/>
    <nd ref="402808406" lat="46.2756445" lon="12.3624386"/>
    <nd ref="10114111815" lat="46.2756458" lon="12.3625289"/>
    <nd ref="402808403" lat="46.2755906" lon="12.3627617"/>
    <nd ref="10114111814" lat="46.2755818" lon="12.3628829"/>
    <nd ref="402808401" lat="46.2755893" lon="12.3629390"/>
    <tag k="sac_scale" v="unknown"/>
    <tag k="highway" v="path"/>
  </way>
</old>
<new>
  <way id="35550326" version="9" timestamp="2026-10-01T09:42:58Z" changeset="189812875" uid="188429" user="gpstracks">
    <bounds minlat="46.2724259" minlon="12.3537554" maxlat="46.2757014" maxlon="12.3629980"/>
    <nd ref="402809687" lat="46.2724259" lon="12.3537554"/>
    <nd ref="402809685" lat="46.2724442" lon="12.3537680"/>
    <nd ref="10114111858" lat="46.2724913" lon="12.3537743"/>
    <nd ref="402809675" lat="46.2725617" lon="12.3538347"/>
    <nd ref="402809668" lat="46.2725888" lon="12.3538981"/>
    <nd ref="10114111857" lat="46.2725990" lon="12.3539446"/>
    <nd ref="402809659" lat="46.2726235" lon="12.3539853"/>
    <nd ref="402809651" lat="46.2726431" lon="12.3540259"/>
    <nd ref="402809648" lat="46.2726504" lon="12.3541463"/>
    <nd ref="10114111856" lat="46.2727003" lon="12.3542048"/>
    <nd ref="10114111855" lat="46.2727288" lon="12.3542940"/>
    <nd ref="402809627" lat="46.2727748" lon="12.3543800"/>
    <nd ref="402809613" lat="46.2728892" lon="12.3545380"/>
    <nd ref="10114111854" lat="46.2729491" lon="12.3546382"/>
    <nd ref="402809583" lat="46.2729612" lon="12.3547095"/>
    <nd ref="402809577" lat="46.2730047" lon="12.3547635"/>
    <nd ref="10114111853" lat="46.2730691" lon="12.3547659"/>
    <nd ref="10114111852" lat="46.2731219" lon="12.3548187"/>
    <nd ref="10114111851" lat="46.2731532" lon="12.3548868"/>
    <nd ref="402809545" lat="46.2732281" lon="12.3549743"/>
    <nd ref="402809529" lat="46.2732716" lon="12.3550878"/>
    <nd ref="10114111850" lat="46.2733650" lon="12.3552075"/>
    <nd ref="10114111849" lat="46.2734180" lon="12.3552679"/>
    <nd ref="402809513" lat="46.2734482" lon="12.3553333"/>
    <nd ref="402808380" lat="46.2735036" lon="12.3555261"/>
    <nd ref="402808373" lat="46.2735235" lon="12.3556253"/>
    <nd ref="402808363" lat="46.2736168" lon="12.3557125"/>
    <nd ref="2440495407" lat="46.2737420" lon="12.3558608"/>
    <nd ref="402808342" lat="46.2738467" lon="12.3559482"/>
    <nd ref="402808325" lat="46.2739452" lon="12.3560391"/>
    <nd ref="402808312" lat="46.2740032" lon="12.3561555"/>
    <nd ref="402808275" lat="46.2740893" lon="12.3562396"/>
    <nd ref="402807894" lat="46.2741162" lon="12.3563220"/>
    <nd ref="402807850" lat="46.2741576" lon="12.3565518"/>
    <nd ref="10114111848" lat="46.2741594" lon="12.3567886"/>
    <nd ref="402807811" lat="46.2741554" lon="12.3568542"/>
    <nd ref="402808576" lat="46.2741910" lon="12.3569751"/>
    <nd ref="402808570" lat="46.2742113" lon="12.3570638"/>
    <nd ref="402808566" lat="46.2742210" lon="12.3571597"/>
    <nd ref="402808563" lat="46.2742222" lon="12.3573088"/>
    <nd ref="10114111847" lat="46.2742434" lon="12.3573596"/>
    <nd ref="402808560" lat="46.2742961" lon="12.3573915"/>
    <nd ref="402808558" lat="46.2744011" lon="12.3573893"/>
    <nd ref="10114111846" lat="46.2744712" lon="12.3574040"/>
    <nd ref="402808556" lat="46.2745271" lon="12.3574338"/>
    <nd ref="402808552" lat="46.2745761" lon="12.3574883"/>
    <nd ref="402808528" lat="46.2746538" lon="12.3576615"/>
    <nd ref="402808525" lat="46.2747064" lon="12.3578355"/>
    <nd ref="10114111845" lat="46.2747517" lon="12.3579226"/>
    <nd ref="402808522" lat="46.2747635" lon="12.3580186"/>
    <nd ref="10114111844" lat="46.2748133" lon="12.3581276"/>
    <nd ref="402808520" lat="46.2748276" lon="12.3582072"/>
    <nd ref="402808517" lat="46.2749125" lon="12.3583700"/>
    <nd ref="402808514" lat="46.2749362" lon="12.3585051"/>
    <nd ref="10114111843" lat="46.2749485" lon="12.3585683"/>
    <nd ref="402808509" lat="46.2749905" lon="12.3586094"/>
    <nd ref="10114111842" lat="46.2750417" lon="12.3586220"/>
    <nd ref="10114111841" lat="46.2750935" lon="12.3585738"/>
    <nd ref="10114111840" lat="46.2751357" lon="12.3585422"/>
    <nd ref="402808499" lat="46.2751698" lon="12.3585626"/>
    <nd ref="402808496" lat="46.2752349" lon="12.3586351"/>
    <nd ref="402808493" lat="46.2752519" lon="12.3587232"/>
    <nd ref="402808490" lat="46.2752391" lon="12.3587985"/>
    <nd ref="10114111839" lat="46.2751991" lon="12.3588519"/>
    <nd ref="402808486" lat="46.2751896" lon="12.3589013"/>
    <nd ref="10114111838" lat="46.2751911" lon="12.3589935"/>
    <nd ref="10114111837" lat="46.2751996" lon="12.3590446"/>
    <nd ref="10114111836" lat="46.2752192" lon="12.3590923"/>
    <nd ref="402808483" lat="46.2752285" lon="12.3591550"/>
    <nd ref="10114111835" lat="46.2752324" lon="12.3592061"/>
    <nd ref="402808480" lat="46.2752787" lon="12.3592866"/>
    <nd ref="10114111834" lat="46.2752930" lon="12.3593119"/>
    <nd ref="402808477" lat="46.2752908" lon="12.3594042"/>
    <nd ref="10114111833" lat="46.2753455" lon="12.3594915"/>
    <nd ref="10114111832" lat="46.2753550" lon="12.3595902"/>
    <nd ref="10114111831" lat="46.2753510" lon="12.3596743"/>
    <nd ref="402808473" lat="46.2753316" lon="12.3597367"/>
    <nd ref="14238574377" lat="46.2753073" lon="12.3597767"/>
    <nd ref="10114111830" lat="46.2753068" lon="12.3598233"/>
    <nd ref="402808469" lat="46.2753618" lon="12.3599276"/>
    <nd ref="402808464" lat="46.2754008" lon="12.3600152"/>
    <nd ref="402808460" lat="46.2754807" lon="12.3601698"/>
    <nd ref="402808456" lat="46.2755393" lon="12.3602809"/>
    <nd ref="10114111829" lat="46.2755467" lon="12.3603592"/>
    <nd ref="10114111828" lat="46.2755588" lon="12.3603958"/>
    <nd ref="402808452" lat="46.2756567" lon="12.3604513"/>
    <nd ref="10114111824" lat="46.2756681" lon="12.3604888"/>
    <nd ref="402808447" lat="46.2756713" lon="12.3605288"/>
    <nd ref="10114111825" lat="46.2756585" lon="12.3605599"/>
    <nd ref="10114111826" lat="46.2756617" lon="12.3606112"/>
    <nd ref="10114111827" lat="46.2756920" lon="12.3606670"/>
    <nd ref="10114111823" lat="46.2757014" lon="12.3607285"/>
    <nd ref="402808439" lat="46.2756964" lon="12.3607933"/>
    <nd ref="402808435" lat="46.2756483" lon="12.3608748"/>
    <nd ref="10114111822" lat="46.2756238" lon="12.3609211"/>
    <nd ref="402808429" lat="46.2756306" lon="12.3610272"/>
    <nd ref="402808425" lat="46.2756338" lon="12.3610998"/>
    <nd ref="402808422" lat="46.2756401" lon="12.3612141"/>
    <nd ref="10114111821" lat="46.2756305" lon="12.3612650"/>
    <nd ref="10114111820" lat="46.2756277" lon="12.3613157"/>
    <nd ref="10114111819" lat="46.2756388" lon="12.3613962"/>
    <nd ref="402808417" lat="46.2756162" lon="12.3615172"/>
    <nd ref="10114111818" lat="46.2756341" lon="12.3615939"/>
    <nd ref="402808415" lat="46.2756269" lon="12.3616302"/>
    <nd ref="402808413" lat="46.2755774" lon="12.3617009"/>
    <nd ref="402808410" lat="46.2755836" lon="12.3618864"/>
    <nd ref="10114111817" lat="46.2756088" lon="12.3619880"/>
    <nd ref="10114111816" lat="46.2756093" lon="12.3620958"/>
    <nd ref="402808408" lat="46.2756606" lon="12.3623605"/>
    <nd ref="402808406" lat="46.2756445" lon="12.3624386"/>
    <nd ref="10114111815" lat="46.2756458" lon="12.3625289"/>
    <nd ref="402808403" lat="46.2755906" lon="12.3627617"/>
    <nd ref="10114111814" lat="46.2755818" lon="12.3628829"/>
    <nd ref="402808401" lat="46.2755893" lon="12.3629390"/>
    <nd ref="10114111813" lat="46.2756248" lon="12.3629686"/>
    <nd ref="10114111812" lat="46.2756563" lon="12.3629871"/>
    <nd ref="402808048" lat="46.2756841" lon="12.3629980"/>
    <tag k="highway" v="path"/>
    <tag k="sac_scale" v="hiking"/>
  </way>
</new>
</action>
<action type="modify">
<old>
  <way id="264885257" version="9" timestamp="2022-05-05T16:54:42Z" changeset="120598114" uid="3538539" user="micheleOSM3">
    <bounds minlat="46.4341442" minlon="13.4395629" maxlat="46.4342550" maxlon="13.4397054"/>
    <nd ref="4370651737" lat="46.4341442" lon="13.4395629"/>
    <nd ref="4370651738" lat="46.4341682" lon="13.4395914"/>
    <nd ref="4370651739" lat="46.4341756" lon="13.4396250"/>
    <nd ref="4370651740" lat="46.4341895" lon="13.4396504"/>
    <nd ref="4370651741" lat="46.4342135" lon="13.4396987"/>
    <nd ref="4370651742" lat="46.4342301" lon="13.4397054"/>
    <nd ref="4370651743" lat="46.4342550" lon="13.4396808"/>
    <tag k="highway" v="path"/>
    <tag k="visibility" v="good"/>
    <tag k="assisted_trail" v="yes"/>
    <tag k="sac_scale" v="demanding_mountain_hiking"/>
    <tag k="surface" v="ground"/>
  </way>
</old>
<new>
  <way id="264885257" version="10" timestamp="2026-10-01T04:02:11Z" changeset="189801744" uid="3538539" user="micheleOSM3">
    <bounds minlat="46.4341169" minlon="13.4391696" maxlat="46.4344113" maxlon="13.4395790"/>
    <nd ref="4370651737" lat="46.4341169" lon="13.4395790"/>
    <nd ref="14237653202" lat="46.4341174" lon="13.4395080"/>
    <nd ref="14237653201" lat="46.4341345" lon="13.4394242"/>
    <nd ref="4370651738" lat="46.4341737" lon="13.4393487"/>
    <nd ref="4370651739" lat="46.4342458" lon="13.4393085"/>
    <nd ref="4370651740" lat="46.4343027" lon="13.4392333"/>
    <nd ref="4370651741" lat="46.4343725" lon="13.4391703"/>
    <nd ref="4370651742" lat="46.4344113" lon="13.4391696"/>
    <tag k="assisted_trail" v="yes"/>
    <tag k="highway" v="via_ferrata"/>
    <tag k="sac_scale" v="demanding_mountain_hiking"/>
    <tag k="surface" v="ground"/>
    <tag k="via_ferrata_scale" v="3"/>
    <tag k="visibility" v="good"/>
  </way>
</new>
</action>
<action type="modify">
<old>
  <way id="264885258" version="6" timestamp="2022-06-09T10:14:04Z" changeset="122157327" uid="1852425" user="Luca3">
    <bounds minlat="46.4336219" minlon="13.4397019" maxlat="46.4339034" maxlon="13.4398149"/>
    <nd ref="402900085" lat="46.4336219" lon="13.4397869"/>
    <nd ref="2705372833" lat="46.4336950" lon="13.4397739"/>
    <nd ref="2705372834" lat="46.4337468" lon="13.4398149"/>
    <nd ref="2705372835" lat="46.4337746" lon="13.4397866"/>
    <nd ref="2705372836" lat="46.4337958" lon="13.4397625"/>
    <nd ref="2705372837" lat="46.4338443" lon="13.4397621"/>
    <nd ref="2705372838" lat="46.4338843" lon="13.4397061"/>
    <nd ref="2705385290" lat="46.4338910" lon="13.4397019"/>
    <nd ref="2705372839" lat="46.4339034" lon="13.4397040"/>
    <tag k="highway" v="path"/>
    <tag k="sac_scale" v="demanding_mountain_hiking"/>
    <tag k="surface" v="ground"/>
  </way>
</old>
<new>
  <way id="264885258" version="7" timestamp="2026-10-01T04:02:11Z" changeset="189801744" uid="3538539" user="micheleOSM3">
    <bounds minlat="46.4336219" minlon="13.4396554" maxlat="46.4338436" maxlon="13.4398149"/>
    <nd ref="402900085" lat="46.4336219" lon="13.4397869"/>
    <nd ref="2705372833" lat="46.4336950" lon="13.4397739"/>
    <nd ref="2705372834" lat="46.4337468" lon="13.4398149"/>
    <nd ref="2705372835" lat="46.4337746" lon="13.4397866"/>
    <nd ref="2705372836" lat="46.4337958" lon="13.4397625"/>
    <nd ref="2705372837" lat="46.4338355" lon="13.4397574"/>
    <nd ref="14237653203" lat="46.4338434" lon="13.4397246"/>
    <nd ref="2705372838" lat="46.4338436" lon="13.4396907"/>
    <nd ref="2705372839" lat="46.4338385" lon="13.4396554"/>
    <tag k="highway" v="path"/>
    <tag k="sac_scale" v="demanding_mountain_hiking"/>
    <tag k="surface" v="ground"/>
  </way>
</new>
</action>
<action type="create">
  <way id="362086079" version="14" timestamp="2026-08-15T05:22:11Z" changeset="187471539" uid="3538539" user="micheleOSM3">
    <bounds minlat="46.4320518" minlon="13.4371761" maxlat="46.4322326" maxlon="13.4402979"/>
    <nd ref="402899700" lat="46.4320518" lon="13.4371761"/>
    <nd ref="402899702" lat="46.4320743" lon="13.4371859"/>
    <nd ref="402899706" lat="46.4320880" lon="13.4372715"/>
    <nd ref="402899718" lat="46.4320839" lon="13.4374010"/>
    <nd ref="402899727" lat="46.4321615" lon="13.4375035"/>
    <nd ref="402899729" lat="46.4321864" lon="13.4375672"/>
    <nd ref="402899741" lat="46.4321787" lon="13.4379422"/>
    <nd ref="4365124246" lat="46.4321479" lon="13.4383354"/>
    <nd ref="402899749" lat="46.4321332" lon="13.4385782"/>
    <nd ref="4370651697" lat="46.4321605" lon="13.4387241"/>
    <nd ref="402899767" lat="46.4321553" lon="13.4390703"/>
    <nd ref="4370651704" lat="46.4321974" lon="13.4391888"/>
    <nd ref="402899777" lat="46.4322316" lon="13.4392666"/>
    <nd ref="4370651706" lat="46.4322326" lon="13.4393604"/>
    <nd ref="402899799" lat="46.4322053" lon="13.4394288"/>
    <nd ref="4370651703" lat="46.4321942" lon="13.4395582"/>
    <nd ref="4370651698" lat="46.4321646" lon="13.4396414"/>
    <nd ref="4370651700" lat="46.4321757" lon="13.4397219"/>
    <nd ref="4370651701" lat="46.4321776" lon="13.4398533"/>
    <nd ref="4370651702" lat="46.4321794" lon="13.4399016"/>
    <nd ref="4370651695" lat="46.4321387" lon="13.4399928"/>
    <nd ref="4370651696" lat="46.4321461" lon="13.4400759"/>
    <nd ref="4370651699" lat="46.4321646" lon="13.4402020"/>
    <nd ref="402899802" lat="46.4321868" lon="13.4402979"/>
    <tag k="highway" v="path"/>
    <tag k="sac_scale" v="alpine_hiking"/>
    <tag k="surface" v="ground"/>
    <tag k="trail_visibility" v="good"/>
    <tag k="trailblazed" v="yes"/>
  </way>
</action>
<action type="modify">
<old>
  <way id="401251802" version="2" timestamp="2026-03-29T21:28:25Z" changeset="180604233" uid="1870749" user="gebux">
    <bounds minlat="46.4405489" minlon="13.2135729" maxlat="46.4410378" maxlon="13.2139847"/>
    <nd ref="4036863448" lat="46.4410378" lon="13.2139847"/>
    <nd ref="4036863479" lat="46.4409881" lon="13.2139630"/>
    <nd ref="4036863480" lat="46.4408795" lon="13.2137114"/>
    <nd ref="13689684125" lat="46.4408328" lon="13.2136581"/>
    <nd ref="4036863481" lat="46.4407411" lon="13.2136749"/>
    <nd ref="4036863482" lat="46.4406228" lon="13.2136105"/>
    <nd ref="4036863483" lat="46.4405489" lon="13.2135729"/>
    <tag k="highway" v="path"/>
    <tag k="sac_scale" v="hiking"/>
    <tag k="trail_visibility" v="excellent"/>
  </way>
</old>
<new>
  <way id="401251802" version="3" timestamp="2026-10-01T10:56:36Z" changeset="189816579" uid="3538539" user="micheleOSM3">
    <bounds minlat="46.4408328" minlon="13.2136581" maxlat="46.4410378" maxlon="13.2139847"/>
    <nd ref="4036863448" lat="46.4410378" lon="13.2139847"/>
    <nd ref="4036863479" lat="46.4409881" lon="13.2139630"/>
    <nd ref="4036863480" lat="46.4408795" lon="13.2137114"/>
    <nd ref="13689684125" lat="46.4408328" lon="13.2136581"/>
    <tag k="highway" v="path"/>
    <tag k="sac_scale" v="hiking"/>
    <tag k="trail_visibility" v="excellent"/>
  </way>
</new>
</action>
<action type="modify">
<old>
  <way id="439446850" version="15" timestamp="2026-06-18T00:06:46Z" changeset="184249351" uid="3538539" user="micheleOSM3">
    <bounds minlat="46.4339034" minlon="13.4395629" maxlat="46.4341442" maxlon="13.4397040"/>
    <nd ref="2705372839" lat="46.4339034" lon="13.4397040"/>
    <nd ref="402897142" lat="46.4339219" lon="13.4396459"/>
    <nd ref="402897145" lat="46.4339677" lon="13.4396232"/>
    <nd ref="402897148" lat="46.4340241" lon="13.4396020"/>
    <nd ref="4370651737" lat="46.4341442" lon="13.4395629"/>
    <tag k="assisted_trail" v="yes"/>
    <tag k="highway" v="via_ferrata"/>
    <tag k="ladder" v="yes"/>
    <tag k="material" v="metal"/>
    <tag k="name" v="Scala Pipan"/>
    <tag k="name:en" v="Pipan's Ladder"/>
    <tag k="name:sl" v="Pipanova lestev"/>
    <tag k="sac_scale" v="difficult_alpine_hiking"/>
    <tag k="surface" v="metal"/>
    <tag k="via_ferrata_scale" v="3"/>
  </way>
</old>
<new>
  <way id="439446850" version="16" timestamp="2026-10-01T04:02:11Z" changeset="189801744" uid="3538539" user="micheleOSM3">
    <bounds minlat="46.4338385" minlon="13.4395790" maxlat="46.4341169" maxlon="13.4396554"/>
    <nd ref="2705372839" lat="46.4338385" lon="13.4396554"/>
    <nd ref="14237631599" lat="46.4338887" lon="13.4396388"/>
    <nd ref="14237631600" lat="46.4339018" lon="13.4396156"/>
    <nd ref="402897142" lat="46.4339256" lon="13.4396224"/>
    <nd ref="402897145" lat="46.4339682" lon="13.4396152"/>
    <nd ref="402897148" lat="46.4340241" lon="13.4396020"/>
    <nd ref="4370651737" lat="46.4341169" lon="13.4395790"/>
    <tag k="assisted_trail" v="yes"/>
    <tag k="highway" v="via_ferrata"/>
    <tag k="ladder" v="yes"/>
    <tag k="material" v="metal"/>
    <tag k="name" v="Scala Pipan"/>
    <tag k="name:en" v="Pipan's Ladder"/>
    <tag k="name:sl" v="Pipanova lestev"/>
    <tag k="sac_scale" v="difficult_alpine_hiking"/>
    <tag k="surface" v="metal"/>
    <tag k="via_ferrata_scale" v="3"/>
  </way>
</new>
</action>
<action type="modify">
<old>
  <way id="695492881" version="3" timestamp="2022-09-02T12:45:58Z" changeset="125697742" uid="2360444" user="rikmede">
    <bounds minlat="46.2864025" minlon="12.3544390" maxlat="46.2877032" maxlon="12.3586659"/>
    <nd ref="403198989" lat="46.2865252" lon="12.3544390"/>
    <nd ref="6530373146" lat="46.2865151" lon="12.3545285"/>
    <nd ref="6530373147" lat="46.2865187" lon="12.3546003"/>
    <nd ref="6530373148" lat="46.2865196" lon="12.3546991"/>
    <nd ref="6530373149" lat="46.2865301" lon="12.3548762"/>
    <nd ref="6530373150" lat="46.2865220" lon="12.3550980"/>
    <nd ref="6530373151" lat="46.2865010" lon="12.3553572"/>
    <nd ref="6530373152" lat="46.2864917" lon="12.3554240"/>
    <nd ref="9994946659" lat="46.2864288" lon="12.3555353"/>
    <nd ref="6530373153" lat="46.2864188" lon="12.3557209"/>
    <nd ref="6530373154" lat="46.2864025" lon="12.3560516"/>
    <nd ref="6530373155" lat="46.2864139" lon="12.3563519"/>
    <nd ref="6530373156" lat="46.2864284" lon="12.3565107"/>
    <nd ref="6530373157" lat="46.2864802" lon="12.3567151"/>
    <nd ref="6530373158" lat="46.2865371" lon="12.3568593"/>
    <nd ref="6530373159" lat="46.2865832" lon="12.3570566"/>
    <nd ref="6530373160" lat="46.2866362" lon="12.3572480"/>
    <nd ref="6530373161" lat="46.2867249" lon="12.3573317"/>
    <nd ref="6530373162" lat="46.2867863" lon="12.3573835"/>
    <nd ref="6530373163" lat="46.2868818" lon="12.3575984"/>
    <nd ref="6530373164" lat="46.2869256" lon="12.3577504"/>
    <nd ref="6530373165" lat="46.2869753" lon="12.3579524"/>
    <nd ref="6530373166" lat="46.2870111" lon="12.3580832"/>
    <nd ref="9968350389" lat="46.2870492" lon="12.3581533"/>
    <nd ref="6530373167" lat="46.2871218" lon="12.3582288"/>
    <nd ref="6530373168" lat="46.2871869" lon="12.3582578"/>
    <nd ref="6530373169" lat="46.2872949" lon="12.3582441"/>
    <nd ref="6530373170" lat="46.2873393" lon="12.3582409"/>
    <nd ref="6530373171" lat="46.2874142" lon="12.3582600"/>
    <nd ref="6530373172" lat="46.2874651" lon="12.3583212"/>
    <nd ref="6530373173" lat="46.2875298" lon="12.3584284"/>
    <nd ref="6530373174" lat="46.2875691" lon="12.3584975"/>
    <nd ref="6530373175" lat="46.2876301" lon="12.3585734"/>
    <nd ref="6530373176" lat="46.2876666" lon="12.3586160"/>
    <nd ref="6530373177" lat="46.2877032" lon="12.3586659"/>
    <tag k="highway" v="path"/>
    <tag k="sac_scale" v="mountain_hiking"/>
    <tag k="surface" v="ground"/>
  </way>
</old>
<new>
  <way id="695492881" version="4" timestamp="2026-10-01T09:42:58Z" changeset="189812875" uid="188429" user="gpstracks">
    <bounds minlat="46.2864025" minlon="12.3544390" maxlat="46.2877241" maxlon="12.3586644"/>
    <nd ref="403198989" lat="46.2865252" lon="12.3544390"/>
    <nd ref="6530373146" lat="46.2865151" lon="12.3545285"/>
    <nd ref="6530373147" lat="46.2865187" lon="12.3546003"/>
    <nd ref="6530373148" lat="46.2865196" lon="12.3546991"/>
    <nd ref="6530373149" lat="46.2865301" lon="12.3548762"/>
    <nd ref="6530373150" lat="46.2865220" lon="12.3550980"/>
    <nd ref="6530373151" lat="46.2865010" lon="12.3553572"/>
    <nd ref="6530373152" lat="46.2864917" lon="12.3554240"/>
    <nd ref="9994946659" lat="46.2864288" lon="12.3555353"/>
    <nd ref="6530373153" lat="46.2864188" lon="12.3557209"/>
    <nd ref="6530373154" lat="46.2864025" lon="12.3560516"/>
    <nd ref="6530373155" lat="46.2864139" lon="12.3563519"/>
    <nd ref="6530373156" lat="46.2864284" lon="12.3565107"/>
    <nd ref="6530373157" lat="46.2864802" lon="12.3567151"/>
    <nd ref="6530373158" lat="46.2865371" lon="12.3568593"/>
    <nd ref="6530373159" lat="46.2865832" lon="12.3570566"/>
    <nd ref="6530373160" lat="46.2866362" lon="12.3572480"/>
    <nd ref="6530373161" lat="46.2867249" lon="12.3573317"/>
    <nd ref="6530373162" lat="46.2867863" lon="12.3573835"/>
    <nd ref="6530373163" lat="46.2868818" lon="12.3575984"/>
    <nd ref="6530373164" lat="46.2869256" lon="12.3577504"/>
    <nd ref="6530373165" lat="46.2869753" lon="12.3579524"/>
    <nd ref="6530373166" lat="46.2870111" lon="12.3580832"/>
    <nd ref="9968350389" lat="46.2870492" lon="12.3581533"/>
    <nd ref="6530373167" lat="46.2871218" lon="12.3582288"/>
    <nd ref="6530373168" lat="46.2871869" lon="12.3582578"/>
    <nd ref="6530373169" lat="46.2872949" lon="12.3582441"/>
    <nd ref="6530373170" lat="46.2873393" lon="12.3582409"/>
    <nd ref="6530373171" lat="46.2874142" lon="12.3582600"/>
    <nd ref="6530373172" lat="46.2874651" lon="12.3583212"/>
    <nd ref="6530373173" lat="46.2875340" lon="12.3584141"/>
    <nd ref="6530373174" lat="46.2875874" lon="12.3584786"/>
    <nd ref="6530373175" lat="46.2876536" lon="12.3585198"/>
    <nd ref="14238574468" lat="46.2876945" lon="12.3585634"/>
    <nd ref="6530373176" lat="46.2877063" lon="12.3586122"/>
    <nd ref="6530373177" lat="46.2877241" lon="12.3586644"/>
    <tag k="highway" v="path"/>
    <tag k="sac_scale" v="mountain_hiking"/>
    <tag k="surface" v="ground"/>
  </way>
</new>
</action>
<action type="create">
  <way id="695492882" version="2" timestamp="2026-10-01T09:42:58Z" changeset="189812875" uid="188429" user="gpstracks">
    <bounds minlat="46.2888151" minlon="12.3490366" maxlat="46.2916220" maxlon="12.3532677"/>
    <nd ref="403198688" lat="46.2916160" lon="12.3490366"/>
    <nd ref="6530405239" lat="46.2916213" lon="12.3490527"/>
    <nd ref="6530405238" lat="46.2916205" lon="12.3490871"/>
    <nd ref="6530405237" lat="46.2916220" lon="12.3491369"/>
    <nd ref="6530405236" lat="46.2915688" lon="12.3492502"/>
    <nd ref="14238574522" lat="46.2915406" lon="12.3493159"/>
    <nd ref="14238574521" lat="46.2915057" lon="12.3493264"/>
    <nd ref="6530405235" lat="46.2914522" lon="12.3493794"/>
    <nd ref="6530405234" lat="46.2913595" lon="12.3494770"/>
    <nd ref="6530405233" lat="46.2912640" lon="12.3495563"/>
    <nd ref="6530405232" lat="46.2912050" lon="12.3496599"/>
    <nd ref="6530405231" lat="46.2911896" lon="12.3497494"/>
    <nd ref="6530405230" lat="46.2911604" lon="12.3500408"/>
    <nd ref="14238574529" lat="46.2911350" lon="12.3501283"/>
    <nd ref="6530405229" lat="46.2911022" lon="12.3500691"/>
    <nd ref="14238574530" lat="46.2910893" lon="12.3500548"/>
    <nd ref="6530405228" lat="46.2910558" lon="12.3501198"/>
    <nd ref="6530405227" lat="46.2910085" lon="12.3502246"/>
    <nd ref="6530405226" lat="46.2909367" lon="12.3503368"/>
    <nd ref="6530405225" lat="46.2908651" lon="12.3504690"/>
    <nd ref="6530405224" lat="46.2907793" lon="12.3506761"/>
    <nd ref="14238574531" lat="46.2907054" lon="12.3507895"/>
    <nd ref="6530405223" lat="46.2906832" lon="12.3508362"/>
    <nd ref="14238574532" lat="46.2906358" lon="12.3510021"/>
    <nd ref="14238574535" lat="46.2905991" lon="12.3510456"/>
    <nd ref="14238574534" lat="46.2905636" lon="12.3511530"/>
    <nd ref="6530405222" lat="46.2905661" lon="12.3512162"/>
    <nd ref="14238574533" lat="46.2905361" lon="12.3512691"/>
    <nd ref="6530405221" lat="46.2905124" lon="12.3513530"/>
    <nd ref="6530405220" lat="46.2904645" lon="12.3515354"/>
    <nd ref="14238574536" lat="46.2904051" lon="12.3516624"/>
    <nd ref="6530405219" lat="46.2903974" lon="12.3517511"/>
    <nd ref="6530405218" lat="46.2903314" lon="12.3520006"/>
    <nd ref="6530405217" lat="46.2902622" lon="12.3521516"/>
    <nd ref="14238574537" lat="46.2902227" lon="12.3522225"/>
    <nd ref="6530405216" lat="46.2901537" lon="12.3523710"/>
    <nd ref="6530405215" lat="46.2901307" lon="12.3524234"/>
    <nd ref="6530405214" lat="46.2900724" lon="12.3524834"/>
    <nd ref="6530405213" lat="46.2900268" lon="12.3525243"/>
    <nd ref="6530405212" lat="46.2899408" lon="12.3526304"/>
    <nd ref="6530405211" lat="46.2898556" lon="12.3527366"/>
    <nd ref="6530405210" lat="46.2897602" lon="12.3528711"/>
    <nd ref="6530405209" lat="46.2896696" lon="12.3529465"/>
    <nd ref="6530405208" lat="46.2895934" lon="12.3530840"/>
    <nd ref="6530405207" lat="46.2895462" lon="12.3531678"/>
    <nd ref="6530405206" lat="46.2894903" lon="12.3532266"/>
    <nd ref="6530405205" lat="46.2894542" lon="12.3532508"/>
    <nd ref="6530405204" lat="46.2894040" lon="12.3532677"/>
    <nd ref="14238574538" lat="46.2893963" lon="12.3532428"/>
    <nd ref="14238574539" lat="46.2894034" lon="12.3532214"/>
    <nd ref="6530405203" lat="46.2894161" lon="12.3531810"/>
    <nd ref="6530405202" lat="46.2894471" lon="12.3530575"/>
    <nd ref="6530405201" lat="46.2894532" lon="12.3529870"/>
    <nd ref="6530405200" lat="46.2894593" lon="12.3528708"/>
    <nd ref="6530405199" lat="46.2894654" lon="12.3527863"/>
    <nd ref="6530405198" lat="46.2894761" lon="12.3526988"/>
    <nd ref="14238574540" lat="46.2894989" lon="12.3526371"/>
    <nd ref="6530405197" lat="46.2895279" lon="12.3525577"/>
    <nd ref="14238574541" lat="46.2895553" lon="12.3525297"/>
    <nd ref="6530405196" lat="46.2895633" lon="12.3524712"/>
    <nd ref="6530405195" lat="46.2896086" lon="12.3522897"/>
    <nd ref="14238574542" lat="46.2896203" lon="12.3522629"/>
    <nd ref="14238574543" lat="46.2896188" lon="12.3522166"/>
    <nd ref="6530405194" lat="46.2896046" lon="12.3522034"/>
    <nd ref="14238574544" lat="46.2895660" lon="12.3522078"/>
    <nd ref="14238574545" lat="46.2895690" lon="12.3521747"/>
    <nd ref="14238574546" lat="46.2895695" lon="12.3521130"/>
    <nd ref="6530405193" lat="46.2895619" lon="12.3520248"/>
    <nd ref="6530405192" lat="46.2895567" lon="12.3519196"/>
    <nd ref="6530405191" lat="46.2895344" lon="12.3518042"/>
    <nd ref="6530405190" lat="46.2894984" lon="12.3516646"/>
    <nd ref="14238574547" lat="46.2894928" lon="12.3516146"/>
    <nd ref="6530405189" lat="46.2894751" lon="12.3515800"/>
    <nd ref="14238574548" lat="46.2894664" lon="12.3515323"/>
    <nd ref="14238574549" lat="46.2894354" lon="12.3514852"/>
    <nd ref="6530405188" lat="46.2894034" lon="12.3514889"/>
    <nd ref="14238574550" lat="46.2893526" lon="12.3515065"/>
    <nd ref="6530405187" lat="46.2893120" lon="12.3515628"/>
    <nd ref="6530405186" lat="46.2892657" lon="12.3516540"/>
    <nd ref="14238574551" lat="46.2892323" lon="12.3516910"/>
    <nd ref="6530405185" lat="46.2892212" lon="12.3517908"/>
    <nd ref="6530373184" lat="46.2891990" lon="12.3519008"/>
    <nd ref="14238574552" lat="46.2891596" lon="12.3519726"/>
    <nd ref="6530373183" lat="46.2891471" lon="12.3519786"/>
    <nd ref="14238574553" lat="46.2891236" lon="12.3520159"/>
    <nd ref="6530373182" lat="46.2891156" lon="12.3520483"/>
    <nd ref="6530373181" lat="46.2890646" lon="12.3521416"/>
    <nd ref="14238574554" lat="46.2890189" lon="12.3521637"/>
    <nd ref="14238574555" lat="46.2889742" lon="12.3521615"/>
    <nd ref="14238574556" lat="46.2889600" lon="12.3521703"/>
    <nd ref="6530373180" lat="46.2889438" lon="12.3521938"/>
    <nd ref="14238574557" lat="46.2889077" lon="12.3522578"/>
    <nd ref="6530373179" lat="46.2888857" lon="12.3522629"/>
    <nd ref="6530373178" lat="46.2888151" lon="12.3522236"/>
    <tag k="highway" v="path"/>
    <tag k="sac_scale" v="mountain_hiking"/>
    <tag k="surface" v="ground"/>
  </way>
</action>
<action type="create">
  <way id="847601976" version="10" timestamp="2026-08-15T05:22:11Z" changeset="187471539" uid="3538539" user="micheleOSM3">
    <bounds minlat="46.4346317" minlon="13.4350807" maxlat="46.4355301" maxlon="13.4379670"/>
    <nd ref="13893647408" lat="46.4346501" lon="13.4379670"/>
    <nd ref="4370651774" lat="46.4346474" lon="13.4379556"/>
    <nd ref="4370651772" lat="46.4346317" lon="13.4379020"/>
    <nd ref="4370651773" lat="46.4346400" lon="13.4378497"/>
    <nd ref="4370651775" lat="46.4346567" lon="13.4378094"/>
    <nd ref="402900253" lat="46.4346724" lon="13.4377692"/>
    <nd ref="4370651778" lat="46.4346779" lon="13.4376901"/>
    <nd ref="4370651777" lat="46.4346770" lon="13.4376270"/>
    <nd ref="4370651779" lat="46.4346890" lon="13.4375868"/>
    <nd ref="4365124248" lat="46.4347057" lon="13.4375640"/>
    <nd ref="4370651780" lat="46.4347315" lon="13.4375090"/>
    <nd ref="4370651781" lat="46.4347445" lon="13.4374728"/>
    <nd ref="402900271" lat="46.4347509" lon="13.4374084"/>
    <nd ref="4370651782" lat="46.4347648" lon="13.4373749"/>
    <nd ref="4370651783" lat="46.4347972" lon="13.4373468"/>
    <nd ref="4370651784" lat="46.4348230" lon="13.4373307"/>
    <nd ref="4370651785" lat="46.4348424" lon="13.4372918"/>
    <nd ref="402900282" lat="46.4348803" lon="13.4372717"/>
    <nd ref="4370651786" lat="46.4349330" lon="13.4372220"/>
    <nd ref="402900294" lat="46.4349900" lon="13.4371410"/>
    <nd ref="4370651787" lat="46.4350033" lon="13.4370960"/>
    <nd ref="4370651788" lat="46.4350107" lon="13.4369954"/>
    <nd ref="402900304" lat="46.4350268" lon="13.4369374"/>
    <nd ref="4370651789" lat="46.4350333" lon="13.4369129"/>
    <nd ref="4370651790" lat="46.4350467" lon="13.4368583"/>
    <nd ref="402900311" lat="46.4350467" lon="13.4367721"/>
    <nd ref="402900316" lat="46.4350583" lon="13.4366940"/>
    <nd ref="402900319" lat="46.4350906" lon="13.4366286"/>
    <nd ref="402900332" lat="46.4351696" lon="13.4364963"/>
    <nd ref="402900333" lat="46.4351931" lon="13.4364316"/>
    <nd ref="4370651793" lat="46.4352078" lon="13.4363701"/>
    <nd ref="4370651791" lat="46.4351985" lon="13.4363228"/>
    <nd ref="402900340" lat="46.4352023" lon="13.4362183"/>
    <nd ref="4370651792" lat="46.4352059" lon="13.4361864"/>
    <nd ref="4370651794" lat="46.4352138" lon="13.4361508"/>
    <nd ref="4370651795" lat="46.4352256" lon="13.4361190"/>
    <nd ref="4370651796" lat="46.4352302" lon="13.4360687"/>
    <nd ref="402900354" lat="46.4352434" lon="13.4359038"/>
    <nd ref="402900375" lat="46.4353474" lon="13.4356890"/>
    <nd ref="4370651800" lat="46.4353582" lon="13.4356529"/>
    <nd ref="4370651799" lat="46.4353577" lon="13.4355986"/>
    <nd ref="4370651798" lat="46.4353476" lon="13.4355644"/>
    <nd ref="4365124249" lat="46.4353397" lon="13.4355175"/>
    <nd ref="4365124250" lat="46.4353657" lon="13.4354575"/>
    <nd ref="4370651802" lat="46.4353746" lon="13.4354216"/>
    <nd ref="402900409" lat="46.4353677" lon="13.4353653"/>
    <nd ref="402900413" lat="46.4354253" lon="13.4352595"/>
    <nd ref="4365124251" lat="46.4354585" lon="13.4351809"/>
    <nd ref="13683405034" lat="46.4355301" lon="13.4350807"/>
    <tag k="highway" v="path"/>
    <tag k="sac_scale" v="alpine_hiking"/>
    <tag k="surface" v="ground"/>
    <tag k="trail_visibility" v="intermediate"/>
    <tag k="trailblazed" v="yes"/>
  </way>
</action>
<action type="modify">
<old>
  <way id="857362076" version="4" timestamp="2022-10-19T12:52:37Z" changeset="127781569" uid="2360444" user="rikmede">
    <bounds minlat="46.2755893" minlon="12.3621041" maxlat="46.2777148" maxlon="12.3633977"/>
    <nd ref="402808401" lat="46.2755893" lon="12.3629390"/>
    <nd ref="10114111813" lat="46.2756248" lon="12.3629686"/>
    <nd ref="10114111812" lat="46.2756563" lon="12.3629871"/>
    <nd ref="402808048" lat="46.2756835" lon="12.3629971"/>
    <nd ref="10114111811" lat="46.2756900" lon="12.3629845"/>
    <nd ref="10114111810" lat="46.2756490" lon="12.3628988"/>
    <nd ref="10114111809" lat="46.2757030" lon="12.3627150"/>
    <nd ref="402808029" lat="46.2757952" lon="12.3625693"/>
    <nd ref="10114111808" lat="46.2758397" lon="12.3625062"/>
    <nd ref="10114111807" lat="46.2758876" lon="12.3624620"/>
    <nd ref="10114111806" lat="46.2759183" lon="12.3623613"/>
    <nd ref="402808026" lat="46.2759576" lon="12.3622348"/>
    <nd ref="10114111805" lat="46.2759917" lon="12.3621041"/>
    <nd ref="402808023" lat="46.2760190" lon="12.3621285"/>
    <nd ref="402808018" lat="46.2760254" lon="12.3622317"/>
    <nd ref="10114111804" lat="46.2760613" lon="12.3622533"/>
    <nd ref="402808011" lat="46.2763311" lon="12.3622694"/>
    <nd ref="402808009" lat="46.2764620" lon="12.3623461"/>
    <nd ref="402808006" lat="46.2765770" lon="12.3624124"/>
    <nd ref="402808002" lat="46.2766961" lon="12.3624749"/>
    <nd ref="10114111802" lat="46.2767721" lon="12.3625053"/>
    <nd ref="10114111801" lat="46.2768325" lon="12.3625425"/>
    <nd ref="10114111800" lat="46.2768820" lon="12.3626278"/>
    <nd ref="10114111799" lat="46.2769180" lon="12.3626967"/>
    <nd ref="10114111798" lat="46.2769522" lon="12.3628038"/>
    <nd ref="10114111797" lat="46.2769728" lon="12.3628924"/>
    <nd ref="10114111796" lat="46.2770172" lon="12.3629838"/>
    <nd ref="10114111795" lat="46.2770922" lon="12.3630813"/>
    <nd ref="10114111794" lat="46.2771678" lon="12.3631482"/>
    <nd ref="10114111793" lat="46.2772941" lon="12.3632337"/>
    <nd ref="10114111792" lat="46.2773528" lon="12.3632557"/>
    <nd ref="10114111791" lat="46.2773775" lon="12.3632946"/>
    <nd ref="10114111790" lat="46.2773910" lon="12.3633607"/>
    <nd ref="10114111789" lat="46.2774143" lon="12.3633977"/>
    <nd ref="10114111788" lat="46.2774432" lon="12.3633887"/>
    <nd ref="10114111787" lat="46.2774607" lon="12.3633440"/>
    <nd ref="10114111786" lat="46.2774780" lon="12.3632916"/>
    <nd ref="10114111785" lat="46.2775076" lon="12.3632559"/>
    <nd ref="10114111784" lat="46.2775592" lon="12.3632572"/>
    <nd ref="10114111783" lat="46.2776033" lon="12.3632780"/>
    <nd ref="402807953" lat="46.2776724" lon="12.3633378"/>
    <nd ref="402807948" lat="46.2777148" lon="12.3633477"/>
    <tag k="highway" v="path"/>
    <tag k="sac_scale" v="unknown"/>
  </way>
</old>
<new>
  <way id="857362076" version="5" timestamp="2026-10-01T09:42:58Z" changeset="189812875" uid="188429" user="gpstracks">
    <bounds minlat="46.2756490" minlon="12.3621041" maxlat="46.2776033" maxlon="12.3633977"/>
    <nd ref="402808048" lat="46.2756841" lon="12.3629980"/>
    <nd ref="10114111811" lat="46.2756900" lon="12.3629845"/>
    <nd ref="10114111810" lat="46.2756490" lon="12.3628988"/>
    <nd ref="10114111809" lat="46.2757030" lon="12.3627150"/>
    <nd ref="402808029" lat="46.2757952" lon="12.3625693"/>
    <nd ref="10114111808" lat="46.2758397" lon="12.3625062"/>
    <nd ref="10114111807" lat="46.2758876" lon="12.3624620"/>
    <nd ref="10114111806" lat="46.2759183" lon="12.3623613"/>
    <nd ref="402808026" lat="46.2759576" lon="12.3622348"/>
    <nd ref="10114111805" lat="46.2759917" lon="12.3621041"/>
    <nd ref="402808023" lat="46.2760190" lon="12.3621285"/>
    <nd ref="402808018" lat="46.2760254" lon="12.3622317"/>
    <nd ref="10114111804" lat="46.2760613" lon="12.3622533"/>
    <nd ref="402808011" lat="46.2763311" lon="12.3622694"/>
    <nd ref="402808009" lat="46.2764620" lon="12.3623461"/>
    <nd ref="402808006" lat="46.2765770" lon="12.3624124"/>
    <nd ref="402808002" lat="46.2766961" lon="12.3624749"/>
    <nd ref="10114111802" lat="46.2767721" lon="12.3625053"/>
    <nd ref="10114111801" lat="46.2768325" lon="12.3625425"/>
    <nd ref="10114111800" lat="46.2768820" lon="12.3626278"/>
    <nd ref="10114111799" lat="46.2769180" lon="12.3626967"/>
    <nd ref="10114111798" lat="46.2769522" lon="12.3628038"/>
    <nd ref="10114111797" lat="46.2769728" lon="12.3628924"/>
    <nd ref="10114111796" lat="46.2770172" lon="12.3629838"/>
    <nd ref="10114111795" lat="46.2770922" lon="12.3630813"/>
    <nd ref="10114111794" lat="46.2771678" lon="12.3631482"/>
    <nd ref="10114111793" lat="46.2772941" lon="12.3632337"/>
    <nd ref="10114111792" lat="46.2773528" lon="12.3632557"/>
    <nd ref="10114111791" lat="46.2773775" lon="12.3632946"/>
    <nd ref="10114111790" lat="46.2773910" lon="12.3633607"/>
    <nd ref="10114111789" lat="46.2774143" lon="12.3633977"/>
    <nd ref="10114111788" lat="46.2774432" lon="12.3633887"/>
    <nd ref="10114111787" lat="46.2774607" lon="12.3633440"/>
    <nd ref="10114111786" lat="46.2774780" lon="12.3632916"/>
    <nd ref="10114111785" lat="46.2775076" lon="12.3632559"/>
    <nd ref="10114111784" lat="46.2775592" lon="12.3632572"/>
    <nd ref="10114111783" lat="46.2776033" lon="12.3632780"/>
    <tag k="highway" v="path"/>
    <tag k="sac_scale" v="unknown"/>
  </way>
</new>
</action>
<action type="modify">
<old>
  <way id="1158444210" version="1" timestamp="2023-03-30T12:39:18Z" changeset="134303186" uid="2815652" user="gion274">
    <bounds minlat="46.2728648" minlon="12.3260048" maxlat="46.2826543" maxlon="12.3328721"/>
    <nd ref="1909980412" lat="46.2728648" lon="12.3320096"/>
    <nd ref="2441438803" lat="46.2728876" lon="12.3320055"/>
    <nd ref="2441438805" lat="46.2729218" lon="12.3320128"/>
    <nd ref="403201052" lat="46.2729705" lon="12.3319916"/>
    <nd ref="403201105" lat="46.2731058" lon="12.3319049"/>
    <nd ref="403201135" lat="46.2731863" lon="12.3318127"/>
    <nd ref="9994951401" lat="46.2733147" lon="12.3316724"/>
    <nd ref="403201214" lat="46.2734508" lon="12.3316008"/>
    <nd ref="9994951400" lat="46.2736304" lon="12.3315825"/>
    <nd ref="403201249" lat="46.2736700" lon="12.3315237"/>
    <nd ref="403201313" lat="46.2737744" lon="12.3313492"/>
    <nd ref="403201347" lat="46.2738620" lon="12.3312774"/>
    <nd ref="9994951399" lat="46.2739777" lon="12.3312353"/>
    <nd ref="403201404" lat="46.2740483" lon="12.3312391"/>
    <nd ref="9994951398" lat="46.2741070" lon="12.3312464"/>
    <nd ref="403201421" lat="46.2741527" lon="12.3312979"/>
    <nd ref="403201474" lat="46.2742103" lon="12.3313910"/>
    <nd ref="403201918" lat="46.2742324" lon="12.3314613"/>
    <nd ref="9994951397" lat="46.2742756" lon="12.3315056"/>
    <nd ref="403201952" lat="46.2743681" lon="12.3315688"/>
    <nd ref="403201977" lat="46.2744389" lon="12.3316259"/>
    <nd ref="403202112" lat="46.2745604" lon="12.3317113"/>
    <nd ref="403202169" lat="46.2747592" lon="12.3318123"/>
    <nd ref="5714061250" lat="46.2748534" lon="12.3318673"/>
    <nd ref="403202256" lat="46.2749735" lon="12.3319843"/>
    <nd ref="403202331" lat="46.2749938" lon="12.3320129"/>
    <nd ref="9994951396" lat="46.2750159" lon="12.3320801"/>
    <nd ref="5714061251" lat="46.2750341" lon="12.3321771"/>
    <nd ref="9994951395" lat="46.2750465" lon="12.3323247"/>
    <nd ref="9994951394" lat="46.2750457" lon="12.3324323"/>
    <nd ref="9994951393" lat="46.2750280" lon="12.3325959"/>
    <nd ref="403200987" lat="46.2750553" lon="12.3328707"/>
    <nd ref="9994951392" lat="46.2750667" lon="12.3328721"/>
    <nd ref="9994951391" lat="46.2751080" lon="12.3328303"/>
    <nd ref="403200990" lat="46.2751326" lon="12.3327988"/>
    <nd ref="5714061252" lat="46.2751590" lon="12.3327732"/>
    <nd ref="5714061253" lat="46.2751775" lon="12.3327568"/>
    <nd ref="5714061254" lat="46.2751887" lon="12.3327470"/>
    <nd ref="9994951390" lat="46.2752279" lon="12.3326986"/>
    <nd ref="9994951389" lat="46.2752647" lon="12.3326638"/>
    <nd ref="9994951388" lat="46.2752948" lon="12.3326585"/>
    <nd ref="403201005" lat="46.2753176" lon="12.3325985"/>
    <nd ref="403201008" lat="46.2753798" lon="12.3325158"/>
    <nd ref="5714061255" lat="46.2754239" lon="12.3324529"/>
    <nd ref="403201011" lat="46.2754476" lon="12.3323844"/>
    <nd ref="9994951387" lat="46.2755021" lon="12.3322696"/>
    <nd ref="403201014" lat="46.2755639" lon="12.3322000"/>
    <nd ref="5714061256" lat="46.2756085" lon="12.3321727"/>
    <nd ref="403201015" lat="46.2756687" lon="12.3321332"/>
    <nd ref="5714061266" lat="46.2756928" lon="12.3320071"/>
    <nd ref="5714061265" lat="46.2757411" lon="12.3319052"/>
    <nd ref="5714061264" lat="46.2757642" lon="12.3318207"/>
    <nd ref="9994951386" lat="46.2757591" lon="12.3317107"/>
    <nd ref="5714061263" lat="46.2757473" lon="12.3316509"/>
    <nd ref="9994951385" lat="46.2757267" lon="12.3316163"/>
    <nd ref="5714061262" lat="46.2756834" lon="12.3315824"/>
    <nd ref="9994951384" lat="46.2756814" lon="12.3315488"/>
    <nd ref="9994951383" lat="46.2757005" lon="12.3315333"/>
    <nd ref="9994951382" lat="46.2757227" lon="12.3315342"/>
    <nd ref="9994951381" lat="46.2757168" lon="12.3315122"/>
    <nd ref="9994951380" lat="46.2756775" lon="12.3314666"/>
    <nd ref="9994951379" lat="46.2756510" lon="12.3314243"/>
    <nd ref="9994951378" lat="46.2756571" lon="12.3314007"/>
    <nd ref="9994951377" lat="46.2756740" lon="12.3313776"/>
    <nd ref="5714061261" lat="46.2756731" lon="12.3312918"/>
    <nd ref="9994951376" lat="46.2756657" lon="12.3312221"/>
    <nd ref="9994951375" lat="46.2756660" lon="12.3311755"/>
    <nd ref="9994951374" lat="46.2756747" lon="12.3311460"/>
    <nd ref="9994951373" lat="46.2756946" lon="12.3311373"/>
    <nd ref="5714061260" lat="46.2757616" lon="12.3311894"/>
    <nd ref="5714061259" lat="46.2757941" lon="12.3311571"/>
    <nd ref="5714061258" lat="46.2757929" lon="12.3309878"/>
    <nd ref="9994951372" lat="46.2758066" lon="12.3309546"/>
    <nd ref="9994951371" lat="46.2758303" lon="12.3309902"/>
    <nd ref="9994951370" lat="46.2758540" lon="12.3310278"/>
    <nd ref="5714061257" lat="46.2758704" lon="12.3310431"/>
    <nd ref="403201018" lat="46.2758691" lon="12.3309947"/>
    <nd ref="9994951369" lat="46.2758878" lon="12.3309797"/>
    <nd ref="9994951368" lat="46.2759044" lon="12.3310021"/>
    <nd ref="9994951367" lat="46.2759280" lon="12.3310039"/>
    <nd ref="9994951366" lat="46.2759341" lon="12.3309774"/>
    <nd ref="403201020" lat="46.2759123" lon="12.3309079"/>
    <nd ref="9994951365" lat="46.2759149" lon="12.3308757"/>
    <nd ref="9994951364" lat="46.2759347" lon="12.3308311"/>
    <nd ref="403201023" lat="46.2759354" lon="12.3307250"/>
    <nd ref="9994951363" lat="46.2759330" lon="12.3306442"/>
    <nd ref="9994951362" lat="46.2759027" lon="12.3304364"/>
    <nd ref="403201031" lat="46.2758921" lon="12.3302889"/>
    <nd ref="9994951361" lat="46.2758913" lon="12.3302102"/>
    <nd ref="9994951360" lat="46.2759079" lon="12.3301125"/>
    <nd ref="403201034" lat="46.2759390" lon="12.3300525"/>
    <nd ref="403202375" lat="46.2759802" lon="12.3300008"/>
    <nd ref="9994951359" lat="46.2760051" lon="12.3299615"/>
    <nd ref="9994951358" lat="46.2760297" lon="12.3298915"/>
    <nd ref="403202381" lat="46.2761269" lon="12.3297967"/>
    <nd ref="403202399" lat="46.2761985" lon="12.3297193"/>
    <nd ref="9994951357" lat="46.2762654" lon="12.3295991"/>
    <nd ref="9994951356" lat="46.2763046" lon="12.3294383"/>
    <nd ref="9994951353" lat="46.2763604" lon="12.3292980"/>
    <nd ref="9994951354" lat="46.2764630" lon="12.3290857"/>
    <nd ref="9994951352" lat="46.2766663" lon="12.3288723"/>
    <nd ref="9994951355" lat="46.2768635" lon="12.3287445"/>
    <nd ref="403202412" lat="46.2769407" lon="12.3285571"/>
    <nd ref="403202417" lat="46.2770120" lon="12.3283894"/>
    <nd ref="403202421" lat="46.2770637" lon="12.3281924"/>
    <nd ref="9994951350" lat="46.2771217" lon="12.3281216"/>
    <nd ref="403202425" lat="46.2772083" lon="12.3279478"/>
    <nd ref="9994951351" lat="46.2773053" lon="12.3278161"/>
    <nd ref="403202428" lat="46.2774293" lon="12.3276955"/>
    <nd ref="403202433" lat="46.2774732" lon="12.3276143"/>
    <nd ref="403202439" lat="46.2775235" lon="12.3275457"/>
    <nd ref="9994951349" lat="46.2776180" lon="12.3274521"/>
    <nd ref="9994951348" lat="46.2776691" lon="12.3273411"/>
    <nd ref="403202443" lat="46.2777776" lon="12.3272109"/>
    <nd ref="9994951347" lat="46.2778579" lon="12.3270819"/>
    <nd ref="403202447" lat="46.2778952" lon="12.3269633"/>
    <nd ref="9994951346" lat="46.2779555" lon="12.3268912"/>
    <nd ref="403202451" lat="46.2780382" lon="12.3268202"/>
    <nd ref="9994951345" lat="46.2781384" lon="12.3266672"/>
    <nd ref="403202454" lat="46.2782956" lon="12.3264965"/>
    <nd ref="403202459" lat="46.2784400" lon="12.3263873"/>
    <nd ref="403202464" lat="46.2784977" lon="12.3263195"/>
    <nd ref="403202471" lat="46.2787106" lon="12.3261758"/>
    <nd ref="403202475" lat="46.2788595" lon="12.3260384"/>
    <nd ref="403202481" lat="46.2790821" lon="12.3260212"/>
    <nd ref="1224636823" lat="46.2792089" lon="12.3260048"/>
    <nd ref="9994951344" lat="46.2793959" lon="12.3260285"/>
    <nd ref="9994951343" lat="46.2794788" lon="12.3260671"/>
    <nd ref="1224661121" lat="46.2795632" lon="12.3261373"/>
    <nd ref="1224627054" lat="46.2796180" lon="12.3262164"/>
    <nd ref="1224634046" lat="46.2797769" lon="12.3263168"/>
    <nd ref="1224649122" lat="46.2798974" lon="12.3264456"/>
    <nd ref="1224624777" lat="46.2800142" lon="12.3265877"/>
    <nd ref="1224629946" lat="46.2801120" lon="12.3267581"/>
    <nd ref="1224630272" lat="46.2802907" lon="12.3269062"/>
    <nd ref="1224621622" lat="46.2805202" lon="12.3269599"/>
    <nd ref="1224654786" lat="46.2806316" lon="12.3270290"/>
    <nd ref="9994951342" lat="46.2808718" lon="12.3270264"/>
    <nd ref="1224664655" lat="46.2809835" lon="12.3270458"/>
    <nd ref="1224645020" lat="46.2810725" lon="12.3270691"/>
    <nd ref="1224660704" lat="46.2812074" lon="12.3271140"/>
    <nd ref="7939110686" lat="46.2813236" lon="12.3271230"/>
    <nd ref="1224640566" lat="46.2815807" lon="12.3271070"/>
    <nd ref="1224652862" lat="46.2817857" lon="12.3270392"/>
    <nd ref="1224663976" lat="46.2818805" lon="12.3269640"/>
    <nd ref="9994951341" lat="46.2820391" lon="12.3268979"/>
    <nd ref="1224642029" lat="46.2823943" lon="12.3268591"/>
    <nd ref="1224635335" lat="46.2825055" lon="12.3268457"/>
    <nd ref="9994951340" lat="46.2825756" lon="12.3268000"/>
    <nd ref="1224657051" lat="46.2826499" lon="12.3268212"/>
    <nd ref="1224669333" lat="46.2826543" lon="12.3268832"/>
    <tag k="highway" v="path"/>
    <tag k="sac_scale" v="mountain_hiking"/>
    <tag k="surface" v="ground"/>
  </way>
</old>
<new>
  <way id="1158444210" version="2" timestamp="2026-10-01T09:42:58Z" changeset="189812875" uid="188429" user="gpstracks">
    <bounds minlat="46.2728648" minlon="12.3260048" maxlat="46.2826543" maxlon="12.3328303"/>
    <nd ref="1909980412" lat="46.2728648" lon="12.3320096"/>
    <nd ref="2441438803" lat="46.2728876" lon="12.3320055"/>
    <nd ref="2441438805" lat="46.2729218" lon="12.3320128"/>
    <nd ref="403201052" lat="46.2729705" lon="12.3319916"/>
    <nd ref="403201105" lat="46.2731058" lon="12.3319049"/>
    <nd ref="403201135" lat="46.2731863" lon="12.3318127"/>
    <nd ref="9994951401" lat="46.2733147" lon="12.3316724"/>
    <nd ref="403201214" lat="46.2734508" lon="12.3316008"/>
    <nd ref="9994951400" lat="46.2736304" lon="12.3315825"/>
    <nd ref="403201249" lat="46.2736700" lon="12.3315237"/>
    <nd ref="14238574356" lat="46.2736828" lon="12.3314474"/>
    <nd ref="14238574355" lat="46.2737156" lon="12.3313960"/>
    <nd ref="403201313" lat="46.2737488" lon="12.3313523"/>
    <nd ref="403201347" lat="46.2738368" lon="12.3312693"/>
    <nd ref="14238574354" lat="46.2738681" lon="12.3312464"/>
    <nd ref="9994951399" lat="46.2739777" lon="12.3312353"/>
    <nd ref="403201404" lat="46.2740483" lon="12.3312391"/>
    <nd ref="9994951398" lat="46.2741070" lon="12.3312464"/>
    <nd ref="403201421" lat="46.2741527" lon="12.3312979"/>
    <nd ref="403201474" lat="46.2742103" lon="12.3313910"/>
    <nd ref="403201918" lat="46.2742324" lon="12.3314613"/>
    <nd ref="9994951397" lat="46.2742756" lon="12.3315056"/>
    <nd ref="403201952" lat="46.2743681" lon="12.3315688"/>
    <nd ref="403201977" lat="46.2744389" lon="12.3316259"/>
    <nd ref="403202112" lat="46.2745604" lon="12.3317113"/>
    <nd ref="403202169" lat="46.2747592" lon="12.3318123"/>
    <nd ref="5714061250" lat="46.2748534" lon="12.3318673"/>
    <nd ref="403202256" lat="46.2749735" lon="12.3319843"/>
    <nd ref="403202331" lat="46.2749938" lon="12.3320129"/>
    <nd ref="9994951396" lat="46.2750159" lon="12.3320801"/>
    <nd ref="5714061251" lat="46.2750634" lon="12.3322054"/>
    <nd ref="9994951395" lat="46.2750724" lon="12.3323158"/>
    <nd ref="9994951394" lat="46.2750457" lon="12.3324323"/>
    <nd ref="9994951393" lat="46.2750543" lon="12.3325823"/>
    <nd ref="403200987" lat="46.2750777" lon="12.3327210"/>
    <nd ref="9994951392" lat="46.2750928" lon="12.3328095"/>
    <nd ref="9994951391" lat="46.2751080" lon="12.3328303"/>
    <nd ref="403200990" lat="46.2751326" lon="12.3327988"/>
    <nd ref="5714061252" lat="46.2751590" lon="12.3327732"/>
    <nd ref="5714061253" lat="46.2751775" lon="12.3327568"/>
    <nd ref="5714061254" lat="46.2751887" lon="12.3327470"/>
    <nd ref="9994951390" lat="46.2752279" lon="12.3326986"/>
    <nd ref="9994951389" lat="46.2752647" lon="12.3326638"/>
    <nd ref="9994951388" lat="46.2752948" lon="12.3326585"/>
    <nd ref="403201005" lat="46.2753176" lon="12.3325985"/>
    <nd ref="403201008" lat="46.2753798" lon="12.3325158"/>
    <nd ref="5714061255" lat="46.2754239" lon="12.3324529"/>
    <nd ref="403201011" lat="46.2754476" lon="12.3323844"/>
    <nd ref="9994951387" lat="46.2755021" lon="12.3322696"/>
    <nd ref="403201014" lat="46.2755639" lon="12.3322000"/>
    <nd ref="5714061256" lat="46.2756085" lon="12.3321727"/>
    <nd ref="403201015" lat="46.2756687" lon="12.3321332"/>
    <nd ref="5714061266" lat="46.2756928" lon="12.3320071"/>
    <nd ref="5714061265" lat="46.2757411" lon="12.3319052"/>
    <nd ref="5714061264" lat="46.2757642" lon="12.3318207"/>
    <nd ref="9994951386" lat="46.2757591" lon="12.3317107"/>
    <nd ref="5714061263" lat="46.2757473" lon="12.3316509"/>
    <nd ref="9994951385" lat="46.2757267" lon="12.3316163"/>
    <nd ref="5714061262" lat="46.2756834" lon="12.3315824"/>
    <nd ref="9994951384" lat="46.2756814" lon="12.3315488"/>
    <nd ref="9994951383" lat="46.2757005" lon="12.3315333"/>
    <nd ref="9994951382" lat="46.2757227" lon="12.3315342"/>
    <nd ref="9994951381" lat="46.2757168" lon="12.3315122"/>
    <nd ref="9994951380" lat="46.2756775" lon="12.3314666"/>
    <nd ref="9994951379" lat="46.2756510" lon="12.3314243"/>
    <nd ref="9994951378" lat="46.2756571" lon="12.3314007"/>
    <nd ref="9994951377" lat="46.2756740" lon="12.3313776"/>
    <nd ref="5714061261" lat="46.2756731" lon="12.3312918"/>
    <nd ref="9994951376" lat="46.2756657" lon="12.3312221"/>
    <nd ref="9994951375" lat="46.2756660" lon="12.3311755"/>
    <nd ref="9994951374" lat="46.2756747" lon="12.3311460"/>
    <nd ref="9994951373" lat="46.2756946" lon="12.3311373"/>
    <nd ref="5714061260" lat="46.2757616" lon="12.3311894"/>
    <nd ref="5714061259" lat="46.2757941" lon="12.3311571"/>
    <nd ref="5714061258" lat="46.2757999" lon="12.3309962"/>
    <nd ref="14238574353" lat="46.2757995" lon="12.3309722"/>
    <nd ref="9994951372" lat="46.2758116" lon="12.3309651"/>
    <nd ref="9994951371" lat="46.2758303" lon="12.3309902"/>
    <nd ref="9994951370" lat="46.2758540" lon="12.3310278"/>
    <nd ref="5714061257" lat="46.2758704" lon="12.3310431"/>
    <nd ref="403201018" lat="46.2758691" lon="12.3309947"/>
    <nd ref="9994951369" lat="46.2758878" lon="12.3309797"/>
    <nd ref="9994951368" lat="46.2759044" lon="12.3310021"/>
    <nd ref="9994951367" lat="46.2759280" lon="12.3310039"/>
    <nd ref="9994951366" lat="46.2759341" lon="12.3309774"/>
    <nd ref="403201020" lat="46.2759123" lon="12.3309079"/>
    <nd ref="9994951365" lat="46.2759149" lon="12.3308757"/>
    <nd ref="9994951364" lat="46.2759347" lon="12.3308311"/>
    <nd ref="403201023" lat="46.2759354" lon="12.3307250"/>
    <nd ref="9994951363" lat="46.2759330" lon="12.3306442"/>
    <nd ref="9994951362" lat="46.2759316" lon="12.3304937"/>
    <nd ref="14238574352" lat="46.2759086" lon="12.3304255"/>
    <nd ref="403201031" lat="46.2758921" lon="12.3302889"/>
    <nd ref="9994951361" lat="46.2758913" lon="12.3302102"/>
    <nd ref="9994951360" lat="46.2759079" lon="12.3301125"/>
    <nd ref="403201034" lat="46.2759390" lon="12.3300525"/>
    <nd ref="403202375" lat="46.2759802" lon="12.3300008"/>
    <nd ref="9994951359" lat="46.2760051" lon="12.3299615"/>
    <nd ref="9994951358" lat="46.2760297" lon="12.3298915"/>
    <nd ref="403202381" lat="46.2761269" lon="12.3297967"/>
    <nd ref="403202399" lat="46.2761985" lon="12.3297193"/>
    <nd ref="9994951357" lat="46.2762654" lon="12.3295991"/>
    <nd ref="9994951356" lat="46.2763046" lon="12.3294383"/>
    <nd ref="9994951353" lat="46.2763604" lon="12.3292980"/>
    <nd ref="9994951354" lat="46.2764630" lon="12.3290857"/>
    <nd ref="9994951352" lat="46.2766663" lon="12.3288723"/>
    <nd ref="9994951355" lat="46.2768635" lon="12.3287445"/>
    <nd ref="403202412" lat="46.2769407" lon="12.3285571"/>
    <nd ref="403202417" lat="46.2770120" lon="12.3283894"/>
    <nd ref="403202421" lat="46.2770637" lon="12.3281924"/>
    <nd ref="9994951350" lat="46.2771217" lon="12.3281216"/>
    <nd ref="403202425" lat="46.2772083" lon="12.3279478"/>
    <nd ref="9994951351" lat="46.2773053" lon="12.3278161"/>
    <nd ref="403202428" lat="46.2774293" lon="12.3276955"/>
    <nd ref="403202433" lat="46.2774732" lon="12.3276143"/>
    <nd ref="403202439" lat="46.2775235" lon="12.3275457"/>
    <nd ref="9994951349" lat="46.2776180" lon="12.3274521"/>
    <nd ref="9994951348" lat="46.2776691" lon="12.3273411"/>
    <nd ref="403202443" lat="46.2777776" lon="12.3272109"/>
    <nd ref="9994951347" lat="46.2778579" lon="12.3270819"/>
    <nd ref="403202447" lat="46.2778952" lon="12.3269633"/>
    <nd ref="9994951346" lat="46.2779555" lon="12.3268912"/>
    <nd ref="403202451" lat="46.2780382" lon="12.3268202"/>
    <nd ref="9994951345" lat="46.2781384" lon="12.3266672"/>
    <nd ref="403202454" lat="46.2782956" lon="12.3264965"/>
    <nd ref="403202459" lat="46.2784400" lon="12.3263873"/>
    <nd ref="403202464" lat="46.2784977" lon="12.3263195"/>
    <nd ref="403202471" lat="46.2787106" lon="12.3261758"/>
    <nd ref="403202475" lat="46.2788595" lon="12.3260384"/>
    <nd ref="403202481" lat="46.2790821" lon="12.3260212"/>
    <nd ref="1224636823" lat="46.2792089" lon="12.3260048"/>
    <nd ref="9994951344" lat="46.2793959" lon="12.3260285"/>
    <nd ref="9994951343" lat="46.2794788" lon="12.3260671"/>
    <nd ref="1224661121" lat="46.2795632" lon="12.3261373"/>
    <nd ref="1224627054" lat="46.2796180" lon="12.3262164"/>
    <nd ref="1224634046" lat="46.2797769" lon="12.3263168"/>
    <nd ref="1224649122" lat="46.2798974" lon="12.3264456"/>
    <nd ref="1224624777" lat="46.2800142" lon="12.3265877"/>
    <nd ref="1224629946" lat="46.2801120" lon="12.3267581"/>
    <nd ref="1224630272" lat="46.2802907" lon="12.3269062"/>
    <nd ref="1224621622" lat="46.2805202" lon="12.3269599"/>
    <nd ref="1224654786" lat="46.2806316" lon="12.3270290"/>
    <nd ref="9994951342" lat="46.2808718" lon="12.3270264"/>
    <nd ref="1224664655" lat="46.2809835" lon="12.3270458"/>
    <nd ref="1224645020" lat="46.2810725" lon="12.3270691"/>
    <nd ref="1224660704" lat="46.2812074" lon="12.3271140"/>
    <nd ref="7939110686" lat="46.2813236" lon="12.3271230"/>
    <nd ref="1224640566" lat="46.2815807" lon="12.3271070"/>
    <nd ref="1224652862" lat="46.2817857" lon="12.3270392"/>
    <nd ref="1224663976" lat="46.2818805" lon="12.3269640"/>
    <nd ref="9994951341" lat="46.2820391" lon="12.3268979"/>
    <nd ref="1224642029" lat="46.2823943" lon="12.3268591"/>
    <nd ref="1224635335" lat="46.2825055" lon="12.3268457"/>
    <nd ref="9994951340" lat="46.2825756" lon="12.3268000"/>
    <nd ref="1224657051" lat="46.2826499" lon="12.3268212"/>
    <nd ref="1224669333" lat="46.2826543" lon="12.3268832"/>
    <tag k="highway" v="path"/>
    <tag k="sac_scale" v="mountain_hiking"/>
    <tag k="surface" v="ground"/>
  </way>
</new>
</action>
<action type="modify">
<old>
  <way id="1158444211" version="2" timestamp="2023-08-21T07:49:29Z" changeset="140166707" uid="19998145" user="FondazioneDolomitiUNESCO">
    <bounds minlat="46.2876062" minlon="12.3435689" maxlat="46.2921026" maxlon="12.3482075"/>
    <nd ref="403198266" lat="46.2876062" lon="12.3435689"/>
    <nd ref="9994951163" lat="46.2876751" lon="12.3436320"/>
    <nd ref="9994951162" lat="46.2877349" lon="12.3436621"/>
    <nd ref="403198257" lat="46.2877620" lon="12.3436876"/>
    <nd ref="9994951161" lat="46.2877886" lon="12.3437486"/>
    <nd ref="9994951160" lat="46.2878866" lon="12.3438582"/>
    <nd ref="403198254" lat="46.2879254" lon="12.3439139"/>
    <nd ref="403198229" lat="46.2879646" lon="12.3439862"/>
    <nd ref="9994951159" lat="46.2880221" lon="12.3440814"/>
    <nd ref="403198219" lat="46.2880622" lon="12.3441818"/>
    <nd ref="9994951158" lat="46.2880983" lon="12.3442095"/>
    <nd ref="9994951157" lat="46.2881343" lon="12.3442572"/>
    <nd ref="9994951156" lat="46.2881798" lon="12.3443616"/>
    <nd ref="403198213" lat="46.2881875" lon="12.3443978"/>
    <nd ref="9994951155" lat="46.2882604" lon="12.3445069"/>
    <nd ref="9994951154" lat="46.2883589" lon="12.3446698"/>
    <nd ref="9994951153" lat="46.2883995" lon="12.3446795"/>
    <nd ref="9994951152" lat="46.2884350" lon="12.3446787"/>
    <nd ref="9994951151" lat="46.2884616" lon="12.3446639"/>
    <nd ref="9994951150" lat="46.2884827" lon="12.3446183"/>
    <nd ref="9994951149" lat="46.2885226" lon="12.3445737"/>
    <nd ref="9994951148" lat="46.2885624" lon="12.3445495"/>
    <nd ref="9994951147" lat="46.2886008" lon="12.3445282"/>
    <nd ref="9994951146" lat="46.2886269" lon="12.3444940"/>
    <nd ref="9994951145" lat="46.2886550" lon="12.3444607"/>
    <nd ref="9994951144" lat="46.2886851" lon="12.3444524"/>
    <nd ref="9994951143" lat="46.2887232" lon="12.3444448"/>
    <nd ref="9994951142" lat="46.2887410" lon="12.3444575"/>
    <nd ref="9994951141" lat="46.2887698" lon="12.3445152"/>
    <nd ref="9994951140" lat="46.2888304" lon="12.3446073"/>
    <nd ref="9994951139" lat="46.2888955" lon="12.3446623"/>
    <nd ref="9994951138" lat="46.2889610" lon="12.3447337"/>
    <nd ref="9994951137" lat="46.2890098" lon="12.3447798"/>
    <nd ref="9994951136" lat="46.2890205" lon="12.3447774"/>
    <nd ref="9994951135" lat="46.2890220" lon="12.3447269"/>
    <nd ref="9994951134" lat="46.2890231" lon="12.3446009"/>
    <nd ref="9994951133" lat="46.2890313" lon="12.3445481"/>
    <nd ref="9994951132" lat="46.2890525" lon="12.3445364"/>
    <nd ref="9994951131" lat="46.2890857" lon="12.3445174"/>
    <nd ref="9994951130" lat="46.2891175" lon="12.3444713"/>
    <nd ref="9994951129" lat="46.2891705" lon="12.3444406"/>
    <nd ref="9994951128" lat="46.2892044" lon="12.3443963"/>
    <nd ref="9994951127" lat="46.2892216" lon="12.3443529"/>
    <nd ref="9994951126" lat="46.2892403" lon="12.3443209"/>
    <nd ref="9994951125" lat="46.2892693" lon="12.3443234"/>
    <nd ref="9994951124" lat="46.2893219" lon="12.3443325"/>
    <nd ref="403198144" lat="46.2893514" lon="12.3443313"/>
    <nd ref="403198139" lat="46.2894297" lon="12.3442766"/>
    <nd ref="403198133" lat="46.2895253" lon="12.3442358"/>
    <nd ref="9994951122" lat="46.2895699" lon="12.3442216"/>
    <nd ref="403198128" lat="46.2896433" lon="12.3442247"/>
    <nd ref="9994951123" lat="46.2896680" lon="12.3441956"/>
    <nd ref="403198103" lat="46.2896970" lon="12.3441918"/>
    <nd ref="9994951121" lat="46.2897210" lon="12.3442463"/>
    <nd ref="403198083" lat="46.2897415" lon="12.3442820"/>
    <nd ref="403198076" lat="46.2898045" lon="12.3443180"/>
    <nd ref="403198070" lat="46.2898440" lon="12.3443809"/>
    <nd ref="9994951120" lat="46.2898586" lon="12.3444170"/>
    <nd ref="403198067" lat="46.2899386" lon="12.3444779"/>
    <nd ref="403198061" lat="46.2901582" lon="12.3447482"/>
    <nd ref="9994951119" lat="46.2902158" lon="12.3447525"/>
    <nd ref="403198055" lat="46.2902490" lon="12.3447721"/>
    <nd ref="9994951118" lat="46.2903068" lon="12.3447975"/>
    <nd ref="403198050" lat="46.2903492" lon="12.3448445"/>
    <nd ref="403198046" lat="46.2904405" lon="12.3449538"/>
    <nd ref="9994951117" lat="46.2905305" lon="12.3450261"/>
    <nd ref="403198038" lat="46.2906544" lon="12.3450990"/>
    <nd ref="403198035" lat="46.2907527" lon="12.3451159"/>
    <nd ref="403198026" lat="46.2909389" lon="12.3454324"/>
    <nd ref="403198020" lat="46.2910827" lon="12.3456395"/>
    <nd ref="403198017" lat="46.2911643" lon="12.3457721"/>
    <nd ref="403198014" lat="46.2912544" lon="12.3458933"/>
    <nd ref="403198011" lat="46.2913009" lon="12.3460047"/>
    <nd ref="403198007" lat="46.2913839" lon="12.3461631"/>
    <nd ref="403198000" lat="46.2915160" lon="12.3464452"/>
    <nd ref="403197995" lat="46.2915635" lon="12.3465762"/>
    <nd ref="403197987" lat="46.2916597" lon="12.3467826"/>
    <nd ref="403197984" lat="46.2917108" lon="12.3469263"/>
    <nd ref="403197981" lat="46.2917612" lon="12.3470409"/>
    <nd ref="403197976" lat="46.2918361" lon="12.3470900"/>
    <nd ref="403197971" lat="46.2918921" lon="12.3471470"/>
    <nd ref="403197967" lat="46.2919124" lon="12.3472415"/>
    <nd ref="403197962" lat="46.2919037" lon="12.3473138"/>
    <nd ref="403197959" lat="46.2918991" lon="12.3473772"/>
    <nd ref="403197951" lat="46.2919435" lon="12.3475162"/>
    <nd ref="9994951114" lat="46.2919484" lon="12.3475578"/>
    <nd ref="9994951115" lat="46.2919837" lon="12.3476617"/>
    <nd ref="403197943" lat="46.2919875" lon="12.3477576"/>
    <nd ref="9994951116" lat="46.2919945" lon="12.3478357"/>
    <nd ref="403197930" lat="46.2919904" lon="12.3478995"/>
    <nd ref="9994951113" lat="46.2919732" lon="12.3479288"/>
    <nd ref="9994951112" lat="46.2919710" lon="12.3479512"/>
    <nd ref="9994951111" lat="46.2919840" lon="12.3479641"/>
    <nd ref="9994951110" lat="46.2919991" lon="12.3479769"/>
    <nd ref="9994951109" lat="46.2920369" lon="12.3480420"/>
    <nd ref="9994951108" lat="46.2920545" lon="12.3481041"/>
    <nd ref="403197923" lat="46.2920744" lon="12.3481256"/>
    <nd ref="403198723" lat="46.2921026" lon="12.3482075"/>
    <tag k="highway" v="path"/>
    <tag k="sac_scale" v="unknown"/>
    <tag k="surface" v="ground"/>
  </way>
</old>
<new>
  <way id="1158444211" version="2" timestamp="2023-08-21T07:49:29Z" changeset="140166707" uid="19998145" user="FondazioneDolomitiUNESCO">
    <bounds minlat="46.2876062" minlon="12.3435689" maxlat="46.2921209" maxlon="12.3482532"/>
    <nd ref="403198266" lat="46.2876062" lon="12.3435689"/>
    <nd ref="9994951163" lat="46.2876751" lon="12.3436320"/>
    <nd ref="9994951162" lat="46.2877349" lon="12.3436621"/>
    <nd ref="403198257" lat="46.2877620" lon="12.3436876"/>
    <nd ref="9994951161" lat="46.2877886" lon="12.3437486"/>
    <nd ref="9994951160" lat="46.2878866" lon="12.3438582"/>
    <nd ref="403198254" lat="46.2879254" lon="12.3439139"/>
    <nd ref="403198229" lat="46.2879646" lon="12.3439862"/>
    <nd ref="9994951159" lat="46.2880221" lon="12.3440814"/>
    <nd ref="403198219" lat="46.2880622" lon="12.3441818"/>
    <nd ref="9994951158" lat="46.2880983" lon="12.3442095"/>
    <nd ref="9994951157" lat="46.2881343" lon="12.3442572"/>
    <nd ref="9994951156" lat="46.2881798" lon="12.3443616"/>
    <nd ref="403198213" lat="46.2881875" lon="12.3443978"/>
    <nd ref="9994951155" lat="46.2882604" lon="12.3445069"/>
    <nd ref="9994951154" lat="46.2883589" lon="12.3446698"/>
    <nd ref="9994951153" lat="46.2883995" lon="12.3446795"/>
    <nd ref="9994951152" lat="46.2884350" lon="12.3446787"/>
    <nd ref="9994951151" lat="46.2884616" lon="12.3446639"/>
    <nd ref="9994951150" lat="46.2884827" lon="12.3446183"/>
    <nd ref="9994951149" lat="46.2885226" lon="12.3445737"/>
    <nd ref="9994951148" lat="46.2885624" lon="12.3445495"/>
    <nd ref="9994951147" lat="46.2886008" lon="12.3445282"/>
    <nd ref="9994951146" lat="46.2886269" lon="12.3444940"/>
    <nd ref="9994951145" lat="46.2886550" lon="12.3444607"/>
    <nd ref="9994951144" lat="46.2886851" lon="12.3444524"/>
    <nd ref="9994951143" lat="46.2887232" lon="12.3444448"/>
    <nd ref="9994951142" lat="46.2887410" lon="12.3444575"/>
    <nd ref="9994951141" lat="46.2887698" lon="12.3445152"/>
    <nd ref="9994951140" lat="46.2888304" lon="12.3446073"/>
    <nd ref="9994951139" lat="46.2888955" lon="12.3446623"/>
    <nd ref="9994951138" lat="46.2889610" lon="12.3447337"/>
    <nd ref="9994951137" lat="46.2890098" lon="12.3447798"/>
    <nd ref="9994951136" lat="46.2890205" lon="12.3447774"/>
    <nd ref="9994951135" lat="46.2890220" lon="12.3447269"/>
    <nd ref="9994951134" lat="46.2890231" lon="12.3446009"/>
    <nd ref="9994951133" lat="46.2890313" lon="12.3445481"/>
    <nd ref="9994951132" lat="46.2890525" lon="12.3445364"/>
    <nd ref="9994951131" lat="46.2890857" lon="12.3445174"/>
    <nd ref="9994951130" lat="46.2891175" lon="12.3444713"/>
    <nd ref="9994951129" lat="46.2891705" lon="12.3444406"/>
    <nd ref="9994951128" lat="46.2892044" lon="12.3443963"/>
    <nd ref="9994951127" lat="46.2892216" lon="12.3443529"/>
    <nd ref="9994951126" lat="46.2892403" lon="12.3443209"/>
    <nd ref="9994951125" lat="46.2892693" lon="12.3443234"/>
    <nd ref="9994951124" lat="46.2893219" lon="12.3443325"/>
    <nd ref="403198144" lat="46.2893514" lon="12.3443313"/>
    <nd ref="403198139" lat="46.2894297" lon="12.3442766"/>
    <nd ref="403198133" lat="46.2895253" lon="12.3442358"/>
    <nd ref="9994951122" lat="46.2895699" lon="12.3442216"/>
    <nd ref="403198128" lat="46.2896433" lon="12.3442247"/>
    <nd ref="9994951123" lat="46.2896680" lon="12.3441956"/>
    <nd ref="403198103" lat="46.2896970" lon="12.3441918"/>
    <nd ref="9994951121" lat="46.2897210" lon="12.3442463"/>
    <nd ref="403198083" lat="46.2897415" lon="12.3442820"/>
    <nd ref="403198076" lat="46.2898045" lon="12.3443180"/>
    <nd ref="403198070" lat="46.2898440" lon="12.3443809"/>
    <nd ref="9994951120" lat="46.2898586" lon="12.3444170"/>
    <nd ref="403198067" lat="46.2899386" lon="12.3444779"/>
    <nd ref="403198061" lat="46.2901582" lon="12.3447482"/>
    <nd ref="9994951119" lat="46.2902158" lon="12.3447525"/>
    <nd ref="403198055" lat="46.2902490" lon="12.3447721"/>
    <nd ref="9994951118" lat="46.2903068" lon="12.3447975"/>
    <nd ref="403198050" lat="46.2903492" lon="12.3448445"/>
    <nd ref="403198046" lat="46.2904405" lon="12.3449538"/>
    <nd ref="9994951117" lat="46.2905305" lon="12.3450261"/>
    <nd ref="403198038" lat="46.2906544" lon="12.3450990"/>
    <nd ref="403198035" lat="46.2907527" lon="12.3451159"/>
    <nd ref="403198026" lat="46.2909389" lon="12.3454324"/>
    <nd ref="403198020" lat="46.2910827" lon="12.3456395"/>
    <nd ref="403198017" lat="46.2911643" lon="12.3457721"/>
    <nd ref="403198014" lat="46.2912544" lon="12.3458933"/>
    <nd ref="403198011" lat="46.2913009" lon="12.3460047"/>
    <nd ref="403198007" lat="46.2913839" lon="12.3461631"/>
    <nd ref="403198000" lat="46.2915160" lon="12.3464452"/>
    <nd ref="403197995" lat="46.2915635" lon="12.3465762"/>
    <nd ref="403197987" lat="46.2916597" lon="12.3467826"/>
    <nd ref="403197984" lat="46.2917108" lon="12.3469263"/>
    <nd ref="403197981" lat="46.2917612" lon="12.3470409"/>
    <nd ref="403197976" lat="46.2918361" lon="12.3470900"/>
    <nd ref="403197971" lat="46.2918921" lon="12.3471470"/>
    <nd ref="403197967" lat="46.2919124" lon="12.3472415"/>
    <nd ref="403197962" lat="46.2919037" lon="12.3473138"/>
    <nd ref="403197959" lat="46.2918991" lon="12.3473772"/>
    <nd ref="403197951" lat="46.2919435" lon="12.3475162"/>
    <nd ref="9994951114" lat="46.2919484" lon="12.3475578"/>
    <nd ref="9994951115" lat="46.2919837" lon="12.3476617"/>
    <nd ref="403197943" lat="46.2919875" lon="12.3477576"/>
    <nd ref="9994951116" lat="46.2919945" lon="12.3478357"/>
    <nd ref="403197930" lat="46.2919904" lon="12.3478995"/>
    <nd ref="9994951113" lat="46.2919732" lon="12.3479288"/>
    <nd ref="9994951112" lat="46.2919710" lon="12.3479512"/>
    <nd ref="9994951111" lat="46.2919840" lon="12.3479641"/>
    <nd ref="9994951110" lat="46.2919991" lon="12.3479769"/>
    <nd ref="9994951109" lat="46.2920369" lon="12.3480420"/>
    <nd ref="9994951108" lat="46.2920545" lon="12.3481041"/>
    <nd ref="403197923" lat="46.2920744" lon="12.3481256"/>
    <nd ref="403198723" lat="46.2921209" lon="12.3482532"/>
    <tag k="highway" v="path"/>
    <tag k="sac_scale" v="unknown"/>
    <tag k="surface" v="ground"/>
  </way>
</new>
</action>
<action type="modify">
<old>
  <way id="1200756188" version="1" timestamp="2023-08-21T07:49:29Z" changeset="140166707" uid="19998145" user="FondazioneDolomitiUNESCO">
    <bounds minlat="46.2857393" minlon="12.3401628" maxlat="46.2876062" maxlon="12.3435689"/>
    <nd ref="9994951205" lat="46.2857393" lon="12.3403296"/>
    <nd ref="6173719855" lat="46.2857446" lon="12.3403201"/>
    <nd ref="9994951204" lat="46.2857837" lon="12.3402887"/>
    <nd ref="9994951203" lat="46.2858512" lon="12.3402617"/>
    <nd ref="9994951202" lat="46.2859043" lon="12.3402339"/>
    <nd ref="403198410" lat="46.2859151" lon="12.3402245"/>
    <nd ref="403198404" lat="46.2859548" lon="12.3401628"/>
    <nd ref="9994951201" lat="46.2860488" lon="12.3401794"/>
    <nd ref="7939106878" lat="46.2861234" lon="12.3402113"/>
    <nd ref="403198401" lat="46.2862299" lon="12.3403247"/>
    <nd ref="9994951199" lat="46.2862885" lon="12.3403733"/>
    <nd ref="403198397" lat="46.2863202" lon="12.3404100"/>
    <nd ref="9994951200" lat="46.2863598" lon="12.3404357"/>
    <nd ref="403198396" lat="46.2864172" lon="12.3405214"/>
    <nd ref="7939106877" lat="46.2865300" lon="12.3406194"/>
    <nd ref="403198394" lat="46.2865409" lon="12.3406676"/>
    <nd ref="9994951198" lat="46.2865468" lon="12.3407619"/>
    <nd ref="7939106876" lat="46.2865798" lon="12.3408504"/>
    <nd ref="9994951197" lat="46.2866306" lon="12.3409294"/>
    <nd ref="9994951196" lat="46.2867047" lon="12.3409956"/>
    <nd ref="403198391" lat="46.2867247" lon="12.3410245"/>
    <nd ref="403198380" lat="46.2867707" lon="12.3411655"/>
    <nd ref="9994951195" lat="46.2867823" lon="12.3412128"/>
    <nd ref="9994951194" lat="46.2867952" lon="12.3413023"/>
    <nd ref="403198375" lat="46.2868114" lon="12.3413595"/>
    <nd ref="9994951192" lat="46.2868340" lon="12.3413527"/>
    <nd ref="9994951193" lat="46.2868694" lon="12.3413743"/>
    <nd ref="7939106875" lat="46.2869125" lon="12.3413721"/>
    <nd ref="9994951191" lat="46.2869360" lon="12.3414350"/>
    <nd ref="403198372" lat="46.2869635" lon="12.3414700"/>
    <nd ref="9994951190" lat="46.2870465" lon="12.3414781"/>
    <nd ref="403198366" lat="46.2870709" lon="12.3415074"/>
    <nd ref="9994951189" lat="46.2870683" lon="12.3416060"/>
    <nd ref="9994951188" lat="46.2870567" lon="12.3416550"/>
    <nd ref="403198355" lat="46.2870599" lon="12.3417181"/>
    <nd ref="9994951187" lat="46.2870406" lon="12.3417420"/>
    <nd ref="403198354" lat="46.2870187" lon="12.3417556"/>
    <nd ref="9994951186" lat="46.2870105" lon="12.3417764"/>
    <nd ref="403198326" lat="46.2870130" lon="12.3418078"/>
    <nd ref="9994951185" lat="46.2870065" lon="12.3418376"/>
    <nd ref="7939106874" lat="46.2869829" lon="12.3418549"/>
    <nd ref="7939106873" lat="46.2869579" lon="12.3418777"/>
    <nd ref="9994951184" lat="46.2869704" lon="12.3419324"/>
    <nd ref="403198323" lat="46.2869566" lon="12.3419654"/>
    <nd ref="7939106872" lat="46.2869454" lon="12.3419997"/>
    <nd ref="7939106871" lat="46.2869315" lon="12.3420520"/>
    <nd ref="403198320" lat="46.2869013" lon="12.3421130"/>
    <nd ref="7939106870" lat="46.2868508" lon="12.3421031"/>
    <nd ref="9994951183" lat="46.2868316" lon="12.3421155"/>
    <nd ref="7939106869" lat="46.2868344" lon="12.3422399"/>
    <nd ref="403198318" lat="46.2868247" lon="12.3422737"/>
    <nd ref="9994951182" lat="46.2868291" lon="12.3423269"/>
    <nd ref="403198310" lat="46.2868507" lon="12.3423526"/>
    <nd ref="9994951181" lat="46.2868530" lon="12.3423994"/>
    <nd ref="9994951180" lat="46.2868841" lon="12.3424396"/>
    <nd ref="403198307" lat="46.2869187" lon="12.3424651"/>
    <nd ref="7939106868" lat="46.2869249" lon="12.3424939"/>
    <nd ref="9994951179" lat="46.2869038" lon="12.3425365"/>
    <nd ref="403198304" lat="46.2869092" lon="12.3425644"/>
    <nd ref="403198300" lat="46.2869323" lon="12.3426336"/>
    <nd ref="403198296" lat="46.2869593" lon="12.3427456"/>
    <nd ref="9994951178" lat="46.2869812" lon="12.3428002"/>
    <nd ref="403198289" lat="46.2870134" lon="12.3428308"/>
    <nd ref="9994951177" lat="46.2870421" lon="12.3428486"/>
    <nd ref="9994951176" lat="46.2871399" lon="12.3428662"/>
    <nd ref="403198282" lat="46.2871777" lon="12.3429031"/>
    <nd ref="7939106867" lat="46.2872444" lon="12.3429370"/>
    <nd ref="9994951175" lat="46.2872492" lon="12.3430004"/>
    <nd ref="9994951174" lat="46.2872652" lon="12.3430510"/>
    <nd ref="403198279" lat="46.2872976" lon="12.3430969"/>
    <nd ref="9994951173" lat="46.2873128" lon="12.3431340"/>
    <nd ref="9994951172" lat="46.2873239" lon="12.3431790"/>
    <nd ref="9994951171" lat="46.2873507" lon="12.3432068"/>
    <nd ref="9994951170" lat="46.2873791" lon="12.3432122"/>
    <nd ref="403198276" lat="46.2873955" lon="12.3432072"/>
    <nd ref="9994951169" lat="46.2874167" lon="12.3432113"/>
    <nd ref="9994951168" lat="46.2874181" lon="12.3432442"/>
    <nd ref="9994951167" lat="46.2874226" lon="12.3432934"/>
    <nd ref="9994951166" lat="46.2874368" lon="12.3433257"/>
    <nd ref="9994951165" lat="46.2874910" lon="12.3433715"/>
    <nd ref="403198269" lat="46.2875103" lon="12.3434330"/>
    <nd ref="9994951164" lat="46.2875395" lon="12.3434641"/>
    <nd ref="403198266" lat="46.2876062" lon="12.3435689"/>
    <tag k="sac_scale" v="unknown"/>
    <tag k="highway" v="path"/>
    <tag k="surface" v="ground"/>
  </way>
</old>
<new>
  <way id="1200756188" version="2" timestamp="2026-10-01T09:42:58Z" changeset="189812875" uid="188429" user="gpstracks">
    <bounds minlat="46.2857394" minlon="12.3401628" maxlat="46.2870709" maxlon="12.3423269"/>
    <nd ref="9994951205" lat="46.2857394" lon="12.3403297"/>
    <nd ref="6173719855" lat="46.2857446" lon="12.3403201"/>
    <nd ref="9994951204" lat="46.2857837" lon="12.3402887"/>
    <nd ref="9994951203" lat="46.2858512" lon="12.3402617"/>
    <nd ref="9994951202" lat="46.2859043" lon="12.3402339"/>
    <nd ref="403198410" lat="46.2859151" lon="12.3402245"/>
    <nd ref="403198404" lat="46.2859548" lon="12.3401628"/>
    <nd ref="9994951201" lat="46.2860488" lon="12.3401794"/>
    <nd ref="7939106878" lat="46.2861234" lon="12.3402113"/>
    <nd ref="403198401" lat="46.2862299" lon="12.3403247"/>
    <nd ref="9994951199" lat="46.2862885" lon="12.3403733"/>
    <nd ref="403198397" lat="46.2863202" lon="12.3404100"/>
    <nd ref="9994951200" lat="46.2863598" lon="12.3404357"/>
    <nd ref="403198396" lat="46.2864172" lon="12.3405214"/>
    <nd ref="7939106877" lat="46.2865300" lon="12.3406194"/>
    <nd ref="403198394" lat="46.2865409" lon="12.3406676"/>
    <nd ref="9994951198" lat="46.2865468" lon="12.3407619"/>
    <nd ref="7939106876" lat="46.2865798" lon="12.3408504"/>
    <nd ref="9994951197" lat="46.2866306" lon="12.3409294"/>
    <nd ref="9994951196" lat="46.2867047" lon="12.3409956"/>
    <nd ref="403198391" lat="46.2867247" lon="12.3410245"/>
    <nd ref="403198380" lat="46.2867707" lon="12.3411655"/>
    <nd ref="9994951195" lat="46.2867823" lon="12.3412128"/>
    <nd ref="9994951194" lat="46.2867952" lon="12.3413023"/>
    <nd ref="403198375" lat="46.2868114" lon="12.3413595"/>
    <nd ref="9994951192" lat="46.2868340" lon="12.3413527"/>
    <nd ref="9994951193" lat="46.2868694" lon="12.3413743"/>
    <nd ref="7939106875" lat="46.2869125" lon="12.3413721"/>
    <nd ref="9994951191" lat="46.2869360" lon="12.3414350"/>
    <nd ref="403198372" lat="46.2869635" lon="12.3414700"/>
    <nd ref="9994951190" lat="46.2870465" lon="12.3414781"/>
    <nd ref="403198366" lat="46.2870709" lon="12.3415074"/>
    <nd ref="9994951189" lat="46.2870683" lon="12.3416060"/>
    <nd ref="9994951188" lat="46.2870567" lon="12.3416550"/>
    <nd ref="403198355" lat="46.2870599" lon="12.3417181"/>
    <nd ref="9994951187" lat="46.2870406" lon="12.3417420"/>
    <nd ref="403198354" lat="46.2870187" lon="12.3417556"/>
    <nd ref="9994951186" lat="46.2870105" lon="12.3417764"/>
    <nd ref="403198326" lat="46.2870130" lon="12.3418078"/>
    <nd ref="9994951185" lat="46.2870065" lon="12.3418376"/>
    <nd ref="7939106874" lat="46.2869829" lon="12.3418549"/>
    <nd ref="7939106873" lat="46.2869579" lon="12.3418777"/>
    <nd ref="9994951184" lat="46.2869704" lon="12.3419324"/>
    <nd ref="403198323" lat="46.2869566" lon="12.3419654"/>
    <nd ref="7939106872" lat="46.2869454" lon="12.3419997"/>
    <nd ref="7939106871" lat="46.2869315" lon="12.3420520"/>
    <nd ref="403198320" lat="46.2869013" lon="12.3421130"/>
    <nd ref="7939106870" lat="46.2868508" lon="12.3421031"/>
    <nd ref="9994951183" lat="46.2868316" lon="12.3421155"/>
    <nd ref="7939106869" lat="46.2868344" lon="12.3422399"/>
    <nd ref="403198318" lat="46.2868247" lon="12.3422737"/>
    <nd ref="9994951182" lat="46.2868291" lon="12.3423269"/>
    <tag k="highway" v="path"/>
    <tag k="sac_scale" v="demanding_mountain_hiking"/>
    <tag k="surface" v="ground"/>
  </way>
</new>
</action>
<action type="modify">
<old>
  <way id="1208984091" version="2" timestamp="2023-10-03T16:04:53Z" changeset="142108015" uid="3217726" user="maicolgalante">
    <bounds minlat="46.2864895" minlon="12.3511772" maxlat="46.2888151" maxlon="12.3543157"/>
    <nd ref="6530373178" lat="46.2888151" lon="12.3522236"/>
    <nd ref="9994946710" lat="46.2887919" lon="12.3522559"/>
    <nd ref="403198474" lat="46.2887408" lon="12.3522823"/>
    <nd ref="403198472" lat="46.2886577" lon="12.3523081"/>
    <nd ref="9994946709" lat="46.2886194" lon="12.3523170"/>
    <nd ref="9994946707" lat="46.2885989" lon="12.3522899"/>
    <nd ref="9994946708" lat="46.2885664" lon="12.3522643"/>
    <nd ref="9994946706" lat="46.2885153" lon="12.3522610"/>
    <nd ref="7939106852" lat="46.2884797" lon="12.3522317"/>
    <nd ref="403199287" lat="46.2884217" lon="12.3522048"/>
    <nd ref="9994946705" lat="46.2883831" lon="12.3521986"/>
    <nd ref="7939106851" lat="46.2883466" lon="12.3522138"/>
    <nd ref="9994946704" lat="46.2883345" lon="12.3522159"/>
    <nd ref="9994946697" lat="46.2883189" lon="12.3522075"/>
    <nd ref="403199279" lat="46.2883071" lon="12.3521821"/>
    <nd ref="9994946698" lat="46.2882871" lon="12.3521412"/>
    <nd ref="9994946699" lat="46.2882549" lon="12.3520875"/>
    <nd ref="7939106850" lat="46.2882245" lon="12.3520478"/>
    <nd ref="9994946700" lat="46.2882024" lon="12.3520231"/>
    <nd ref="403199275" lat="46.2881805" lon="12.3520156"/>
    <nd ref="9994946701" lat="46.2881457" lon="12.3520104"/>
    <nd ref="9994946702" lat="46.2880921" lon="12.3519916"/>
    <nd ref="9994946703" lat="46.2880362" lon="12.3519536"/>
    <nd ref="403199268" lat="46.2880047" lon="12.3519433"/>
    <nd ref="7939106849" lat="46.2879458" lon="12.3518991"/>
    <nd ref="403199254" lat="46.2878073" lon="12.3518119"/>
    <nd ref="9994946696" lat="46.2877474" lon="12.3517863"/>
    <nd ref="9994946695" lat="46.2877193" lon="12.3517877"/>
    <nd ref="403199244" lat="46.2876459" lon="12.3517428"/>
    <nd ref="9994946694" lat="46.2875574" lon="12.3517015"/>
    <nd ref="403199230" lat="46.2874593" lon="12.3516112"/>
    <nd ref="9994946693" lat="46.2874483" lon="12.3515740"/>
    <nd ref="403199204" lat="46.2873453" lon="12.3514820"/>
    <nd ref="403199196" lat="46.2872512" lon="12.3514337"/>
    <nd ref="403199189" lat="46.2871688" lon="12.3513396"/>
    <nd ref="9994946692" lat="46.2871337" lon="12.3513091"/>
    <nd ref="403199173" lat="46.2870690" lon="12.3512097"/>
    <nd ref="403199169" lat="46.2869770" lon="12.3511772"/>
    <nd ref="9994946690" lat="46.2869597" lon="12.3511845"/>
    <nd ref="9994946691" lat="46.2869572" lon="12.3511974"/>
    <nd ref="9994946689" lat="46.2869331" lon="12.3512025"/>
    <nd ref="9994946688" lat="46.2869230" lon="12.3512180"/>
    <nd ref="9994946687" lat="46.2869136" lon="12.3512184"/>
    <nd ref="403199166" lat="46.2868989" lon="12.3512128"/>
    <nd ref="9994946686" lat="46.2868458" lon="12.3512207"/>
    <nd ref="11236558918" lat="46.2865693" lon="12.3513278"/>
    <nd ref="11236558924" lat="46.2866458" lon="12.3514878"/>
    <nd ref="11236558923" lat="46.2866641" lon="12.3517125"/>
    <nd ref="11236558921" lat="46.2868599" lon="12.3518096"/>
    <nd ref="11236558919" lat="46.2870025" lon="12.3522203"/>
    <nd ref="11236558922" lat="46.2867194" lon="12.3522282"/>
    <nd ref="11236558920" lat="46.2865202" lon="12.3524144"/>
    <nd ref="403199082" lat="46.2868893" lon="12.3526952"/>
    <nd ref="403199079" lat="46.2869422" lon="12.3527996"/>
    <nd ref="403199074" lat="46.2869977" lon="12.3530102"/>
    <nd ref="403199066" lat="46.2870469" lon="12.3532865"/>
    <nd ref="7939106843" lat="46.2868708" lon="12.3530967"/>
    <nd ref="403199062" lat="46.2868715" lon="12.3531999"/>
    <nd ref="403199057" lat="46.2868855" lon="12.3534036"/>
    <nd ref="403199050" lat="46.2867981" lon="12.3532967"/>
    <nd ref="403199044" lat="46.2868038" lon="12.3533831"/>
    <nd ref="403199021" lat="46.2868339" lon="12.3535781"/>
    <nd ref="403199017" lat="46.2868130" lon="12.3537091"/>
    <nd ref="403199015" lat="46.2867812" lon="12.3537799"/>
    <nd ref="9968350394" lat="46.2867837" lon="12.3538611"/>
    <nd ref="9968350393" lat="46.2868036" lon="12.3539188"/>
    <nd ref="9968350395" lat="46.2868064" lon="12.3540093"/>
    <nd ref="9968350392" lat="46.2867596" lon="12.3539369"/>
    <nd ref="9968350390" lat="46.2867193" lon="12.3538497"/>
    <nd ref="9968350391" lat="46.2867003" lon="12.3537491"/>
    <nd ref="403199012" lat="46.2864895" lon="12.3536417"/>
    <nd ref="9994946660" lat="46.2864995" lon="12.3537709"/>
    <nd ref="403199007" lat="46.2865124" lon="12.3538808"/>
    <nd ref="403199003" lat="46.2864998" lon="12.3540237"/>
    <nd ref="403199001" lat="46.2865180" lon="12.3541010"/>
    <nd ref="403198998" lat="46.2865292" lon="12.3541579"/>
    <nd ref="403198996" lat="46.2865574" lon="12.3542556"/>
    <nd ref="403198994" lat="46.2865465" lon="12.3543157"/>
    <tag k="sac_scale" v="unknown"/>
    <tag k="highway" v="path"/>
  </way>
</old>
<new>
  <way id="1208984091" version="3" timestamp="2026-10-01T09:42:58Z" changeset="189812875" uid="188429" user="gpstracks">
    <bounds minlat="46.2864652" minlon="12.3511772" maxlat="46.2888151" maxlon="12.3543157"/>
    <nd ref="6530373178" lat="46.2888151" lon="12.3522236"/>
    <nd ref="9994946710" lat="46.2887919" lon="12.3522559"/>
    <nd ref="403198474" lat="46.2887408" lon="12.3522823"/>
    <nd ref="403198472" lat="46.2886577" lon="12.3523081"/>
    <nd ref="9994946709" lat="46.2886194" lon="12.3523170"/>
    <nd ref="9994946707" lat="46.2885989" lon="12.3522899"/>
    <nd ref="9994946708" lat="46.2885664" lon="12.3522643"/>
    <nd ref="9994946706" lat="46.2885153" lon="12.3522610"/>
    <nd ref="7939106852" lat="46.2884797" lon="12.3522317"/>
    <nd ref="403199287" lat="46.2884217" lon="12.3522048"/>
    <nd ref="9994946705" lat="46.2883831" lon="12.3521986"/>
    <nd ref="7939106851" lat="46.2883466" lon="12.3522138"/>
    <nd ref="9994946704" lat="46.2883345" lon="12.3522159"/>
    <nd ref="9994946697" lat="46.2883189" lon="12.3522075"/>
    <nd ref="403199279" lat="46.2883071" lon="12.3521821"/>
    <nd ref="9994946698" lat="46.2882871" lon="12.3521412"/>
    <nd ref="9994946699" lat="46.2882549" lon="12.3520875"/>
    <nd ref="7939106850" lat="46.2882245" lon="12.3520478"/>
    <nd ref="9994946700" lat="46.2882024" lon="12.3520231"/>
    <nd ref="403199275" lat="46.2881805" lon="12.3520156"/>
    <nd ref="9994946701" lat="46.2881457" lon="12.3520104"/>
    <nd ref="9994946702" lat="46.2880921" lon="12.3519916"/>
    <nd ref="9994946703" lat="46.2880362" lon="12.3519536"/>
    <nd ref="403199268" lat="46.2880047" lon="12.3519433"/>
    <nd ref="7939106849" lat="46.2879458" lon="12.3518991"/>
    <nd ref="403199254" lat="46.2878073" lon="12.3518119"/>
    <nd ref="9994946696" lat="46.2877474" lon="12.3517863"/>
    <nd ref="9994946695" lat="46.2877193" lon="12.3517877"/>
    <nd ref="403199244" lat="46.2876459" lon="12.3517428"/>
    <nd ref="9994946694" lat="46.2875574" lon="12.3517015"/>
    <nd ref="403199230" lat="46.2874593" lon="12.3516112"/>
    <nd ref="9994946693" lat="46.2874483" lon="12.3515740"/>
    <nd ref="403199204" lat="46.2873453" lon="12.3514820"/>
    <nd ref="403199196" lat="46.2872512" lon="12.3514337"/>
    <nd ref="403199189" lat="46.2871688" lon="12.3513396"/>
    <nd ref="9994946692" lat="46.2871337" lon="12.3513091"/>
    <nd ref="403199173" lat="46.2870690" lon="12.3512097"/>
    <nd ref="403199169" lat="46.2869770" lon="12.3511772"/>
    <nd ref="9994946690" lat="46.2869597" lon="12.3511845"/>
    <nd ref="9994946691" lat="46.2869572" lon="12.3511974"/>
    <nd ref="9994946689" lat="46.2869331" lon="12.3512025"/>
    <nd ref="9994946688" lat="46.2869230" lon="12.3512180"/>
    <nd ref="9994946687" lat="46.2869136" lon="12.3512184"/>
    <nd ref="403199166" lat="46.2868989" lon="12.3512128"/>
    <nd ref="14238574500" lat="46.2867965" lon="12.3512608"/>
    <nd ref="9994946686" lat="46.2867209" lon="12.3513084"/>
    <nd ref="14238574505" lat="46.2866259" lon="12.3513371"/>
    <nd ref="14238574504" lat="46.2866009" lon="12.3513371"/>
    <nd ref="14238574503" lat="46.2865920" lon="12.3513605"/>
    <nd ref="14238574502" lat="46.2865899" lon="12.3513756"/>
    <nd ref="11236558918" lat="46.2866030" lon="12.3514110"/>
    <nd ref="14238574501" lat="46.2866400" lon="12.3514428"/>
    <nd ref="11236558924" lat="46.2866458" lon="12.3514878"/>
    <nd ref="11236558923" lat="46.2866641" lon="12.3517125"/>
    <nd ref="11236558921" lat="46.2868263" lon="12.3517501"/>
    <nd ref="14238574499" lat="46.2868435" lon="12.3518293"/>
    <nd ref="14238574498" lat="46.2868784" lon="12.3518943"/>
    <nd ref="14238574497" lat="46.2868951" lon="12.3519373"/>
    <nd ref="14238574496" lat="46.2869186" lon="12.3519947"/>
    <nd ref="14238574495" lat="46.2870094" lon="12.3521714"/>
    <nd ref="14238574494" lat="46.2870219" lon="12.3522000"/>
    <nd ref="11236558919" lat="46.2870025" lon="12.3522203"/>
    <nd ref="14238574493" lat="46.2869249" lon="12.3522068"/>
    <nd ref="14238574492" lat="46.2868456" lon="12.3522121"/>
    <nd ref="14238574491" lat="46.2867391" lon="12.3522099"/>
    <nd ref="11236558922" lat="46.2867194" lon="12.3522282"/>
    <nd ref="14238574490" lat="46.2865894" lon="12.3523088"/>
    <nd ref="11236558920" lat="46.2865283" lon="12.3523963"/>
    <nd ref="14238574489" lat="46.2865868" lon="12.3524288"/>
    <nd ref="14238574488" lat="46.2866223" lon="12.3524281"/>
    <nd ref="14238574487" lat="46.2866358" lon="12.3524583"/>
    <nd ref="14238574486" lat="46.2866369" lon="12.3524862"/>
    <nd ref="14238574485" lat="46.2866713" lon="12.3524854"/>
    <nd ref="14238574484" lat="46.2866995" lon="12.3524786"/>
    <nd ref="14238574483" lat="46.2867339" lon="12.3525013"/>
    <nd ref="14238574482" lat="46.2867830" lon="12.3525474"/>
    <nd ref="403199082" lat="46.2868893" lon="12.3526952"/>
    <nd ref="403199079" lat="46.2869422" lon="12.3527996"/>
    <nd ref="403199074" lat="46.2869977" lon="12.3530102"/>
    <nd ref="14238574481" lat="46.2870381" lon="12.3531816"/>
    <nd ref="14238574480" lat="46.2870449" lon="12.3532314"/>
    <nd ref="403199066" lat="46.2870469" lon="12.3532865"/>
    <nd ref="14238574479" lat="46.2869995" lon="12.3532314"/>
    <nd ref="14238574478" lat="46.2869228" lon="12.3531325"/>
    <nd ref="7939106843" lat="46.2868831" lon="12.3531106"/>
    <nd ref="14238574477" lat="46.2868696" lon="12.3531272"/>
    <nd ref="14238574476" lat="46.2868670" lon="12.3531710"/>
    <nd ref="403199062" lat="46.2868715" lon="12.3531999"/>
    <nd ref="14238574475" lat="46.2868868" lon="12.3533658"/>
    <nd ref="403199057" lat="46.2868855" lon="12.3534036"/>
    <nd ref="14238574474" lat="46.2868320" lon="12.3533296"/>
    <nd ref="403199050" lat="46.2868091" lon="12.3533212"/>
    <nd ref="403199044" lat="46.2868038" lon="12.3533831"/>
    <nd ref="403199021" lat="46.2868339" lon="12.3535781"/>
    <nd ref="403199017" lat="46.2868130" lon="12.3537091"/>
    <nd ref="403199015" lat="46.2867812" lon="12.3537799"/>
    <nd ref="9968350394" lat="46.2867837" lon="12.3538611"/>
    <nd ref="9968350393" lat="46.2868036" lon="12.3539188"/>
    <nd ref="9968350395" lat="46.2868064" lon="12.3540093"/>
    <nd ref="9968350392" lat="46.2867596" lon="12.3539369"/>
    <nd ref="9968350390" lat="46.2867193" lon="12.3538497"/>
    <nd ref="9968350391" lat="46.2867003" lon="12.3537491"/>
    <nd ref="14238574473" lat="46.2865513" lon="12.3536217"/>
    <nd ref="14238574472" lat="46.2864970" lon="12.3535870"/>
    <nd ref="14238574471" lat="46.2864715" lon="12.3535712"/>
    <nd ref="14238574470" lat="46.2864652" lon="12.3535870"/>
    <nd ref="403199012" lat="46.2864895" lon="12.3536417"/>
    <nd ref="14238574469" lat="46.2865158" lon="12.3537561"/>
    <nd ref="9994946660" lat="46.2865310" lon="12.3538332"/>
    <nd ref="403199007" lat="46.2865247" lon="12.3539019"/>
    <nd ref="403199003" lat="46.2865210" lon="12.3539947"/>
    <nd ref="403199001" lat="46.2865320" lon="12.3540921"/>
    <nd ref="403198998" lat="46.2865292" lon="12.3541579"/>
    <nd ref="403198996" lat="46.2865574" lon="12.3542556"/>
    <nd ref="403198994" lat="46.2865465" lon="12.3543157"/>
    <tag k="highway" v="path"/>
    <tag k="sac_scale" v="mountain_hiking"/>
  </way>
</new>
</action>
<action type="modify">
<old>
  <way id="1208984092" version="1" timestamp="2023-09-19T06:47:20Z" changeset="141452746" uid="3538539" user="micheleOSM3">
    <bounds minlat="46.2877032" minlon="12.3567891" maxlat="46.3002131" maxlon="12.3592601"/>
    <nd ref="6530373177" lat="46.2877032" lon="12.3586659"/>
    <nd ref="403308578" lat="46.2877409" lon="12.3586524"/>
    <nd ref="403308577" lat="46.2878345" lon="12.3586266"/>
    <nd ref="403308576" lat="46.2879432" lon="12.3586124"/>
    <nd ref="403308574" lat="46.2881814" lon="12.3585381"/>
    <nd ref="403308573" lat="46.2882385" lon="12.3585950"/>
    <nd ref="9969280371" lat="46.2882693" lon="12.3586227"/>
    <nd ref="9969280372" lat="46.2883022" lon="12.3586696"/>
    <nd ref="9969280373" lat="46.2883434" lon="12.3586991"/>
    <nd ref="9969280370" lat="46.2884180" lon="12.3587119"/>
    <nd ref="403308570" lat="46.2884946" lon="12.3587134"/>
    <nd ref="403308568" lat="46.2886606" lon="12.3587774"/>
    <nd ref="403308567" lat="46.2887729" lon="12.3587532"/>
    <nd ref="403308566" lat="46.2888877" lon="12.3587027"/>
    <nd ref="403308565" lat="46.2890104" lon="12.3586143"/>
    <nd ref="403308564" lat="46.2891191" lon="12.3585103"/>
    <nd ref="403308563" lat="46.2892256" lon="12.3584675"/>
    <nd ref="403308562" lat="46.2893911" lon="12.3584240"/>
    <nd ref="403308561" lat="46.2894959" lon="12.3583423"/>
    <nd ref="403308560" lat="46.2895422" lon="12.3582399"/>
    <nd ref="403308559" lat="46.2896129" lon="12.3582053"/>
    <nd ref="403308558" lat="46.2896627" lon="12.3581145"/>
    <nd ref="403308556" lat="46.2897014" lon="12.3579001"/>
    <nd ref="403308553" lat="46.2898329" lon="12.3574608"/>
    <nd ref="403308552" lat="46.2898606" lon="12.3573156"/>
    <nd ref="403308551" lat="46.2899258" lon="12.3571794"/>
    <nd ref="403308547" lat="46.2903345" lon="12.3568989"/>
    <nd ref="403308546" lat="46.2904127" lon="12.3568262"/>
    <nd ref="403308545" lat="46.2904965" lon="12.3568153"/>
    <nd ref="403308544" lat="46.2905728" lon="12.3568298"/>
    <nd ref="403308542" lat="46.2908091" lon="12.3568355"/>
    <nd ref="403308541" lat="46.2908707" lon="12.3567891"/>
    <nd ref="403308540" lat="46.2909260" lon="12.3568452"/>
    <nd ref="403308538" lat="46.2911178" lon="12.3568867"/>
    <nd ref="403308537" lat="46.2912341" lon="12.3569006"/>
    <nd ref="403308535" lat="46.2913553" lon="12.3568720"/>
    <nd ref="403308533" lat="46.2914562" lon="12.3568752"/>
    <nd ref="403308532" lat="46.2915759" lon="12.3569053"/>
    <nd ref="403308529" lat="46.2919969" lon="12.3570584"/>
    <nd ref="403308528" lat="46.2921728" lon="12.3570752"/>
    <nd ref="403308525" lat="46.2924454" lon="12.3569410"/>
    <nd ref="403308524" lat="46.2925414" lon="12.3569760"/>
    <nd ref="403308522" lat="46.2927560" lon="12.3570064"/>
    <nd ref="403308521" lat="46.2928762" lon="12.3570337"/>
    <nd ref="403308520" lat="46.2929792" lon="12.3570680"/>
    <nd ref="403308519" lat="46.2929859" lon="12.3571713"/>
    <nd ref="403308517" lat="46.2931434" lon="12.3574015"/>
    <nd ref="403307820" lat="46.2934546" lon="12.3576607"/>
    <nd ref="403307838" lat="46.2938248" lon="12.3578885"/>
    <nd ref="403307855" lat="46.2939628" lon="12.3579341"/>
    <nd ref="403307903" lat="46.2943872" lon="12.3580135"/>
    <nd ref="403307943" lat="46.2946463" lon="12.3581274"/>
    <nd ref="403307967" lat="46.2948408" lon="12.3581812"/>
    <nd ref="403307977" lat="46.2950608" lon="12.3582127"/>
    <nd ref="403307985" lat="46.2952116" lon="12.3582767"/>
    <nd ref="403308000" lat="46.2953687" lon="12.3582749"/>
    <nd ref="403308003" lat="46.2954129" lon="12.3582849"/>
    <nd ref="403308004" lat="46.2954222" lon="12.3582892"/>
    <nd ref="403308012" lat="46.2954907" lon="12.3583421"/>
    <nd ref="403308018" lat="46.2955717" lon="12.3584507"/>
    <nd ref="403307653" lat="46.2956180" lon="12.3584851"/>
    <nd ref="403307675" lat="46.2960535" lon="12.3586034"/>
    <nd ref="403307683" lat="46.2962495" lon="12.3587044"/>
    <nd ref="403307690" lat="46.2963997" lon="12.3588055"/>
    <nd ref="403307711" lat="46.2966876" lon="12.3588546"/>
    <nd ref="403307714" lat="46.2967053" lon="12.3588732"/>
    <nd ref="403307720" lat="46.2967379" lon="12.3589353"/>
    <nd ref="403307728" lat="46.2968005" lon="12.3590785"/>
    <nd ref="403307731" lat="46.2968425" lon="12.3591292"/>
    <nd ref="403307734" lat="46.2968894" lon="12.3591682"/>
    <nd ref="403307739" lat="46.2969786" lon="12.3592031"/>
    <nd ref="403306512" lat="46.2972512" lon="12.3592601"/>
    <nd ref="403306525" lat="46.2973321" lon="12.3592562"/>
    <nd ref="403306584" lat="46.2975832" lon="12.3591866"/>
    <nd ref="403306626" lat="46.2978461" lon="12.3592275"/>
    <nd ref="403306629" lat="46.2978958" lon="12.3592252"/>
    <nd ref="403306636" lat="46.2980164" lon="12.3591757"/>
    <nd ref="403306650" lat="46.2981909" lon="12.3591448"/>
    <nd ref="403306670" lat="46.2984304" lon="12.3590668"/>
    <nd ref="403306687" lat="46.2986054" lon="12.3590298"/>
    <nd ref="403306412" lat="46.2989166" lon="12.3588884"/>
    <nd ref="403308339" lat="46.2991755" lon="12.3589951"/>
    <nd ref="403308345" lat="46.2992172" lon="12.3590022"/>
    <nd ref="403308359" lat="46.2992590" lon="12.3589927"/>
    <nd ref="403308368" lat="46.2993381" lon="12.3589253"/>
    <nd ref="403308382" lat="46.2994183" lon="12.3588061"/>
    <nd ref="403308409" lat="46.2995233" lon="12.3586057"/>
    <nd ref="403308430" lat="46.2995865" lon="12.3584109"/>
    <nd ref="403308439" lat="46.2996210" lon="12.3583635"/>
    <nd ref="403308444" lat="46.2996519" lon="12.3583461"/>
    <nd ref="403308455" lat="46.2997056" lon="12.3583582"/>
    <nd ref="403308469" lat="46.2997930" lon="12.3584206"/>
    <nd ref="403308483" lat="46.2998924" lon="12.3585424"/>
    <nd ref="403308500" lat="46.2999715" lon="12.3586952"/>
    <nd ref="403308512" lat="46.3001590" lon="12.3588849"/>
    <nd ref="403308021" lat="46.3002131" lon="12.3589160"/>
    <tag k="highway" v="path"/>
    <tag k="sac_scale" v="unknown"/>
  </way>
</old>
<new>
  <way id="1208984092" version="1" timestamp="2023-09-19T06:47:20Z" changeset="141452746" uid="3538539" user="micheleOSM3">
    <bounds minlat="46.2877241" minlon="12.3567891" maxlat="46.3002131" maxlon="12.3592601"/>
    <nd ref="6530373177" lat="46.2877241" lon="12.3586644"/>
    <nd ref="403308578" lat="46.2877409" lon="12.3586524"/>
    <nd ref="403308577" lat="46.2878345" lon="12.3586266"/>
    <nd ref="403308576" lat="46.2879432" lon="12.3586124"/>
    <nd ref="403308574" lat="46.2881814" lon="12.3585381"/>
    <nd ref="403308573" lat="46.2882385" lon="12.3585950"/>
    <nd ref="9969280371" lat="46.2882693" lon="12.3586227"/>
    <nd ref="9969280372" lat="46.2883022" lon="12.3586696"/>
    <nd ref="9969280373" lat="46.2883434" lon="12.3586991"/>
    <nd ref="9969280370" lat="46.2884180" lon="12.3587119"/>
    <nd ref="403308570" lat="46.2884946" lon="12.3587134"/>
    <nd ref="403308568" lat="46.2886606" lon="12.3587774"/>
    <nd ref="403308567" lat="46.2887729" lon="12.3587532"/>
    <nd ref="403308566" lat="46.2888877" lon="12.3587027"/>
    <nd ref="403308565" lat="46.2890104" lon="12.3586143"/>
    <nd ref="403308564" lat="46.2891191" lon="12.3585103"/>
    <nd ref="403308563" lat="46.2892256" lon="12.3584675"/>
    <nd ref="403308562" lat="46.2893911" lon="12.3584240"/>
    <nd ref="403308561" lat="46.2894959" lon="12.3583423"/>
    <nd ref="403308560" lat="46.2895422" lon="12.3582399"/>
    <nd ref="403308559" lat="46.2896129" lon="12.3582053"/>
    <nd ref="403308558" lat="46.2896627" lon="12.3581145"/>
    <nd ref="403308556" lat="46.2897014" lon="12.3579001"/>
    <nd ref="403308553" lat="46.2898329" lon="12.3574608"/>
    <nd ref="403308552" lat="46.2898606" lon="12.3573156"/>
    <nd ref="403308551" lat="46.2899258" lon="12.3571794"/>
    <nd ref="403308547" lat="46.2903345" lon="12.3568989"/>
    <nd ref="403308546" lat="46.2904127" lon="12.3568262"/>
    <nd ref="403308545" lat="46.2904965" lon="12.3568153"/>
    <nd ref="403308544" lat="46.2905728" lon="12.3568298"/>
    <nd ref="403308542" lat="46.2908091" lon="12.3568355"/>
    <nd ref="403308541" lat="46.2908707" lon="12.3567891"/>
    <nd ref="403308540" lat="46.2909260" lon="12.3568452"/>
    <nd ref="403308538" lat="46.2911178" lon="12.3568867"/>
    <nd ref="403308537" lat="46.2912341" lon="12.3569006"/>
    <nd ref="403308535" lat="46.2913553" lon="12.3568720"/>
    <nd ref="403308533" lat="46.2914562" lon="12.3568752"/>
    <nd ref="403308532" lat="46.2915759" lon="12.3569053"/>
    <nd ref="403308529" lat="46.2919969" lon="12.3570584"/>
    <nd ref="403308528" lat="46.2921728" lon="12.3570752"/>
    <nd ref="403308525" lat="46.2924454" lon="12.3569410"/>
    <nd ref="403308524" lat="46.2925414" lon="12.3569760"/>
    <nd ref="403308522" lat="46.2927560" lon="12.3570064"/>
    <nd ref="403308521" lat="46.2928762" lon="12.3570337"/>
    <nd ref="403308520" lat="46.2929792" lon="12.3570680"/>
    <nd ref="403308519" lat="46.2929859" lon="12.3571713"/>
    <nd ref="403308517" lat="46.2931434" lon="12.3574015"/>
    <nd ref="403307820" lat="46.2934546" lon="12.3576607"/>
    <nd ref="403307838" lat="46.2938248" lon="12.3578885"/>
    <nd ref="403307855" lat="46.2939628" lon="12.3579341"/>
    <nd ref="403307903" lat="46.2943872" lon="12.3580135"/>
    <nd ref="403307943" lat="46.2946463" lon="12.3581274"/>
    <nd ref="403307967" lat="46.2948408" lon="12.3581812"/>
    <nd ref="403307977" lat="46.2950608" lon="12.3582127"/>
    <nd ref="403307985" lat="46.2952116" lon="12.3582767"/>
    <nd ref="403308000" lat="46.2953687" lon="12.3582749"/>
    <nd ref="403308003" lat="46.2954129" lon="12.3582849"/>
    <nd ref="403308004" lat="46.2954222" lon="12.3582892"/>
    <nd ref="403308012" lat="46.2954907" lon="12.3583421"/>
    <nd ref="403308018" lat="46.2955717" lon="12.3584507"/>
    <nd ref="403307653" lat="46.2956180" lon="12.3584851"/>
    <nd ref="403307675" lat="46.2960535" lon="12.3586034"/>
    <nd ref="403307683" lat="46.2962495" lon="12.3587044"/>
    <nd ref="403307690" lat="46.2963997" lon="12.3588055"/>
    <nd ref="403307711" lat="46.2966876" lon="12.3588546"/>
    <nd ref="403307714" lat="46.2967053" lon="12.3588732"/>
    <nd ref="403307720" lat="46.2967379" lon="12.3589353"/>
    <nd ref="403307728" lat="46.2968005" lon="12.3590785"/>
    <nd ref="403307731" lat="46.2968425" lon="12.3591292"/>
    <nd ref="403307734" lat="46.2968894" lon="12.3591682"/>
    <nd ref="403307739" lat="46.2969786" lon="12.3592031"/>
    <nd ref="403306512" lat="46.2972512" lon="12.3592601"/>
    <nd ref="403306525" lat="46.2973321" lon="12.3592562"/>
    <nd ref="403306584" lat="46.2975832" lon="12.3591866"/>
    <nd ref="403306626" lat="46.2978461" lon="12.3592275"/>
    <nd ref="403306629" lat="46.2978958" lon="12.3592252"/>
    <nd ref="403306636" lat="46.2980164" lon="12.3591757"/>
    <nd ref="403306650" lat="46.2981909" lon="12.3591448"/>
    <nd ref="403306670" lat="46.2984304" lon="12.3590668"/>
    <nd ref="403306687" lat="46.2986054" lon="12.3590298"/>
    <nd ref="403306412" lat="46.2989166" lon="12.3588884"/>
    <nd ref="403308339" lat="46.2991755" lon="12.3589951"/>
    <nd ref="403308345" lat="46.2992172" lon="12.3590022"/>
    <nd ref="403308359" lat="46.2992590" lon="12.3589927"/>
    <nd ref="403308368" lat="46.2993381" lon="12.3589253"/>
    <nd ref="403308382" lat="46.2994183" lon="12.3588061"/>
    <nd ref="403308409" lat="46.2995233" lon="12.3586057"/>
    <nd ref="403308430" lat="46.2995865" lon="12.3584109"/>
    <nd ref="403308439" lat="46.2996210" lon="12.3583635"/>
    <nd ref="403308444" lat="46.2996519" lon="12.3583461"/>
    <nd ref="403308455" lat="46.2997056" lon="12.3583582"/>
    <nd ref="403308469" lat="46.2997930" lon="12.3584206"/>
    <nd ref="403308483" lat="46.2998924" lon="12.3585424"/>
    <nd ref="403308500" lat="46.2999715" lon="12.3586952"/>
    <nd ref="403308512" lat="46.3001590" lon="12.3588849"/>
    <nd ref="403308021" lat="46.3002131" lon="12.3589160"/>
    <tag k="highway" v="path"/>
    <tag k="sac_scale" v="unknown"/>
  </way>
</new>
</action>
<action type="create">
  <way id="1493251069" version="2" timestamp="2026-08-15T05:22:11Z" changeset="187471539" uid="3538539" user="micheleOSM3">
    <bounds minlat="46.4355839" minlon="13.4338835" maxlat="46.4357903" maxlon="13.4348473"/>
    <nd ref="13683405035" lat="46.4355839" lon="13.4348473"/>
    <nd ref="4370651813" lat="46.4356082" lon="13.4347806"/>
    <nd ref="4370651814" lat="46.4356110" lon="13.4347316"/>
    <nd ref="4365124254" lat="46.4356262" lon="13.4347068"/>
    <nd ref="4370651817" lat="46.4356595" lon="13.4346572"/>
    <nd ref="402900447" lat="46.4356937" lon="13.4345593"/>
    <nd ref="4370651820" lat="46.4357283" lon="13.4345164"/>
    <nd ref="4370651824" lat="46.4357598" lon="13.4345029"/>
    <nd ref="4365124255" lat="46.4357713" lon="13.4344654"/>
    <nd ref="4370651829" lat="46.4357903" lon="13.4344084"/>
    <nd ref="402900456" lat="46.4357870" lon="13.4343588"/>
    <nd ref="4370651825" lat="46.4357755" lon="13.4342126"/>
    <nd ref="402900464" lat="46.4357777" lon="13.4341359"/>
    <nd ref="4370651828" lat="46.4357866" lon="13.4340765"/>
    <nd ref="11687736332" lat="46.4357489" lon="13.4338835"/>
    <tag k="highway" v="path"/>
    <tag k="sac_scale" v="alpine_hiking"/>
    <tag k="surface" v="ground"/>
    <tag k="trail_visibility" v="intermediate"/>
    <tag k="trailblazed" v="yes"/>
  </way>
</action>
<action type="create">
  <way id="1493251070" version="3" timestamp="2026-08-15T05:22:11Z" changeset="187471539" uid="3538539" user="micheleOSM3">
    <bounds minlat="46.4355370" minlon="13.4348473" maxlat="46.4355839" maxlon="13.4349643"/>
    <nd ref="4370651811" lat="46.4355440" lon="13.4349643"/>
    <nd ref="4370651810" lat="46.4355370" lon="13.4349415"/>
    <nd ref="402900432" lat="46.4355597" lon="13.4349140"/>
    <nd ref="13683405035" lat="46.4355839" lon="13.4348473"/>
    <tag k="highway" v="path"/>
    <tag k="sac_scale" v="alpine_hiking"/>
    <tag k="surface" v="ground"/>
    <tag k="trail_visibility" v="intermediate"/>
    <tag k="trailblazed" v="yes"/>
  </way>
</action>
<action type="create">
  <way id="1524326851" version="1" timestamp="2026-05-29T11:39:56Z" changeset="183350846" uid="2842498" user="Igorzo">
    <bounds minlat="46.4355301" minlon="13.4350150" maxlat="46.4355602" maxlon="13.4350807"/>
    <nd ref="13683405034" lat="46.4355301" lon="13.4350807"/>
    <nd ref="4365124253" lat="46.4355383" lon="13.4350692"/>
    <nd ref="4370651812" lat="46.4355569" lon="13.4350334"/>
    <nd ref="13893647404" lat="46.4355602" lon="13.4350150"/>
    <tag k="assisted_trail" v="yes"/>
    <tag k="highway" v="path"/>
    <tag k="sac_scale" v="alpine_hiking"/>
    <tag k="surface" v="ground"/>
    <tag k="trail_visibility" v="intermediate"/>
    <tag k="trailblazed" v="yes"/>
  </way>
</action>
<action type="create">
  <way id="1524326852" version="3" timestamp="2026-06-18T00:06:46Z" changeset="184249351" uid="3538539" user="micheleOSM3">
    <bounds minlat="46.4355440" minlon="13.4349643" maxlat="46.4355634" maxlon="13.4350150"/>
    <nd ref="13893647404" lat="46.4355602" lon="13.4350150"/>
    <nd ref="4365124252" lat="46.4355634" lon="13.4349965"/>
    <nd ref="4370651811" lat="46.4355440" lon="13.4349643"/>
    <tag k="assisted_trail" v="yes"/>
    <tag k="highway" v="via_ferrata"/>
    <tag k="trailblazed" v="yes"/>
    <tag k="via_ferrata_scale" v="2"/>
  </way>
</action>
<action type="create">
  <way id="1524326853" version="3" timestamp="2026-08-15T05:22:11Z" changeset="187471539" uid="3538539" user="micheleOSM3">
    <bounds minlat="46.4343905" minlon="13.4383185" maxlat="46.4346536" maxlon="13.4391159"/>
    <nd ref="13893789115" lat="46.4343931" lon="13.4391159"/>
    <nd ref="4370651755" lat="46.4343905" lon="13.4391076"/>
    <nd ref="4370651756" lat="46.4343951" lon="13.4390634"/>
    <nd ref="4370651760" lat="46.4344219" lon="13.4390513"/>
    <nd ref="4370651764" lat="46.4344469" lon="13.4390392"/>
    <nd ref="4370651765" lat="46.4344792" lon="13.4390298"/>
    <nd ref="4370651766" lat="46.4344894" lon="13.4389963"/>
    <nd ref="4370651767" lat="46.4344986" lon="13.4389695"/>
    <nd ref="4370651769" lat="46.4345125" lon="13.4389480"/>
    <nd ref="4370651771" lat="46.4345245" lon="13.4389078"/>
    <nd ref="4370651770" lat="46.4345208" lon="13.4388770"/>
    <nd ref="4370651768" lat="46.4344995" lon="13.4388354"/>
    <nd ref="402900225" lat="46.4345394" lon="13.4385996"/>
    <nd ref="13893647407" lat="46.4346536" lon="13.4383185"/>
    <tag k="highway" v="path"/>
    <tag k="sac_scale" v="alpine_hiking"/>
    <tag k="surface" v="ground"/>
    <tag k="trail_visibility" v="intermediate"/>
    <tag k="trailblazed" v="yes"/>
  </way>
</action>
<action type="modify">
<old>
  <way id="1524326854" version="3" timestamp="2026-06-18T00:06:46Z" changeset="184249351" uid="3538539" user="micheleOSM3"/>
</old>
<new>
  <way id="1524326854" version="3" timestamp="2026-06-18T00:06:46Z" changeset="184249351" uid="3538539" user="micheleOSM3">
    <bounds minlat="46.4346501" minlon="13.4379670" maxlat="46.4346754" maxlon="13.4383185"/>
    <nd ref="13893647407" lat="46.4346536" lon="13.4383185"/>
    <nd ref="402900237" lat="46.4346663" lon="13.4382872"/>
    <nd ref="4370651776" lat="46.4346754" lon="13.4381266"/>
    <nd ref="402900249" lat="46.4346634" lon="13.4380240"/>
    <nd ref="13893647408" lat="46.4346501" lon="13.4379670"/>
    <tag k="assisted_trail" v="yes"/>
    <tag k="highway" v="via_ferrata"/>
    <tag k="trailblazed" v="yes"/>
    <tag k="via_ferrata_scale" v="2"/>
  </way>
</new>
</action>
<action type="create">
  <way id="1524327452" version="2" timestamp="2026-06-18T00:06:46Z" changeset="184249351" uid="3538539" user="micheleOSM3">
    <bounds minlat="46.4313912" minlon="13.4336735" maxlat="46.4319413" maxlon="13.4364399"/>
    <nd ref="402899205" lat="46.4313912" lon="13.4336735"/>
    <nd ref="402899234" lat="46.4315192" lon="13.4340439"/>
    <nd ref="402899275" lat="46.4316018" lon="13.4345530"/>
    <nd ref="402899292" lat="46.4316095" lon="13.4347229"/>
    <nd ref="402899332" lat="46.4316971" lon="13.4350484"/>
    <nd ref="402899358" lat="46.4317110" lon="13.4353171"/>
    <nd ref="402899385" lat="46.4317723" lon="13.4356353"/>
    <nd ref="402899409" lat="46.4317823" lon="13.4358525"/>
    <nd ref="402899430" lat="46.4318212" lon="13.4359731"/>
    <nd ref="402899454" lat="46.4318424" lon="13.4361180"/>
    <nd ref="402897005" lat="46.4318961" lon="13.4362590"/>
    <nd ref="5873611652" lat="46.4318974" lon="13.4363135"/>
    <nd ref="5873611653" lat="46.4319052" lon="13.4363539"/>
    <nd ref="5873611655" lat="46.4319292" lon="13.4363680"/>
    <nd ref="5873611654" lat="46.4319413" lon="13.4363949"/>
    <nd ref="402899506" lat="46.4319284" lon="13.4364399"/>
    <tag k="highway" v="path"/>
    <tag k="sac_scale" v="alpine_hiking"/>
    <tag k="surface" v="ground"/>
    <tag k="trail_visibility" v="good"/>
    <tag k="trailblazed" v="yes"/>
  </way>
</action>
<action type="modify">
<old>
  <way id="1524327453" version="2" timestamp="2026-06-18T00:06:46Z" changeset="184249351" uid="3538539" user="micheleOSM3"/>
</old>
<new>
  <way id="1524327453" version="2" timestamp="2026-06-18T00:06:46Z" changeset="184249351" uid="3538539" user="micheleOSM3">
    <bounds minlat="46.4317406" minlon="13.4366512" maxlat="46.4317600" maxlon="13.4368081"/>
    <nd ref="13893687685" lat="46.4317564" lon="13.4366512"/>
    <nd ref="402899571" lat="46.4317406" lon="13.4366950"/>
    <nd ref="402899584" lat="46.4317543" lon="13.4367326"/>
    <nd ref="13893687686" lat="46.4317600" lon="13.4368081"/>
    <tag k="assisted_trail" v="yes"/>
    <tag k="highway" v="via_ferrata"/>
    <tag k="trailblazed" v="yes"/>
    <tag k="via_ferrata_scale" v="2"/>
  </way>
</new>
</action>
<action type="modify">
<old>
  <way id="1524339944" version="3" timestamp="2026-08-15T05:22:11Z" changeset="187471539" uid="3538539" user="micheleOSM3"/>
</old>
<new>
  <way id="1524339944" version="3" timestamp="2026-08-15T05:22:11Z" changeset="187471539" uid="3538539" user="micheleOSM3">
    <bounds minlat="46.4317600" minlon="13.4368081" maxlat="46.4317799" maxlon="13.4370275"/>
    <nd ref="13893687686" lat="46.4317600" lon="13.4368081"/>
    <nd ref="5873611651" lat="46.4317623" lon="13.4368394"/>
    <nd ref="402899633" lat="46.4317799" lon="13.4369261"/>
    <nd ref="13893780304" lat="46.4317740" lon="13.4370275"/>
    <tag k="highway" v="path"/>
    <tag k="sac_scale" v="alpine_hiking"/>
    <tag k="surface" v="ground"/>
    <tag k="trail_visibility" v="good"/>
    <tag k="trailblazed" v="yes"/>
  </way>
</new>
</action>
<action type="modify">
<old>
  <way id="1524339945" version="2" timestamp="2026-06-18T00:06:46Z" changeset="184249351" uid="3538539" user="micheleOSM3"/>
</old>
<new>
  <way id="1524339945" version="2" timestamp="2026-06-18T00:06:46Z" changeset="184249351" uid="3538539" user="micheleOSM3">
    <bounds minlat="46.4317710" minlon="13.4370275" maxlat="46.4317745" maxlon="13.4371056"/>
    <nd ref="13893780304" lat="46.4317740" lon="13.4370275"/>
    <nd ref="402899654" lat="46.4317710" lon="13.4370799"/>
    <nd ref="13893780305" lat="46.4317745" lon="13.4371056"/>
    <tag k="assisted_trail" v="yes"/>
    <tag k="highway" v="via_ferrata"/>
    <tag k="trailblazed" v="yes"/>
    <tag k="via_ferrata_scale" v="2"/>
  </way>
</new>
</action>
<action type="modify">
<old>
  <way id="1524339946" version="3" timestamp="2026-08-15T05:22:11Z" changeset="187471539" uid="3538539" user="micheleOSM3"/>
</old>
<new>
  <way id="1524339946" version="3" timestamp="2026-08-15T05:22:11Z" changeset="187471539" uid="3538539" user="micheleOSM3">
    <bounds minlat="46.4317745" minlon="13.4371056" maxlat="46.4320077" maxlon="13.4373188"/>
    <nd ref="13893780305" lat="46.4317745" lon="13.4371056"/>
    <nd ref="5873611650" lat="46.4318033" lon="13.4373165"/>
    <nd ref="5873611649" lat="46.4318638" lon="13.4371891"/>
    <nd ref="5873611648" lat="46.4318931" lon="13.4371976"/>
    <nd ref="402899675" lat="46.4319200" lon="13.4373097"/>
    <nd ref="402899678" lat="46.4319468" lon="13.4373188"/>
    <nd ref="402899690" lat="46.4319874" lon="13.4372165"/>
    <nd ref="13893780306" lat="46.4320077" lon="13.4372131"/>
    <tag k="highway" v="path"/>
    <tag k="sac_scale" v="alpine_hiking"/>
    <tag k="surface" v="ground"/>
    <tag k="trail_visibility" v="good"/>
    <tag k="trailblazed" v="yes"/>
  </way>
</new>
</action>
<action type="modify">
<old>
  <way id="1524339947" version="2" timestamp="2026-06-18T00:06:46Z" changeset="184249351" uid="3538539" user="micheleOSM3"/>
</old>
<new>
  <way id="1524339947" version="2" timestamp="2026-06-18T00:06:46Z" changeset="184249351" uid="3538539" user="micheleOSM3">
    <bounds minlat="46.4320077" minlon="13.4371761" maxlat="46.4320518" maxlon="13.4372131"/>
    <nd ref="13893780306" lat="46.4320077" lon="13.4372131"/>
    <nd ref="402899694" lat="46.4320280" lon="13.4372096"/>
    <nd ref="402899700" lat="46.4320518" lon="13.4371761"/>
    <tag k="assisted_trail" v="yes"/>
    <tag k="highway" v="via_ferrata"/>
    <tag k="trailblazed" v="yes"/>
    <tag k="via_ferrata_scale" v="2"/>
  </way>
</new>
</action>
<action type="create">
  <way id="1530478188" version="1" timestamp="2026-06-18T00:06:46Z" changeset="184249351" uid="3538539" user="micheleOSM3">
    <bounds minlat="46.4317564" minlon="13.4364399" maxlat="46.4319284" maxlon="13.4366512"/>
    <nd ref="402899506" lat="46.4319284" lon="13.4364399"/>
    <nd ref="402899518" lat="46.4318959" lon="13.4364626"/>
    <nd ref="402899537" lat="46.4318055" lon="13.4365233"/>
    <nd ref="402899557" lat="46.4317647" lon="13.4366283"/>
    <nd ref="13893687685" lat="46.4317564" lon="13.4366512"/>
    <tag k="assisted_trail" v="yes"/>
    <tag k="highway" v="path"/>
    <tag k="sac_scale" v="alpine_hiking"/>
    <tag k="surface" v="ground"/>
    <tag k="trail_visibility" v="good"/>
    <tag k="trailblazed" v="yes"/>
  </way>
</action>
<action type="create">
  <way id="1563969329" version="1" timestamp="2026-10-01T04:02:11Z" changeset="189801744" uid="3538539" user="micheleOSM3">
    <bounds minlat="46.4343931" minlon="13.4391159" maxlat="46.4344113" maxlon="13.4391696"/>
    <nd ref="4370651742" lat="46.4344113" lon="13.4391696"/>
    <nd ref="13893789115" lat="46.4343931" lon="13.4391159"/>
    <tag k="highway" v="path"/>
    <tag k="sac_scale" v="demanding_mountain_hiking"/>
  </way>
</action>
<action type="create">
  <way id="1564037086" version="1" timestamp="2026-10-01T09:42:58Z" changeset="189812875" uid="188429" user="gpstracks">
    <bounds minlat="46.2761371" minlon="12.3630421" maxlat="46.2761966" maxlon="12.3630663"/>
    <nd ref="14238574439" lat="46.2761371" lon="12.3630663"/>
    <nd ref="14238574438" lat="46.2761966" lon="12.3630421"/>
    <tag k="bridge" v="yes"/>
    <tag k="highway" v="path"/>
    <tag k="layer" v="1"/>
    <tag k="sac_scale" v="unknown"/>
  </way>
</action>
<action type="create">
  <way id="1564037087" version="1" timestamp="2026-10-01T09:42:58Z" changeset="189812875" uid="188429" user="gpstracks">
    <bounds minlat="46.2756841" minlon="12.3629980" maxlat="46.2761371" maxlon="12.3633200"/>
    <nd ref="402808048" lat="46.2756841" lon="12.3629980"/>
    <nd ref="14238574456" lat="46.2757201" lon="12.3630395"/>
    <nd ref="14238574455" lat="46.2757444" lon="12.3630625"/>
    <nd ref="14238574454" lat="46.2757616" lon="12.3630640"/>
    <nd ref="14238574453" lat="46.2757848" lon="12.3631097"/>
    <nd ref="14238574452" lat="46.2757937" lon="12.3631509"/>
    <nd ref="14238574451" lat="46.2758104" lon="12.3631811"/>
    <nd ref="14238574450" lat="46.2758208" lon="12.3631931"/>
    <nd ref="14238574449" lat="46.2758939" lon="12.3632641"/>
    <nd ref="14238574448" lat="46.2759194" lon="12.3633139"/>
    <nd ref="14238574447" lat="46.2759466" lon="12.3633200"/>
    <nd ref="14238574446" lat="46.2759638" lon="12.3633079"/>
    <nd ref="14238574445" lat="46.2759753" lon="12.3632973"/>
    <nd ref="14238574444" lat="46.2759836" lon="12.3632837"/>
    <nd ref="14238574443" lat="46.2760108" lon="12.3632037"/>
    <nd ref="14238574442" lat="46.2760202" lon="12.3631705"/>
    <nd ref="14238574441" lat="46.2760473" lon="12.3631327"/>
    <nd ref="14238574440" lat="46.2760974" lon="12.3630761"/>
    <nd ref="14238574439" lat="46.2761371" lon="12.3630663"/>
    <tag k="highway" v="path"/>
    <tag k="sac_scale" v="unknown"/>
  </way>
</action>
<action type="create">
  <way id="1564037088" version="1" timestamp="2026-10-01T09:42:58Z" changeset="189812875" uid="188429" user="gpstracks">
    <bounds minlat="46.2761966" minlon="12.3629266" maxlat="46.2777023" maxlon="12.3636212"/>
    <nd ref="14238574438" lat="46.2761966" lon="12.3630421"/>
    <nd ref="14238574437" lat="46.2762315" lon="12.3630006"/>
    <nd ref="14238574436" lat="46.2762498" lon="12.3629523"/>
    <nd ref="14238574435" lat="46.2762863" lon="12.3629379"/>
    <nd ref="14238574434" lat="46.2763312" lon="12.3629266"/>
    <nd ref="14238574433" lat="46.2763709" lon="12.3629334"/>
    <nd ref="14238574432" lat="46.2763834" lon="12.3629379"/>
    <nd ref="14238574431" lat="46.2763949" lon="12.3629470"/>
    <nd ref="14238574430" lat="46.2764236" lon="12.3630014"/>
    <nd ref="14238574429" lat="46.2764387" lon="12.3630331"/>
    <nd ref="14238574428" lat="46.2764481" lon="12.3630436"/>
    <nd ref="14238574427" lat="46.2764747" lon="12.3630655"/>
    <nd ref="14238574426" lat="46.2765118" lon="12.3630663"/>
    <nd ref="14238574425" lat="46.2765264" lon="12.3630603"/>
    <nd ref="14238574424" lat="46.2765525" lon="12.3630406"/>
    <nd ref="14238574423" lat="46.2765754" lon="12.3630195"/>
    <nd ref="14238574422" lat="46.2765994" lon="12.3630029"/>
    <nd ref="14238574421" lat="46.2766120" lon="12.3629983"/>
    <nd ref="14238574420" lat="46.2766380" lon="12.3629923"/>
    <nd ref="14238574419" lat="46.2766787" lon="12.3629923"/>
    <nd ref="14238574418" lat="46.2767226" lon="12.3630029"/>
    <nd ref="14238574417" lat="46.2767852" lon="12.3630421"/>
    <nd ref="14238574416" lat="46.2768050" lon="12.3630648"/>
    <nd ref="14238574415" lat="46.2768729" lon="12.3631644"/>
    <nd ref="14238574414" lat="46.2769157" lon="12.3631992"/>
    <nd ref="14238574413" lat="46.2769397" lon="12.3632128"/>
    <nd ref="14238574412" lat="46.2769564" lon="12.3632369"/>
    <nd ref="14238574411" lat="46.2769877" lon="12.3632958"/>
    <nd ref="14238574410" lat="46.2770420" lon="12.3633698"/>
    <nd ref="14238574409" lat="46.2770973" lon="12.3634166"/>
    <nd ref="14238574408" lat="46.2771098" lon="12.3634227"/>
    <nd ref="14238574407" lat="46.2771202" lon="12.3634302"/>
    <nd ref="14238574406" lat="46.2771369" lon="12.3634559"/>
    <nd ref="14238574405" lat="46.2771463" lon="12.3634861"/>
    <nd ref="14238574404" lat="46.2771589" lon="12.3635178"/>
    <nd ref="14238574403" lat="46.2771735" lon="12.3635623"/>
    <nd ref="14238574402" lat="46.2771876" lon="12.3635790"/>
    <nd ref="14238574401" lat="46.2772100" lon="12.3635941"/>
    <nd ref="14238574400" lat="46.2772272" lon="12.3636107"/>
    <nd ref="14238574399" lat="46.2772423" lon="12.3636175"/>
    <nd ref="14238574398" lat="46.2772627" lon="12.3636182"/>
    <nd ref="14238574397" lat="46.2772857" lon="12.3636212"/>
    <nd ref="14238574396" lat="46.2773222" lon="12.3636167"/>
    <nd ref="14238574395" lat="46.2773582" lon="12.3636008"/>
    <nd ref="14238574394" lat="46.2773864" lon="12.3635925"/>
    <nd ref="14238574393" lat="46.2774109" lon="12.3635850"/>
    <nd ref="14238574392" lat="46.2774375" lon="12.3635646"/>
    <nd ref="14238574391" lat="46.2774605" lon="12.3635404"/>
    <nd ref="14238574390" lat="46.2774803" lon="12.3634725"/>
    <nd ref="14238574389" lat="46.2774855" lon="12.3634347"/>
    <nd ref="14238574388" lat="46.2774991" lon="12.3633955"/>
    <nd ref="14238574387" lat="46.2775074" lon="12.3633804"/>
    <nd ref="14238574386" lat="46.2775283" lon="12.3633547"/>
    <nd ref="14238574385" lat="46.2775398" lon="12.3633472"/>
    <nd ref="14238574384" lat="46.2775586" lon="12.3633245"/>
    <nd ref="14238574383" lat="46.2775815" lon="12.3633079"/>
    <nd ref="14238574382" lat="46.2775941" lon="12.3633019"/>
    <nd ref="10114111783" lat="46.2776033" lon="12.3632780"/>
    <nd ref="402807953" lat="46.2776724" lon="12.3633378"/>
    <nd ref="402807948" lat="46.2777023" lon="12.3633537"/>
    <tag k="highway" v="path"/>
    <tag k="sac_scale" v="unknown"/>
  </way>
</action>
<action type="create">
  <way id="1564037089" version="1" timestamp="2026-10-01T09:42:58Z" changeset="189812875" uid="188429" user="gpstracks">
    <bounds minlat="46.2868291" minlon="12.3423269" maxlat="46.2876062" maxlon="12.3435689"/>
    <nd ref="9994951182" lat="46.2868291" lon="12.3423269"/>
    <nd ref="403198310" lat="46.2868507" lon="12.3423526"/>
    <nd ref="9994951181" lat="46.2868530" lon="12.3423994"/>
    <nd ref="9994951180" lat="46.2868841" lon="12.3424396"/>
    <nd ref="403198307" lat="46.2869187" lon="12.3424651"/>
    <nd ref="7939106868" lat="46.2869249" lon="12.3424939"/>
    <nd ref="9994951179" lat="46.2869038" lon="12.3425365"/>
    <nd ref="403198304" lat="46.2869092" lon="12.3425644"/>
    <nd ref="403198300" lat="46.2869323" lon="12.3426336"/>
    <nd ref="403198296" lat="46.2869593" lon="12.3427456"/>
    <nd ref="9994951178" lat="46.2869812" lon="12.3428002"/>
    <nd ref="403198289" lat="46.2870134" lon="12.3428308"/>
    <nd ref="9994951177" lat="46.2870421" lon="12.3428486"/>
    <nd ref="9994951176" lat="46.2871399" lon="12.3428662"/>
    <nd ref="403198282" lat="46.2871777" lon="12.3429031"/>
    <nd ref="7939106867" lat="46.2872444" lon="12.3429370"/>
    <nd ref="9994951175" lat="46.2872492" lon="12.3430004"/>
    <nd ref="9994951174" lat="46.2872652" lon="12.3430510"/>
    <nd ref="403198279" lat="46.2872976" lon="12.3430969"/>
    <nd ref="9994951173" lat="46.2873128" lon="12.3431340"/>
    <nd ref="9994951172" lat="46.2873239" lon="12.3431790"/>
    <nd ref="9994951171" lat="46.2873507" lon="12.3432068"/>
    <nd ref="9994951170" lat="46.2873791" lon="12.3432122"/>
    <nd ref="403198276" lat="46.2873955" lon="12.3432072"/>
    <nd ref="9994951169" lat="46.2874167" lon="12.3432113"/>
    <nd ref="9994951168" lat="46.2874181" lon="12.3432442"/>
    <nd ref="9994951167" lat="46.2874226" lon="12.3432934"/>
    <nd ref="9994951166" lat="46.2874368" lon="12.3433257"/>
    <nd ref="9994951165" lat="46.2874910" lon="12.3433715"/>
    <nd ref="403198269" lat="46.2875103" lon="12.3434330"/>
    <nd ref="9994951164" lat="46.2875395" lon="12.3434641"/>
    <nd ref="403198266" lat="46.2876062" lon="12.3435689"/>
    <tag k="highway" v="path"/>
    <tag k="sac_scale" v="mountain_hiking"/>
    <tag k="surface" v="ground"/>
  </way>
</action>
<action type="create">
  <way id="1564062990" version="1" timestamp="2026-10-01T10:56:36Z" changeset="189816579" uid="3538539" user="micheleOSM3">
    <bounds minlat="46.4405489" minlon="13.2135729" maxlat="46.4408328" maxlon="13.2136749"/>
    <nd ref="13689684125" lat="46.4408328" lon="13.2136581"/>
    <nd ref="4036863481" lat="46.4407411" lon="13.2136749"/>
    <nd ref="4036863482" lat="46.4406228" lon="13.2136105"/>
    <nd ref="4036863483" lat="46.4405489" lon="13.2135729"/>
    <tag k="highway" v="path"/>
    <tag k="sac_scale" v="hiking"/>
    <tag k="trail_visibility" v="excellent"/>
  </way>
</action>
<action type="modify">
<old>
  <relation id="140428" version="7" timestamp="2022-04-11T09:26:25Z" changeset="119569079" uid="1707808" user="jakarta87">
    <bounds minlat="46.2713873" minlon="12.3333925" maxlat="46.2843536" maxlon="12.3684907"/>
    <member type="way" ref="34636301" role="">
      <nd lat="46.2715029" lon="12.3333925"/>
      <nd lat="46.2715324" lon="12.3335308"/>
      <nd lat="46.2715773" lon="12.3336823"/>
      <nd lat="46.2716369" lon="12.3338542"/>
      <nd lat="46.2716591" lon="12.3339803"/>
      <nd lat="46.2717105" lon="12.3340404"/>
      <nd lat="46.2717644" lon="12.3341436"/>
      <nd lat="46.2717855" lon="12.3342396"/>
      <nd lat="46.2718028" lon="12.3343918"/>
      <nd lat="46.2718601" lon="12.3345319"/>
      <nd lat="46.2719361" lon="12.3346150"/>
      <nd lat="46.2719784" lon="12.3346886"/>
      <nd lat="46.2720526" lon="12.3347931"/>
      <nd lat="46.2720759" lon="12.3348533"/>
      <nd lat="46.2720819" lon="12.3349363"/>
      <nd lat="46.2720658" lon="12.3351425"/>
      <nd lat="46.2720061" lon="12.3355666"/>
      <nd lat="46.2719585" lon="12.3357377"/>
      <nd lat="46.2719619" lon="12.3359673"/>
      <nd lat="46.2719607" lon="12.3360671"/>
      <nd lat="46.2719792" lon="12.3361990"/>
      <nd lat="46.2720237" lon="12.3363482"/>
      <nd lat="46.2720840" lon="12.3364769"/>
      <nd lat="46.2722038" lon="12.3367934"/>
      <nd lat="46.2722821" lon="12.3369746"/>
      <nd lat="46.2723162" lon="12.3371047"/>
      <nd lat="46.2724573" lon="12.3375895"/>
      <nd lat="46.2725747" lon="12.3379221"/>
      <nd lat="46.2726289" lon="12.3381559"/>
      <nd lat="46.2726697" lon="12.3384474"/>
      <nd lat="46.2726721" lon="12.3387095"/>
      <nd lat="46.2726842" lon="12.3387890"/>
      <nd lat="46.2727061" lon="12.3388232"/>
      <nd lat="46.2727222" lon="12.3389428"/>
      <nd lat="46.2727629" lon="12.3390770"/>
      <nd lat="46.2727926" lon="12.3392102"/>
      <nd lat="46.2728234" lon="12.3392784"/>
      <nd lat="46.2728440" lon="12.3392495"/>
      <nd lat="46.2728577" lon="12.3392003"/>
      <nd lat="46.2729400" lon="12.3396263"/>
      <nd lat="46.2729685" lon="12.3396960"/>
      <nd lat="46.2730161" lon="12.3399437"/>
      <nd lat="46.2730478" lon="12.3400506"/>
      <nd lat="46.2730714" lon="12.3401914"/>
      <nd lat="46.2730874" lon="12.3403472"/>
      <nd lat="46.2730835" lon="12.3403925"/>
      <nd lat="46.2729790" lon="12.3404026"/>
      <nd lat="46.2729129" lon="12.3404442"/>
      <nd lat="46.2728547" lon="12.3404510"/>
      <nd lat="46.2728069" lon="12.3404791"/>
      <nd lat="46.2727748" lon="12.3405380"/>
      <nd lat="46.2727304" lon="12.3405941"/>
      <nd lat="46.2726768" lon="12.3406372"/>
      <nd lat="46.2726387" lon="12.3406824"/>
      <nd lat="46.2726184" lon="12.3407567"/>
      <nd lat="46.2726237" lon="12.3408315"/>
      <nd lat="46.2726393" lon="12.3408992"/>
      <nd lat="46.2726764" lon="12.3409808"/>
      <nd lat="46.2727249" lon="12.3410342"/>
      <nd lat="46.2728740" lon="12.3411498"/>
      <nd lat="46.2731099" lon="12.3413628"/>
      <nd lat="46.2731582" lon="12.3414196"/>
      <nd lat="46.2731878" lon="12.3414989"/>
      <nd lat="46.2732008" lon="12.3415460"/>
      <nd lat="46.2732518" lon="12.3415538"/>
      <nd lat="46.2735431" lon="12.3418478"/>
      <nd lat="46.2736426" lon="12.3420179"/>
      <nd lat="46.2736669" lon="12.3420637"/>
      <nd lat="46.2736606" lon="12.3420805"/>
      <nd lat="46.2736493" lon="12.3421104"/>
      <nd lat="46.2736305" lon="12.3421562"/>
      <nd lat="46.2735845" lon="12.3421988"/>
      <nd lat="46.2735285" lon="12.3422204"/>
      <nd lat="46.2734671" lon="12.3423111"/>
      <nd lat="46.2733109" lon="12.3424197"/>
      <nd lat="46.2730961" lon="12.3425102"/>
      <nd lat="46.2729218" lon="12.3425738"/>
      <nd lat="46.2727811" lon="12.3425933"/>
      <nd lat="46.2726948" lon="12.3426458"/>
      <nd lat="46.2723916" lon="12.3428053"/>
      <nd lat="46.2723094" lon="12.3428646"/>
      <nd lat="46.2722804" lon="12.3428854"/>
      <nd lat="46.2722673" lon="12.3429852"/>
      <nd lat="46.2722670" lon="12.3430622"/>
      <nd lat="46.2722901" lon="12.3431116"/>
      <nd lat="46.2724175" lon="12.3432144"/>
      <nd lat="46.2725038" lon="12.3432833"/>
      <nd lat="46.2725855" lon="12.3434535"/>
      <nd lat="46.2726364" lon="12.3436742"/>
      <nd lat="46.2726457" lon="12.3437565"/>
      <nd lat="46.2726411" lon="12.3438301"/>
      <nd lat="46.2725806" lon="12.3440305"/>
      <nd lat="46.2725722" lon="12.3440942"/>
      <nd lat="46.2725570" lon="12.3441823"/>
      <nd lat="46.2725607" lon="12.3442546"/>
      <nd lat="46.2725555" lon="12.3443426"/>
      <nd lat="46.2725763" lon="12.3443874"/>
      <nd lat="46.2727097" lon="12.3444639"/>
      <nd lat="46.2728148" lon="12.3446240"/>
      <nd lat="46.2729286" lon="12.3447777"/>
      <nd lat="46.2729741" lon="12.3449301"/>
      <nd lat="46.2730299" lon="12.3452079"/>
      <nd lat="46.2730366" lon="12.3452968"/>
      <nd lat="46.2730540" lon="12.3453546"/>
      <nd lat="46.2730553" lon="12.3454475"/>
      <nd lat="46.2729987" lon="12.3456286"/>
      <nd lat="46.2729525" lon="12.3457580"/>
      <nd lat="46.2728508" lon="12.3459068"/>
      <nd lat="46.2727491" lon="12.3460403"/>
      <nd lat="46.2725935" lon="12.3462181"/>
      <nd lat="46.2725019" lon="12.3463838"/>
      <nd lat="46.2724532" lon="12.3465235"/>
      <nd lat="46.2724259" lon="12.3466500"/>
      <nd lat="46.2723994" lon="12.3467253"/>
      <nd lat="46.2723288" lon="12.3468273"/>
      <nd lat="46.2721970" lon="12.3469299"/>
      <nd lat="46.2721291" lon="12.3469990"/>
      <nd lat="46.2720772" lon="12.3470692"/>
      <nd lat="46.2720289" lon="12.3471828"/>
      <nd lat="46.2719194" lon="12.3472781"/>
      <nd lat="46.2718468" lon="12.3473349"/>
      <nd lat="46.2717890" lon="12.3473893"/>
      <nd lat="46.2717418" lon="12.3474621"/>
      <nd lat="46.2716444" lon="12.3475618"/>
      <nd lat="46.2715965" lon="12.3476376"/>
      <nd lat="46.2715623" lon="12.3477139"/>
      <nd lat="46.2715253" lon="12.3478216"/>
      <nd lat="46.2714933" lon="12.3479833"/>
      <nd lat="46.2714675" lon="12.3481077"/>
      <nd lat="46.2714391" lon="12.3482701"/>
      <nd lat="46.2714159" lon="12.3485802"/>
      <nd lat="46.2714234" lon="12.3489478"/>
      <nd lat="46.2714346" lon="12.3492697"/>
      <nd lat="46.2714350" lon="12.3493921"/>
      <nd lat="46.2714115" lon="12.3495302"/>
      <nd lat="46.2713873" lon="12.3500216"/>
      <nd lat="46.2714766" lon="12.3503769"/>
      <nd lat="46.2714977" lon="12.3504793"/>
      <nd lat="46.2715564" lon="12.3507886"/>
      <nd lat="46.2715623" lon="12.3508678"/>
      <nd lat="46.2715417" lon="12.3509919"/>
      <nd lat="46.2715469" lon="12.3510915"/>
      <nd lat="46.2715289" lon="12.3512277"/>
      <nd lat="46.2715291" lon="12.3514051"/>
      <nd lat="46.2715308" lon="12.3514924"/>
      <nd lat="46.2715116" lon="12.3516806"/>
      <nd lat="46.2715227" lon="12.3519913"/>
      <nd lat="46.2715345" lon="12.3520984"/>
      <nd lat="46.2715375" lon="12.3521708"/>
      <nd lat="46.2715261" lon="12.3522592"/>
      <nd lat="46.2715040" lon="12.3523199"/>
      <nd lat="46.2715227" lon="12.3524531"/>
      <nd lat="46.2715944" lon="12.3526010"/>
      <nd lat="46.2716836" lon="12.3527069"/>
      <nd lat="46.2717770" lon="12.3527468"/>
      <nd lat="46.2718258" lon="12.3527965"/>
      <nd lat="46.2718740" lon="12.3528189"/>
      <nd lat="46.2719123" lon="12.3528743"/>
      <nd lat="46.2719425" lon="12.3529452"/>
      <nd lat="46.2719596" lon="12.3530332"/>
      <nd lat="46.2719900" lon="12.3530908"/>
      <nd lat="46.2719913" lon="12.3531635"/>
      <nd lat="46.2720022" lon="12.3532107"/>
      <nd lat="46.2720491" lon="12.3532666"/>
      <nd lat="46.2720746" lon="12.3532850"/>
      <nd lat="46.2721098" lon="12.3532930"/>
      <nd lat="46.2721467" lon="12.3533365"/>
      <nd lat="46.2721684" lon="12.3533969"/>
      <nd lat="46.2721958" lon="12.3534929"/>
      <nd lat="46.2722389" lon="12.3535708"/>
      <nd lat="46.2723299" lon="12.3536355"/>
      <nd lat="46.2724259" lon="12.3537554"/>
    </member>
    <member type="way" ref="35550326" role="">
      <nd lat="46.2724259" lon="12.3537554"/>
      <nd lat="46.2724442" lon="12.3537680"/>
      <nd lat="46.2724913" lon="12.3537743"/>
      <nd lat="46.2725617" lon="12.3538347"/>
      <nd lat="46.2725888" lon="12.3538981"/>
      <nd lat="46.2725990" lon="12.3539446"/>
      <nd lat="46.2726235" lon="12.3539853"/>
      <nd lat="46.2726431" lon="12.3540259"/>
      <nd lat="46.2726504" lon="12.3541463"/>
      <nd lat="46.2727003" lon="12.3542048"/>
      <nd lat="46.2727288" lon="12.3542940"/>
      <nd lat="46.2727748" lon="12.3543800"/>
      <nd lat="46.2728892" lon="12.3545380"/>
      <nd lat="46.2729491" lon="12.3546382"/>
      <nd lat="46.2729612" lon="12.3547095"/>
      <nd lat="46.2730047" lon="12.3547635"/>
      <nd lat="46.2730691" lon="12.3547659"/>
      <nd lat="46.2731219" lon="12.3548187"/>
      <nd lat="46.2731532" lon="12.3548868"/>
      <nd lat="46.2732281" lon="12.3549743"/>
      <nd lat="46.2732716" lon="12.3550878"/>
      <nd lat="46.2733650" lon="12.3552075"/>
      <nd lat="46.2734180" lon="12.3552679"/>
      <nd lat="46.2734482" lon="12.3553333"/>
      <nd lat="46.2735036" lon="12.3555261"/>
      <nd lat="46.2735235" lon="12.3556253"/>
      <nd lat="46.2736168" lon="12.3557125"/>
      <nd lat="46.2737420" lon="12.3558608"/>
      <nd lat="46.2738467" lon="12.3559482"/>
      <nd lat="46.2739452" lon="12.3560391"/>
      <nd lat="46.2740032" lon="12.3561555"/>
      <nd lat="46.2740893" lon="12.3562396"/>
      <nd lat="46.2741162" lon="12.3563220"/>
      <nd lat="46.2741576" lon="12.3565518"/>
      <nd lat="46.2741594" lon="12.3567886"/>
      <nd lat="46.2741554" lon="12.3568542"/>
      <nd lat="46.2741910" lon="12.3569751"/>
      <nd lat="46.2742113" lon="12.3570638"/>
      <nd lat="46.2742210" lon="12.3571597"/>
      <nd lat="46.2742222" lon="12.3573088"/>
      <nd lat="46.2742434" lon="12.3573596"/>
      <nd lat="46.2742961" lon="12.3573915"/>
      <nd lat="46.2744011" lon="12.3573893"/>
      <nd lat="46.2744712" lon="12.3574040"/>
      <nd lat="46.2745271" lon="12.3574338"/>
      <nd lat="46.2745761" lon="12.3574883"/>
      <nd lat="46.2746538" lon="12.3576615"/>
      <nd lat="46.2747064" lon="12.3578355"/>
      <nd lat="46.2747517" lon="12.3579226"/>
      <nd lat="46.2747635" lon="12.3580186"/>
      <nd lat="46.2748133" lon="12.3581276"/>
      <nd lat="46.2748276" lon="12.3582072"/>
      <nd lat="46.2749125" lon="12.3583700"/>
      <nd lat="46.2749362" lon="12.3585051"/>
      <nd lat="46.2749485" lon="12.3585683"/>
      <nd lat="46.2749905" lon="12.3586094"/>
      <nd lat="46.2750417" lon="12.3586220"/>
      <nd lat="46.2750935" lon="12.3585738"/>
      <nd lat="46.2751357" lon="12.3585422"/>
      <nd lat="46.2751698" lon="12.3585626"/>
      <nd lat="46.2752349" lon="12.3586351"/>
      <nd lat="46.2752519" lon="12.3587232"/>
      <nd lat="46.2752391" lon="12.3587985"/>
      <nd lat="46.2751991" lon="12.3588519"/>
      <nd lat="46.2751896" lon="12.3589013"/>
      <nd lat="46.2751911" lon="12.3589935"/>
      <nd lat="46.2751996" lon="12.3590446"/>
      <nd lat="46.2752192" lon="12.3590923"/>
      <nd lat="46.2752285" lon="12.3591550"/>
      <nd lat="46.2752324" lon="12.3592061"/>
      <nd lat="46.2752787" lon="12.3592866"/>
      <nd lat="46.2752930" lon="12.3593119"/>
      <nd lat="46.2752908" lon="12.3594042"/>
      <nd lat="46.2753455" lon="12.3594915"/>
      <nd lat="46.2753550" lon="12.3595902"/>
      <nd lat="46.2753510" lon="12.3596743"/>
      <nd lat="46.2753316" lon="12.3597367"/>
      <nd lat="46.2753068" lon="12.3598233"/>
      <nd lat="46.2753618" lon="12.3599276"/>
      <nd lat="46.2754008" lon="12.3600152"/>
      <nd lat="46.2754807" lon="12.3601698"/>
      <nd lat="46.2755393" lon="12.3602809"/>
      <nd lat="46.2755467" lon="12.3603592"/>
      <nd lat="46.2755588" lon="12.3603958"/>
      <nd lat="46.2756567" lon="12.3604513"/>
      <nd lat="46.2756681" lon="12.3604888"/>
      <nd lat="46.2756713" lon="12.3605288"/>
      <nd lat="46.2756585" lon="12.3605599"/>
      <nd lat="46.2756617" lon="12.3606112"/>
      <nd lat="46.2756920" lon="12.3606670"/>
      <nd lat="46.2757014" lon="12.3607285"/>
      <nd lat="46.2756964" lon="12.3607933"/>
      <nd lat="46.2756483" lon="12.3608748"/>
      <nd lat="46.2756238" lon="12.3609211"/>
      <nd lat="46.2756306" lon="12.3610272"/>
      <nd lat="46.2756338" lon="12.3610998"/>
      <nd lat="46.2756401" lon="12.3612141"/>
      <nd lat="46.2756305" lon="12.3612650"/>
      <nd lat="46.2756277" lon="12.3613157"/>
      <nd lat="46.2756388" lon="12.3613962"/>
      <nd lat="46.2756162" lon="12.3615172"/>
      <nd lat="46.2756341" lon="12.3615939"/>
      <nd lat="46.2756269" lon="12.3616302"/>
      <nd lat="46.2755774" lon="12.3617009"/>
      <nd lat="46.2755836" lon="12.3618864"/>
      <nd lat="46.2756088" lon="12.3619880"/>
      <nd lat="46.2756093" lon="12.3620958"/>
      <nd lat="46.2756606" lon="12.3623605"/>
      <nd lat="46.2756445" lon="12.3624386"/>
      <nd lat="46.2756458" lon="12.3625289"/>
      <nd lat="46.2755906" lon="12.3627617"/>
      <nd lat="46.2755818" lon="12.3628829"/>
      <nd lat="46.2755893" lon="12.3629390"/>
    </member>
    <member type="way" ref="857362076" role="">
      <nd lat="46.2755893" lon="12.3629390"/>
      <nd lat="46.2756248" lon="12.3629686"/>
      <nd lat="46.2756563" lon="12.3629871"/>
      <nd lat="46.2756835" lon="12.3629971"/>
      <nd lat="46.2756900" lon="12.3629845"/>
      <nd lat="46.2756490" lon="12.3628988"/>
      <nd lat="46.2757030" lon="12.3627150"/>
      <nd lat="46.2757952" lon="12.3625693"/>
      <nd lat="46.2758397" lon="12.3625062"/>
      <nd lat="46.2758876" lon="12.3624620"/>
      <nd lat="46.2759183" lon="12.3623613"/>
      <nd lat="46.2759576" lon="12.3622348"/>
      <nd lat="46.2759917" lon="12.3621041"/>
      <nd lat="46.2760190" lon="12.3621285"/>
      <nd lat="46.2760254" lon="12.3622317"/>
      <nd lat="46.2760613" lon="12.3622533"/>
      <nd lat="46.2763311" lon="12.3622694"/>
      <nd lat="46.2764620" lon="12.3623461"/>
      <nd lat="46.2765770" lon="12.3624124"/>
      <nd lat="46.2766961" lon="12.3624749"/>
      <nd lat="46.2767721" lon="12.3625053"/>
      <nd lat="46.2768325" lon="12.3625425"/>
      <nd lat="46.2768820" lon="12.3626278"/>
      <nd lat="46.2769180" lon="12.3626967"/>
      <nd lat="46.2769522" lon="12.3628038"/>
      <nd lat="46.2769728" lon="12.3628924"/>
      <nd lat="46.2770172" lon="12.3629838"/>
      <nd lat="46.2770922" lon="12.3630813"/>
      <nd lat="46.2771678" lon="12.3631482"/>
      <nd lat="46.2772941" lon="12.3632337"/>
      <nd lat="46.2773528" lon="12.3632557"/>
      <nd lat="46.2773775" lon="12.3632946"/>
      <nd lat="46.2773910" lon="12.3633607"/>
      <nd lat="46.2774143" lon="12.3633977"/>
      <nd lat="46.2774432" lon="12.3633887"/>
      <nd lat="46.2774607" lon="12.3633440"/>
      <nd lat="46.2774780" lon="12.3632916"/>
      <nd lat="46.2775076" lon="12.3632559"/>
      <nd lat="46.2775592" lon="12.3632572"/>
      <nd lat="46.2776033" lon="12.3632780"/>
      <nd lat="46.2776724" lon="12.3633378"/>
      <nd lat="46.2777148" lon="12.3633477"/>
    </member>
    <member type="way" ref="35550325" role="">
      <nd lat="46.2777148" lon="12.3633477"/>
      <nd lat="46.2778009" lon="12.3633710"/>
      <nd lat="46.2778550" lon="12.3633758"/>
      <nd lat="46.2778807" lon="12.3633142"/>
      <nd lat="46.2779294" lon="12.3632710"/>
      <nd lat="46.2779443" lon="12.3632665"/>
      <nd lat="46.2779809" lon="12.3632553"/>
    </member>
    <member type="way" ref="180750962" role="">
      <nd lat="46.2779809" lon="12.3632553"/>
      <nd lat="46.2780027" lon="12.3632616"/>
      <nd lat="46.2780242" lon="12.3632872"/>
      <nd lat="46.2780536" lon="12.3633632"/>
      <nd lat="46.2780858" lon="12.3634399"/>
      <nd lat="46.2782016" lon="12.3635748"/>
      <nd lat="46.2783028" lon="12.3636626"/>
      <nd lat="46.2784512" lon="12.3637619"/>
      <nd lat="46.2785405" lon="12.3638334"/>
      <nd lat="46.2786324" lon="12.3638924"/>
      <nd lat="46.2787355" lon="12.3639131"/>
      <nd lat="46.2788290" lon="12.3639516"/>
      <nd lat="46.2789059" lon="12.3639317"/>
      <nd lat="46.2789623" lon="12.3639267"/>
      <nd lat="46.2791284" lon="12.3640077"/>
      <nd lat="46.2792282" lon="12.3640281"/>
      <nd lat="46.2792949" lon="12.3640536"/>
      <nd lat="46.2795244" lon="12.3640293"/>
      <nd lat="46.2795901" lon="12.3640002"/>
      <nd lat="46.2796983" lon="12.3640225"/>
      <nd lat="46.2798028" lon="12.3640213"/>
      <nd lat="46.2799723" lon="12.3640875"/>
      <nd lat="46.2800484" lon="12.3640722"/>
      <nd lat="46.2800974" lon="12.3640644"/>
      <nd lat="46.2801489" lon="12.3640905"/>
      <nd lat="46.2803320" lon="12.3640948"/>
      <nd lat="46.2803737" lon="12.3641082"/>
      <nd lat="46.2805222" lon="12.3641889"/>
      <nd lat="46.2807129" lon="12.3641430"/>
      <nd lat="46.2807771" lon="12.3640896"/>
      <nd lat="46.2809102" lon="12.3639542"/>
      <nd lat="46.2809833" lon="12.3639398"/>
      <nd lat="46.2810318" lon="12.3639775"/>
      <nd lat="46.2810859" lon="12.3640875"/>
      <nd lat="46.2811565" lon="12.3641661"/>
      <nd lat="46.2812401" lon="12.3641793"/>
      <nd lat="46.2813218" lon="12.3642231"/>
      <nd lat="46.2815067" lon="12.3643840"/>
      <nd lat="46.2816192" lon="12.3645007"/>
      <nd lat="46.2817329" lon="12.3645543"/>
      <nd lat="46.2817708" lon="12.3646517"/>
      <nd lat="46.2818156" lon="12.3647583"/>
      <nd lat="46.2818662" lon="12.3647730"/>
      <nd lat="46.2819115" lon="12.3648453"/>
      <nd lat="46.2819422" lon="12.3649735"/>
      <nd lat="46.2819744" lon="12.3651074"/>
      <nd lat="46.2820067" lon="12.3651860"/>
      <nd lat="46.2820558" lon="12.3652523"/>
      <nd lat="46.2821388" lon="12.3652960"/>
      <nd lat="46.2821915" lon="12.3653450"/>
      <nd lat="46.2822411" lon="12.3654322"/>
      <nd lat="46.2823013" lon="12.3655171"/>
      <nd lat="46.2823836" lon="12.3655876"/>
      <nd lat="46.2824234" lon="12.3656486"/>
      <nd lat="46.2824802" lon="12.3658267"/>
      <nd lat="46.2825774" lon="12.3660264"/>
      <nd lat="46.2826300" lon="12.3661766"/>
      <nd lat="46.2826695" lon="12.3663011"/>
      <nd lat="46.2826666" lon="12.3663905"/>
      <nd lat="46.2826746" lon="12.3664473"/>
      <nd lat="46.2826900" lon="12.3664866"/>
      <nd lat="46.2828281" lon="12.3665123"/>
      <nd lat="46.2829194" lon="12.3665056"/>
      <nd lat="46.2829998" lon="12.3664359"/>
      <nd lat="46.2831533" lon="12.3662669"/>
      <nd lat="46.2832393" lon="12.3661537"/>
      <nd lat="46.2832755" lon="12.3661229"/>
      <nd lat="46.2834290" lon="12.3661219"/>
      <nd lat="46.2835656" lon="12.3661513"/>
      <nd lat="46.2836507" lon="12.3661801"/>
      <nd lat="46.2837064" lon="12.3662114"/>
      <nd lat="46.2837564" lon="12.3662601"/>
      <nd lat="46.2838019" lon="12.3663292"/>
      <nd lat="46.2838662" lon="12.3663928"/>
      <nd lat="46.2840718" lon="12.3666632"/>
      <nd lat="46.2841471" lon="12.3667381"/>
      <nd lat="46.2842064" lon="12.3668167"/>
      <nd lat="46.2842407" lon="12.3669059"/>
      <nd lat="46.2842592" lon="12.3670147"/>
      <nd lat="46.2842962" lon="12.3671486"/>
      <nd lat="46.2843530" lon="12.3672998"/>
    </member>
    <member type="way" ref="1050979054" role="">
      <nd lat="46.2843530" lon="12.3672998"/>
      <nd lat="46.2843536" lon="12.3673950"/>
      <nd lat="46.2843295" lon="12.3674954"/>
      <nd lat="46.2843027" lon="12.3676412"/>
      <nd lat="46.2842792" lon="12.3677643"/>
      <nd lat="46.2842200" lon="12.3677400"/>
      <nd lat="46.2842182" lon="12.3678899"/>
      <nd lat="46.2842208" lon="12.3679451"/>
      <nd lat="46.2842022" lon="12.3679648"/>
      <nd lat="46.2841680" lon="12.3679476"/>
      <nd lat="46.2841460" lon="12.3679124"/>
      <nd lat="46.2841235" lon="12.3679135"/>
      <nd lat="46.2841258" lon="12.3680107"/>
      <nd lat="46.2841332" lon="12.3681038"/>
      <nd lat="46.2841432" lon="12.3681949"/>
      <nd lat="46.2842000" lon="12.3683639"/>
      <nd lat="46.2842337" lon="12.3684907"/>
    </member>
    <tag k="type" v="route"/>
    <tag k="name" v="Trui dal Sciarbon"/>
    <tag k="operator" v="Club Alpino Italiano"/>
    <tag k="route" v="hiking"/>
  </relation>
</old>
<new>
  <relation id="140428" version="8" timestamp="2026-10-01T09:42:58Z" changeset="189812875" uid="188429" user="gpstracks">
    <bounds minlat="46.2713873" minlon="12.3333925" maxlat="46.2843536" maxlon="12.3684907"/>
    <member type="way" ref="34636301" role="">
      <nd lat="46.2715029" lon="12.3333925"/>
      <nd lat="46.2715324" lon="12.3335308"/>
      <nd lat="46.2715773" lon="12.3336823"/>
      <nd lat="46.2716369" lon="12.3338542"/>
      <nd lat="46.2716591" lon="12.3339803"/>
      <nd lat="46.2717105" lon="12.3340404"/>
      <nd lat="46.2717644" lon="12.3341436"/>
      <nd lat="46.2717855" lon="12.3342396"/>
      <nd lat="46.2718028" lon="12.3343918"/>
      <nd lat="46.2718601" lon="12.3345319"/>
      <nd lat="46.2719361" lon="12.3346150"/>
      <nd lat="46.2719784" lon="12.3346886"/>
      <nd lat="46.2720526" lon="12.3347931"/>
      <nd lat="46.2720759" lon="12.3348533"/>
      <nd lat="46.2720819" lon="12.3349363"/>
      <nd lat="46.2720658" lon="12.3351425"/>
      <nd lat="46.2720061" lon="12.3355666"/>
      <nd lat="46.2719585" lon="12.3357377"/>
      <nd lat="46.2719619" lon="12.3359673"/>
      <nd lat="46.2719607" lon="12.3360671"/>
      <nd lat="46.2719792" lon="12.3361990"/>
      <nd lat="46.2720237" lon="12.3363482"/>
      <nd lat="46.2720840" lon="12.3364769"/>
      <nd lat="46.2722038" lon="12.3367934"/>
      <nd lat="46.2722821" lon="12.3369746"/>
      <nd lat="46.2723162" lon="12.3371047"/>
      <nd lat="46.2724573" lon="12.3375895"/>
      <nd lat="46.2725747" lon="12.3379221"/>
      <nd lat="46.2726289" lon="12.3381559"/>
      <nd lat="46.2726697" lon="12.3384474"/>
      <nd lat="46.2726721" lon="12.3387095"/>
      <nd lat="46.2726842" lon="12.3387890"/>
      <nd lat="46.2727061" lon="12.3388232"/>
      <nd lat="46.2727222" lon="12.3389428"/>
      <nd lat="46.2727629" lon="12.3390770"/>
      <nd lat="46.2727926" lon="12.3392102"/>
      <nd lat="46.2728234" lon="12.3392784"/>
      <nd lat="46.2728440" lon="12.3392495"/>
      <nd lat="46.2728577" lon="12.3392003"/>
      <nd lat="46.2729400" lon="12.3396263"/>
      <nd lat="46.2729685" lon="12.3396960"/>
      <nd lat="46.2730161" lon="12.3399437"/>
      <nd lat="46.2730478" lon="12.3400506"/>
      <nd lat="46.2730714" lon="12.3401914"/>
      <nd lat="46.2730874" lon="12.3403472"/>
      <nd lat="46.2730835" lon="12.3403925"/>
      <nd lat="46.2729790" lon="12.3404026"/>
      <nd lat="46.2729129" lon="12.3404442"/>
      <nd lat="46.2728547" lon="12.3404510"/>
      <nd lat="46.2728069" lon="12.3404791"/>
      <nd lat="46.2727748" lon="12.3405380"/>
      <nd lat="46.2727304" lon="12.3405941"/>
      <nd lat="46.2726768" lon="12.3406372"/>
      <nd lat="46.2726387" lon="12.3406824"/>
      <nd lat="46.2726184" lon="12.3407567"/>
      <nd lat="46.2726237" lon="12.3408315"/>
      <nd lat="46.2726393" lon="12.3408992"/>
      <nd lat="46.2726764" lon="12.3409808"/>
      <nd lat="46.2727249" lon="12.3410342"/>
      <nd lat="46.2728740" lon="12.3411498"/>
      <nd lat="46.2731099" lon="12.3413628"/>
      <nd lat="46.2731582" lon="12.3414196"/>
      <nd lat="46.2731878" lon="12.3414989"/>
      <nd lat="46.2732008" lon="12.3415460"/>
      <nd lat="46.2732518" lon="12.3415538"/>
      <nd lat="46.2735431" lon="12.3418478"/>
      <nd lat="46.2736426" lon="12.3420179"/>
      <nd lat="46.2736669" lon="12.3420637"/>
      <nd lat="46.2736606" lon="12.3420805"/>
      <nd lat="46.2736493" lon="12.3421104"/>
      <nd lat="46.2736305" lon="12.3421562"/>
      <nd lat="46.2735845" lon="12.3421988"/>
      <nd lat="46.2735285" lon="12.3422204"/>
      <nd lat="46.2734671" lon="12.3423111"/>
      <nd lat="46.2733109" lon="12.3424197"/>
      <nd lat="46.2730961" lon="12.3425102"/>
      <nd lat="46.2729218" lon="12.3425738"/>
      <nd lat="46.2727811" lon="12.3425933"/>
      <nd lat="46.2726948" lon="12.3426458"/>
      <nd lat="46.2723916" lon="12.3428053"/>
      <nd lat="46.2723493" lon="12.3428582"/>
      <nd lat="46.2723094" lon="12.3428646"/>
      <nd lat="46.2722804" lon="12.3428854"/>
      <nd lat="46.2722673" lon="12.3429852"/>
      <nd lat="46.2722670" lon="12.3430622"/>
      <nd lat="46.2722901" lon="12.3431116"/>
      <nd lat="46.2724175" lon="12.3432144"/>
      <nd lat="46.2725038" lon="12.3432833"/>
      <nd lat="46.2725855" lon="12.3434535"/>
      <nd lat="46.2726364" lon="12.3436742"/>
      <nd lat="46.2726457" lon="12.3437565"/>
      <nd lat="46.2726411" lon="12.3438301"/>
      <nd lat="46.2725806" lon="12.3440305"/>
      <nd lat="46.2725722" lon="12.3440942"/>
      <nd lat="46.2725570" lon="12.3441823"/>
      <nd lat="46.2725607" lon="12.3442546"/>
      <nd lat="46.2725555" lon="12.3443426"/>
      <nd lat="46.2725763" lon="12.3443874"/>
      <nd lat="46.2727097" lon="12.3444639"/>
      <nd lat="46.2728148" lon="12.3446240"/>
      <nd lat="46.2729286" lon="12.3447777"/>
      <nd lat="46.2729741" lon="12.3449301"/>
      <nd lat="46.2730299" lon="12.3452079"/>
      <nd lat="46.2730366" lon="12.3452968"/>
      <nd lat="46.2730540" lon="12.3453546"/>
      <nd lat="46.2730553" lon="12.3454475"/>
      <nd lat="46.2729987" lon="12.3456286"/>
      <nd lat="46.2729525" lon="12.3457580"/>
      <nd lat="46.2728508" lon="12.3459068"/>
      <nd lat="46.2727491" lon="12.3460403"/>
      <nd lat="46.2725935" lon="12.3462181"/>
      <nd lat="46.2725019" lon="12.3463838"/>
      <nd lat="46.2724532" lon="12.3465235"/>
      <nd lat="46.2724259" lon="12.3466500"/>
      <nd lat="46.2723994" lon="12.3467253"/>
      <nd lat="46.2723288" lon="12.3468273"/>
      <nd lat="46.2721970" lon="12.3469299"/>
      <nd lat="46.2721291" lon="12.3469990"/>
      <nd lat="46.2720772" lon="12.3470692"/>
      <nd lat="46.2720289" lon="12.3471828"/>
      <nd lat="46.2719194" lon="12.3472781"/>
      <nd lat="46.2718468" lon="12.3473349"/>
      <nd lat="46.2717890" lon="12.3473893"/>
      <nd lat="46.2717418" lon="12.3474621"/>
      <nd lat="46.2716444" lon="12.3475618"/>
      <nd lat="46.2715965" lon="12.3476376"/>
      <nd lat="46.2715623" lon="12.3477139"/>
      <nd lat="46.2715253" lon="12.3478216"/>
      <nd lat="46.2714933" lon="12.3479833"/>
      <nd lat="46.2714675" lon="12.3481077"/>
      <nd lat="46.2714391" lon="12.3482701"/>
      <nd lat="46.2714159" lon="12.3485802"/>
      <nd lat="46.2714234" lon="12.3489478"/>
      <nd lat="46.2714346" lon="12.3492697"/>
      <nd lat="46.2714350" lon="12.3493921"/>
      <nd lat="46.2714115" lon="12.3495302"/>
      <nd lat="46.2713873" lon="12.3500216"/>
      <nd lat="46.2714766" lon="12.3503769"/>
      <nd lat="46.2714977" lon="12.3504793"/>
      <nd lat="46.2715564" lon="12.3507886"/>
      <nd lat="46.2715623" lon="12.3508678"/>
      <nd lat="46.2715417" lon="12.3509919"/>
      <nd lat="46.2715469" lon="12.3510915"/>
      <nd lat="46.2715289" lon="12.3512277"/>
      <nd lat="46.2715291" lon="12.3514051"/>
      <nd lat="46.2715308" lon="12.3514924"/>
      <nd lat="46.2715116" lon="12.3516806"/>
      <nd lat="46.2715227" lon="12.3519913"/>
      <nd lat="46.2715345" lon="12.3520984"/>
      <nd lat="46.2715375" lon="12.3521708"/>
      <nd lat="46.2715261" lon="12.3522592"/>
      <nd lat="46.2715040" lon="12.3523199"/>
      <nd lat="46.2715227" lon="12.3524531"/>
      <nd lat="46.2715944" lon="12.3526010"/>
      <nd lat="46.2716836" lon="12.3527069"/>
      <nd lat="46.2717770" lon="12.3527468"/>
      <nd lat="46.2718258" lon="12.3527965"/>
      <nd lat="46.2718740" lon="12.3528189"/>
      <nd lat="46.2719123" lon="12.3528743"/>
      <nd lat="46.2719425" lon="12.3529452"/>
      <nd lat="46.2719596" lon="12.3530332"/>
      <nd lat="46.2719900" lon="12.3530908"/>
      <nd lat="46.2719913" lon="12.3531635"/>
      <nd lat="46.2720022" lon="12.3532107"/>
      <nd lat="46.2720491" lon="12.3532666"/>
      <nd lat="46.2720746" lon="12.3532850"/>
      <nd lat="46.2721098" lon="12.3532930"/>
      <nd lat="46.2721467" lon="12.3533365"/>
      <nd lat="46.2721684" lon="12.3533969"/>
      <nd lat="46.2721958" lon="12.3534929"/>
      <nd lat="46.2722389" lon="12.3535708"/>
      <nd lat="46.2723299" lon="12.3536355"/>
      <nd lat="46.2724259" lon="12.3537554"/>
    </member>
    <member type="way" ref="35550326" role="">
      <nd lat="46.2724259" lon="12.3537554"/>
      <nd lat="46.2724442" lon="12.3537680"/>
      <nd lat="46.2724913" lon="12.3537743"/>
      <nd lat="46.2725617" lon="12.3538347"/>
      <nd lat="46.2725888" lon="12.3538981"/>
      <nd lat="46.2725990" lon="12.3539446"/>
      <nd lat="46.2726235" lon="12.3539853"/>
      <nd lat="46.2726431" lon="12.3540259"/>
      <nd lat="46.2726504" lon="12.3541463"/>
      <nd lat="46.2727003" lon="12.3542048"/>
      <nd lat="46.2727288" lon="12.3542940"/>
      <nd lat="46.2727748" lon="12.3543800"/>
      <nd lat="46.2728892" lon="12.3545380"/>
      <nd lat="46.2729491" lon="12.3546382"/>
      <nd lat="46.2729612" lon="12.3547095"/>
      <nd lat="46.2730047" lon="12.3547635"/>
      <nd lat="46.2730691" lon="12.3547659"/>
      <nd lat="46.2731219" lon="12.3548187"/>
      <nd lat="46.2731532" lon="12.3548868"/>
      <nd lat="46.2732281" lon="12.3549743"/>
      <nd lat="46.2732716" lon="12.3550878"/>
      <nd lat="46.2733650" lon="12.3552075"/>
      <nd lat="46.2734180" lon="12.3552679"/>
      <nd lat="46.2734482" lon="12.3553333"/>
      <nd lat="46.2735036" lon="12.3555261"/>
      <nd lat="46.2735235" lon="12.3556253"/>
      <nd lat="46.2736168" lon="12.3557125"/>
      <nd lat="46.2737420" lon="12.3558608"/>
      <nd lat="46.2738467" lon="12.3559482"/>
      <nd lat="46.2739452" lon="12.3560391"/>
      <nd lat="46.2740032" lon="12.3561555"/>
      <nd lat="46.2740893" lon="12.3562396"/>
      <nd lat="46.2741162" lon="12.3563220"/>
      <nd lat="46.2741576" lon="12.3565518"/>
      <nd lat="46.2741594" lon="12.3567886"/>
      <nd lat="46.2741554" lon="12.3568542"/>
      <nd lat="46.2741910" lon="12.3569751"/>
      <nd lat="46.2742113" lon="12.3570638"/>
      <nd lat="46.2742210" lon="12.3571597"/>
      <nd lat="46.2742222" lon="12.3573088"/>
      <nd lat="46.2742434" lon="12.3573596"/>
      <nd lat="46.2742961" lon="12.3573915"/>
      <nd lat="46.2744011" lon="12.3573893"/>
      <nd lat="46.2744712" lon="12.3574040"/>
      <nd lat="46.2745271" lon="12.3574338"/>
      <nd lat="46.2745761" lon="12.3574883"/>
      <nd lat="46.2746538" lon="12.3576615"/>
      <nd lat="46.2747064" lon="12.3578355"/>
      <nd lat="46.2747517" lon="12.3579226"/>
      <nd lat="46.2747635" lon="12.3580186"/>
      <nd lat="46.2748133" lon="12.3581276"/>
      <nd lat="46.2748276" lon="12.3582072"/>
      <nd lat="46.2749125" lon="12.3583700"/>
      <nd lat="46.2749362" lon="12.3585051"/>
      <nd lat="46.2749485" lon="12.3585683"/>
      <nd lat="46.2749905" lon="12.3586094"/>
      <nd lat="46.2750417" lon="12.3586220"/>
      <nd lat="46.2750935" lon="12.3585738"/>
      <nd lat="46.2751357" lon="12.3585422"/>
      <nd lat="46.2751698" lon="12.3585626"/>
      <nd lat="46.2752349" lon="12.3586351"/>
      <nd lat="46.2752519" lon="12.3587232"/>
      <nd lat="46.2752391" lon="12.3587985"/>
      <nd lat="46.2751991" lon="12.3588519"/>
      <nd lat="46.2751896" lon="12.3589013"/>
      <nd lat="46.2751911" lon="12.3589935"/>
      <nd lat="46.2751996" lon="12.3590446"/>
      <nd lat="46.2752192" lon="12.3590923"/>
      <nd lat="46.2752285" lon="12.3591550"/>
      <nd lat="46.2752324" lon="12.3592061"/>
      <nd lat="46.2752787" lon="12.3592866"/>
      <nd lat="46.2752930" lon="12.3593119"/>
      <nd lat="46.2752908" lon="12.3594042"/>
      <nd lat="46.2753455" lon="12.3594915"/>
      <nd lat="46.2753550" lon="12.3595902"/>
      <nd lat="46.2753510" lon="12.3596743"/>
      <nd lat="46.2753316" lon="12.3597367"/>
      <nd lat="46.2753073" lon="12.3597767"/>
      <nd lat="46.2753068" lon="12.3598233"/>
      <nd lat="46.2753618" lon="12.3599276"/>
      <nd lat="46.2754008" lon="12.3600152"/>
      <nd lat="46.2754807" lon="12.3601698"/>
      <nd lat="46.2755393" lon="12.3602809"/>
      <nd lat="46.2755467" lon="12.3603592"/>
      <nd lat="46.2755588" lon="12.3603958"/>
      <nd lat="46.2756567" lon="12.3604513"/>
      <nd lat="46.2756681" lon="12.3604888"/>
      <nd lat="46.2756713" lon="12.3605288"/>
      <nd lat="46.2756585" lon="12.3605599"/>
      <nd lat="46.2756617" lon="12.3606112"/>
      <nd lat="46.2756920" lon="12.3606670"/>
      <nd lat="46.2757014" lon="12.3607285"/>
      <nd lat="46.2756964" lon="12.3607933"/>
      <nd lat="46.2756483" lon="12.3608748"/>
      <nd lat="46.2756238" lon="12.3609211"/>
      <nd lat="46.2756306" lon="12.3610272"/>
      <nd lat="46.2756338" lon="12.3610998"/>
      <nd lat="46.2756401" lon="12.3612141"/>
      <nd lat="46.2756305" lon="12.3612650"/>
      <nd lat="46.2756277" lon="12.3613157"/>
      <nd lat="46.2756388" lon="12.3613962"/>
      <nd lat="46.2756162" lon="12.3615172"/>
      <nd lat="46.2756341" lon="12.3615939"/>
      <nd lat="46.2756269" lon="12.3616302"/>
      <nd lat="46.2755774" lon="12.3617009"/>
      <nd lat="46.2755836" lon="12.3618864"/>
      <nd lat="46.2756088" lon="12.3619880"/>
      <nd lat="46.2756093" lon="12.3620958"/>
      <nd lat="46.2756606" lon="12.3623605"/>
      <nd lat="46.2756445" lon="12.3624386"/>
      <nd lat="46.2756458" lon="12.3625289"/>
      <nd lat="46.2755906" lon="12.3627617"/>
      <nd lat="46.2755818" lon="12.3628829"/>
      <nd lat="46.2755893" lon="12.3629390"/>
      <nd lat="46.2756248" lon="12.3629686"/>
      <nd lat="46.2756563" lon="12.3629871"/>
      <nd lat="46.2756841" lon="12.3629980"/>
    </member>
    <member type="way" ref="857362076" role="">
      <nd lat="46.2756841" lon="12.3629980"/>
      <nd lat="46.2756900" lon="12.3629845"/>
      <nd lat="46.2756490" lon="12.3628988"/>
      <nd lat="46.2757030" lon="12.3627150"/>
      <nd lat="46.2757952" lon="12.3625693"/>
      <nd lat="46.2758397" lon="12.3625062"/>
      <nd lat="46.2758876" lon="12.3624620"/>
      <nd lat="46.2759183" lon="12.3623613"/>
      <nd lat="46.2759576" lon="12.3622348"/>
      <nd lat="46.2759917" lon="12.3621041"/>
      <nd lat="46.2760190" lon="12.3621285"/>
      <nd lat="46.2760254" lon="12.3622317"/>
      <nd lat="46.2760613" lon="12.3622533"/>
      <nd lat="46.2763311" lon="12.3622694"/>
      <nd lat="46.2764620" lon="12.3623461"/>
      <nd lat="46.2765770" lon="12.3624124"/>
      <nd lat="46.2766961" lon="12.3624749"/>
      <nd lat="46.2767721" lon="12.3625053"/>
      <nd lat="46.2768325" lon="12.3625425"/>
      <nd lat="46.2768820" lon="12.3626278"/>
      <nd lat="46.2769180" lon="12.3626967"/>
      <nd lat="46.2769522" lon="12.3628038"/>
      <nd lat="46.2769728" lon="12.3628924"/>
      <nd lat="46.2770172" lon="12.3629838"/>
      <nd lat="46.2770922" lon="12.3630813"/>
      <nd lat="46.2771678" lon="12.3631482"/>
      <nd lat="46.2772941" lon="12.3632337"/>
      <nd lat="46.2773528" lon="12.3632557"/>
      <nd lat="46.2773775" lon="12.3632946"/>
      <nd lat="46.2773910" lon="12.3633607"/>
      <nd lat="46.2774143" lon="12.3633977"/>
      <nd lat="46.2774432" lon="12.3633887"/>
      <nd lat="46.2774607" lon="12.3633440"/>
      <nd lat="46.2774780" lon="12.3632916"/>
      <nd lat="46.2775076" lon="12.3632559"/>
      <nd lat="46.2775592" lon="12.3632572"/>
      <nd lat="46.2776033" lon="12.3632780"/>
    </member>
    <member type="way" ref="1564037087" role="">
      <nd lat="46.2756841" lon="12.3629980"/>
      <nd lat="46.2757201" lon="12.3630395"/>
      <nd lat="46.2757444" lon="12.3630625"/>
      <nd lat="46.2757616" lon="12.3630640"/>
      <nd lat="46.2757848" lon="12.3631097"/>
      <nd lat="46.2757937" lon="12.3631509"/>
      <nd lat="46.2758104" lon="12.3631811"/>
      <nd lat="46.2758208" lon="12.3631931"/>
      <nd lat="46.2758939" lon="12.3632641"/>
      <nd lat="46.2759194" lon="12.3633139"/>
      <nd lat="46.2759466" lon="12.3633200"/>
      <nd lat="46.2759638" lon="12.3633079"/>
      <nd lat="46.2759753" lon="12.3632973"/>
      <nd lat="46.2759836" lon="12.3632837"/>
      <nd lat="46.2760108" lon="12.3632037"/>
      <nd lat="46.2760202" lon="12.3631705"/>
      <nd lat="46.2760473" lon="12.3631327"/>
      <nd lat="46.2760974" lon="12.3630761"/>
      <nd lat="46.2761371" lon="12.3630663"/>
    </member>
    <member type="way" ref="1564037086" role="">
      <nd lat="46.2761371" lon="12.3630663"/>
      <nd lat="46.2761966" lon="12.3630421"/>
    </member>
    <member type="way" ref="1564037088" role="">
      <nd lat="46.2761966" lon="12.3630421"/>
      <nd lat="46.2762315" lon="12.3630006"/>
      <nd lat="46.2762498" lon="12.3629523"/>
      <nd lat="46.2762863" lon="12.3629379"/>
      <nd lat="46.2763312" lon="12.3629266"/>
      <nd lat="46.2763709" lon="12.3629334"/>
      <nd lat="46.2763834" lon="12.3629379"/>
      <nd lat="46.2763949" lon="12.3629470"/>
      <nd lat="46.2764236" lon="12.3630014"/>
      <nd lat="46.2764387" lon="12.3630331"/>
      <nd lat="46.2764481" lon="12.3630436"/>
      <nd lat="46.2764747" lon="12.3630655"/>
      <nd lat="46.2765118" lon="12.3630663"/>
      <nd lat="46.2765264" lon="12.3630603"/>
      <nd lat="46.2765525" lon="12.3630406"/>
      <nd lat="46.2765754" lon="12.3630195"/>
      <nd lat="46.2765994" lon="12.3630029"/>
      <nd lat="46.2766120" lon="12.3629983"/>
      <nd lat="46.2766380" lon="12.3629923"/>
      <nd lat="46.2766787" lon="12.3629923"/>
      <nd lat="46.2767226" lon="12.3630029"/>
      <nd lat="46.2767852" lon="12.3630421"/>
      <nd lat="46.2768050" lon="12.3630648"/>
      <nd lat="46.2768729" lon="12.3631644"/>
      <nd lat="46.2769157" lon="12.3631992"/>
      <nd lat="46.2769397" lon="12.3632128"/>
      <nd lat="46.2769564" lon="12.3632369"/>
      <nd lat="46.2769877" lon="12.3632958"/>
      <nd lat="46.2770420" lon="12.3633698"/>
      <nd lat="46.2770973" lon="12.3634166"/>
      <nd lat="46.2771098" lon="12.3634227"/>
      <nd lat="46.2771202" lon="12.3634302"/>
      <nd lat="46.2771369" lon="12.3634559"/>
      <nd lat="46.2771463" lon="12.3634861"/>
      <nd lat="46.2771589" lon="12.3635178"/>
      <nd lat="46.2771735" lon="12.3635623"/>
      <nd lat="46.2771876" lon="12.3635790"/>
      <nd lat="46.2772100" lon="12.3635941"/>
      <nd lat="46.2772272" lon="12.3636107"/>
      <nd lat="46.2772423" lon="12.3636175"/>
      <nd lat="46.2772627" lon="12.3636182"/>
      <nd lat="46.2772857" lon="12.3636212"/>
      <nd lat="46.2773222" lon="12.3636167"/>
      <nd lat="46.2773582" lon="12.3636008"/>
      <nd lat="46.2773864" lon="12.3635925"/>
      <nd lat="46.2774109" lon="12.3635850"/>
      <nd lat="46.2774375" lon="12.3635646"/>
      <nd lat="46.2774605" lon="12.3635404"/>
      <nd lat="46.2774803" lon="12.3634725"/>
      <nd lat="46.2774855" lon="12.3634347"/>
      <nd lat="46.2774991" lon="12.3633955"/>
      <nd lat="46.2775074" lon="12.3633804"/>
      <nd lat="46.2775283" lon="12.3633547"/>
      <nd lat="46.2775398" lon="12.3633472"/>
      <nd lat="46.2775586" lon="12.3633245"/>
      <nd lat="46.2775815" lon="12.3633079"/>
      <nd lat="46.2775941" lon="12.3633019"/>
      <nd lat="46.2776033" lon="12.3632780"/>
      <nd lat="46.2776724" lon="12.3633378"/>
      <nd lat="46.2777023" lon="12.3633537"/>
    </member>
    <member type="way" ref="35550325" role="">
      <nd lat="46.2777023" lon="12.3633537"/>
      <nd lat="46.2778009" lon="12.3633710"/>
      <nd lat="46.2778550" lon="12.3633758"/>
      <nd lat="46.2778807" lon="12.3633142"/>
      <nd lat="46.2779294" lon="12.3632710"/>
      <nd lat="46.2779443" lon="12.3632665"/>
      <nd lat="46.2779809" lon="12.3632553"/>
    </member>
    <member type="way" ref="180750962" role="">
      <nd lat="46.2779809" lon="12.3632553"/>
      <nd lat="46.2780027" lon="12.3632616"/>
      <nd lat="46.2780242" lon="12.3632872"/>
      <nd lat="46.2780536" lon="12.3633632"/>
      <nd lat="46.2780858" lon="12.3634399"/>
      <nd lat="46.2782016" lon="12.3635748"/>
      <nd lat="46.2783028" lon="12.3636626"/>
      <nd lat="46.2784512" lon="12.3637619"/>
      <nd lat="46.2785405" lon="12.3638334"/>
      <nd lat="46.2786324" lon="12.3638924"/>
      <nd lat="46.2787355" lon="12.3639131"/>
      <nd lat="46.2788290" lon="12.3639516"/>
      <nd lat="46.2789059" lon="12.3639317"/>
      <nd lat="46.2789623" lon="12.3639267"/>
      <nd lat="46.2791284" lon="12.3640077"/>
      <nd lat="46.2792282" lon="12.3640281"/>
      <nd lat="46.2792949" lon="12.3640536"/>
      <nd lat="46.2795244" lon="12.3640293"/>
      <nd lat="46.2795901" lon="12.3640002"/>
      <nd lat="46.2796983" lon="12.3640225"/>
      <nd lat="46.2798028" lon="12.3640213"/>
      <nd lat="46.2799723" lon="12.3640875"/>
      <nd lat="46.2800484" lon="12.3640722"/>
      <nd lat="46.2800974" lon="12.3640644"/>
      <nd lat="46.2801489" lon="12.3640905"/>
      <nd lat="46.2803320" lon="12.3640948"/>
      <nd lat="46.2803737" lon="12.3641082"/>
      <nd lat="46.2805222" lon="12.3641889"/>
      <nd lat="46.2807129" lon="12.3641430"/>
      <nd lat="46.2807771" lon="12.3640896"/>
      <nd lat="46.2809102" lon="12.3639542"/>
      <nd lat="46.2809833" lon="12.3639398"/>
      <nd lat="46.2810318" lon="12.3639775"/>
      <nd lat="46.2810859" lon="12.3640875"/>
      <nd lat="46.2811565" lon="12.3641661"/>
      <nd lat="46.2812401" lon="12.3641793"/>
      <nd lat="46.2813218" lon="12.3642231"/>
      <nd lat="46.2815067" lon="12.3643840"/>
      <nd lat="46.2816192" lon="12.3645007"/>
      <nd lat="46.2817329" lon="12.3645543"/>
      <nd lat="46.2817708" lon="12.3646517"/>
      <nd lat="46.2818156" lon="12.3647583"/>
      <nd lat="46.2818662" lon="12.3647730"/>
      <nd lat="46.2819115" lon="12.3648453"/>
      <nd lat="46.2819422" lon="12.3649735"/>
      <nd lat="46.2819744" lon="12.3651074"/>
      <nd lat="46.2820067" lon="12.3651860"/>
      <nd lat="46.2820558" lon="12.3652523"/>
      <nd lat="46.2821388" lon="12.3652960"/>
      <nd lat="46.2821915" lon="12.3653450"/>
      <nd lat="46.2822411" lon="12.3654322"/>
      <nd lat="46.2823013" lon="12.3655171"/>
      <nd lat="46.2823836" lon="12.3655876"/>
      <nd lat="46.2824234" lon="12.3656486"/>
      <nd lat="46.2824802" lon="12.3658267"/>
      <nd lat="46.2825774" lon="12.3660264"/>
      <nd lat="46.2826300" lon="12.3661766"/>
      <nd lat="46.2826695" lon="12.3663011"/>
      <nd lat="46.2826666" lon="12.3663905"/>
      <nd lat="46.2826746" lon="12.3664473"/>
      <nd lat="46.2826900" lon="12.3664866"/>
      <nd lat="46.2828281" lon="12.3665123"/>
      <nd lat="46.2829194" lon="12.3665056"/>
      <nd lat="46.2829998" lon="12.3664359"/>
      <nd lat="46.2831533" lon="12.3662669"/>
      <nd lat="46.2832393" lon="12.3661537"/>
      <nd lat="46.2832755" lon="12.3661229"/>
      <nd lat="46.2834290" lon="12.3661219"/>
      <nd lat="46.2835656" lon="12.3661513"/>
      <nd lat="46.2836507" lon="12.3661801"/>
      <nd lat="46.2837064" lon="12.3662114"/>
      <nd lat="46.2837564" lon="12.3662601"/>
      <nd lat="46.2838019" lon="12.3663292"/>
      <nd lat="46.2838662" lon="12.3663928"/>
      <nd lat="46.2840718" lon="12.3666632"/>
      <nd lat="46.2841471" lon="12.3667381"/>
      <nd lat="46.2842064" lon="12.3668167"/>
      <nd lat="46.2842407" lon="12.3669059"/>
      <nd lat="46.2842592" lon="12.3670147"/>
      <nd lat="46.2842962" lon="12.3671486"/>
      <nd lat="46.2843530" lon="12.3672998"/>
    </member>
    <member type="way" ref="1050979054" role="">
      <nd lat="46.2843530" lon="12.3672998"/>
      <nd lat="46.2843536" lon="12.3673950"/>
      <nd lat="46.2843295" lon="12.3674954"/>
      <nd lat="46.2843027" lon="12.3676412"/>
      <nd lat="46.2842792" lon="12.3677643"/>
      <nd lat="46.2842200" lon="12.3677400"/>
      <nd lat="46.2842182" lon="12.3678899"/>
      <nd lat="46.2842208" lon="12.3679451"/>
      <nd lat="46.2842022" lon="12.3679648"/>
      <nd lat="46.2841680" lon="12.3679476"/>
      <nd lat="46.2841460" lon="12.3679124"/>
      <nd lat="46.2841235" lon="12.3679135"/>
      <nd lat="46.2841258" lon="12.3680107"/>
      <nd lat="46.2841332" lon="12.3681038"/>
      <nd lat="46.2841432" lon="12.3681949"/>
      <nd lat="46.2842000" lon="12.3683639"/>
      <nd lat="46.2842337" lon="12.3684907"/>
    </member>
    <tag k="name" v="Trui dal Sciarbon"/>
    <tag k="network" v="lwn"/>
    <tag k="operator" v="Club Alpino Italiano"/>
    <tag k="route" v="hiking"/>
    <tag k="type" v="route"/>
  </relation>
</new>
</action>
<action type="modify">
<old>
  <relation id="141067" version="15" timestamp="2023-09-19T08:39:46Z" changeset="141457540" uid="3538539" user="micheleOSM3">
    <bounds minlat="46.2723742" minlon="12.3260048" maxlat="46.2921026" maxlon="12.3586659"/>
    <member type="node" ref="10773374919" role="" lat="46.2723988" lon="12.3325671"/>
    <member type="node" ref="10773374918" role="" lat="46.2725344" lon="12.3321144"/>
    <member type="way" ref="236052790" role="">
      <nd lat="46.2723742" lon="12.3325691"/>
      <nd lat="46.2723986" lon="12.3325389"/>
      <nd lat="46.2724231" lon="12.3325018"/>
      <nd lat="46.2724343" lon="12.3324836"/>
      <nd lat="46.2724499" lon="12.3324585"/>
      <nd lat="46.2725074" lon="12.3323352"/>
      <nd lat="46.2725369" lon="12.3323081"/>
      <nd lat="46.2725658" lon="12.3323085"/>
      <nd lat="46.2726260" lon="12.3323255"/>
    </member>
    <member type="way" ref="236732839" role="">
      <nd lat="46.2726260" lon="12.3323255"/>
      <nd lat="46.2726524" lon="12.3322775"/>
      <nd lat="46.2725984" lon="12.3321818"/>
      <nd lat="46.2725388" lon="12.3321369"/>
    </member>
    <member type="way" ref="180572511" role="">
      <nd lat="46.2725388" lon="12.3321369"/>
      <nd lat="46.2725991" lon="12.3320215"/>
      <nd lat="46.2726156" lon="12.3319843"/>
      <nd lat="46.2726367" lon="12.3319369"/>
      <nd lat="46.2726527" lon="12.3319009"/>
      <nd lat="46.2726928" lon="12.3319211"/>
      <nd lat="46.2727327" lon="12.3319540"/>
      <nd lat="46.2727688" lon="12.3319895"/>
      <nd lat="46.2728106" lon="12.3320166"/>
      <nd lat="46.2728255" lon="12.3320217"/>
      <nd lat="46.2728444" lon="12.3320201"/>
      <nd lat="46.2728648" lon="12.3320096"/>
    </member>
    <member type="way" ref="1158444210" role="">
      <nd lat="46.2728648" lon="12.3320096"/>
      <nd lat="46.2728876" lon="12.3320055"/>
      <nd lat="46.2729218" lon="12.3320128"/>
      <nd lat="46.2729705" lon="12.3319916"/>
      <nd lat="46.2731058" lon="12.3319049"/>
      <nd lat="46.2731863" lon="12.3318127"/>
      <nd lat="46.2733147" lon="12.3316724"/>
      <nd lat="46.2734508" lon="12.3316008"/>
      <nd lat="46.2736304" lon="12.3315825"/>
      <nd lat="46.2736700" lon="12.3315237"/>
      <nd lat="46.2737744" lon="12.3313492"/>
      <nd lat="46.2738620" lon="12.3312774"/>
      <nd lat="46.2739777" lon="12.3312353"/>
      <nd lat="46.2740483" lon="12.3312391"/>
      <nd lat="46.2741070" lon="12.3312464"/>
      <nd lat="46.2741527" lon="12.3312979"/>
      <nd lat="46.2742103" lon="12.3313910"/>
      <nd lat="46.2742324" lon="12.3314613"/>
      <nd lat="46.2742756" lon="12.3315056"/>
      <nd lat="46.2743681" lon="12.3315688"/>
      <nd lat="46.2744389" lon="12.3316259"/>
      <nd lat="46.2745604" lon="12.3317113"/>
      <nd lat="46.2747592" lon="12.3318123"/>
      <nd lat="46.2748534" lon="12.3318673"/>
      <nd lat="46.2749735" lon="12.3319843"/>
      <nd lat="46.2749938" lon="12.3320129"/>
      <nd lat="46.2750159" lon="12.3320801"/>
      <nd lat="46.2750341" lon="12.3321771"/>
      <nd lat="46.2750465" lon="12.3323247"/>
      <nd lat="46.2750457" lon="12.3324323"/>
      <nd lat="46.2750280" lon="12.3325959"/>
      <nd lat="46.2750553" lon="12.3328707"/>
      <nd lat="46.2750667" lon="12.3328721"/>
      <nd lat="46.2751080" lon="12.3328303"/>
      <nd lat="46.2751326" lon="12.3327988"/>
      <nd lat="46.2751590" lon="12.3327732"/>
      <nd lat="46.2751775" lon="12.3327568"/>
      <nd lat="46.2751887" lon="12.3327470"/>
      <nd lat="46.2752279" lon="12.3326986"/>
      <nd lat="46.2752647" lon="12.3326638"/>
      <nd lat="46.2752948" lon="12.3326585"/>
      <nd lat="46.2753176" lon="12.3325985"/>
      <nd lat="46.2753798" lon="12.3325158"/>
      <nd lat="46.2754239" lon="12.3324529"/>
      <nd lat="46.2754476" lon="12.3323844"/>
      <nd lat="46.2755021" lon="12.3322696"/>
      <nd lat="46.2755639" lon="12.3322000"/>
      <nd lat="46.2756085" lon="12.3321727"/>
      <nd lat="46.2756687" lon="12.3321332"/>
      <nd lat="46.2756928" lon="12.3320071"/>
      <nd lat="46.2757411" lon="12.3319052"/>
      <nd lat="46.2757642" lon="12.3318207"/>
      <nd lat="46.2757591" lon="12.3317107"/>
      <nd lat="46.2757473" lon="12.3316509"/>
      <nd lat="46.2757267" lon="12.3316163"/>
      <nd lat="46.2756834" lon="12.3315824"/>
      <nd lat="46.2756814" lon="12.3315488"/>
      <nd lat="46.2757005" lon="12.3315333"/>
      <nd lat="46.2757227" lon="12.3315342"/>
      <nd lat="46.2757168" lon="12.3315122"/>
      <nd lat="46.2756775" lon="12.3314666"/>
      <nd lat="46.2756510" lon="12.3314243"/>
      <nd lat="46.2756571" lon="12.3314007"/>
      <nd lat="46.2756740" lon="12.3313776"/>
      <nd lat="46.2756731" lon="12.3312918"/>
      <nd lat="46.2756657" lon="12.3312221"/>
      <nd lat="46.2756660" lon="12.3311755"/>
      <nd lat="46.2756747" lon="12.3311460"/>
      <nd lat="46.2756946" lon="12.3311373"/>
      <nd lat="46.2757616" lon="12.3311894"/>
      <nd lat="46.2757941" lon="12.3311571"/>
      <nd lat="46.2757929" lon="12.3309878"/>
      <nd lat="46.2758066" lon="12.3309546"/>
      <nd lat="46.2758303" lon="12.3309902"/>
      <nd lat="46.2758540" lon="12.3310278"/>
      <nd lat="46.2758704" lon="12.3310431"/>
      <nd lat="46.2758691" lon="12.3309947"/>
      <nd lat="46.2758878" lon="12.3309797"/>
      <nd lat="46.2759044" lon="12.3310021"/>
      <nd lat="46.2759280" lon="12.3310039"/>
      <nd lat="46.2759341" lon="12.3309774"/>
      <nd lat="46.2759123" lon="12.3309079"/>
      <nd lat="46.2759149" lon="12.3308757"/>
      <nd lat="46.2759347" lon="12.3308311"/>
      <nd lat="46.2759354" lon="12.3307250"/>
      <nd lat="46.2759330" lon="12.3306442"/>
      <nd lat="46.2759027" lon="12.3304364"/>
      <nd lat="46.2758921" lon="12.3302889"/>
      <nd lat="46.2758913" lon="12.3302102"/>
      <nd lat="46.2759079" lon="12.3301125"/>
      <nd lat="46.2759390" lon="12.3300525"/>
      <nd lat="46.2759802" lon="12.3300008"/>
      <nd lat="46.2760051" lon="12.3299615"/>
      <nd lat="46.2760297" lon="12.3298915"/>
      <nd lat="46.2761269" lon="12.3297967"/>
      <nd lat="46.2761985" lon="12.3297193"/>
      <nd lat="46.2762654" lon="12.3295991"/>
      <nd lat="46.2763046" lon="12.3294383"/>
      <nd lat="46.2763604" lon="12.3292980"/>
      <nd lat="46.2764630" lon="12.3290857"/>
      <nd lat="46.2766663" lon="12.3288723"/>
      <nd lat="46.2768635" lon="12.3287445"/>
      <nd lat="46.2769407" lon="12.3285571"/>
      <nd lat="46.2770120" lon="12.3283894"/>
      <nd lat="46.2770637" lon="12.3281924"/>
      <nd lat="46.2771217" lon="12.3281216"/>
      <nd lat="46.2772083" lon="12.3279478"/>
      <nd lat="46.2773053" lon="12.3278161"/>
      <nd lat="46.2774293" lon="12.3276955"/>
      <nd lat="46.2774732" lon="12.3276143"/>
      <nd lat="46.2775235" lon="12.3275457"/>
      <nd lat="46.2776180" lon="12.3274521"/>
      <nd lat="46.2776691" lon="12.3273411"/>
      <nd lat="46.2777776" lon="12.3272109"/>
      <nd lat="46.2778579" lon="12.3270819"/>
      <nd lat="46.2778952" lon="12.3269633"/>
      <nd lat="46.2779555" lon="12.3268912"/>
      <nd lat="46.2780382" lon="12.3268202"/>
      <nd lat="46.2781384" lon="12.3266672"/>
      <nd lat="46.2782956" lon="12.3264965"/>
      <nd lat="46.2784400" lon="12.3263873"/>
      <nd lat="46.2784977" lon="12.3263195"/>
      <nd lat="46.2787106" lon="12.3261758"/>
      <nd lat="46.2788595" lon="12.3260384"/>
      <nd lat="46.2790821" lon="12.3260212"/>
      <nd lat="46.2792089" lon="12.3260048"/>
      <nd lat="46.2793959" lon="12.3260285"/>
      <nd lat="46.2794788" lon="12.3260671"/>
      <nd lat="46.2795632" lon="12.3261373"/>
      <nd lat="46.2796180" lon="12.3262164"/>
      <nd lat="46.2797769" lon="12.3263168"/>
      <nd lat="46.2798974" lon="12.3264456"/>
      <nd lat="46.2800142" lon="12.3265877"/>
      <nd lat="46.2801120" lon="12.3267581"/>
      <nd lat="46.2802907" lon="12.3269062"/>
      <nd lat="46.2805202" lon="12.3269599"/>
      <nd lat="46.2806316" lon="12.3270290"/>
      <nd lat="46.2808718" lon="12.3270264"/>
      <nd lat="46.2809835" lon="12.3270458"/>
      <nd lat="46.2810725" lon="12.3270691"/>
      <nd lat="46.2812074" lon="12.3271140"/>
      <nd lat="46.2813236" lon="12.3271230"/>
      <nd lat="46.2815807" lon="12.3271070"/>
      <nd lat="46.2817857" lon="12.3270392"/>
      <nd lat="46.2818805" lon="12.3269640"/>
      <nd lat="46.2820391" lon="12.3268979"/>
      <nd lat="46.2823943" lon="12.3268591"/>
      <nd lat="46.2825055" lon="12.3268457"/>
      <nd lat="46.2825756" lon="12.3268000"/>
      <nd lat="46.2826499" lon="12.3268212"/>
      <nd lat="46.2826543" lon="12.3268832"/>
    </member>
    <member type="way" ref="34656214" role="">
      <nd lat="46.2826543" lon="12.3268832"/>
      <nd lat="46.2825834" lon="12.3269767"/>
      <nd lat="46.2824852" lon="12.3270115"/>
      <nd lat="46.2823770" lon="12.3271494"/>
      <nd lat="46.2822190" lon="12.3272360"/>
      <nd lat="46.2821636" lon="12.3272999"/>
      <nd lat="46.2821302" lon="12.3273750"/>
      <nd lat="46.2820607" lon="12.3274253"/>
      <nd lat="46.2817633" lon="12.3275192"/>
      <nd lat="46.2816659" lon="12.3276626"/>
      <nd lat="46.2816225" lon="12.3277534"/>
      <nd lat="46.2815935" lon="12.3278470"/>
      <nd lat="46.2815586" lon="12.3279701"/>
      <nd lat="46.2815252" lon="12.3280543"/>
      <nd lat="46.2814273" lon="12.3281353"/>
      <nd lat="46.2813377" lon="12.3281877"/>
      <nd lat="46.2812302" lon="12.3282413"/>
      <nd lat="46.2811469" lon="12.3282203"/>
      <nd lat="46.2810828" lon="12.3282199"/>
      <nd lat="46.2809921" lon="12.3282191"/>
      <nd lat="46.2809702" lon="12.3282909"/>
      <nd lat="46.2808748" lon="12.3283546"/>
      <nd lat="46.2808174" lon="12.3284379"/>
      <nd lat="46.2807700" lon="12.3285209"/>
      <nd lat="46.2806828" lon="12.3285966"/>
      <nd lat="46.2806203" lon="12.3286892"/>
      <nd lat="46.2805666" lon="12.3288642"/>
      <nd lat="46.2805249" lon="12.3292378"/>
      <nd lat="46.2804920" lon="12.3294235"/>
      <nd lat="46.2804544" lon="12.3295248"/>
      <nd lat="46.2804572" lon="12.3295576"/>
      <nd lat="46.2804221" lon="12.3297394"/>
      <nd lat="46.2804486" lon="12.3297329"/>
      <nd lat="46.2804516" lon="12.3298185"/>
      <nd lat="46.2804331" lon="12.3299083"/>
      <nd lat="46.2804442" lon="12.3299740"/>
      <nd lat="46.2804171" lon="12.3301065"/>
      <nd lat="46.2804083" lon="12.3303356"/>
      <nd lat="46.2804064" lon="12.3304830"/>
      <nd lat="46.2804056" lon="12.3305354"/>
      <nd lat="46.2804248" lon="12.3305879"/>
      <nd lat="46.2804456" lon="12.3306381"/>
      <nd lat="46.2804787" lon="12.3306762"/>
      <nd lat="46.2804908" lon="12.3307299"/>
      <nd lat="46.2805155" lon="12.3307258"/>
      <nd lat="46.2805230" lon="12.3307603"/>
      <nd lat="46.2805393" lon="12.3307643"/>
      <nd lat="46.2805873" lon="12.3308948"/>
      <nd lat="46.2805979" lon="12.3309185"/>
      <nd lat="46.2806141" lon="12.3309216"/>
      <nd lat="46.2806187" lon="12.3309456"/>
      <nd lat="46.2806523" lon="12.3310021"/>
      <nd lat="46.2806650" lon="12.3310513"/>
      <nd lat="46.2806905" lon="12.3311136"/>
      <nd lat="46.2807171" lon="12.3311588"/>
      <nd lat="46.2807360" lon="12.3312490"/>
      <nd lat="46.2807658" lon="12.3313538"/>
      <nd lat="46.2807889" lon="12.3314441"/>
      <nd lat="46.2807967" lon="12.3315774"/>
      <nd lat="46.2808048" lon="12.3316814"/>
      <nd lat="46.2808378" lon="12.3317246"/>
      <nd lat="46.2808817" lon="12.3318432"/>
      <nd lat="46.2809124" lon="12.3318692"/>
      <nd lat="46.2809218" lon="12.3318979"/>
      <nd lat="46.2809166" lon="12.3319611"/>
      <nd lat="46.2809012" lon="12.3320210"/>
      <nd lat="46.2809008" lon="12.3320936"/>
      <nd lat="46.2809103" lon="12.3321533"/>
      <nd lat="46.2808890" lon="12.3323927"/>
      <nd lat="46.2808690" lon="12.3325438"/>
      <nd lat="46.2808581" lon="12.3326736"/>
      <nd lat="46.2808587" lon="12.3327362"/>
      <nd lat="46.2809048" lon="12.3327543"/>
      <nd lat="46.2809417" lon="12.3327906"/>
      <nd lat="46.2809909" lon="12.3328722"/>
      <nd lat="46.2810299" lon="12.3329885"/>
      <nd lat="46.2810664" lon="12.3331346"/>
      <nd lat="46.2810850" lon="12.3332174"/>
      <nd lat="46.2810722" lon="12.3333204"/>
      <nd lat="46.2810510" lon="12.3333972"/>
      <nd lat="46.2810442" lon="12.3334287"/>
      <nd lat="46.2810557" lon="12.3335284"/>
      <nd lat="46.2810684" lon="12.3335448"/>
      <nd lat="46.2810731" lon="12.3336821"/>
      <nd lat="46.2810512" lon="12.3337859"/>
      <nd lat="46.2810641" lon="12.3338746"/>
      <nd lat="46.2810853" lon="12.3338637"/>
      <nd lat="46.2810998" lon="12.3339124"/>
      <nd lat="46.2811284" lon="12.3339275"/>
      <nd lat="46.2811297" lon="12.3339846"/>
      <nd lat="46.2811412" lon="12.3340160"/>
      <nd lat="46.2811477" lon="12.3340632"/>
      <nd lat="46.2811626" lon="12.3340974"/>
      <nd lat="46.2811555" lon="12.3341751"/>
      <nd lat="46.2811905" lon="12.3342840"/>
      <nd lat="46.2812461" lon="12.3343084"/>
      <nd lat="46.2812757" lon="12.3343361"/>
      <nd lat="46.2812892" lon="12.3343707"/>
      <nd lat="46.2813148" lon="12.3344601"/>
      <nd lat="46.2813205" lon="12.3345577"/>
      <nd lat="46.2813436" lon="12.3346583"/>
      <nd lat="46.2814121" lon="12.3349403"/>
      <nd lat="46.2815087" lon="12.3352817"/>
      <nd lat="46.2815240" lon="12.3353046"/>
      <nd lat="46.2815314" lon="12.3355280"/>
      <nd lat="46.2815578" lon="12.3356305"/>
      <nd lat="46.2815486" lon="12.3357635"/>
      <nd lat="46.2815245" lon="12.3358453"/>
      <nd lat="46.2814895" lon="12.3359164"/>
      <nd lat="46.2814996" lon="12.3359570"/>
      <nd lat="46.2815164" lon="12.3359891"/>
      <nd lat="46.2815238" lon="12.3360440"/>
      <nd lat="46.2815465" lon="12.3361116"/>
      <nd lat="46.2815393" lon="12.3361915"/>
      <nd lat="46.2815400" lon="12.3362569"/>
      <nd lat="46.2815701" lon="12.3362733"/>
      <nd lat="46.2816023" lon="12.3363299"/>
      <nd lat="46.2816226" lon="12.3363423"/>
      <nd lat="46.2816866" lon="12.3363061"/>
      <nd lat="46.2817835" lon="12.3361257"/>
      <nd lat="46.2818143" lon="12.3360580"/>
      <nd lat="46.2818785" lon="12.3360132"/>
      <nd lat="46.2819064" lon="12.3359440"/>
      <nd lat="46.2820113" lon="12.3358314"/>
      <nd lat="46.2820278" lon="12.3357618"/>
      <nd lat="46.2820571" lon="12.3357245"/>
      <nd lat="46.2820766" lon="12.3356644"/>
      <nd lat="46.2821169" lon="12.3356610"/>
      <nd lat="46.2821419" lon="12.3356710"/>
      <nd lat="46.2821530" lon="12.3357169"/>
      <nd lat="46.2821812" lon="12.3357156"/>
      <nd lat="46.2822333" lon="12.3358729"/>
      <nd lat="46.2822583" lon="12.3358732"/>
      <nd lat="46.2823252" lon="12.3358498"/>
      <nd lat="46.2823637" lon="12.3359073"/>
      <nd lat="46.2824164" lon="12.3359183"/>
      <nd lat="46.2824648" lon="12.3359780"/>
      <nd lat="46.2825033" lon="12.3360711"/>
      <nd lat="46.2825257" lon="12.3360545"/>
      <nd lat="46.2825347" lon="12.3360928"/>
      <nd lat="46.2825817" lon="12.3360925"/>
      <nd lat="46.2825981" lon="12.3361033"/>
      <nd lat="46.2826338" lon="12.3360783"/>
      <nd lat="46.2826455" lon="12.3361204"/>
      <nd lat="46.2826765" lon="12.3361227"/>
      <nd lat="46.2826925" lon="12.3361782"/>
      <nd lat="46.2827256" lon="12.3362153"/>
      <nd lat="46.2827413" lon="12.3362533"/>
      <nd lat="46.2827765" lon="12.3362632"/>
      <nd lat="46.2828084" lon="12.3363063"/>
      <nd lat="46.2828645" lon="12.3363520"/>
      <nd lat="46.2828712" lon="12.3364596"/>
      <nd lat="46.2828929" lon="12.3365370"/>
      <nd lat="46.2830552" lon="12.3365897"/>
      <nd lat="46.2830984" lon="12.3365552"/>
      <nd lat="46.2831159" lon="12.3365297"/>
      <nd lat="46.2831931" lon="12.3366856"/>
      <nd lat="46.2832720" lon="12.3366782"/>
      <nd lat="46.2833182" lon="12.3366207"/>
      <nd lat="46.2833465" lon="12.3366584"/>
      <nd lat="46.2834101" lon="12.3367426"/>
      <nd lat="46.2834580" lon="12.3368242"/>
      <nd lat="46.2834888" lon="12.3368477"/>
      <nd lat="46.2835368" lon="12.3369473"/>
      <nd lat="46.2835604" lon="12.3369811"/>
      <nd lat="46.2835820" lon="12.3370560"/>
      <nd lat="46.2835959" lon="12.3371179"/>
      <nd lat="46.2836501" lon="12.3372819"/>
      <nd lat="46.2836864" lon="12.3373244"/>
      <nd lat="46.2836947" lon="12.3374077"/>
      <nd lat="46.2837468" lon="12.3374527"/>
      <nd lat="46.2837888" lon="12.3374681"/>
      <nd lat="46.2838189" lon="12.3375877"/>
      <nd lat="46.2838293" lon="12.3377083"/>
      <nd lat="46.2838643" lon="12.3378206"/>
      <nd lat="46.2838798" lon="12.3378842"/>
      <nd lat="46.2839056" lon="12.3378777"/>
      <nd lat="46.2839065" lon="12.3380505"/>
      <nd lat="46.2839151" lon="12.3381306"/>
      <nd lat="46.2839479" lon="12.3381993"/>
      <nd lat="46.2839881" lon="12.3382065"/>
      <nd lat="46.2840373" lon="12.3381586"/>
      <nd lat="46.2840589" lon="12.3381614"/>
      <nd lat="46.2840632" lon="12.3382063"/>
      <nd lat="46.2841133" lon="12.3383041"/>
      <nd lat="46.2841282" lon="12.3383949"/>
      <nd lat="46.2841407" lon="12.3385198"/>
      <nd lat="46.2841881" lon="12.3385747"/>
      <nd lat="46.2842267" lon="12.3386174"/>
      <nd lat="46.2842307" lon="12.3386744"/>
      <nd lat="46.2842122" lon="12.3387732"/>
      <nd lat="46.2842268" lon="12.3388618"/>
      <nd lat="46.2842480" lon="12.3389226"/>
      <nd lat="46.2842798" lon="12.3389627"/>
      <nd lat="46.2843515" lon="12.3390988"/>
      <nd lat="46.2843704" lon="12.3391902"/>
      <nd lat="46.2843968" lon="12.3392846"/>
      <nd lat="46.2844005" lon="12.3393933"/>
      <nd lat="46.2844056" lon="12.3396082"/>
      <nd lat="46.2844041" lon="12.3397989"/>
      <nd lat="46.2844036" lon="12.3398654"/>
      <nd lat="46.2844221" lon="12.3399094"/>
      <nd lat="46.2844534" lon="12.3399347"/>
      <nd lat="46.2845705" lon="12.3399794"/>
      <nd lat="46.2846036" lon="12.3400285"/>
      <nd lat="46.2846576" lon="12.3400541"/>
      <nd lat="46.2847265" lon="12.3401296"/>
      <nd lat="46.2847795" lon="12.3402627"/>
      <nd lat="46.2848105" lon="12.3403845"/>
      <nd lat="46.2848677" lon="12.3404959"/>
      <nd lat="46.2849183" lon="12.3405626"/>
      <nd lat="46.2849717" lon="12.3406202"/>
      <nd lat="46.2850223" lon="12.3406420"/>
      <nd lat="46.2850703" lon="12.3406575"/>
      <nd lat="46.2850981" lon="12.3406964"/>
      <nd lat="46.2851454" lon="12.3407358"/>
      <nd lat="46.2851838" lon="12.3407646"/>
      <nd lat="46.2852206" lon="12.3407668"/>
      <nd lat="46.2852524" lon="12.3407422"/>
      <nd lat="46.2853008" lon="12.3407305"/>
      <nd lat="46.2853381" lon="12.3407294"/>
      <nd lat="46.2853721" lon="12.3407481"/>
      <nd lat="46.2854140" lon="12.3407923"/>
      <nd lat="46.2854364" lon="12.3407957"/>
      <nd lat="46.2854640" lon="12.3408124"/>
      <nd lat="46.2854908" lon="12.3407976"/>
      <nd lat="46.2854980" lon="12.3407740"/>
      <nd lat="46.2854991" lon="12.3407495"/>
      <nd lat="46.2855254" lon="12.3407663"/>
      <nd lat="46.2855403" lon="12.3407021"/>
      <nd lat="46.2855662" lon="12.3407019"/>
      <nd lat="46.2855632" lon="12.3406560"/>
      <nd lat="46.2855778" lon="12.3406359"/>
      <nd lat="46.2856148" lon="12.3406244"/>
      <nd lat="46.2856368" lon="12.3406238"/>
      <nd lat="46.2856628" lon="12.3406095"/>
      <nd lat="46.2856872" lon="12.3405899"/>
      <nd lat="46.2857185" lon="12.3405351"/>
      <nd lat="46.2857279" lon="12.3405065"/>
      <nd lat="46.2857375" lon="12.3404224"/>
      <nd lat="46.2857390" lon="12.3403804"/>
      <nd lat="46.2857364" lon="12.3403511"/>
      <nd lat="46.2857393" lon="12.3403296"/>
    </member>
    <member type="way" ref="1200756188" role="">
      <nd lat="46.2857393" lon="12.3403296"/>
      <nd lat="46.2857446" lon="12.3403201"/>
      <nd lat="46.2857837" lon="12.3402887"/>
      <nd lat="46.2858512" lon="12.3402617"/>
      <nd lat="46.2859043" lon="12.3402339"/>
      <nd lat="46.2859151" lon="12.3402245"/>
      <nd lat="46.2859548" lon="12.3401628"/>
      <nd lat="46.2860488" lon="12.3401794"/>
      <nd lat="46.2861234" lon="12.3402113"/>
      <nd lat="46.2862299" lon="12.3403247"/>
      <nd lat="46.2862885" lon="12.3403733"/>
      <nd lat="46.2863202" lon="12.3404100"/>
      <nd lat="46.2863598" lon="12.3404357"/>
      <nd lat="46.2864172" lon="12.3405214"/>
      <nd lat="46.2865300" lon="12.3406194"/>
      <nd lat="46.2865409" lon="12.3406676"/>
      <nd lat="46.2865468" lon="12.3407619"/>
      <nd lat="46.2865798" lon="12.3408504"/>
      <nd lat="46.2866306" lon="12.3409294"/>
      <nd lat="46.2867047" lon="12.3409956"/>
      <nd lat="46.2867247" lon="12.3410245"/>
      <nd lat="46.2867707" lon="12.3411655"/>
      <nd lat="46.2867823" lon="12.3412128"/>
      <nd lat="46.2867952" lon="12.3413023"/>
      <nd lat="46.2868114" lon="12.3413595"/>
      <nd lat="46.2868340" lon="12.3413527"/>
      <nd lat="46.2868694" lon="12.3413743"/>
      <nd lat="46.2869125" lon="12.3413721"/>
      <nd lat="46.2869360" lon="12.3414350"/>
      <nd lat="46.2869635" lon="12.3414700"/>
      <nd lat="46.2870465" lon="12.3414781"/>
      <nd lat="46.2870709" lon="12.3415074"/>
      <nd lat="46.2870683" lon="12.3416060"/>
      <nd lat="46.2870567" lon="12.3416550"/>
      <nd lat="46.2870599" lon="12.3417181"/>
      <nd lat="46.2870406" lon="12.3417420"/>
      <nd lat="46.2870187" lon="12.3417556"/>
      <nd lat="46.2870105" lon="12.3417764"/>
      <nd lat="46.2870130" lon="12.3418078"/>
      <nd lat="46.2870065" lon="12.3418376"/>
      <nd lat="46.2869829" lon="12.3418549"/>
      <nd lat="46.2869579" lon="12.3418777"/>
      <nd lat="46.2869704" lon="12.3419324"/>
      <nd lat="46.2869566" lon="12.3419654"/>
      <nd lat="46.2869454" lon="12.3419997"/>
      <nd lat="46.2869315" lon="12.3420520"/>
      <nd lat="46.2869013" lon="12.3421130"/>
      <nd lat="46.2868508" lon="12.3421031"/>
      <nd lat="46.2868316" lon="12.3421155"/>
      <nd lat="46.2868344" lon="12.3422399"/>
      <nd lat="46.2868247" lon="12.3422737"/>
      <nd lat="46.2868291" lon="12.3423269"/>
      <nd lat="46.2868507" lon="12.3423526"/>
      <nd lat="46.2868530" lon="12.3423994"/>
      <nd lat="46.2868841" lon="12.3424396"/>
      <nd lat="46.2869187" lon="12.3424651"/>
      <nd lat="46.2869249" lon="12.3424939"/>
      <nd lat="46.2869038" lon="12.3425365"/>
      <nd lat="46.2869092" lon="12.3425644"/>
      <nd lat="46.2869323" lon="12.3426336"/>
      <nd lat="46.2869593" lon="12.3427456"/>
      <nd lat="46.2869812" lon="12.3428002"/>
      <nd lat="46.2870134" lon="12.3428308"/>
      <nd lat="46.2870421" lon="12.3428486"/>
      <nd lat="46.2871399" lon="12.3428662"/>
      <nd lat="46.2871777" lon="12.3429031"/>
      <nd lat="46.2872444" lon="12.3429370"/>
      <nd lat="46.2872492" lon="12.3430004"/>
      <nd lat="46.2872652" lon="12.3430510"/>
      <nd lat="46.2872976" lon="12.3430969"/>
      <nd lat="46.2873128" lon="12.3431340"/>
      <nd lat="46.2873239" lon="12.3431790"/>
      <nd lat="46.2873507" lon="12.3432068"/>
      <nd lat="46.2873791" lon="12.3432122"/>
      <nd lat="46.2873955" lon="12.3432072"/>
      <nd lat="46.2874167" lon="12.3432113"/>
      <nd lat="46.2874181" lon="12.3432442"/>
      <nd lat="46.2874226" lon="12.3432934"/>
      <nd lat="46.2874368" lon="12.3433257"/>
      <nd lat="46.2874910" lon="12.3433715"/>
      <nd lat="46.2875103" lon="12.3434330"/>
      <nd lat="46.2875395" lon="12.3434641"/>
      <nd lat="46.2876062" lon="12.3435689"/>
    </member>
    <member type="way" ref="1158444211" role="">
      <nd lat="46.2876062" lon="12.3435689"/>
      <nd lat="46.2876751" lon="12.3436320"/>
      <nd lat="46.2877349" lon="12.3436621"/>
      <nd lat="46.2877620" lon="12.3436876"/>
      <nd lat="46.2877886" lon="12.3437486"/>
      <nd lat="46.2878866" lon="12.3438582"/>
      <nd lat="46.2879254" lon="12.3439139"/>
      <nd lat="46.2879646" lon="12.3439862"/>
      <nd lat="46.2880221" lon="12.3440814"/>
      <nd lat="46.2880622" lon="12.3441818"/>
      <nd lat="46.2880983" lon="12.3442095"/>
      <nd lat="46.2881343" lon="12.3442572"/>
      <nd lat="46.2881798" lon="12.3443616"/>
      <nd lat="46.2881875" lon="12.3443978"/>
      <nd lat="46.2882604" lon="12.3445069"/>
      <nd lat="46.2883589" lon="12.3446698"/>
      <nd lat="46.2883995" lon="12.3446795"/>
      <nd lat="46.2884350" lon="12.3446787"/>
      <nd lat="46.2884616" lon="12.3446639"/>
      <nd lat="46.2884827" lon="12.3446183"/>
      <nd lat="46.2885226" lon="12.3445737"/>
      <nd lat="46.2885624" lon="12.3445495"/>
      <nd lat="46.2886008" lon="12.3445282"/>
      <nd lat="46.2886269" lon="12.3444940"/>
      <nd lat="46.2886550" lon="12.3444607"/>
      <nd lat="46.2886851" lon="12.3444524"/>
      <nd lat="46.2887232" lon="12.3444448"/>
      <nd lat="46.2887410" lon="12.3444575"/>
      <nd lat="46.2887698" lon="12.3445152"/>
      <nd lat="46.2888304" lon="12.3446073"/>
      <nd lat="46.2888955" lon="12.3446623"/>
      <nd lat="46.2889610" lon="12.3447337"/>
      <nd lat="46.2890098" lon="12.3447798"/>
      <nd lat="46.2890205" lon="12.3447774"/>
      <nd lat="46.2890220" lon="12.3447269"/>
      <nd lat="46.2890231" lon="12.3446009"/>
      <nd lat="46.2890313" lon="12.3445481"/>
      <nd lat="46.2890525" lon="12.3445364"/>
      <nd lat="46.2890857" lon="12.3445174"/>
      <nd lat="46.2891175" lon="12.3444713"/>
      <nd lat="46.2891705" lon="12.3444406"/>
      <nd lat="46.2892044" lon="12.3443963"/>
      <nd lat="46.2892216" lon="12.3443529"/>
      <nd lat="46.2892403" lon="12.3443209"/>
      <nd lat="46.2892693" lon="12.3443234"/>
      <nd lat="46.2893219" lon="12.3443325"/>
      <nd lat="46.2893514" lon="12.3443313"/>
      <nd lat="46.2894297" lon="12.3442766"/>
      <nd lat="46.2895253" lon="12.3442358"/>
      <nd lat="46.2895699" lon="12.3442216"/>
      <nd lat="46.2896433" lon="12.3442247"/>
      <nd lat="46.2896680" lon="12.3441956"/>
      <nd lat="46.2896970" lon="12.3441918"/>
      <nd lat="46.2897210" lon="12.3442463"/>
      <nd lat="46.2897415" lon="12.3442820"/>
      <nd lat="46.2898045" lon="12.3443180"/>
      <nd lat="46.2898440" lon="12.3443809"/>
      <nd lat="46.2898586" lon="12.3444170"/>
      <nd lat="46.2899386" lon="12.3444779"/>
      <nd lat="46.2901582" lon="12.3447482"/>
      <nd lat="46.2902158" lon="12.3447525"/>
      <nd lat="46.2902490" lon="12.3447721"/>
      <nd lat="46.2903068" lon="12.3447975"/>
      <nd lat="46.2903492" lon="12.3448445"/>
      <nd lat="46.2904405" lon="12.3449538"/>
      <nd lat="46.2905305" lon="12.3450261"/>
      <nd lat="46.2906544" lon="12.3450990"/>
      <nd lat="46.2907527" lon="12.3451159"/>
      <nd lat="46.2909389" lon="12.3454324"/>
      <nd lat="46.2910827" lon="12.3456395"/>
      <nd lat="46.2911643" lon="12.3457721"/>
      <nd lat="46.2912544" lon="12.3458933"/>
      <nd lat="46.2913009" lon="12.3460047"/>
      <nd lat="46.2913839" lon="12.3461631"/>
      <nd lat="46.2915160" lon="12.3464452"/>
      <nd lat="46.2915635" lon="12.3465762"/>
      <nd lat="46.2916597" lon="12.3467826"/>
      <nd lat="46.2917108" lon="12.3469263"/>
      <nd lat="46.2917612" lon="12.3470409"/>
      <nd lat="46.2918361" lon="12.3470900"/>
      <nd lat="46.2918921" lon="12.3471470"/>
      <nd lat="46.2919124" lon="12.3472415"/>
      <nd lat="46.2919037" lon="12.3473138"/>
      <nd lat="46.2918991" lon="12.3473772"/>
      <nd lat="46.2919435" lon="12.3475162"/>
      <nd lat="46.2919484" lon="12.3475578"/>
      <nd lat="46.2919837" lon="12.3476617"/>
      <nd lat="46.2919875" lon="12.3477576"/>
      <nd lat="46.2919945" lon="12.3478357"/>
      <nd lat="46.2919904" lon="12.3478995"/>
      <nd lat="46.2919732" lon="12.3479288"/>
      <nd lat="46.2919710" lon="12.3479512"/>
      <nd lat="46.2919840" lon="12.3479641"/>
      <nd lat="46.2919991" lon="12.3479769"/>
      <nd lat="46.2920369" lon="12.3480420"/>
      <nd lat="46.2920545" lon="12.3481041"/>
      <nd lat="46.2920744" lon="12.3481256"/>
      <nd lat="46.2921026" lon="12.3482075"/>
    </member>
    <member type="way" ref="34656130" role="">
      <nd lat="46.2921026" lon="12.3482075"/>
      <nd lat="46.2920953" lon="12.3482698"/>
      <nd lat="46.2920742" lon="12.3482963"/>
      <nd lat="46.2920333" lon="12.3482981"/>
      <nd lat="46.2920128" lon="12.3482963"/>
      <nd lat="46.2920034" lon="12.3483133"/>
      <nd lat="46.2919734" lon="12.3483436"/>
      <nd lat="46.2919519" lon="12.3483432"/>
      <nd lat="46.2919426" lon="12.3483761"/>
      <nd lat="46.2919132" lon="12.3483562"/>
      <nd lat="46.2918683" lon="12.3483869"/>
      <nd lat="46.2918563" lon="12.3484229"/>
      <nd lat="46.2918392" lon="12.3484392"/>
      <nd lat="46.2918179" lon="12.3484170"/>
      <nd lat="46.2918073" lon="12.3484553"/>
      <nd lat="46.2917757" lon="12.3484647"/>
      <nd lat="46.2917061" lon="12.3484682"/>
      <nd lat="46.2916821" lon="12.3484733"/>
      <nd lat="46.2916318" lon="12.3485041"/>
      <nd lat="46.2916261" lon="12.3485278"/>
      <nd lat="46.2916281" lon="12.3485492"/>
      <nd lat="46.2916510" lon="12.3485852"/>
      <nd lat="46.2916475" lon="12.3486455"/>
      <nd lat="46.2916299" lon="12.3486838"/>
      <nd lat="46.2916178" lon="12.3487435"/>
      <nd lat="46.2916307" lon="12.3487768"/>
      <nd lat="46.2916542" lon="12.3488058"/>
      <nd lat="46.2916588" lon="12.3488539"/>
      <nd lat="46.2916301" lon="12.3489210"/>
      <nd lat="46.2916179" lon="12.3490372"/>
      <nd lat="46.2915866" lon="12.3489893"/>
      <nd lat="46.2915613" lon="12.3489463"/>
      <nd lat="46.2915109" lon="12.3488815"/>
      <nd lat="46.2914794" lon="12.3488578"/>
      <nd lat="46.2914434" lon="12.3488402"/>
      <nd lat="46.2914181" lon="12.3488220"/>
      <nd lat="46.2913584" lon="12.3488261"/>
      <nd lat="46.2913199" lon="12.3488659"/>
      <nd lat="46.2912797" lon="12.3488771"/>
      <nd lat="46.2912198" lon="12.3489126"/>
      <nd lat="46.2911689" lon="12.3489096"/>
      <nd lat="46.2911370" lon="12.3488957"/>
      <nd lat="46.2910969" lon="12.3489087"/>
      <nd lat="46.2910388" lon="12.3489508"/>
      <nd lat="46.2909918" lon="12.3489492"/>
      <nd lat="46.2909739" lon="12.3489630"/>
      <nd lat="46.2909518" lon="12.3489938"/>
      <nd lat="46.2909356" lon="12.3489916"/>
      <nd lat="46.2909248" lon="12.3489563"/>
      <nd lat="46.2909123" lon="12.3489705"/>
      <nd lat="46.2908994" lon="12.3489653"/>
      <nd lat="46.2908929" lon="12.3489423"/>
      <nd lat="46.2908693" lon="12.3489367"/>
      <nd lat="46.2908556" lon="12.3489587"/>
      <nd lat="46.2908410" lon="12.3489642"/>
      <nd lat="46.2908340" lon="12.3489472"/>
      <nd lat="46.2908079" lon="12.3489590"/>
      <nd lat="46.2907784" lon="12.3489595"/>
      <nd lat="46.2907468" lon="12.3489329"/>
      <nd lat="46.2907056" lon="12.3489213"/>
      <nd lat="46.2906790" lon="12.3489055"/>
      <nd lat="46.2906275" lon="12.3489164"/>
      <nd lat="46.2906088" lon="12.3489455"/>
      <nd lat="46.2905366" lon="12.3489334"/>
      <nd lat="46.2905076" lon="12.3489717"/>
      <nd lat="46.2904731" lon="12.3490130"/>
      <nd lat="46.2904377" lon="12.3490572"/>
      <nd lat="46.2904198" lon="12.3491173"/>
      <nd lat="46.2904138" lon="12.3492754"/>
      <nd lat="46.2904120" lon="12.3493175"/>
      <nd lat="46.2903948" lon="12.3493676"/>
      <nd lat="46.2903620" lon="12.3493744"/>
      <nd lat="46.2903492" lon="12.3493989"/>
      <nd lat="46.2903512" lon="12.3494560"/>
      <nd lat="46.2903452" lon="12.3494873"/>
      <nd lat="46.2903307" lon="12.3495105"/>
      <nd lat="46.2903400" lon="12.3495554"/>
      <nd lat="46.2903055" lon="12.3496252"/>
      <nd lat="46.2902831" lon="12.3497026"/>
      <nd lat="46.2902560" lon="12.3497552"/>
      <nd lat="46.2902357" lon="12.3497646"/>
      <nd lat="46.2901969" lon="12.3498133"/>
      <nd lat="46.2901856" lon="12.3498497"/>
      <nd lat="46.2901477" lon="12.3498961"/>
      <nd lat="46.2901331" lon="12.3499288"/>
      <nd lat="46.2900971" lon="12.3499712"/>
      <nd lat="46.2900831" lon="12.3500150"/>
      <nd lat="46.2900647" lon="12.3500400"/>
      <nd lat="46.2900357" lon="12.3500459"/>
      <nd lat="46.2900337" lon="12.3500751"/>
      <nd lat="46.2900555" lon="12.3500976"/>
      <nd lat="46.2900573" lon="12.3501183"/>
      <nd lat="46.2900378" lon="12.3501388"/>
      <nd lat="46.2900377" lon="12.3501621"/>
      <nd lat="46.2900569" lon="12.3501858"/>
      <nd lat="46.2900214" lon="12.3502142"/>
      <nd lat="46.2900533" lon="12.3502844"/>
      <nd lat="46.2900625" lon="12.3503166"/>
      <nd lat="46.2900531" lon="12.3503358"/>
      <nd lat="46.2900343" lon="12.3503328"/>
      <nd lat="46.2900437" lon="12.3503653"/>
      <nd lat="46.2900023" lon="12.3503751"/>
      <nd lat="46.2899821" lon="12.3503752"/>
      <nd lat="46.2899047" lon="12.3504515"/>
      <nd lat="46.2898821" lon="12.3505203"/>
      <nd lat="46.2898773" lon="12.3505740"/>
      <nd lat="46.2898627" lon="12.3505834"/>
      <nd lat="46.2898336" lon="12.3505722"/>
      <nd lat="46.2898058" lon="12.3505910"/>
      <nd lat="46.2897612" lon="12.3505825"/>
      <nd lat="46.2897171" lon="12.3505633"/>
      <nd lat="46.2896968" lon="12.3505565"/>
      <nd lat="46.2896769" lon="12.3505381"/>
      <nd lat="46.2896448" lon="12.3505454"/>
      <nd lat="46.2896196" lon="12.3505311"/>
      <nd lat="46.2895967" lon="12.3505545"/>
      <nd lat="46.2895633" lon="12.3505639"/>
      <nd lat="46.2895386" lon="12.3505709"/>
      <nd lat="46.2895328" lon="12.3505838"/>
      <nd lat="46.2895153" lon="12.3505827"/>
      <nd lat="46.2894956" lon="12.3505992"/>
      <nd lat="46.2894795" lon="12.3506028"/>
      <nd lat="46.2894584" lon="12.3506203"/>
      <nd lat="46.2894419" lon="12.3506299"/>
      <nd lat="46.2894273" lon="12.3506383"/>
      <nd lat="46.2894112" lon="12.3506410"/>
      <nd lat="46.2894024" lon="12.3506676"/>
      <nd lat="46.2893882" lon="12.3506925"/>
      <nd lat="46.2893716" lon="12.3507273"/>
      <nd lat="46.2893513" lon="12.3507496"/>
      <nd lat="46.2893160" lon="12.3507658"/>
      <nd lat="46.2892988" lon="12.3507763"/>
      <nd lat="46.2892873" lon="12.3507913"/>
      <nd lat="46.2892810" lon="12.3508217"/>
      <nd lat="46.2892862" lon="12.3508722"/>
      <nd lat="46.2892590" lon="12.3509120"/>
      <nd lat="46.2892432" lon="12.3509011"/>
      <nd lat="46.2892201" lon="12.3508979"/>
      <nd lat="46.2892034" lon="12.3509241"/>
      <nd lat="46.2891946" lon="12.3509811"/>
      <nd lat="46.2891942" lon="12.3510126"/>
      <nd lat="46.2892252" lon="12.3510877"/>
      <nd lat="46.2892210" lon="12.3511098"/>
      <nd lat="46.2891971" lon="12.3511134"/>
      <nd lat="46.2891775" lon="12.3511474"/>
      <nd lat="46.2891367" lon="12.3511588"/>
      <nd lat="46.2891057" lon="12.3512030"/>
      <nd lat="46.2890867" lon="12.3512299"/>
      <nd lat="46.2890821" lon="12.3512687"/>
      <nd lat="46.2890621" lon="12.3513188"/>
      <nd lat="46.2890444" lon="12.3513492"/>
      <nd lat="46.2890213" lon="12.3513690"/>
      <nd lat="46.2890034" lon="12.3513953"/>
      <nd lat="46.2889954" lon="12.3514238"/>
      <nd lat="46.2889693" lon="12.3514570"/>
      <nd lat="46.2889599" lon="12.3514955"/>
      <nd lat="46.2889310" lon="12.3516013"/>
      <nd lat="46.2889269" lon="12.3516432"/>
      <nd lat="46.2889288" lon="12.3517001"/>
      <nd lat="46.2888993" lon="12.3517370"/>
      <nd lat="46.2888786" lon="12.3517717"/>
      <nd lat="46.2888667" lon="12.3518032"/>
      <nd lat="46.2888526" lon="12.3519012"/>
      <nd lat="46.2888523" lon="12.3520058"/>
      <nd lat="46.2888279" lon="12.3520816"/>
      <nd lat="46.2888290" lon="12.3521639"/>
      <nd lat="46.2888151" lon="12.3522236"/>
    </member>
    <member type="way" ref="1208984091" role="">
      <nd lat="46.2888151" lon="12.3522236"/>
      <nd lat="46.2887919" lon="12.3522559"/>
      <nd lat="46.2887408" lon="12.3522823"/>
      <nd lat="46.2886577" lon="12.3523081"/>
      <nd lat="46.2886194" lon="12.3523170"/>
      <nd lat="46.2885989" lon="12.3522899"/>
      <nd lat="46.2885664" lon="12.3522643"/>
      <nd lat="46.2885153" lon="12.3522610"/>
      <nd lat="46.2884797" lon="12.3522317"/>
      <nd lat="46.2884217" lon="12.3522048"/>
      <nd lat="46.2883831" lon="12.3521986"/>
      <nd lat="46.2883466" lon="12.3522138"/>
      <nd lat="46.2883345" lon="12.3522159"/>
      <nd lat="46.2883189" lon="12.3522075"/>
      <nd lat="46.2883071" lon="12.3521821"/>
      <nd lat="46.2882871" lon="12.3521412"/>
      <nd lat="46.2882549" lon="12.3520875"/>
      <nd lat="46.2882245" lon="12.3520478"/>
      <nd lat="46.2882024" lon="12.3520231"/>
      <nd lat="46.2881805" lon="12.3520156"/>
      <nd lat="46.2881457" lon="12.3520104"/>
      <nd lat="46.2880921" lon="12.3519916"/>
      <nd lat="46.2880362" lon="12.3519536"/>
      <nd lat="46.2880047" lon="12.3519433"/>
      <nd lat="46.2879458" lon="12.3518991"/>
      <nd lat="46.2878073" lon="12.3518119"/>
      <nd lat="46.2877474" lon="12.3517863"/>
      <nd lat="46.2877193" lon="12.3517877"/>
      <nd lat="46.2876459" lon="12.3517428"/>
      <nd lat="46.2875574" lon="12.3517015"/>
      <nd lat="46.2874593" lon="12.3516112"/>
      <nd lat="46.2874483" lon="12.3515740"/>
      <nd lat="46.2873453" lon="12.3514820"/>
      <nd lat="46.2872512" lon="12.3514337"/>
      <nd lat="46.2871688" lon="12.3513396"/>
      <nd lat="46.2871337" lon="12.3513091"/>
      <nd lat="46.2870690" lon="12.3512097"/>
      <nd lat="46.2869770" lon="12.3511772"/>
      <nd lat="46.2869597" lon="12.3511845"/>
      <nd lat="46.2869572" lon="12.3511974"/>
      <nd lat="46.2869331" lon="12.3512025"/>
      <nd lat="46.2869230" lon="12.3512180"/>
      <nd lat="46.2869136" lon="12.3512184"/>
      <nd lat="46.2868989" lon="12.3512128"/>
      <nd lat="46.2868458" lon="12.3512207"/>
      <nd lat="46.2865693" lon="12.3513278"/>
      <nd lat="46.2866458" lon="12.3514878"/>
      <nd lat="46.2866641" lon="12.3517125"/>
      <nd lat="46.2868599" lon="12.3518096"/>
      <nd lat="46.2870025" lon="12.3522203"/>
      <nd lat="46.2867194" lon="12.3522282"/>
      <nd lat="46.2865202" lon="12.3524144"/>
      <nd lat="46.2868893" lon="12.3526952"/>
      <nd lat="46.2869422" lon="12.3527996"/>
      <nd lat="46.2869977" lon="12.3530102"/>
      <nd lat="46.2870469" lon="12.3532865"/>
      <nd lat="46.2868708" lon="12.3530967"/>
      <nd lat="46.2868715" lon="12.3531999"/>
      <nd lat="46.2868855" lon="12.3534036"/>
      <nd lat="46.2867981" lon="12.3532967"/>
      <nd lat="46.2868038" lon="12.3533831"/>
      <nd lat="46.2868339" lon="12.3535781"/>
      <nd lat="46.2868130" lon="12.3537091"/>
      <nd lat="46.2867812" lon="12.3537799"/>
      <nd lat="46.2867837" lon="12.3538611"/>
      <nd lat="46.2868036" lon="12.3539188"/>
      <nd lat="46.2868064" lon="12.3540093"/>
      <nd lat="46.2867596" lon="12.3539369"/>
      <nd lat="46.2867193" lon="12.3538497"/>
      <nd lat="46.2867003" lon="12.3537491"/>
      <nd lat="46.2864895" lon="12.3536417"/>
      <nd lat="46.2864995" lon="12.3537709"/>
      <nd lat="46.2865124" lon="12.3538808"/>
      <nd lat="46.2864998" lon="12.3540237"/>
      <nd lat="46.2865180" lon="12.3541010"/>
      <nd lat="46.2865292" lon="12.3541579"/>
      <nd lat="46.2865574" lon="12.3542556"/>
      <nd lat="46.2865465" lon="12.3543157"/>
    </member>
    <member type="way" ref="1050418433" role="">
      <nd lat="46.2865465" lon="12.3543157"/>
      <nd lat="46.2865252" lon="12.3544390"/>
    </member>
    <member type="way" ref="695492881" role="">
      <nd lat="46.2865252" lon="12.3544390"/>
      <nd lat="46.2865151" lon="12.3545285"/>
      <nd lat="46.2865187" lon="12.3546003"/>
      <nd lat="46.2865196" lon="12.3546991"/>
      <nd lat="46.2865301" lon="12.3548762"/>
      <nd lat="46.2865220" lon="12.3550980"/>
      <nd lat="46.2865010" lon="12.3553572"/>
      <nd lat="46.2864917" lon="12.3554240"/>
      <nd lat="46.2864288" lon="12.3555353"/>
      <nd lat="46.2864188" lon="12.3557209"/>
      <nd lat="46.2864025" lon="12.3560516"/>
      <nd lat="46.2864139" lon="12.3563519"/>
      <nd lat="46.2864284" lon="12.3565107"/>
      <nd lat="46.2864802" lon="12.3567151"/>
      <nd lat="46.2865371" lon="12.3568593"/>
      <nd lat="46.2865832" lon="12.3570566"/>
      <nd lat="46.2866362" lon="12.3572480"/>
      <nd lat="46.2867249" lon="12.3573317"/>
      <nd lat="46.2867863" lon="12.3573835"/>
      <nd lat="46.2868818" lon="12.3575984"/>
      <nd lat="46.2869256" lon="12.3577504"/>
      <nd lat="46.2869753" lon="12.3579524"/>
      <nd lat="46.2870111" lon="12.3580832"/>
      <nd lat="46.2870492" lon="12.3581533"/>
      <nd lat="46.2871218" lon="12.3582288"/>
      <nd lat="46.2871869" lon="12.3582578"/>
      <nd lat="46.2872949" lon="12.3582441"/>
      <nd lat="46.2873393" lon="12.3582409"/>
      <nd lat="46.2874142" lon="12.3582600"/>
      <nd lat="46.2874651" lon="12.3583212"/>
      <nd lat="46.2875298" lon="12.3584284"/>
      <nd lat="46.2875691" lon="12.3584975"/>
      <nd lat="46.2876301" lon="12.3585734"/>
      <nd lat="46.2876666" lon="12.3586160"/>
      <nd lat="46.2877032" lon="12.3586659"/>
    </member>
    <tag k="ascent" v="1264"/>
    <tag k="cai_scale" v="EE"/>
    <tag k="distance" v="7.500"/>
    <tag k="duration:forward" v="05:50"/>
    <tag k="from" v="Casso (quota 964 m)"/>
    <tag k="network" v="lwn"/>
    <tag k="operator" v="Club Alpino Italiano"/>
    <tag k="osmc:symbol" v="red:red:white_stripe:372:black"/>
    <tag k="ref" v="372"/>
    <tag k="route" v="hiking"/>
    <tag k="source" v="survey:CAI"/>
    <tag k="symbol" v="372 on white red flags"/>
    <tag k="symbol:it" v="372 su bandierina bianca e rossa"/>
    <tag k="to" v="Bivio sent. n. 381 (quota 1610 m)"/>
    <tag k="type" v="route"/>
    <tag k="website" v="https://www.cai-fvg.it/sentieri-cai-fvg/settore-3-dolomiti-friulane-alpi-prealpi-carniche/s3-372"/>
  </relation>
</old>
<new>
  <relation id="141067" version="16" timestamp="2026-10-01T09:42:58Z" changeset="189812875" uid="188429" user="gpstracks">
    <bounds minlat="46.2723742" minlon="12.3260048" maxlat="46.2921209" maxlon="12.3586644"/>
    <member type="node" ref="10773374919" role="" lat="46.2723988" lon="12.3325671"/>
    <member type="node" ref="10773374918" role="" lat="46.2725344" lon="12.3321144"/>
    <member type="way" ref="236052790" role="">
      <nd lat="46.2723742" lon="12.3325691"/>
      <nd lat="46.2723986" lon="12.3325389"/>
      <nd lat="46.2724231" lon="12.3325018"/>
      <nd lat="46.2724343" lon="12.3324836"/>
      <nd lat="46.2724499" lon="12.3324585"/>
      <nd lat="46.2725074" lon="12.3323352"/>
      <nd lat="46.2725369" lon="12.3323081"/>
      <nd lat="46.2725658" lon="12.3323085"/>
      <nd lat="46.2726260" lon="12.3323255"/>
    </member>
    <member type="way" ref="236732839" role="">
      <nd lat="46.2726260" lon="12.3323255"/>
      <nd lat="46.2726524" lon="12.3322775"/>
      <nd lat="46.2725984" lon="12.3321818"/>
      <nd lat="46.2725388" lon="12.3321369"/>
    </member>
    <member type="way" ref="180572511" role="">
      <nd lat="46.2725388" lon="12.3321369"/>
      <nd lat="46.2725991" lon="12.3320215"/>
      <nd lat="46.2726156" lon="12.3319843"/>
      <nd lat="46.2726367" lon="12.3319369"/>
      <nd lat="46.2726527" lon="12.3319009"/>
      <nd lat="46.2726928" lon="12.3319211"/>
      <nd lat="46.2727327" lon="12.3319540"/>
      <nd lat="46.2727688" lon="12.3319895"/>
      <nd lat="46.2728106" lon="12.3320166"/>
      <nd lat="46.2728255" lon="12.3320217"/>
      <nd lat="46.2728444" lon="12.3320201"/>
      <nd lat="46.2728648" lon="12.3320096"/>
    </member>
    <member type="way" ref="1158444210" role="">
      <nd lat="46.2728648" lon="12.3320096"/>
      <nd lat="46.2728876" lon="12.3320055"/>
      <nd lat="46.2729218" lon="12.3320128"/>
      <nd lat="46.2729705" lon="12.3319916"/>
      <nd lat="46.2731058" lon="12.3319049"/>
      <nd lat="46.2731863" lon="12.3318127"/>
      <nd lat="46.2733147" lon="12.3316724"/>
      <nd lat="46.2734508" lon="12.3316008"/>
      <nd lat="46.2736304" lon="12.3315825"/>
      <nd lat="46.2736700" lon="12.3315237"/>
      <nd lat="46.2736828" lon="12.3314474"/>
      <nd lat="46.2737156" lon="12.3313960"/>
      <nd lat="46.2737488" lon="12.3313523"/>
      <nd lat="46.2738368" lon="12.3312693"/>
      <nd lat="46.2738681" lon="12.3312464"/>
      <nd lat="46.2739777" lon="12.3312353"/>
      <nd lat="46.2740483" lon="12.3312391"/>
      <nd lat="46.2741070" lon="12.3312464"/>
      <nd lat="46.2741527" lon="12.3312979"/>
      <nd lat="46.2742103" lon="12.3313910"/>
      <nd lat="46.2742324" lon="12.3314613"/>
      <nd lat="46.2742756" lon="12.3315056"/>
      <nd lat="46.2743681" lon="12.3315688"/>
      <nd lat="46.2744389" lon="12.3316259"/>
      <nd lat="46.2745604" lon="12.3317113"/>
      <nd lat="46.2747592" lon="12.3318123"/>
      <nd lat="46.2748534" lon="12.3318673"/>
      <nd lat="46.2749735" lon="12.3319843"/>
      <nd lat="46.2749938" lon="12.3320129"/>
      <nd lat="46.2750159" lon="12.3320801"/>
      <nd lat="46.2750634" lon="12.3322054"/>
      <nd lat="46.2750724" lon="12.3323158"/>
      <nd lat="46.2750457" lon="12.3324323"/>
      <nd lat="46.2750543" lon="12.3325823"/>
      <nd lat="46.2750777" lon="12.3327210"/>
      <nd lat="46.2750928" lon="12.3328095"/>
      <nd lat="46.2751080" lon="12.3328303"/>
      <nd lat="46.2751326" lon="12.3327988"/>
      <nd lat="46.2751590" lon="12.3327732"/>
      <nd lat="46.2751775" lon="12.3327568"/>
      <nd lat="46.2751887" lon="12.3327470"/>
      <nd lat="46.2752279" lon="12.3326986"/>
      <nd lat="46.2752647" lon="12.3326638"/>
      <nd lat="46.2752948" lon="12.3326585"/>
      <nd lat="46.2753176" lon="12.3325985"/>
      <nd lat="46.2753798" lon="12.3325158"/>
      <nd lat="46.2754239" lon="12.3324529"/>
      <nd lat="46.2754476" lon="12.3323844"/>
      <nd lat="46.2755021" lon="12.3322696"/>
      <nd lat="46.2755639" lon="12.3322000"/>
      <nd lat="46.2756085" lon="12.3321727"/>
      <nd lat="46.2756687" lon="12.3321332"/>
      <nd lat="46.2756928" lon="12.3320071"/>
      <nd lat="46.2757411" lon="12.3319052"/>
      <nd lat="46.2757642" lon="12.3318207"/>
      <nd lat="46.2757591" lon="12.3317107"/>
      <nd lat="46.2757473" lon="12.3316509"/>
      <nd lat="46.2757267" lon="12.3316163"/>
      <nd lat="46.2756834" lon="12.3315824"/>
      <nd lat="46.2756814" lon="12.3315488"/>
      <nd lat="46.2757005" lon="12.3315333"/>
      <nd lat="46.2757227" lon="12.3315342"/>
      <nd lat="46.2757168" lon="12.3315122"/>
      <nd lat="46.2756775" lon="12.3314666"/>
      <nd lat="46.2756510" lon="12.3314243"/>
      <nd lat="46.2756571" lon="12.3314007"/>
      <nd lat="46.2756740" lon="12.3313776"/>
      <nd lat="46.2756731" lon="12.3312918"/>
      <nd lat="46.2756657" lon="12.3312221"/>
      <nd lat="46.2756660" lon="12.3311755"/>
      <nd lat="46.2756747" lon="12.3311460"/>
      <nd lat="46.2756946" lon="12.3311373"/>
      <nd lat="46.2757616" lon="12.3311894"/>
      <nd lat="46.2757941" lon="12.3311571"/>
      <nd lat="46.2757999" lon="12.3309962"/>
      <nd lat="46.2757995" lon="12.3309722"/>
      <nd lat="46.2758116" lon="12.3309651"/>
      <nd lat="46.2758303" lon="12.3309902"/>
      <nd lat="46.2758540" lon="12.3310278"/>
      <nd lat="46.2758704" lon="12.3310431"/>
      <nd lat="46.2758691" lon="12.3309947"/>
      <nd lat="46.2758878" lon="12.3309797"/>
      <nd lat="46.2759044" lon="12.3310021"/>
      <nd lat="46.2759280" lon="12.3310039"/>
      <nd lat="46.2759341" lon="12.3309774"/>
      <nd lat="46.2759123" lon="12.3309079"/>
      <nd lat="46.2759149" lon="12.3308757"/>
      <nd lat="46.2759347" lon="12.3308311"/>
      <nd lat="46.2759354" lon="12.3307250"/>
      <nd lat="46.2759330" lon="12.3306442"/>
      <nd lat="46.2759316" lon="12.3304937"/>
      <nd lat="46.2759086" lon="12.3304255"/>
      <nd lat="46.2758921" lon="12.3302889"/>
      <nd lat="46.2758913" lon="12.3302102"/>
      <nd lat="46.2759079" lon="12.3301125"/>
      <nd lat="46.2759390" lon="12.3300525"/>
      <nd lat="46.2759802" lon="12.3300008"/>
      <nd lat="46.2760051" lon="12.3299615"/>
      <nd lat="46.2760297" lon="12.3298915"/>
      <nd lat="46.2761269" lon="12.3297967"/>
      <nd lat="46.2761985" lon="12.3297193"/>
      <nd lat="46.2762654" lon="12.3295991"/>
      <nd lat="46.2763046" lon="12.3294383"/>
      <nd lat="46.2763604" lon="12.3292980"/>
      <nd lat="46.2764630" lon="12.3290857"/>
      <nd lat="46.2766663" lon="12.3288723"/>
      <nd lat="46.2768635" lon="12.3287445"/>
      <nd lat="46.2769407" lon="12.3285571"/>
      <nd lat="46.2770120" lon="12.3283894"/>
      <nd lat="46.2770637" lon="12.3281924"/>
      <nd lat="46.2771217" lon="12.3281216"/>
      <nd lat="46.2772083" lon="12.3279478"/>
      <nd lat="46.2773053" lon="12.3278161"/>
      <nd lat="46.2774293" lon="12.3276955"/>
      <nd lat="46.2774732" lon="12.3276143"/>
      <nd lat="46.2775235" lon="12.3275457"/>
      <nd lat="46.2776180" lon="12.3274521"/>
      <nd lat="46.2776691" lon="12.3273411"/>
      <nd lat="46.2777776" lon="12.3272109"/>
      <nd lat="46.2778579" lon="12.3270819"/>
      <nd lat="46.2778952" lon="12.3269633"/>
      <nd lat="46.2779555" lon="12.3268912"/>
      <nd lat="46.2780382" lon="12.3268202"/>
      <nd lat="46.2781384" lon="12.3266672"/>
      <nd lat="46.2782956" lon="12.3264965"/>
      <nd lat="46.2784400" lon="12.3263873"/>
      <nd lat="46.2784977" lon="12.3263195"/>
      <nd lat="46.2787106" lon="12.3261758"/>
      <nd lat="46.2788595" lon="12.3260384"/>
      <nd lat="46.2790821" lon="12.3260212"/>
      <nd lat="46.2792089" lon="12.3260048"/>
      <nd lat="46.2793959" lon="12.3260285"/>
      <nd lat="46.2794788" lon="12.3260671"/>
      <nd lat="46.2795632" lon="12.3261373"/>
      <nd lat="46.2796180" lon="12.3262164"/>
      <nd lat="46.2797769" lon="12.3263168"/>
      <nd lat="46.2798974" lon="12.3264456"/>
      <nd lat="46.2800142" lon="12.3265877"/>
      <nd lat="46.2801120" lon="12.3267581"/>
      <nd lat="46.2802907" lon="12.3269062"/>
      <nd lat="46.2805202" lon="12.3269599"/>
      <nd lat="46.2806316" lon="12.3270290"/>
      <nd lat="46.2808718" lon="12.3270264"/>
      <nd lat="46.2809835" lon="12.3270458"/>
      <nd lat="46.2810725" lon="12.3270691"/>
      <nd lat="46.2812074" lon="12.3271140"/>
      <nd lat="46.2813236" lon="12.3271230"/>
      <nd lat="46.2815807" lon="12.3271070"/>
      <nd lat="46.2817857" lon="12.3270392"/>
      <nd lat="46.2818805" lon="12.3269640"/>
      <nd lat="46.2820391" lon="12.3268979"/>
      <nd lat="46.2823943" lon="12.3268591"/>
      <nd lat="46.2825055" lon="12.3268457"/>
      <nd lat="46.2825756" lon="12.3268000"/>
      <nd lat="46.2826499" lon="12.3268212"/>
      <nd lat="46.2826543" lon="12.3268832"/>
    </member>
    <member type="way" ref="34656214" role="">
      <nd lat="46.2826543" lon="12.3268832"/>
      <nd lat="46.2825834" lon="12.3269767"/>
      <nd lat="46.2824852" lon="12.3270115"/>
      <nd lat="46.2823770" lon="12.3271494"/>
      <nd lat="46.2822190" lon="12.3272360"/>
      <nd lat="46.2821636" lon="12.3272999"/>
      <nd lat="46.2821302" lon="12.3273750"/>
      <nd lat="46.2820607" lon="12.3274253"/>
      <nd lat="46.2817633" lon="12.3275192"/>
      <nd lat="46.2816659" lon="12.3276626"/>
      <nd lat="46.2816225" lon="12.3277534"/>
      <nd lat="46.2815935" lon="12.3278470"/>
      <nd lat="46.2815586" lon="12.3279701"/>
      <nd lat="46.2815252" lon="12.3280543"/>
      <nd lat="46.2814273" lon="12.3281353"/>
      <nd lat="46.2813377" lon="12.3281877"/>
      <nd lat="46.2812302" lon="12.3282413"/>
      <nd lat="46.2811469" lon="12.3282203"/>
      <nd lat="46.2810828" lon="12.3282199"/>
      <nd lat="46.2809921" lon="12.3282191"/>
      <nd lat="46.2809702" lon="12.3282909"/>
      <nd lat="46.2808748" lon="12.3283546"/>
      <nd lat="46.2808174" lon="12.3284379"/>
      <nd lat="46.2807700" lon="12.3285209"/>
      <nd lat="46.2806828" lon="12.3285966"/>
      <nd lat="46.2806203" lon="12.3286892"/>
      <nd lat="46.2805666" lon="12.3288642"/>
      <nd lat="46.2805249" lon="12.3292378"/>
      <nd lat="46.2804920" lon="12.3294235"/>
      <nd lat="46.2804544" lon="12.3295248"/>
      <nd lat="46.2804572" lon="12.3295576"/>
      <nd lat="46.2804221" lon="12.3297394"/>
      <nd lat="46.2804486" lon="12.3297329"/>
      <nd lat="46.2804516" lon="12.3298185"/>
      <nd lat="46.2804331" lon="12.3299083"/>
      <nd lat="46.2804442" lon="12.3299740"/>
      <nd lat="46.2804171" lon="12.3301065"/>
      <nd lat="46.2804083" lon="12.3303356"/>
      <nd lat="46.2804064" lon="12.3304830"/>
      <nd lat="46.2804056" lon="12.3305354"/>
      <nd lat="46.2804248" lon="12.3305879"/>
      <nd lat="46.2804456" lon="12.3306381"/>
      <nd lat="46.2804787" lon="12.3306762"/>
      <nd lat="46.2804908" lon="12.3307299"/>
      <nd lat="46.2805155" lon="12.3307258"/>
      <nd lat="46.2805230" lon="12.3307603"/>
      <nd lat="46.2805393" lon="12.3307643"/>
      <nd lat="46.2805873" lon="12.3308948"/>
      <nd lat="46.2805979" lon="12.3309185"/>
      <nd lat="46.2806141" lon="12.3309216"/>
      <nd lat="46.2806187" lon="12.3309456"/>
      <nd lat="46.2806523" lon="12.3310021"/>
      <nd lat="46.2806650" lon="12.3310513"/>
      <nd lat="46.2806905" lon="12.3311136"/>
      <nd lat="46.2807171" lon="12.3311588"/>
      <nd lat="46.2807360" lon="12.3312490"/>
      <nd lat="46.2807658" lon="12.3313538"/>
      <nd lat="46.2807889" lon="12.3314441"/>
      <nd lat="46.2807967" lon="12.3315774"/>
      <nd lat="46.2808048" lon="12.3316814"/>
      <nd lat="46.2808378" lon="12.3317246"/>
      <nd lat="46.2808817" lon="12.3318432"/>
      <nd lat="46.2809124" lon="12.3318692"/>
      <nd lat="46.2809218" lon="12.3318979"/>
      <nd lat="46.2809166" lon="12.3319611"/>
      <nd lat="46.2809012" lon="12.3320210"/>
      <nd lat="46.2809008" lon="12.3320936"/>
      <nd lat="46.2809103" lon="12.3321533"/>
      <nd lat="46.2808890" lon="12.3323927"/>
      <nd lat="46.2808690" lon="12.3325438"/>
      <nd lat="46.2808581" lon="12.3326736"/>
      <nd lat="46.2808587" lon="12.3327362"/>
      <nd lat="46.2809048" lon="12.3327543"/>
      <nd lat="46.2809417" lon="12.3327906"/>
      <nd lat="46.2809909" lon="12.3328722"/>
      <nd lat="46.2810299" lon="12.3329885"/>
      <nd lat="46.2810664" lon="12.3331346"/>
      <nd lat="46.2810850" lon="12.3332174"/>
      <nd lat="46.2810950" lon="12.3333000"/>
      <nd lat="46.2810799" lon="12.3333863"/>
      <nd lat="46.2810723" lon="12.3334267"/>
      <nd lat="46.2810919" lon="12.3334649"/>
      <nd lat="46.2810769" lon="12.3335490"/>
      <nd lat="46.2810836" lon="12.3336976"/>
      <nd lat="46.2810565" lon="12.3337861"/>
      <nd lat="46.2810641" lon="12.3338746"/>
      <nd lat="46.2810853" lon="12.3338637"/>
      <nd lat="46.2810998" lon="12.3339124"/>
      <nd lat="46.2811284" lon="12.3339275"/>
      <nd lat="46.2811297" lon="12.3339846"/>
      <nd lat="46.2811412" lon="12.3340160"/>
      <nd lat="46.2811477" lon="12.3340632"/>
      <nd lat="46.2811626" lon="12.3340974"/>
      <nd lat="46.2811555" lon="12.3341751"/>
      <nd lat="46.2811905" lon="12.3342840"/>
      <nd lat="46.2812461" lon="12.3343084"/>
      <nd lat="46.2812757" lon="12.3343361"/>
      <nd lat="46.2812892" lon="12.3343707"/>
      <nd lat="46.2813148" lon="12.3344601"/>
      <nd lat="46.2813205" lon="12.3345577"/>
      <nd lat="46.2813436" lon="12.3346583"/>
      <nd lat="46.2814121" lon="12.3349403"/>
      <nd lat="46.2815087" lon="12.3352817"/>
      <nd lat="46.2815240" lon="12.3353046"/>
      <nd lat="46.2815314" lon="12.3355280"/>
      <nd lat="46.2815578" lon="12.3356305"/>
      <nd lat="46.2815486" lon="12.3357635"/>
      <nd lat="46.2815245" lon="12.3358453"/>
      <nd lat="46.2814895" lon="12.3359164"/>
      <nd lat="46.2814996" lon="12.3359570"/>
      <nd lat="46.2815164" lon="12.3359891"/>
      <nd lat="46.2815238" lon="12.3360440"/>
      <nd lat="46.2815465" lon="12.3361116"/>
      <nd lat="46.2815393" lon="12.3361915"/>
      <nd lat="46.2815400" lon="12.3362569"/>
      <nd lat="46.2815701" lon="12.3362733"/>
      <nd lat="46.2816023" lon="12.3363299"/>
      <nd lat="46.2816226" lon="12.3363423"/>
      <nd lat="46.2816866" lon="12.3363061"/>
      <nd lat="46.2817835" lon="12.3361257"/>
      <nd lat="46.2818143" lon="12.3360580"/>
      <nd lat="46.2818785" lon="12.3360132"/>
      <nd lat="46.2819064" lon="12.3359440"/>
      <nd lat="46.2820113" lon="12.3358314"/>
      <nd lat="46.2820278" lon="12.3357618"/>
      <nd lat="46.2820571" lon="12.3357245"/>
      <nd lat="46.2820766" lon="12.3356644"/>
      <nd lat="46.2821169" lon="12.3356610"/>
      <nd lat="46.2821419" lon="12.3356710"/>
      <nd lat="46.2821530" lon="12.3357169"/>
      <nd lat="46.2821812" lon="12.3357156"/>
      <nd lat="46.2822333" lon="12.3358729"/>
      <nd lat="46.2822583" lon="12.3358732"/>
      <nd lat="46.2823252" lon="12.3358498"/>
      <nd lat="46.2823637" lon="12.3359073"/>
      <nd lat="46.2824164" lon="12.3359183"/>
      <nd lat="46.2824648" lon="12.3359780"/>
      <nd lat="46.2825033" lon="12.3360711"/>
      <nd lat="46.2825257" lon="12.3360545"/>
      <nd lat="46.2825347" lon="12.3360928"/>
      <nd lat="46.2825817" lon="12.3360925"/>
      <nd lat="46.2825981" lon="12.3361033"/>
      <nd lat="46.2826338" lon="12.3360783"/>
      <nd lat="46.2826455" lon="12.3361204"/>
      <nd lat="46.2826765" lon="12.3361227"/>
      <nd lat="46.2826925" lon="12.3361782"/>
      <nd lat="46.2827256" lon="12.3362153"/>
      <nd lat="46.2827413" lon="12.3362533"/>
      <nd lat="46.2827765" lon="12.3362632"/>
      <nd lat="46.2828084" lon="12.3363063"/>
      <nd lat="46.2828645" lon="12.3363520"/>
      <nd lat="46.2828712" lon="12.3364596"/>
      <nd lat="46.2828929" lon="12.3365370"/>
      <nd lat="46.2830552" lon="12.3365897"/>
      <nd lat="46.2830984" lon="12.3365552"/>
      <nd lat="46.2831159" lon="12.3365297"/>
      <nd lat="46.2831931" lon="12.3366856"/>
      <nd lat="46.2832720" lon="12.3366782"/>
      <nd lat="46.2833182" lon="12.3366207"/>
      <nd lat="46.2833465" lon="12.3366584"/>
      <nd lat="46.2834101" lon="12.3367426"/>
      <nd lat="46.2834580" lon="12.3368242"/>
      <nd lat="46.2834888" lon="12.3368477"/>
      <nd lat="46.2835368" lon="12.3369473"/>
      <nd lat="46.2835604" lon="12.3369811"/>
      <nd lat="46.2835820" lon="12.3370560"/>
      <nd lat="46.2835959" lon="12.3371179"/>
      <nd lat="46.2836501" lon="12.3372819"/>
      <nd lat="46.2836864" lon="12.3373244"/>
      <nd lat="46.2836947" lon="12.3374077"/>
      <nd lat="46.2837468" lon="12.3374527"/>
      <nd lat="46.2837888" lon="12.3374681"/>
      <nd lat="46.2838189" lon="12.3375877"/>
      <nd lat="46.2838293" lon="12.3377083"/>
      <nd lat="46.2838643" lon="12.3378206"/>
      <nd lat="46.2838727" lon="12.3378551"/>
      <nd lat="46.2838748" lon="12.3378808"/>
      <nd lat="46.2838892" lon="12.3378963"/>
      <nd lat="46.2838967" lon="12.3378772"/>
      <nd lat="46.2839041" lon="12.3378726"/>
      <nd lat="46.2839114" lon="12.3378835"/>
      <nd lat="46.2839158" lon="12.3379116"/>
      <nd lat="46.2839107" lon="12.3379589"/>
      <nd lat="46.2839065" lon="12.3380505"/>
      <nd lat="46.2839151" lon="12.3381306"/>
      <nd lat="46.2839479" lon="12.3381993"/>
      <nd lat="46.2839881" lon="12.3382065"/>
      <nd lat="46.2840373" lon="12.3381586"/>
      <nd lat="46.2840589" lon="12.3381614"/>
      <nd lat="46.2840632" lon="12.3382063"/>
      <nd lat="46.2841133" lon="12.3383041"/>
      <nd lat="46.2841282" lon="12.3383949"/>
      <nd lat="46.2841407" lon="12.3385198"/>
      <nd lat="46.2841881" lon="12.3385747"/>
      <nd lat="46.2842156" lon="12.3385559"/>
      <nd lat="46.2842294" lon="12.3385831"/>
      <nd lat="46.2842349" lon="12.3386318"/>
      <nd lat="46.2842279" lon="12.3387305"/>
      <nd lat="46.2842122" lon="12.3387732"/>
      <nd lat="46.2842151" lon="12.3388121"/>
      <nd lat="46.2842268" lon="12.3388618"/>
      <nd lat="46.2842480" lon="12.3389226"/>
      <nd lat="46.2842798" lon="12.3389627"/>
      <nd lat="46.2843515" lon="12.3390988"/>
      <nd lat="46.2843704" lon="12.3391902"/>
      <nd lat="46.2843968" lon="12.3392846"/>
      <nd lat="46.2844005" lon="12.3393933"/>
      <nd lat="46.2844056" lon="12.3396082"/>
      <nd lat="46.2844041" lon="12.3397989"/>
      <nd lat="46.2844080" lon="12.3398626"/>
      <nd lat="46.2844119" lon="12.3398941"/>
      <nd lat="46.2844221" lon="12.3399094"/>
      <nd lat="46.2844510" lon="12.3399413"/>
      <nd lat="46.2844767" lon="12.3399514"/>
      <nd lat="46.2845705" lon="12.3399794"/>
      <nd lat="46.2845989" lon="12.3400115"/>
      <nd lat="46.2846576" lon="12.3400541"/>
      <nd lat="46.2847265" lon="12.3401296"/>
      <nd lat="46.2847795" lon="12.3402627"/>
      <nd lat="46.2848105" lon="12.3403845"/>
      <nd lat="46.2848677" lon="12.3404959"/>
      <nd lat="46.2849183" lon="12.3405626"/>
      <nd lat="46.2849717" lon="12.3406202"/>
      <nd lat="46.2850223" lon="12.3406420"/>
      <nd lat="46.2850703" lon="12.3406575"/>
      <nd lat="46.2850981" lon="12.3406964"/>
      <nd lat="46.2851454" lon="12.3407358"/>
      <nd lat="46.2851838" lon="12.3407646"/>
      <nd lat="46.2852206" lon="12.3407668"/>
      <nd lat="46.2852524" lon="12.3407422"/>
      <nd lat="46.2853008" lon="12.3407305"/>
      <nd lat="46.2853085" lon="12.3407178"/>
      <nd lat="46.2853382" lon="12.3407164"/>
      <nd lat="46.2853545" lon="12.3407264"/>
      <nd lat="46.2853721" lon="12.3407481"/>
      <nd lat="46.2854140" lon="12.3407923"/>
      <nd lat="46.2854364" lon="12.3407957"/>
      <nd lat="46.2854640" lon="12.3408124"/>
      <nd lat="46.2854908" lon="12.3407976"/>
      <nd lat="46.2854980" lon="12.3407740"/>
      <nd lat="46.2854991" lon="12.3407495"/>
      <nd lat="46.2855254" lon="12.3407663"/>
      <nd lat="46.2855403" lon="12.3407021"/>
      <nd lat="46.2855662" lon="12.3407019"/>
      <nd lat="46.2855632" lon="12.3406560"/>
      <nd lat="46.2855778" lon="12.3406359"/>
      <nd lat="46.2856148" lon="12.3406244"/>
      <nd lat="46.2856368" lon="12.3406238"/>
      <nd lat="46.2856628" lon="12.3406095"/>
      <nd lat="46.2856872" lon="12.3405899"/>
      <nd lat="46.2857185" lon="12.3405351"/>
      <nd lat="46.2857279" lon="12.3405065"/>
      <nd lat="46.2857375" lon="12.3404224"/>
      <nd lat="46.2857390" lon="12.3403804"/>
      <nd lat="46.2857364" lon="12.3403511"/>
      <nd lat="46.2857394" lon="12.3403297"/>
    </member>
    <member type="way" ref="1200756188" role="">
      <nd lat="46.2857394" lon="12.3403297"/>
      <nd lat="46.2857446" lon="12.3403201"/>
      <nd lat="46.2857837" lon="12.3402887"/>
      <nd lat="46.2858512" lon="12.3402617"/>
      <nd lat="46.2859043" lon="12.3402339"/>
      <nd lat="46.2859151" lon="12.3402245"/>
      <nd lat="46.2859548" lon="12.3401628"/>
      <nd lat="46.2860488" lon="12.3401794"/>
      <nd lat="46.2861234" lon="12.3402113"/>
      <nd lat="46.2862299" lon="12.3403247"/>
      <nd lat="46.2862885" lon="12.3403733"/>
      <nd lat="46.2863202" lon="12.3404100"/>
      <nd lat="46.2863598" lon="12.3404357"/>
      <nd lat="46.2864172" lon="12.3405214"/>
      <nd lat="46.2865300" lon="12.3406194"/>
      <nd lat="46.2865409" lon="12.3406676"/>
      <nd lat="46.2865468" lon="12.3407619"/>
      <nd lat="46.2865798" lon="12.3408504"/>
      <nd lat="46.2866306" lon="12.3409294"/>
      <nd lat="46.2867047" lon="12.3409956"/>
      <nd lat="46.2867247" lon="12.3410245"/>
      <nd lat="46.2867707" lon="12.3411655"/>
      <nd lat="46.2867823" lon="12.3412128"/>
      <nd lat="46.2867952" lon="12.3413023"/>
      <nd lat="46.2868114" lon="12.3413595"/>
      <nd lat="46.2868340" lon="12.3413527"/>
      <nd lat="46.2868694" lon="12.3413743"/>
      <nd lat="46.2869125" lon="12.3413721"/>
      <nd lat="46.2869360" lon="12.3414350"/>
      <nd lat="46.2869635" lon="12.3414700"/>
      <nd lat="46.2870465" lon="12.3414781"/>
      <nd lat="46.2870709" lon="12.3415074"/>
      <nd lat="46.2870683" lon="12.3416060"/>
      <nd lat="46.2870567" lon="12.3416550"/>
      <nd lat="46.2870599" lon="12.3417181"/>
      <nd lat="46.2870406" lon="12.3417420"/>
      <nd lat="46.2870187" lon="12.3417556"/>
      <nd lat="46.2870105" lon="12.3417764"/>
      <nd lat="46.2870130" lon="12.3418078"/>
      <nd lat="46.2870065" lon="12.3418376"/>
      <nd lat="46.2869829" lon="12.3418549"/>
      <nd lat="46.2869579" lon="12.3418777"/>
      <nd lat="46.2869704" lon="12.3419324"/>
      <nd lat="46.2869566" lon="12.3419654"/>
      <nd lat="46.2869454" lon="12.3419997"/>
      <nd lat="46.2869315" lon="12.3420520"/>
      <nd lat="46.2869013" lon="12.3421130"/>
      <nd lat="46.2868508" lon="12.3421031"/>
      <nd lat="46.2868316" lon="12.3421155"/>
      <nd lat="46.2868344" lon="12.3422399"/>
      <nd lat="46.2868247" lon="12.3422737"/>
      <nd lat="46.2868291" lon="12.3423269"/>
    </member>
    <member type="way" ref="1564037089" role="">
      <nd lat="46.2868291" lon="12.3423269"/>
      <nd lat="46.2868507" lon="12.3423526"/>
      <nd lat="46.2868530" lon="12.3423994"/>
      <nd lat="46.2868841" lon="12.3424396"/>
      <nd lat="46.2869187" lon="12.3424651"/>
      <nd lat="46.2869249" lon="12.3424939"/>
      <nd lat="46.2869038" lon="12.3425365"/>
      <nd lat="46.2869092" lon="12.3425644"/>
      <nd lat="46.2869323" lon="12.3426336"/>
      <nd lat="46.2869593" lon="12.3427456"/>
      <nd lat="46.2869812" lon="12.3428002"/>
      <nd lat="46.2870134" lon="12.3428308"/>
      <nd lat="46.2870421" lon="12.3428486"/>
      <nd lat="46.2871399" lon="12.3428662"/>
      <nd lat="46.2871777" lon="12.3429031"/>
      <nd lat="46.2872444" lon="12.3429370"/>
      <nd lat="46.2872492" lon="12.3430004"/>
      <nd lat="46.2872652" lon="12.3430510"/>
      <nd lat="46.2872976" lon="12.3430969"/>
      <nd lat="46.2873128" lon="12.3431340"/>
      <nd lat="46.2873239" lon="12.3431790"/>
      <nd lat="46.2873507" lon="12.3432068"/>
      <nd lat="46.2873791" lon="12.3432122"/>
      <nd lat="46.2873955" lon="12.3432072"/>
      <nd lat="46.2874167" lon="12.3432113"/>
      <nd lat="46.2874181" lon="12.3432442"/>
      <nd lat="46.2874226" lon="12.3432934"/>
      <nd lat="46.2874368" lon="12.3433257"/>
      <nd lat="46.2874910" lon="12.3433715"/>
      <nd lat="46.2875103" lon="12.3434330"/>
      <nd lat="46.2875395" lon="12.3434641"/>
      <nd lat="46.2876062" lon="12.3435689"/>
    </member>
    <member type="way" ref="1158444211" role="">
      <nd lat="46.2876062" lon="12.3435689"/>
      <nd lat="46.2876751" lon="12.3436320"/>
      <nd lat="46.2877349" lon="12.3436621"/>
      <nd lat="46.2877620" lon="12.3436876"/>
      <nd lat="46.2877886" lon="12.3437486"/>
      <nd lat="46.2878866" lon="12.3438582"/>
      <nd lat="46.2879254" lon="12.3439139"/>
      <nd lat="46.2879646" lon="12.3439862"/>
      <nd lat="46.2880221" lon="12.3440814"/>
      <nd lat="46.2880622" lon="12.3441818"/>
      <nd lat="46.2880983" lon="12.3442095"/>
      <nd lat="46.2881343" lon="12.3442572"/>
      <nd lat="46.2881798" lon="12.3443616"/>
      <nd lat="46.2881875" lon="12.3443978"/>
      <nd lat="46.2882604" lon="12.3445069"/>
      <nd lat="46.2883589" lon="12.3446698"/>
      <nd lat="46.2883995" lon="12.3446795"/>
      <nd lat="46.2884350" lon="12.3446787"/>
      <nd lat="46.2884616" lon="12.3446639"/>
      <nd lat="46.2884827" lon="12.3446183"/>
      <nd lat="46.2885226" lon="12.3445737"/>
      <nd lat="46.2885624" lon="12.3445495"/>
      <nd lat="46.2886008" lon="12.3445282"/>
      <nd lat="46.2886269" lon="12.3444940"/>
      <nd lat="46.2886550" lon="12.3444607"/>
      <nd lat="46.2886851" lon="12.3444524"/>
      <nd lat="46.2887232" lon="12.3444448"/>
      <nd lat="46.2887410" lon="12.3444575"/>
      <nd lat="46.2887698" lon="12.3445152"/>
      <nd lat="46.2888304" lon="12.3446073"/>
      <nd lat="46.2888955" lon="12.3446623"/>
      <nd lat="46.2889610" lon="12.3447337"/>
      <nd lat="46.2890098" lon="12.3447798"/>
      <nd lat="46.2890205" lon="12.3447774"/>
      <nd lat="46.2890220" lon="12.3447269"/>
      <nd lat="46.2890231" lon="12.3446009"/>
      <nd lat="46.2890313" lon="12.3445481"/>
      <nd lat="46.2890525" lon="12.3445364"/>
      <nd lat="46.2890857" lon="12.3445174"/>
      <nd lat="46.2891175" lon="12.3444713"/>
      <nd lat="46.2891705" lon="12.3444406"/>
      <nd lat="46.2892044" lon="12.3443963"/>
      <nd lat="46.2892216" lon="12.3443529"/>
      <nd lat="46.2892403" lon="12.3443209"/>
      <nd lat="46.2892693" lon="12.3443234"/>
      <nd lat="46.2893219" lon="12.3443325"/>
      <nd lat="46.2893514" lon="12.3443313"/>
      <nd lat="46.2894297" lon="12.3442766"/>
      <nd lat="46.2895253" lon="12.3442358"/>
      <nd lat="46.2895699" lon="12.3442216"/>
      <nd lat="46.2896433" lon="12.3442247"/>
      <nd lat="46.2896680" lon="12.3441956"/>
      <nd lat="46.2896970" lon="12.3441918"/>
      <nd lat="46.2897210" lon="12.3442463"/>
      <nd lat="46.2897415" lon="12.3442820"/>
      <nd lat="46.2898045" lon="12.3443180"/>
      <nd lat="46.2898440" lon="12.3443809"/>
      <nd lat="46.2898586" lon="12.3444170"/>
      <nd lat="46.2899386" lon="12.3444779"/>
      <nd lat="46.2901582" lon="12.3447482"/>
      <nd lat="46.2902158" lon="12.3447525"/>
      <nd lat="46.2902490" lon="12.3447721"/>
      <nd lat="46.2903068" lon="12.3447975"/>
      <nd lat="46.2903492" lon="12.3448445"/>
      <nd lat="46.2904405" lon="12.3449538"/>
      <nd lat="46.2905305" lon="12.3450261"/>
      <nd lat="46.2906544" lon="12.3450990"/>
      <nd lat="46.2907527" lon="12.3451159"/>
      <nd lat="46.2909389" lon="12.3454324"/>
      <nd lat="46.2910827" lon="12.3456395"/>
      <nd lat="46.2911643" lon="12.3457721"/>
      <nd lat="46.2912544" lon="12.3458933"/>
      <nd lat="46.2913009" lon="12.3460047"/>
      <nd lat="46.2913839" lon="12.3461631"/>
      <nd lat="46.2915160" lon="12.3464452"/>
      <nd lat="46.2915635" lon="12.3465762"/>
      <nd lat="46.2916597" lon="12.3467826"/>
      <nd lat="46.2917108" lon="12.3469263"/>
      <nd lat="46.2917612" lon="12.3470409"/>
      <nd lat="46.2918361" lon="12.3470900"/>
      <nd lat="46.2918921" lon="12.3471470"/>
      <nd lat="46.2919124" lon="12.3472415"/>
      <nd lat="46.2919037" lon="12.3473138"/>
      <nd lat="46.2918991" lon="12.3473772"/>
      <nd lat="46.2919435" lon="12.3475162"/>
      <nd lat="46.2919484" lon="12.3475578"/>
      <nd lat="46.2919837" lon="12.3476617"/>
      <nd lat="46.2919875" lon="12.3477576"/>
      <nd lat="46.2919945" lon="12.3478357"/>
      <nd lat="46.2919904" lon="12.3478995"/>
      <nd lat="46.2919732" lon="12.3479288"/>
      <nd lat="46.2919710" lon="12.3479512"/>
      <nd lat="46.2919840" lon="12.3479641"/>
      <nd lat="46.2919991" lon="12.3479769"/>
      <nd lat="46.2920369" lon="12.3480420"/>
      <nd lat="46.2920545" lon="12.3481041"/>
      <nd lat="46.2920744" lon="12.3481256"/>
      <nd lat="46.2921209" lon="12.3482532"/>
    </member>
    <member type="way" ref="695492882" role="">
      <nd lat="46.2916160" lon="12.3490366"/>
      <nd lat="46.2916213" lon="12.3490527"/>
      <nd lat="46.2916205" lon="12.3490871"/>
      <nd lat="46.2916220" lon="12.3491369"/>
      <nd lat="46.2915688" lon="12.3492502"/>
      <nd lat="46.2915406" lon="12.3493159"/>
      <nd lat="46.2915057" lon="12.3493264"/>
      <nd lat="46.2914522" lon="12.3493794"/>
      <nd lat="46.2913595" lon="12.3494770"/>
      <nd lat="46.2912640" lon="12.3495563"/>
      <nd lat="46.2912050" lon="12.3496599"/>
      <nd lat="46.2911896" lon="12.3497494"/>
      <nd lat="46.2911604" lon="12.3500408"/>
      <nd lat="46.2911350" lon="12.3501283"/>
      <nd lat="46.2911022" lon="12.3500691"/>
      <nd lat="46.2910893" lon="12.3500548"/>
      <nd lat="46.2910558" lon="12.3501198"/>
      <nd lat="46.2910085" lon="12.3502246"/>
      <nd lat="46.2909367" lon="12.3503368"/>
      <nd lat="46.2908651" lon="12.3504690"/>
      <nd lat="46.2907793" lon="12.3506761"/>
      <nd lat="46.2907054" lon="12.3507895"/>
      <nd lat="46.2906832" lon="12.3508362"/>
      <nd lat="46.2906358" lon="12.3510021"/>
      <nd lat="46.2905991" lon="12.3510456"/>
      <nd lat="46.2905636" lon="12.3511530"/>
      <nd lat="46.2905661" lon="12.3512162"/>
      <nd lat="46.2905361" lon="12.3512691"/>
      <nd lat="46.2905124" lon="12.3513530"/>
      <nd lat="46.2904645" lon="12.3515354"/>
      <nd lat="46.2904051" lon="12.3516624"/>
      <nd lat="46.2903974" lon="12.3517511"/>
      <nd lat="46.2903314" lon="12.3520006"/>
      <nd lat="46.2902622" lon="12.3521516"/>
      <nd lat="46.2902227" lon="12.3522225"/>
      <nd lat="46.2901537" lon="12.3523710"/>
      <nd lat="46.2901307" lon="12.3524234"/>
      <nd lat="46.2900724" lon="12.3524834"/>
      <nd lat="46.2900268" lon="12.3525243"/>
      <nd lat="46.2899408" lon="12.3526304"/>
      <nd lat="46.2898556" lon="12.3527366"/>
      <nd lat="46.2897602" lon="12.3528711"/>
      <nd lat="46.2896696" lon="12.3529465"/>
      <nd lat="46.2895934" lon="12.3530840"/>
      <nd lat="46.2895462" lon="12.3531678"/>
      <nd lat="46.2894903" lon="12.3532266"/>
      <nd lat="46.2894542" lon="12.3532508"/>
      <nd lat="46.2894040" lon="12.3532677"/>
      <nd lat="46.2893963" lon="12.3532428"/>
      <nd lat="46.2894034" lon="12.3532214"/>
      <nd lat="46.2894161" lon="12.3531810"/>
      <nd lat="46.2894471" lon="12.3530575"/>
      <nd lat="46.2894532" lon="12.3529870"/>
      <nd lat="46.2894593" lon="12.3528708"/>
      <nd lat="46.2894654" lon="12.3527863"/>
      <nd lat="46.2894761" lon="12.3526988"/>
      <nd lat="46.2894989" lon="12.3526371"/>
      <nd lat="46.2895279" lon="12.3525577"/>
      <nd lat="46.2895553" lon="12.3525297"/>
      <nd lat="46.2895633" lon="12.3524712"/>
      <nd lat="46.2896086" lon="12.3522897"/>
      <nd lat="46.2896203" lon="12.3522629"/>
      <nd lat="46.2896188" lon="12.3522166"/>
      <nd lat="46.2896046" lon="12.3522034"/>
      <nd lat="46.2895660" lon="12.3522078"/>
      <nd lat="46.2895690" lon="12.3521747"/>
      <nd lat="46.2895695" lon="12.3521130"/>
      <nd lat="46.2895619" lon="12.3520248"/>
      <nd lat="46.2895567" lon="12.3519196"/>
      <nd lat="46.2895344" lon="12.3518042"/>
      <nd lat="46.2894984" lon="12.3516646"/>
      <nd lat="46.2894928" lon="12.3516146"/>
      <nd lat="46.2894751" lon="12.3515800"/>
      <nd lat="46.2894664" lon="12.3515323"/>
      <nd lat="46.2894354" lon="12.3514852"/>
      <nd lat="46.2894034" lon="12.3514889"/>
      <nd lat="46.2893526" lon="12.3515065"/>
      <nd lat="46.2893120" lon="12.3515628"/>
      <nd lat="46.2892657" lon="12.3516540"/>
      <nd lat="46.2892323" lon="12.3516910"/>
      <nd lat="46.2892212" lon="12.3517908"/>
      <nd lat="46.2891990" lon="12.3519008"/>
      <nd lat="46.2891596" lon="12.3519726"/>
      <nd lat="46.2891471" lon="12.3519786"/>
      <nd lat="46.2891236" lon="12.3520159"/>
      <nd lat="46.2891156" lon="12.3520483"/>
      <nd lat="46.2890646" lon="12.3521416"/>
      <nd lat="46.2890189" lon="12.3521637"/>
      <nd lat="46.2889742" lon="12.3521615"/>
      <nd lat="46.2889600" lon="12.3521703"/>
      <nd lat="46.2889438" lon="12.3521938"/>
      <nd lat="46.2889077" lon="12.3522578"/>
      <nd lat="46.2888857" lon="12.3522629"/>
      <nd lat="46.2888151" lon="12.3522236"/>
    </member>
    <member type="way" ref="1208984091" role="">
      <nd lat="46.2888151" lon="12.3522236"/>
      <nd lat="46.2887919" lon="12.3522559"/>
      <nd lat="46.2887408" lon="12.3522823"/>
      <nd lat="46.2886577" lon="12.3523081"/>
      <nd lat="46.2886194" lon="12.3523170"/>
      <nd lat="46.2885989" lon="12.3522899"/>
      <nd lat="46.2885664" lon="12.3522643"/>
      <nd lat="46.2885153" lon="12.3522610"/>
      <nd lat="46.2884797" lon="12.3522317"/>
      <nd lat="46.2884217" lon="12.3522048"/>
      <nd lat="46.2883831" lon="12.3521986"/>
      <nd lat="46.2883466" lon="12.3522138"/>
      <nd lat="46.2883345" lon="12.3522159"/>
      <nd lat="46.2883189" lon="12.3522075"/>
      <nd lat="46.2883071" lon="12.3521821"/>
      <nd lat="46.2882871" lon="12.3521412"/>
      <nd lat="46.2882549" lon="12.3520875"/>
      <nd lat="46.2882245" lon="12.3520478"/>
      <nd lat="46.2882024" lon="12.3520231"/>
      <nd lat="46.2881805" lon="12.3520156"/>
      <nd lat="46.2881457" lon="12.3520104"/>
      <nd lat="46.2880921" lon="12.3519916"/>
      <nd lat="46.2880362" lon="12.3519536"/>
      <nd lat="46.2880047" lon="12.3519433"/>
      <nd lat="46.2879458" lon="12.3518991"/>
      <nd lat="46.2878073" lon="12.3518119"/>
      <nd lat="46.2877474" lon="12.3517863"/>
      <nd lat="46.2877193" lon="12.3517877"/>
      <nd lat="46.2876459" lon="12.3517428"/>
      <nd lat="46.2875574" lon="12.3517015"/>
      <nd lat="46.2874593" lon="12.3516112"/>
      <nd lat="46.2874483" lon="12.3515740"/>
      <nd lat="46.2873453" lon="12.3514820"/>
      <nd lat="46.2872512" lon="12.3514337"/>
      <nd lat="46.2871688" lon="12.3513396"/>
      <nd lat="46.2871337" lon="12.3513091"/>
      <nd lat="46.2870690" lon="12.3512097"/>
      <nd lat="46.2869770" lon="12.3511772"/>
      <nd lat="46.2869597" lon="12.3511845"/>
      <nd lat="46.2869572" lon="12.3511974"/>
      <nd lat="46.2869331" lon="12.3512025"/>
      <nd lat="46.2869230" lon="12.3512180"/>
      <nd lat="46.2869136" lon="12.3512184"/>
      <nd lat="46.2868989" lon="12.3512128"/>
      <nd lat="46.2867965" lon="12.3512608"/>
      <nd lat="46.2867209" lon="12.3513084"/>
      <nd lat="46.2866259" lon="12.3513371"/>
      <nd lat="46.2866009" lon="12.3513371"/>
      <nd lat="46.2865920" lon="12.3513605"/>
      <nd lat="46.2865899" lon="12.3513756"/>
      <nd lat="46.2866030" lon="12.3514110"/>
      <nd lat="46.2866400" lon="12.3514428"/>
      <nd lat="46.2866458" lon="12.3514878"/>
      <nd lat="46.2866641" lon="12.3517125"/>
      <nd lat="46.2868263" lon="12.3517501"/>
      <nd lat="46.2868435" lon="12.3518293"/>
      <nd lat="46.2868784" lon="12.3518943"/>
      <nd lat="46.2868951" lon="12.3519373"/>
      <nd lat="46.2869186" lon="12.3519947"/>
      <nd lat="46.2870094" lon="12.3521714"/>
      <nd lat="46.2870219" lon="12.3522000"/>
      <nd lat="46.2870025" lon="12.3522203"/>
      <nd lat="46.2869249" lon="12.3522068"/>
      <nd lat="46.2868456" lon="12.3522121"/>
      <nd lat="46.2867391" lon="12.3522099"/>
      <nd lat="46.2867194" lon="12.3522282"/>
      <nd lat="46.2865894" lon="12.3523088"/>
      <nd lat="46.2865283" lon="12.3523963"/>
      <nd lat="46.2865868" lon="12.3524288"/>
      <nd lat="46.2866223" lon="12.3524281"/>
      <nd lat="46.2866358" lon="12.3524583"/>
      <nd lat="46.2866369" lon="12.3524862"/>
      <nd lat="46.2866713" lon="12.3524854"/>
      <nd lat="46.2866995" lon="12.3524786"/>
      <nd lat="46.2867339" lon="12.3525013"/>
      <nd lat="46.2867830" lon="12.3525474"/>
      <nd lat="46.2868893" lon="12.3526952"/>
      <nd lat="46.2869422" lon="12.3527996"/>
      <nd lat="46.2869977" lon="12.3530102"/>
      <nd lat="46.2870381" lon="12.3531816"/>
      <nd lat="46.2870449" lon="12.3532314"/>
      <nd lat="46.2870469" lon="12.3532865"/>
      <nd lat="46.2869995" lon="12.3532314"/>
      <nd lat="46.2869228" lon="12.3531325"/>
      <nd lat="46.2868831" lon="12.3531106"/>
      <nd lat="46.2868696" lon="12.3531272"/>
      <nd lat="46.2868670" lon="12.3531710"/>
      <nd lat="46.2868715" lon="12.3531999"/>
      <nd lat="46.2868868" lon="12.3533658"/>
      <nd lat="46.2868855" lon="12.3534036"/>
      <nd lat="46.2868320" lon="12.3533296"/>
      <nd lat="46.2868091" lon="12.3533212"/>
      <nd lat="46.2868038" lon="12.3533831"/>
      <nd lat="46.2868339" lon="12.3535781"/>
      <nd lat="46.2868130" lon="12.3537091"/>
      <nd lat="46.2867812" lon="12.3537799"/>
      <nd lat="46.2867837" lon="12.3538611"/>
      <nd lat="46.2868036" lon="12.3539188"/>
      <nd lat="46.2868064" lon="12.3540093"/>
      <nd lat="46.2867596" lon="12.3539369"/>
      <nd lat="46.2867193" lon="12.3538497"/>
      <nd lat="46.2867003" lon="12.3537491"/>
      <nd lat="46.2865513" lon="12.3536217"/>
      <nd lat="46.2864970" lon="12.3535870"/>
      <nd lat="46.2864715" lon="12.3535712"/>
      <nd lat="46.2864652" lon="12.3535870"/>
      <nd lat="46.2864895" lon="12.3536417"/>
      <nd lat="46.2865158" lon="12.3537561"/>
      <nd lat="46.2865310" lon="12.3538332"/>
      <nd lat="46.2865247" lon="12.3539019"/>
      <nd lat="46.2865210" lon="12.3539947"/>
      <nd lat="46.2865320" lon="12.3540921"/>
      <nd lat="46.2865292" lon="12.3541579"/>
      <nd lat="46.2865574" lon="12.3542556"/>
      <nd lat="46.2865465" lon="12.3543157"/>
    </member>
    <member type="way" ref="1050418433" role="">
      <nd lat="46.2865465" lon="12.3543157"/>
      <nd lat="46.2865252" lon="12.3544390"/>
    </member>
    <member type="way" ref="695492881" role="">
      <nd lat="46.2865252" lon="12.3544390"/>
      <nd lat="46.2865151" lon="12.3545285"/>
      <nd lat="46.2865187" lon="12.3546003"/>
      <nd lat="46.2865196" lon="12.3546991"/>
      <nd lat="46.2865301" lon="12.3548762"/>
      <nd lat="46.2865220" lon="12.3550980"/>
      <nd lat="46.2865010" lon="12.3553572"/>
      <nd lat="46.2864917" lon="12.3554240"/>
      <nd lat="46.2864288" lon="12.3555353"/>
      <nd lat="46.2864188" lon="12.3557209"/>
      <nd lat="46.2864025" lon="12.3560516"/>
      <nd lat="46.2864139" lon="12.3563519"/>
      <nd lat="46.2864284" lon="12.3565107"/>
      <nd lat="46.2864802" lon="12.3567151"/>
      <nd lat="46.2865371" lon="12.3568593"/>
      <nd lat="46.2865832" lon="12.3570566"/>
      <nd lat="46.2866362" lon="12.3572480"/>
      <nd lat="46.2867249" lon="12.3573317"/>
      <nd lat="46.2867863" lon="12.3573835"/>
      <nd lat="46.2868818" lon="12.3575984"/>
      <nd lat="46.2869256" lon="12.3577504"/>
      <nd lat="46.2869753" lon="12.3579524"/>
      <nd lat="46.2870111" lon="12.3580832"/>
      <nd lat="46.2870492" lon="12.3581533"/>
      <nd lat="46.2871218" lon="12.3582288"/>
      <nd lat="46.2871869" lon="12.3582578"/>
      <nd lat="46.2872949" lon="12.3582441"/>
      <nd lat="46.2873393" lon="12.3582409"/>
      <nd lat="46.2874142" lon="12.3582600"/>
      <nd lat="46.2874651" lon="12.3583212"/>
      <nd lat="46.2875340" lon="12.3584141"/>
      <nd lat="46.2875874" lon="12.3584786"/>
      <nd lat="46.2876536" lon="12.3585198"/>
      <nd lat="46.2876945" lon="12.3585634"/>
      <nd lat="46.2877063" lon="12.3586122"/>
      <nd lat="46.2877241" lon="12.3586644"/>
    </member>
    <tag k="ascent" v="1264"/>
    <tag k="cai_scale" v="EE"/>
    <tag k="distance" v="7.500"/>
    <tag k="duration:forward" v="05:50"/>
    <tag k="from" v="Casso (quota 964 m)"/>
    <tag k="network" v="lwn"/>
    <tag k="operator" v="Club Alpino Italiano"/>
    <tag k="osmc:symbol" v="red:red:white_stripe:372:black"/>
    <tag k="ref" v="372"/>
    <tag k="route" v="hiking"/>
    <tag k="source" v="survey:CAI"/>
    <tag k="symbol" v="372 on white red flags"/>
    <tag k="symbol:it" v="372 su bandierina bianca e rossa"/>
    <tag k="to" v="Bivio sent. n. 381 (quota 1610 m)"/>
    <tag k="type" v="route"/>
    <tag k="website" v="https://www.cai-fvg.it/sentieri-cai-fvg/settore-3-dolomiti-friulane-alpi-prealpi-carniche/s3-372"/>
  </relation>
</new>
</action>
<action type="modify">
<old>
  <relation id="141213" version="16" timestamp="2023-09-19T08:59:50Z" changeset="141458407" uid="3538539" user="micheleOSM3">
    <bounds minlat="46.2771428" minlon="12.3558399" maxlat="46.3235231" maxlon="12.3925107"/>
    <member type="way" ref="34663757" role="">
      <nd lat="46.2779084" lon="12.3698234"/>
      <nd lat="46.2780690" lon="12.3699984"/>
      <nd lat="46.2780825" lon="12.3699450"/>
      <nd lat="46.2780936" lon="12.3698995"/>
      <nd lat="46.2781318" lon="12.3698385"/>
      <nd lat="46.2781621" lon="12.3697613"/>
      <nd lat="46.2781863" lon="12.3696841"/>
      <nd lat="46.2782234" lon="12.3696418"/>
      <nd lat="46.2782852" lon="12.3696160"/>
      <nd lat="46.2783745" lon="12.3695460"/>
      <nd lat="46.2784069" lon="12.3695058"/>
      <nd lat="46.2784502" lon="12.3694948"/>
      <nd lat="46.2784675" lon="12.3694045"/>
      <nd lat="46.2785209" lon="12.3689585"/>
      <nd lat="46.2785757" lon="12.3686688"/>
      <nd lat="46.2786231" lon="12.3682231"/>
      <nd lat="46.2786165" lon="12.3681083"/>
      <nd lat="46.2785890" lon="12.3680206"/>
      <nd lat="46.2785620" lon="12.3678373"/>
      <nd lat="46.2785500" lon="12.3677554"/>
      <nd lat="46.2785727" lon="12.3676844"/>
      <nd lat="46.2786079" lon="12.3675123"/>
      <nd lat="46.2786383" lon="12.3672647"/>
      <nd lat="46.2786508" lon="12.3672252"/>
      <nd lat="46.2786892" lon="12.3671926"/>
      <nd lat="46.2787014" lon="12.3671599"/>
      <nd lat="46.2786317" lon="12.3668368"/>
      <nd lat="46.2786158" lon="12.3666762"/>
      <nd lat="46.2785263" lon="12.3661830"/>
      <nd lat="46.2784107" lon="12.3656214"/>
      <nd lat="46.2783909" lon="12.3651993"/>
      <nd lat="46.2783744" lon="12.3651021"/>
      <nd lat="46.2783246" lon="12.3649874"/>
      <nd lat="46.2782778" lon="12.3648474"/>
      <nd lat="46.2782205" lon="12.3647400"/>
      <nd lat="46.2781656" lon="12.3646187"/>
      <nd lat="46.2781461" lon="12.3645131"/>
      <nd lat="46.2780873" lon="12.3644229"/>
      <nd lat="46.2779787" lon="12.3641352"/>
      <nd lat="46.2779652" lon="12.3640587"/>
      <nd lat="46.2779762" lon="12.3638322"/>
      <nd lat="46.2779725" lon="12.3636991"/>
      <nd lat="46.2779586" lon="12.3636178"/>
      <nd lat="46.2778857" lon="12.3636000"/>
      <nd lat="46.2778493" lon="12.3635911"/>
    </member>
    <member type="way" ref="1200759419" role="">
      <nd lat="46.2778493" lon="12.3635911"/>
      <nd lat="46.2778633" lon="12.3635236"/>
      <nd lat="46.2779000" lon="12.3634714"/>
      <nd lat="46.2779275" lon="12.3633980"/>
      <nd lat="46.2779809" lon="12.3632553"/>
    </member>
    <member type="way" ref="35550325" role="">
      <nd lat="46.2777148" lon="12.3633477"/>
      <nd lat="46.2778009" lon="12.3633710"/>
      <nd lat="46.2778550" lon="12.3633758"/>
      <nd lat="46.2778807" lon="12.3633142"/>
      <nd lat="46.2779294" lon="12.3632710"/>
      <nd lat="46.2779443" lon="12.3632665"/>
      <nd lat="46.2779809" lon="12.3632553"/>
    </member>
    <member type="way" ref="35550323" role="">
      <nd lat="46.2777148" lon="12.3633477"/>
      <nd lat="46.2776928" lon="12.3632732"/>
      <nd lat="46.2776472" lon="12.3630398"/>
      <nd lat="46.2776335" lon="12.3629225"/>
      <nd lat="46.2776559" lon="12.3627533"/>
      <nd lat="46.2776377" lon="12.3626326"/>
      <nd lat="46.2775859" lon="12.3625604"/>
      <nd lat="46.2775101" lon="12.3625027"/>
      <nd lat="46.2775001" lon="12.3624745"/>
      <nd lat="46.2775286" lon="12.3623680"/>
      <nd lat="46.2775125" lon="12.3622654"/>
      <nd lat="46.2775381" lon="12.3621062"/>
      <nd lat="46.2776307" lon="12.3619947"/>
      <nd lat="46.2777920" lon="12.3618518"/>
      <nd lat="46.2779052" lon="12.3617244"/>
      <nd lat="46.2779519" lon="12.3616283"/>
      <nd lat="46.2779186" lon="12.3615368"/>
      <nd lat="46.2775432" lon="12.3609612"/>
      <nd lat="46.2774557" lon="12.3609163"/>
      <nd lat="46.2773173" lon="12.3609493"/>
      <nd lat="46.2772096" lon="12.3608676"/>
      <nd lat="46.2771538" lon="12.3606423"/>
      <nd lat="46.2771428" lon="12.3604630"/>
      <nd lat="46.2771696" lon="12.3603578"/>
      <nd lat="46.2772483" lon="12.3601825"/>
      <nd lat="46.2772863" lon="12.3600537"/>
      <nd lat="46.2773321" lon="12.3597975"/>
      <nd lat="46.2773714" lon="12.3596795"/>
      <nd lat="46.2774194" lon="12.3595466"/>
      <nd lat="46.2774406" lon="12.3594522"/>
      <nd lat="46.2774847" lon="12.3594087"/>
      <nd lat="46.2775402" lon="12.3593292"/>
      <nd lat="46.2775977" lon="12.3591779"/>
      <nd lat="46.2776773" lon="12.3590269"/>
      <nd lat="46.2777352" lon="12.3588716"/>
      <nd lat="46.2778318" lon="12.3587561"/>
      <nd lat="46.2779068" lon="12.3587052"/>
      <nd lat="46.2779263" lon="12.3586522"/>
      <nd lat="46.2779632" lon="12.3585074"/>
      <nd lat="46.2780032" lon="12.3585054"/>
      <nd lat="46.2780649" lon="12.3585945"/>
      <nd lat="46.2781478" lon="12.3586240"/>
      <nd lat="46.2781868" lon="12.3587260"/>
      <nd lat="46.2782266" lon="12.3588587"/>
      <nd lat="46.2782540" lon="12.3589439"/>
      <nd lat="46.2782903" lon="12.3588960"/>
      <nd lat="46.2783151" lon="12.3588822"/>
      <nd lat="46.2784004" lon="12.3589211"/>
      <nd lat="46.2784358" lon="12.3588808"/>
      <nd lat="46.2785079" lon="12.3587702"/>
      <nd lat="46.2785844" lon="12.3586864"/>
      <nd lat="46.2785997" lon="12.3586106"/>
      <nd lat="46.2786491" lon="12.3585110"/>
      <nd lat="46.2786535" lon="12.3584678"/>
      <nd lat="46.2786308" lon="12.3583914"/>
      <nd lat="46.2786372" lon="12.3583572"/>
      <nd lat="46.2786637" lon="12.3583451"/>
      <nd lat="46.2787207" lon="12.3583793"/>
      <nd lat="46.2788224" lon="12.3583883"/>
      <nd lat="46.2788671" lon="12.3584075"/>
      <nd lat="46.2788704" lon="12.3583786"/>
      <nd lat="46.2788495" lon="12.3583504"/>
      <nd lat="46.2788157" lon="12.3582834"/>
      <nd lat="46.2787929" lon="12.3582051"/>
      <nd lat="46.2787712" lon="12.3581211"/>
      <nd lat="46.2788073" lon="12.3581024"/>
      <nd lat="46.2788337" lon="12.3580614"/>
      <nd lat="46.2788516" lon="12.3580161"/>
      <nd lat="46.2788709" lon="12.3579581"/>
      <nd lat="46.2788634" lon="12.3577946"/>
      <nd lat="46.2788842" lon="12.3577378"/>
      <nd lat="46.2789167" lon="12.3576125"/>
      <nd lat="46.2789949" lon="12.3575081"/>
      <nd lat="46.2790853" lon="12.3574700"/>
      <nd lat="46.2791980" lon="12.3574058"/>
      <nd lat="46.2793030" lon="12.3573154"/>
      <nd lat="46.2794285" lon="12.3572849"/>
      <nd lat="46.2796351" lon="12.3571961"/>
      <nd lat="46.2797133" lon="12.3571509"/>
      <nd lat="46.2799368" lon="12.3571647"/>
      <nd lat="46.2800599" lon="12.3571884"/>
      <nd lat="46.2801256" lon="12.3572661"/>
      <nd lat="46.2802813" lon="12.3574817"/>
      <nd lat="46.2804260" lon="12.3576387"/>
      <nd lat="46.2806399" lon="12.3576949"/>
      <nd lat="46.2807531" lon="12.3577463"/>
      <nd lat="46.2809357" lon="12.3577379"/>
      <nd lat="46.2810143" lon="12.3577227"/>
      <nd lat="46.2810776" lon="12.3576873"/>
      <nd lat="46.2811840" lon="12.3576543"/>
      <nd lat="46.2812342" lon="12.3576720"/>
      <nd lat="46.2812515" lon="12.3577623"/>
      <nd lat="46.2813333" lon="12.3578560"/>
      <nd lat="46.2814402" lon="12.3579555"/>
      <nd lat="46.2816345" lon="12.3580626"/>
      <nd lat="46.2817366" lon="12.3581188"/>
      <nd lat="46.2818264" lon="12.3581243"/>
      <nd lat="46.2819127" lon="12.3580785"/>
      <nd lat="46.2819974" lon="12.3580752"/>
      <nd lat="46.2820913" lon="12.3581165"/>
      <nd lat="46.2822726" lon="12.3581430"/>
      <nd lat="46.2823156" lon="12.3580795"/>
      <nd lat="46.2823024" lon="12.3577894"/>
      <nd lat="46.2822609" lon="12.3576865"/>
      <nd lat="46.2822371" lon="12.3575469"/>
      <nd lat="46.2822164" lon="12.3573283"/>
      <nd lat="46.2822187" lon="12.3571812"/>
      <nd lat="46.2822408" lon="12.3569769"/>
      <nd lat="46.2822689" lon="12.3567917"/>
      <nd lat="46.2822944" lon="12.3567098"/>
      <nd lat="46.2823562" lon="12.3567174"/>
      <nd lat="46.2824613" lon="12.3568016"/>
      <nd lat="46.2826029" lon="12.3568693"/>
      <nd lat="46.2827372" lon="12.3569130"/>
      <nd lat="46.2827680" lon="12.3568936"/>
      <nd lat="46.2827692" lon="12.3567718"/>
      <nd lat="46.2827570" lon="12.3566354"/>
      <nd lat="46.2828229" lon="12.3565773"/>
      <nd lat="46.2829136" lon="12.3566066"/>
      <nd lat="46.2830161" lon="12.3565823"/>
      <nd lat="46.2831346" lon="12.3564859"/>
      <nd lat="46.2832444" lon="12.3564957"/>
      <nd lat="46.2833898" lon="12.3563468"/>
      <nd lat="46.2835677" lon="12.3561966"/>
      <nd lat="46.2837735" lon="12.3561001"/>
      <nd lat="46.2842183" lon="12.3558882"/>
      <nd lat="46.2843296" lon="12.3558426"/>
      <nd lat="46.2844426" lon="12.3558560"/>
      <nd lat="46.2845242" lon="12.3558399"/>
      <nd lat="46.2845854" lon="12.3558801"/>
      <nd lat="46.2846689" lon="12.3559444"/>
      <nd lat="46.2847058" lon="12.3560303"/>
      <nd lat="46.2847374" lon="12.3560921"/>
      <nd lat="46.2848098" lon="12.3561594"/>
      <nd lat="46.2849743" lon="12.3564260"/>
      <nd lat="46.2850827" lon="12.3565352"/>
      <nd lat="46.2854075" lon="12.3568048"/>
      <nd lat="46.2856485" lon="12.3570546"/>
      <nd lat="46.2860569" lon="12.3575373"/>
      <nd lat="46.2863824" lon="12.3578231"/>
      <nd lat="46.2865090" lon="12.3579457"/>
      <nd lat="46.2867318" lon="12.3582363"/>
      <nd lat="46.2868586" lon="12.3583280"/>
      <nd lat="46.2869348" lon="12.3584530"/>
      <nd lat="46.2870018" lon="12.3585328"/>
      <nd lat="46.2870868" lon="12.3585234"/>
      <nd lat="46.2872160" lon="12.3584873"/>
      <nd lat="46.2873168" lon="12.3584370"/>
      <nd lat="46.2874136" lon="12.3584478"/>
      <nd lat="46.2875492" lon="12.3585463"/>
      <nd lat="46.2876511" lon="12.3586616"/>
      <nd lat="46.2877032" lon="12.3586659"/>
    </member>
    <member type="way" ref="1208984092" role="">
      <nd lat="46.2877032" lon="12.3586659"/>
      <nd lat="46.2877409" lon="12.3586524"/>
      <nd lat="46.2878345" lon="12.3586266"/>
      <nd lat="46.2879432" lon="12.3586124"/>
      <nd lat="46.2881814" lon="12.3585381"/>
      <nd lat="46.2882385" lon="12.3585950"/>
      <nd lat="46.2882693" lon="12.3586227"/>
      <nd lat="46.2883022" lon="12.3586696"/>
      <nd lat="46.2883434" lon="12.3586991"/>
      <nd lat="46.2884180" lon="12.3587119"/>
      <nd lat="46.2884946" lon="12.3587134"/>
      <nd lat="46.2886606" lon="12.3587774"/>
      <nd lat="46.2887729" lon="12.3587532"/>
      <nd lat="46.2888877" lon="12.3587027"/>
      <nd lat="46.2890104" lon="12.3586143"/>
      <nd lat="46.2891191" lon="12.3585103"/>
      <nd lat="46.2892256" lon="12.3584675"/>
      <nd lat="46.2893911" lon="12.3584240"/>
      <nd lat="46.2894959" lon="12.3583423"/>
      <nd lat="46.2895422" lon="12.3582399"/>
      <nd lat="46.2896129" lon="12.3582053"/>
      <nd lat="46.2896627" lon="12.3581145"/>
      <nd lat="46.2897014" lon="12.3579001"/>
      <nd lat="46.2898329" lon="12.3574608"/>
      <nd lat="46.2898606" lon="12.3573156"/>
      <nd lat="46.2899258" lon="12.3571794"/>
      <nd lat="46.2903345" lon="12.3568989"/>
      <nd lat="46.2904127" lon="12.3568262"/>
      <nd lat="46.2904965" lon="12.3568153"/>
      <nd lat="46.2905728" lon="12.3568298"/>
      <nd lat="46.2908091" lon="12.3568355"/>
      <nd lat="46.2908707" lon="12.3567891"/>
      <nd lat="46.2909260" lon="12.3568452"/>
      <nd lat="46.2911178" lon="12.3568867"/>
      <nd lat="46.2912341" lon="12.3569006"/>
      <nd lat="46.2913553" lon="12.3568720"/>
      <nd lat="46.2914562" lon="12.3568752"/>
      <nd lat="46.2915759" lon="12.3569053"/>
      <nd lat="46.2919969" lon="12.3570584"/>
      <nd lat="46.2921728" lon="12.3570752"/>
      <nd lat="46.2924454" lon="12.3569410"/>
      <nd lat="46.2925414" lon="12.3569760"/>
      <nd lat="46.2927560" lon="12.3570064"/>
      <nd lat="46.2928762" lon="12.3570337"/>
      <nd lat="46.2929792" lon="12.3570680"/>
      <nd lat="46.2929859" lon="12.3571713"/>
      <nd lat="46.2931434" lon="12.3574015"/>
      <nd lat="46.2934546" lon="12.3576607"/>
      <nd lat="46.2938248" lon="12.3578885"/>
      <nd lat="46.2939628" lon="12.3579341"/>
      <nd lat="46.2943872" lon="12.3580135"/>
      <nd lat="46.2946463" lon="12.3581274"/>
      <nd lat="46.2948408" lon="12.3581812"/>
      <nd lat="46.2950608" lon="12.3582127"/>
      <nd lat="46.2952116" lon="12.3582767"/>
      <nd lat="46.2953687" lon="12.3582749"/>
      <nd lat="46.2954129" lon="12.3582849"/>
      <nd lat="46.2954222" lon="12.3582892"/>
      <nd lat="46.2954907" lon="12.3583421"/>
      <nd lat="46.2955717" lon="12.3584507"/>
      <nd lat="46.2956180" lon="12.3584851"/>
      <nd lat="46.2960535" lon="12.3586034"/>
      <nd lat="46.2962495" lon="12.3587044"/>
      <nd lat="46.2963997" lon="12.3588055"/>
      <nd lat="46.2966876" lon="12.3588546"/>
      <nd lat="46.2967053" lon="12.3588732"/>
      <nd lat="46.2967379" lon="12.3589353"/>
      <nd lat="46.2968005" lon="12.3590785"/>
      <nd lat="46.2968425" lon="12.3591292"/>
      <nd lat="46.2968894" lon="12.3591682"/>
      <nd lat="46.2969786" lon="12.3592031"/>
      <nd lat="46.2972512" lon="12.3592601"/>
      <nd lat="46.2973321" lon="12.3592562"/>
      <nd lat="46.2975832" lon="12.3591866"/>
      <nd lat="46.2978461" lon="12.3592275"/>
      <nd lat="46.2978958" lon="12.3592252"/>
      <nd lat="46.2980164" lon="12.3591757"/>
      <nd lat="46.2981909" lon="12.3591448"/>
      <nd lat="46.2984304" lon="12.3590668"/>
      <nd lat="46.2986054" lon="12.3590298"/>
      <nd lat="46.2989166" lon="12.3588884"/>
      <nd lat="46.2991755" lon="12.3589951"/>
      <nd lat="46.2992172" lon="12.3590022"/>
      <nd lat="46.2992590" lon="12.3589927"/>
      <nd lat="46.2993381" lon="12.3589253"/>
      <nd lat="46.2994183" lon="12.3588061"/>
      <nd lat="46.2995233" lon="12.3586057"/>
      <nd lat="46.2995865" lon="12.3584109"/>
      <nd lat="46.2996210" lon="12.3583635"/>
      <nd lat="46.2996519" lon="12.3583461"/>
      <nd lat="46.2997056" lon="12.3583582"/>
      <nd lat="46.2997930" lon="12.3584206"/>
      <nd lat="46.2998924" lon="12.3585424"/>
      <nd lat="46.2999715" lon="12.3586952"/>
      <nd lat="46.3001590" lon="12.3588849"/>
      <nd lat="46.3002131" lon="12.3589160"/>
    </member>
    <member type="way" ref="35550320" role="">
      <nd lat="46.3002131" lon="12.3589160"/>
      <nd lat="46.3002280" lon="12.3589184"/>
      <nd lat="46.3004288" lon="12.3589264"/>
      <nd lat="46.3004693" lon="12.3589593"/>
      <nd lat="46.3004943" lon="12.3590228"/>
      <nd lat="46.3005254" lon="12.3590351"/>
      <nd lat="46.3005813" lon="12.3590306"/>
      <nd lat="46.3007529" lon="12.3589875"/>
      <nd lat="46.3007959" lon="12.3589176"/>
      <nd lat="46.3008252" lon="12.3588695"/>
      <nd lat="46.3008734" lon="12.3588386"/>
      <nd lat="46.3009655" lon="12.3587749"/>
      <nd lat="46.3010439" lon="12.3587058"/>
      <nd lat="46.3010971" lon="12.3586317"/>
      <nd lat="46.3011694" lon="12.3585125"/>
      <nd lat="46.3012075" lon="12.3584865"/>
      <nd lat="46.3012571" lon="12.3584810"/>
      <nd lat="46.3013205" lon="12.3584746"/>
    </member>
    <member type="way" ref="136614999" role="">
      <nd lat="46.3013205" lon="12.3584746"/>
      <nd lat="46.3013994" lon="12.3584417"/>
      <nd lat="46.3015136" lon="12.3583232"/>
      <nd lat="46.3016028" lon="12.3582213"/>
      <nd lat="46.3018015" lon="12.3580263"/>
      <nd lat="46.3018720" lon="12.3579704"/>
      <nd lat="46.3019461" lon="12.3579456"/>
      <nd lat="46.3021833" lon="12.3578423"/>
      <nd lat="46.3023055" lon="12.3577777"/>
      <nd lat="46.3024126" lon="12.3577647"/>
      <nd lat="46.3024969" lon="12.3578081"/>
      <nd lat="46.3025884" lon="12.3579455"/>
      <nd lat="46.3026569" lon="12.3580090"/>
      <nd lat="46.3027439" lon="12.3580319"/>
      <nd lat="46.3028715" lon="12.3580740"/>
      <nd lat="46.3029627" lon="12.3582043"/>
      <nd lat="46.3030401" lon="12.3583523"/>
      <nd lat="46.3030993" lon="12.3584557"/>
      <nd lat="46.3031848" lon="12.3585485"/>
      <nd lat="46.3032876" lon="12.3586233"/>
      <nd lat="46.3033770" lon="12.3587002"/>
      <nd lat="46.3034417" lon="12.3587796"/>
      <nd lat="46.3034999" lon="12.3588832"/>
      <nd lat="46.3035825" lon="12.3591765"/>
      <nd lat="46.3036266" lon="12.3592603"/>
      <nd lat="46.3036910" lon="12.3593338"/>
      <nd lat="46.3038013" lon="12.3594237"/>
      <nd lat="46.3038586" lon="12.3594783"/>
      <nd lat="46.3038980" lon="12.3595395"/>
      <nd lat="46.3039385" lon="12.3596890"/>
      <nd lat="46.3039614" lon="12.3598096"/>
      <nd lat="46.3039815" lon="12.3599406"/>
      <nd lat="46.3040447" lon="12.3602410"/>
      <nd lat="46.3041165" lon="12.3605077"/>
      <nd lat="46.3041756" lon="12.3607807"/>
      <nd lat="46.3042515" lon="12.3609630"/>
      <nd lat="46.3042767" lon="12.3610760"/>
      <nd lat="46.3042797" lon="12.3611819"/>
      <nd lat="46.3042969" lon="12.3613061"/>
      <nd lat="46.3043381" lon="12.3614438"/>
      <nd lat="46.3043735" lon="12.3615554"/>
      <nd lat="46.3043895" lon="12.3616979"/>
      <nd lat="46.3044100" lon="12.3618057"/>
    </member>
    <member type="way" ref="136614930" role="">
      <nd lat="46.3057180" lon="12.3622106"/>
      <nd lat="46.3050299" lon="12.3620188"/>
      <nd lat="46.3044100" lon="12.3618057"/>
    </member>
    <member type="way" ref="131226399" role="">
      <nd lat="46.3057180" lon="12.3622106"/>
      <nd lat="46.3058005" lon="12.3621941"/>
      <nd lat="46.3058829" lon="12.3622008"/>
      <nd lat="46.3060335" lon="12.3622187"/>
      <nd lat="46.3061664" lon="12.3622169"/>
      <nd lat="46.3062998" lon="12.3621914"/>
      <nd lat="46.3064241" lon="12.3622106"/>
      <nd lat="46.3066234" lon="12.3622382"/>
      <nd lat="46.3068696" lon="12.3623309"/>
      <nd lat="46.3069931" lon="12.3624349"/>
      <nd lat="46.3075490" lon="12.3630307"/>
      <nd lat="46.3078829" lon="12.3633208"/>
      <nd lat="46.3080739" lon="12.3634520"/>
      <nd lat="46.3081629" lon="12.3635204"/>
      <nd lat="46.3082303" lon="12.3636023"/>
      <nd lat="46.3084103" lon="12.3638492"/>
      <nd lat="46.3084737" lon="12.3639226"/>
      <nd lat="46.3085452" lon="12.3639936"/>
    </member>
    <member type="way" ref="136615000" role="">
      <nd lat="46.3085452" lon="12.3639936"/>
      <nd lat="46.3086640" lon="12.3639978"/>
      <nd lat="46.3087474" lon="12.3640166"/>
      <nd lat="46.3088503" lon="12.3639978"/>
      <nd lat="46.3089827" lon="12.3640515"/>
      <nd lat="46.3091875" lon="12.3641266"/>
      <nd lat="46.3093598" lon="12.3642151"/>
      <nd lat="46.3094866" lon="12.3642300"/>
      <nd lat="46.3095802" lon="12.3643224"/>
      <nd lat="46.3096645" lon="12.3643479"/>
      <nd lat="46.3097099" lon="12.3643814"/>
      <nd lat="46.3098369" lon="12.3644109"/>
      <nd lat="46.3098656" lon="12.3644726"/>
      <nd lat="46.3099517" lon="12.3644726"/>
      <nd lat="46.3102409" lon="12.3646103"/>
      <nd lat="46.3104569" lon="12.3647115"/>
      <nd lat="46.3105742" lon="12.3647435"/>
      <nd lat="46.3106543" lon="12.3647462"/>
      <nd lat="46.3107587" lon="12.3647703"/>
      <nd lat="46.3108086" lon="12.3647596"/>
      <nd lat="46.3108383" lon="12.3647086"/>
      <nd lat="46.3108473" lon="12.3646413"/>
      <nd lat="46.3109381" lon="12.3644787"/>
      <nd lat="46.3110428" lon="12.3642639"/>
      <nd lat="46.3111535" lon="12.3640949"/>
      <nd lat="46.3112785" lon="12.3639954"/>
      <nd lat="46.3114897" lon="12.3638641"/>
      <nd lat="46.3116481" lon="12.3637811"/>
      <nd lat="46.3117405" lon="12.3637216"/>
      <nd lat="46.3118353" lon="12.3636374"/>
      <nd lat="46.3118933" lon="12.3635162"/>
      <nd lat="46.3120154" lon="12.3633860"/>
      <nd lat="46.3121431" lon="12.3632986"/>
      <nd lat="46.3122913" lon="12.3632246"/>
      <nd lat="46.3124466" lon="12.3631393"/>
      <nd lat="46.3126250" lon="12.3631287"/>
      <nd lat="46.3127438" lon="12.3630872"/>
      <nd lat="46.3128467" lon="12.3629555"/>
      <nd lat="46.3129499" lon="12.3627787"/>
      <nd lat="46.3130179" lon="12.3627198"/>
      <nd lat="46.3131046" lon="12.3626912"/>
      <nd lat="46.3131476" lon="12.3626876"/>
      <nd lat="46.3131968" lon="12.3626721"/>
      <nd lat="46.3133148" lon="12.3625527"/>
      <nd lat="46.3135411" lon="12.3623638"/>
      <nd lat="46.3136840" lon="12.3623510"/>
      <nd lat="46.3138335" lon="12.3622887"/>
      <nd lat="46.3138998" lon="12.3622544"/>
      <nd lat="46.3139248" lon="12.3622844"/>
      <nd lat="46.3139610" lon="12.3623804"/>
      <nd lat="46.3139785" lon="12.3624180"/>
      <nd lat="46.3140138" lon="12.3624453"/>
      <nd lat="46.3140573" lon="12.3623925"/>
      <nd lat="46.3140767" lon="12.3623402"/>
      <nd lat="46.3141027" lon="12.3622933"/>
      <nd lat="46.3141538" lon="12.3622647"/>
      <nd lat="46.3141939" lon="12.3623777"/>
      <nd lat="46.3142301" lon="12.3624916"/>
      <nd lat="46.3142852" lon="12.3625624"/>
      <nd lat="46.3143847" lon="12.3625388"/>
      <nd lat="46.3144837" lon="12.3625841"/>
      <nd lat="46.3146053" lon="12.3626105"/>
      <nd lat="46.3147574" lon="12.3625946"/>
      <nd lat="46.3148846" lon="12.3625321"/>
      <nd lat="46.3149991" lon="12.3625201"/>
      <nd lat="46.3151300" lon="12.3625294"/>
      <nd lat="46.3156224" lon="12.3625956"/>
      <nd lat="46.3156797" lon="12.3625721"/>
      <nd lat="46.3157344" lon="12.3625449"/>
      <nd lat="46.3158209" lon="12.3624593"/>
      <nd lat="46.3159045" lon="12.3623514"/>
      <nd lat="46.3160670" lon="12.3622327"/>
      <nd lat="46.3161453" lon="12.3621796"/>
      <nd lat="46.3162212" lon="12.3621675"/>
      <nd lat="46.3162492" lon="12.3622228"/>
      <nd lat="46.3162287" lon="12.3623539"/>
      <nd lat="46.3162347" lon="12.3625046"/>
      <nd lat="46.3163028" lon="12.3627867"/>
      <nd lat="46.3163024" lon="12.3629520"/>
      <nd lat="46.3162723" lon="12.3633653"/>
      <nd lat="46.3161849" lon="12.3638145"/>
      <nd lat="46.3160786" lon="12.3641818"/>
      <nd lat="46.3160450" lon="12.3643907"/>
      <nd lat="46.3159852" lon="12.3646731"/>
      <nd lat="46.3159514" lon="12.3647912"/>
      <nd lat="46.3159055" lon="12.3648947"/>
      <nd lat="46.3158788" lon="12.3649849"/>
      <nd lat="46.3158560" lon="12.3650847"/>
      <nd lat="46.3158531" lon="12.3651668"/>
      <nd lat="46.3158696" lon="12.3652839"/>
      <nd lat="46.3159040" lon="12.3653101"/>
      <nd lat="46.3159554" lon="12.3653167"/>
      <nd lat="46.3160259" lon="12.3652912"/>
      <nd lat="46.3161125" lon="12.3652189"/>
      <nd lat="46.3162162" lon="12.3651810"/>
      <nd lat="46.3162813" lon="12.3651139"/>
    </member>
    <member type="way" ref="34663791" role="">
      <nd lat="46.3162813" lon="12.3651139"/>
      <nd lat="46.3164139" lon="12.3651348"/>
      <nd lat="46.3165290" lon="12.3651301"/>
      <nd lat="46.3166552" lon="12.3651391"/>
      <nd lat="46.3167500" lon="12.3651678"/>
      <nd lat="46.3168181" lon="12.3651966"/>
      <nd lat="46.3168463" lon="12.3652085"/>
      <nd lat="46.3168774" lon="12.3652127"/>
      <nd lat="46.3168883" lon="12.3652295"/>
      <nd lat="46.3169339" lon="12.3652738"/>
      <nd lat="46.3169951" lon="12.3654338"/>
      <nd lat="46.3169993" lon="12.3656788"/>
      <nd lat="46.3171238" lon="12.3659686"/>
      <nd lat="46.3171484" lon="12.3660043"/>
      <nd lat="46.3172629" lon="12.3660827"/>
      <nd lat="46.3173548" lon="12.3661551"/>
      <nd lat="46.3174991" lon="12.3662957"/>
      <nd lat="46.3175512" lon="12.3663381"/>
      <nd lat="46.3176028" lon="12.3663505"/>
      <nd lat="46.3177087" lon="12.3663154"/>
      <nd lat="46.3178291" lon="12.3661714"/>
      <nd lat="46.3179283" lon="12.3660561"/>
      <nd lat="46.3180245" lon="12.3659418"/>
      <nd lat="46.3182504" lon="12.3657007"/>
      <nd lat="46.3183481" lon="12.3655662"/>
      <nd lat="46.3185453" lon="12.3653130"/>
      <nd lat="46.3186364" lon="12.3651246"/>
      <nd lat="46.3186779" lon="12.3648857"/>
      <nd lat="46.3186910" lon="12.3647238"/>
      <nd lat="46.3187364" lon="12.3645543"/>
      <nd lat="46.3187947" lon="12.3644035"/>
      <nd lat="46.3188189" lon="12.3642715"/>
      <nd lat="46.3189130" lon="12.3639312"/>
      <nd lat="46.3190326" lon="12.3637025"/>
      <nd lat="46.3191848" lon="12.3633486"/>
      <nd lat="46.3193909" lon="12.3631253"/>
      <nd lat="46.3194850" lon="12.3630495"/>
      <nd lat="46.3197138" lon="12.3629335"/>
      <nd lat="46.3198103" lon="12.3629183"/>
      <nd lat="46.3198623" lon="12.3628272"/>
      <nd lat="46.3199299" lon="12.3627498"/>
      <nd lat="46.3199668" lon="12.3627398"/>
      <nd lat="46.3199735" lon="12.3627380"/>
      <nd lat="46.3200098" lon="12.3627655"/>
      <nd lat="46.3200108" lon="12.3628104"/>
      <nd lat="46.3200200" lon="12.3630266"/>
      <nd lat="46.3200360" lon="12.3631099"/>
      <nd lat="46.3200871" lon="12.3632457"/>
      <nd lat="46.3200768" lon="12.3633491"/>
      <nd lat="46.3201478" lon="12.3634560"/>
      <nd lat="46.3202392" lon="12.3636111"/>
      <nd lat="46.3203527" lon="12.3636454"/>
      <nd lat="46.3206128" lon="12.3638508"/>
      <nd lat="46.3206533" lon="12.3639661"/>
      <nd lat="46.3206921" lon="12.3640309"/>
      <nd lat="46.3207429" lon="12.3641904"/>
      <nd lat="46.3207763" lon="12.3642875"/>
      <nd lat="46.3207785" lon="12.3643561"/>
      <nd lat="46.3207851" lon="12.3645320"/>
      <nd lat="46.3208999" lon="12.3647948"/>
      <nd lat="46.3209534" lon="12.3649084"/>
      <nd lat="46.3210037" lon="12.3650447"/>
      <nd lat="46.3210807" lon="12.3651810"/>
      <nd lat="46.3211430" lon="12.3652270"/>
      <nd lat="46.3211929" lon="12.3653177"/>
      <nd lat="46.3212178" lon="12.3653902"/>
      <nd lat="46.3211968" lon="12.3655066"/>
      <nd lat="46.3211975" lon="12.3656121"/>
      <nd lat="46.3212570" lon="12.3657182"/>
      <nd lat="46.3212813" lon="12.3658366"/>
      <nd lat="46.3213153" lon="12.3660256"/>
      <nd lat="46.3213106" lon="12.3662301"/>
      <nd lat="46.3213646" lon="12.3663378"/>
      <nd lat="46.3214226" lon="12.3663986"/>
      <nd lat="46.3215168" lon="12.3665265"/>
      <nd lat="46.3215616" lon="12.3665902"/>
      <nd lat="46.3216299" lon="12.3666215"/>
      <nd lat="46.3216799" lon="12.3666826"/>
      <nd lat="46.3217237" lon="12.3667366"/>
      <nd lat="46.3217857" lon="12.3667740"/>
      <nd lat="46.3218446" lon="12.3668472"/>
      <nd lat="46.3219151" lon="12.3669368"/>
      <nd lat="46.3219164" lon="12.3670075"/>
      <nd lat="46.3219072" lon="12.3671596"/>
      <nd lat="46.3219749" lon="12.3674873"/>
      <nd lat="46.3219187" lon="12.3676904"/>
      <nd lat="46.3219889" lon="12.3679096"/>
      <nd lat="46.3220023" lon="12.3680404"/>
      <nd lat="46.3219933" lon="12.3681709"/>
      <nd lat="46.3219465" lon="12.3682813"/>
      <nd lat="46.3218686" lon="12.3684173"/>
      <nd lat="46.3217976" lon="12.3685336"/>
      <nd lat="46.3217659" lon="12.3686015"/>
      <nd lat="46.3217031" lon="12.3687600"/>
      <nd lat="46.3216518" lon="12.3688378"/>
      <nd lat="46.3216293" lon="12.3689397"/>
      <nd lat="46.3216212" lon="12.3690874"/>
      <nd lat="46.3215665" lon="12.3692610"/>
      <nd lat="46.3215724" lon="12.3694410"/>
      <nd lat="46.3215886" lon="12.3695514"/>
      <nd lat="46.3215743" lon="12.3696772"/>
      <nd lat="46.3215983" lon="12.3697808"/>
      <nd lat="46.3216470" lon="12.3700500"/>
      <nd lat="46.3215697" lon="12.3703151"/>
      <nd lat="46.3215277" lon="12.3704030"/>
      <nd lat="46.3215054" lon="12.3704952"/>
      <nd lat="46.3214915" lon="12.3706132"/>
      <nd lat="46.3214912" lon="12.3707427"/>
      <nd lat="46.3215479" lon="12.3710786"/>
      <nd lat="46.3215437" lon="12.3712943"/>
      <nd lat="46.3215423" lon="12.3714909"/>
      <nd lat="46.3215498" lon="12.3716144"/>
      <nd lat="46.3215555" lon="12.3718951"/>
      <nd lat="46.3215492" lon="12.3720036"/>
      <nd lat="46.3215151" lon="12.3721792"/>
      <nd lat="46.3215197" lon="12.3724681"/>
      <nd lat="46.3214996" lon="12.3726752"/>
      <nd lat="46.3214645" lon="12.3728639"/>
      <nd lat="46.3214643" lon="12.3730376"/>
      <nd lat="46.3214765" lon="12.3731445"/>
      <nd lat="46.3214670" lon="12.3733182"/>
      <nd lat="46.3214491" lon="12.3735777"/>
      <nd lat="46.3214740" lon="12.3736617"/>
      <nd lat="46.3214953" lon="12.3737798"/>
      <nd lat="46.3215287" lon="12.3738844"/>
      <nd lat="46.3215638" lon="12.3739990"/>
      <nd lat="46.3216725" lon="12.3741110"/>
      <nd lat="46.3217436" lon="12.3742268"/>
      <nd lat="46.3218217" lon="12.3742936"/>
      <nd lat="46.3218852" lon="12.3743480"/>
      <nd lat="46.3219398" lon="12.3744210"/>
      <nd lat="46.3220097" lon="12.3745350"/>
      <nd lat="46.3220488" lon="12.3746789"/>
      <nd lat="46.3221091" lon="12.3747971"/>
      <nd lat="46.3221729" lon="12.3748895"/>
      <nd lat="46.3222758" lon="12.3749974"/>
      <nd lat="46.3224233" lon="12.3751931"/>
      <nd lat="46.3224699" lon="12.3754177"/>
      <nd lat="46.3225381" lon="12.3755884"/>
      <nd lat="46.3225691" lon="12.3757412"/>
      <nd lat="46.3225927" lon="12.3759117"/>
      <nd lat="46.3226473" lon="12.3761334"/>
      <nd lat="46.3227197" lon="12.3762859"/>
      <nd lat="46.3227770" lon="12.3763700"/>
      <nd lat="46.3228190" lon="12.3765083"/>
      <nd lat="46.3227913" lon="12.3766117"/>
      <nd lat="46.3227631" lon="12.3767240"/>
      <nd lat="46.3227245" lon="12.3769009"/>
      <nd lat="46.3227435" lon="12.3769999"/>
      <nd lat="46.3227720" lon="12.3770911"/>
      <nd lat="46.3228849" lon="12.3772739"/>
      <nd lat="46.3229501" lon="12.3774011"/>
      <nd lat="46.3230399" lon="12.3774451"/>
      <nd lat="46.3230976" lon="12.3775548"/>
      <nd lat="46.3231353" lon="12.3776717"/>
      <nd lat="46.3231333" lon="12.3777607"/>
      <nd lat="46.3231759" lon="12.3779750"/>
      <nd lat="46.3232140" lon="12.3781010"/>
      <nd lat="46.3232361" lon="12.3781712"/>
      <nd lat="46.3232763" lon="12.3782257"/>
      <nd lat="46.3233264" lon="12.3783238"/>
      <nd lat="46.3234067" lon="12.3783964"/>
      <nd lat="46.3234486" lon="12.3784606"/>
      <nd lat="46.3234707" lon="12.3785499"/>
      <nd lat="46.3235129" lon="12.3786591"/>
      <nd lat="46.3235199" lon="12.3787485"/>
      <nd lat="46.3235231" lon="12.3787885"/>
      <nd lat="46.3234703" lon="12.3788537"/>
      <nd lat="46.3233923" lon="12.3789151"/>
      <nd lat="46.3233342" lon="12.3789826"/>
      <nd lat="46.3232769" lon="12.3790719"/>
      <nd lat="46.3231322" lon="12.3792308"/>
      <nd lat="46.3231253" lon="12.3793313"/>
      <nd lat="46.3231077" lon="12.3794289"/>
      <nd lat="46.3229675" lon="12.3796797"/>
      <nd lat="46.3229491" lon="12.3799094"/>
      <nd lat="46.3228544" lon="12.3803564"/>
      <nd lat="46.3227880" lon="12.3804833"/>
      <nd lat="46.3227697" lon="12.3807313"/>
      <nd lat="46.3227200" lon="12.3808932"/>
      <nd lat="46.3227231" lon="12.3809963"/>
      <nd lat="46.3226932" lon="12.3811054"/>
      <nd lat="46.3226180" lon="12.3812352"/>
      <nd lat="46.3225577" lon="12.3813516"/>
      <nd lat="46.3225089" lon="12.3814864"/>
      <nd lat="46.3224179" lon="12.3816067"/>
      <nd lat="46.3223377" lon="12.3817126"/>
      <nd lat="46.3222575" lon="12.3819415"/>
      <nd lat="46.3221820" lon="12.3821293"/>
      <nd lat="46.3221088" lon="12.3823172"/>
      <nd lat="46.3220570" lon="12.3825119"/>
      <nd lat="46.3220070" lon="12.3827683"/>
      <nd lat="46.3219909" lon="12.3830071"/>
      <nd lat="46.3220074" lon="12.3832736"/>
      <nd lat="46.3220640" lon="12.3836117"/>
      <nd lat="46.3221702" lon="12.3838952"/>
      <nd lat="46.3222389" lon="12.3840197"/>
      <nd lat="46.3222386" lon="12.3841069"/>
      <nd lat="46.3222435" lon="12.3842183"/>
      <nd lat="46.3222751" lon="12.3843236"/>
      <nd lat="46.3223048" lon="12.3845674"/>
      <nd lat="46.3222899" lon="12.3849045"/>
      <nd lat="46.3222588" lon="12.3852409"/>
      <nd lat="46.3221642" lon="12.3854148"/>
    </member>
    <member type="way" ref="237524733" role="">
      <nd lat="46.3221642" lon="12.3854148"/>
      <nd lat="46.3221857" lon="12.3854839"/>
      <nd lat="46.3221944" lon="12.3856403"/>
      <nd lat="46.3221770" lon="12.3857083"/>
      <nd lat="46.3221313" lon="12.3857597"/>
      <nd lat="46.3221287" lon="12.3859938"/>
      <nd lat="46.3221409" lon="12.3860613"/>
      <nd lat="46.3221239" lon="12.3861239"/>
      <nd lat="46.3220972" lon="12.3861806"/>
      <nd lat="46.3220541" lon="12.3862567"/>
      <nd lat="46.3220129" lon="12.3862856"/>
      <nd lat="46.3220068" lon="12.3863259"/>
      <nd lat="46.3220270" lon="12.3863612"/>
      <nd lat="46.3221189" lon="12.3865179"/>
      <nd lat="46.3222118" lon="12.3866092"/>
      <nd lat="46.3223848" lon="12.3869080"/>
      <nd lat="46.3224207" lon="12.3869869"/>
      <nd lat="46.3224238" lon="12.3870301"/>
      <nd lat="46.3224257" lon="12.3870633"/>
      <nd lat="46.3224033" lon="12.3871260"/>
      <nd lat="46.3223184" lon="12.3871412"/>
      <nd lat="46.3222699" lon="12.3871892"/>
      <nd lat="46.3222189" lon="12.3872139"/>
      <nd lat="46.3219851" lon="12.3873062"/>
      <nd lat="46.3219225" lon="12.3873694"/>
      <nd lat="46.3218821" lon="12.3874646"/>
      <nd lat="46.3218281" lon="12.3875403"/>
      <nd lat="46.3217937" lon="12.3876236"/>
      <nd lat="46.3217719" lon="12.3877826"/>
      <nd lat="46.3218497" lon="12.3881967"/>
      <nd lat="46.3218620" lon="12.3883411"/>
      <nd lat="46.3218508" lon="12.3885481"/>
      <nd lat="46.3218578" lon="12.3886678"/>
      <nd lat="46.3218515" lon="12.3887213"/>
      <nd lat="46.3218270" lon="12.3888231"/>
      <nd lat="46.3218121" lon="12.3889832"/>
      <nd lat="46.3217581" lon="12.3891123"/>
      <nd lat="46.3216098" lon="12.3893221"/>
      <nd lat="46.3215508" lon="12.3894299"/>
      <nd lat="46.3215042" lon="12.3895689"/>
      <nd lat="46.3214771" lon="12.3896387"/>
      <nd lat="46.3214779" lon="12.3897622"/>
      <nd lat="46.3214823" lon="12.3898534"/>
      <nd lat="46.3214837" lon="12.3899025"/>
      <nd lat="46.3215079" lon="12.3900196"/>
      <nd lat="46.3214903" lon="12.3901232"/>
      <nd lat="46.3214533" lon="12.3902016"/>
      <nd lat="46.3214105" lon="12.3903128"/>
      <nd lat="46.3213746" lon="12.3904256"/>
      <nd lat="46.3213461" lon="12.3904623"/>
      <nd lat="46.3212849" lon="12.3905418"/>
      <nd lat="46.3212581" lon="12.3905808"/>
      <nd lat="46.3212060" lon="12.3906799"/>
      <nd lat="46.3212050" lon="12.3907213"/>
      <nd lat="46.3212201" lon="12.3908605"/>
      <nd lat="46.3212084" lon="12.3910063"/>
      <nd lat="46.3212244" lon="12.3911260"/>
      <nd lat="46.3212723" lon="12.3912712"/>
      <nd lat="46.3213548" lon="12.3915018"/>
      <nd lat="46.3213794" lon="12.3916767"/>
      <nd lat="46.3214132" lon="12.3917608"/>
      <nd lat="46.3214675" lon="12.3918672"/>
      <nd lat="46.3214853" lon="12.3919187"/>
      <nd lat="46.3215057" lon="12.3919733"/>
      <nd lat="46.3215145" lon="12.3920350"/>
      <nd lat="46.3215054" lon="12.3920882"/>
      <nd lat="46.3215010" lon="12.3921644"/>
      <nd lat="46.3215103" lon="12.3922442"/>
      <nd lat="46.3215369" lon="12.3923381"/>
      <nd lat="46.3215398" lon="12.3923855"/>
      <nd lat="46.3215312" lon="12.3924300"/>
      <nd lat="46.3214580" lon="12.3925107"/>
    </member>
    <tag k="cai_scale" v="E"/>
    <tag k="from" v="Erto (quota 790 m)"/>
    <tag k="network" v="lwn"/>
    <tag k="operator" v="Club Alpino Italiano"/>
    <tag k="osmc:symbol" v="red:red:white_stripe:381:black"/>
    <tag k="ref" v="381"/>
    <tag k="route" v="hiking"/>
    <tag k="source" v="survey:CAI"/>
    <tag k="to" v="Rifugio Maniago (quota 1730 m)"/>
    <tag k="type" v="route"/>
    <tag k="website" v="https://www.cai-fvg.it/sentieri-cai-fvg/settore-3-dolomiti-friulane-alpi-prealpi-carniche/s3-381"/>
  </relation>
</old>
<new>
  <relation id="141213" version="16" timestamp="2023-09-19T08:59:50Z" changeset="141458407" uid="3538539" user="micheleOSM3">
    <bounds minlat="46.2771428" minlon="12.3558399" maxlat="46.3235231" maxlon="12.3925107"/>
    <member type="way" ref="34663757" role="">
      <nd lat="46.2779084" lon="12.3698234"/>
      <nd lat="46.2780690" lon="12.3699984"/>
      <nd lat="46.2780825" lon="12.3699450"/>
      <nd lat="46.2780936" lon="12.3698995"/>
      <nd lat="46.2781318" lon="12.3698385"/>
      <nd lat="46.2781621" lon="12.3697613"/>
      <nd lat="46.2781863" lon="12.3696841"/>
      <nd lat="46.2782234" lon="12.3696418"/>
      <nd lat="46.2782852" lon="12.3696160"/>
      <nd lat="46.2783745" lon="12.3695460"/>
      <nd lat="46.2784069" lon="12.3695058"/>
      <nd lat="46.2784502" lon="12.3694948"/>
      <nd lat="46.2784675" lon="12.3694045"/>
      <nd lat="46.2785209" lon="12.3689585"/>
      <nd lat="46.2785757" lon="12.3686688"/>
      <nd lat="46.2786231" lon="12.3682231"/>
      <nd lat="46.2786165" lon="12.3681083"/>
      <nd lat="46.2785890" lon="12.3680206"/>
      <nd lat="46.2785620" lon="12.3678373"/>
      <nd lat="46.2785500" lon="12.3677554"/>
      <nd lat="46.2785727" lon="12.3676844"/>
      <nd lat="46.2786079" lon="12.3675123"/>
      <nd lat="46.2786383" lon="12.3672647"/>
      <nd lat="46.2786508" lon="12.3672252"/>
      <nd lat="46.2786892" lon="12.3671926"/>
      <nd lat="46.2787014" lon="12.3671599"/>
      <nd lat="46.2786317" lon="12.3668368"/>
      <nd lat="46.2786158" lon="12.3666762"/>
      <nd lat="46.2785263" lon="12.3661830"/>
      <nd lat="46.2784107" lon="12.3656214"/>
      <nd lat="46.2783909" lon="12.3651993"/>
      <nd lat="46.2783744" lon="12.3651021"/>
      <nd lat="46.2783246" lon="12.3649874"/>
      <nd lat="46.2782778" lon="12.3648474"/>
      <nd lat="46.2782205" lon="12.3647400"/>
      <nd lat="46.2781656" lon="12.3646187"/>
      <nd lat="46.2781461" lon="12.3645131"/>
      <nd lat="46.2780873" lon="12.3644229"/>
      <nd lat="46.2779787" lon="12.3641352"/>
      <nd lat="46.2779652" lon="12.3640587"/>
      <nd lat="46.2779762" lon="12.3638322"/>
      <nd lat="46.2779725" lon="12.3636991"/>
      <nd lat="46.2779586" lon="12.3636178"/>
      <nd lat="46.2778857" lon="12.3636000"/>
      <nd lat="46.2778493" lon="12.3635911"/>
    </member>
    <member type="way" ref="1200759419" role="">
      <nd lat="46.2778493" lon="12.3635911"/>
      <nd lat="46.2778633" lon="12.3635236"/>
      <nd lat="46.2779000" lon="12.3634714"/>
      <nd lat="46.2779275" lon="12.3633980"/>
      <nd lat="46.2779809" lon="12.3632553"/>
    </member>
    <member type="way" ref="35550325" role="">
      <nd lat="46.2777023" lon="12.3633537"/>
      <nd lat="46.2778009" lon="12.3633710"/>
      <nd lat="46.2778550" lon="12.3633758"/>
      <nd lat="46.2778807" lon="12.3633142"/>
      <nd lat="46.2779294" lon="12.3632710"/>
      <nd lat="46.2779443" lon="12.3632665"/>
      <nd lat="46.2779809" lon="12.3632553"/>
    </member>
    <member type="way" ref="35550323" role="">
      <nd lat="46.2777023" lon="12.3633537"/>
      <nd lat="46.2776630" lon="12.3632966"/>
      <nd lat="46.2776693" lon="12.3632453"/>
      <nd lat="46.2776421" lon="12.3631576"/>
      <nd lat="46.2776148" lon="12.3630413"/>
      <nd lat="46.2776335" lon="12.3629225"/>
      <nd lat="46.2776559" lon="12.3627533"/>
      <nd lat="46.2776377" lon="12.3626326"/>
      <nd lat="46.2775859" lon="12.3625604"/>
      <nd lat="46.2775101" lon="12.3625027"/>
      <nd lat="46.2775001" lon="12.3624745"/>
      <nd lat="46.2775286" lon="12.3623680"/>
      <nd lat="46.2775125" lon="12.3622654"/>
      <nd lat="46.2775381" lon="12.3621062"/>
      <nd lat="46.2776307" lon="12.3619947"/>
      <nd lat="46.2777920" lon="12.3618518"/>
      <nd lat="46.2779052" lon="12.3617244"/>
      <nd lat="46.2779519" lon="12.3616283"/>
      <nd lat="46.2779186" lon="12.3615368"/>
      <nd lat="46.2775432" lon="12.3609612"/>
      <nd lat="46.2774557" lon="12.3609163"/>
      <nd lat="46.2773173" lon="12.3609493"/>
      <nd lat="46.2772096" lon="12.3608676"/>
      <nd lat="46.2771538" lon="12.3606423"/>
      <nd lat="46.2771428" lon="12.3604630"/>
      <nd lat="46.2771696" lon="12.3603578"/>
      <nd lat="46.2772483" lon="12.3601825"/>
      <nd lat="46.2772863" lon="12.3600537"/>
      <nd lat="46.2773321" lon="12.3597975"/>
      <nd lat="46.2773714" lon="12.3596795"/>
      <nd lat="46.2774194" lon="12.3595466"/>
      <nd lat="46.2774406" lon="12.3594522"/>
      <nd lat="46.2774847" lon="12.3594087"/>
      <nd lat="46.2775402" lon="12.3593292"/>
      <nd lat="46.2775977" lon="12.3591779"/>
      <nd lat="46.2776773" lon="12.3590269"/>
      <nd lat="46.2777352" lon="12.3588716"/>
      <nd lat="46.2778318" lon="12.3587561"/>
      <nd lat="46.2779068" lon="12.3587052"/>
      <nd lat="46.2779263" lon="12.3586522"/>
      <nd lat="46.2779632" lon="12.3585074"/>
      <nd lat="46.2780032" lon="12.3585054"/>
      <nd lat="46.2780649" lon="12.3585945"/>
      <nd lat="46.2781478" lon="12.3586240"/>
      <nd lat="46.2781868" lon="12.3587260"/>
      <nd lat="46.2782266" lon="12.3588587"/>
      <nd lat="46.2782540" lon="12.3589439"/>
      <nd lat="46.2782903" lon="12.3588960"/>
      <nd lat="46.2783151" lon="12.3588822"/>
      <nd lat="46.2784004" lon="12.3589211"/>
      <nd lat="46.2784358" lon="12.3588808"/>
      <nd lat="46.2785079" lon="12.3587702"/>
      <nd lat="46.2785844" lon="12.3586864"/>
      <nd lat="46.2785997" lon="12.3586106"/>
      <nd lat="46.2786491" lon="12.3585110"/>
      <nd lat="46.2786535" lon="12.3584678"/>
      <nd lat="46.2786308" lon="12.3583914"/>
      <nd lat="46.2786372" lon="12.3583572"/>
      <nd lat="46.2786637" lon="12.3583451"/>
      <nd lat="46.2787207" lon="12.3583793"/>
      <nd lat="46.2788224" lon="12.3583883"/>
      <nd lat="46.2788671" lon="12.3584075"/>
      <nd lat="46.2788704" lon="12.3583786"/>
      <nd lat="46.2788495" lon="12.3583504"/>
      <nd lat="46.2788157" lon="12.3582834"/>
      <nd lat="46.2787929" lon="12.3582051"/>
      <nd lat="46.2787712" lon="12.3581211"/>
      <nd lat="46.2788073" lon="12.3581024"/>
      <nd lat="46.2788337" lon="12.3580614"/>
      <nd lat="46.2788516" lon="12.3580161"/>
      <nd lat="46.2788709" lon="12.3579581"/>
      <nd lat="46.2788634" lon="12.3577946"/>
      <nd lat="46.2788842" lon="12.3577378"/>
      <nd lat="46.2789167" lon="12.3576125"/>
      <nd lat="46.2789949" lon="12.3575081"/>
      <nd lat="46.2790853" lon="12.3574700"/>
      <nd lat="46.2791980" lon="12.3574058"/>
      <nd lat="46.2793030" lon="12.3573154"/>
      <nd lat="46.2794285" lon="12.3572849"/>
      <nd lat="46.2796351" lon="12.3571961"/>
      <nd lat="46.2797133" lon="12.3571509"/>
      <nd lat="46.2799368" lon="12.3571647"/>
      <nd lat="46.2800599" lon="12.3571884"/>
      <nd lat="46.2801256" lon="12.3572661"/>
      <nd lat="46.2802813" lon="12.3574817"/>
      <nd lat="46.2804260" lon="12.3576387"/>
      <nd lat="46.2806399" lon="12.3576949"/>
      <nd lat="46.2807531" lon="12.3577463"/>
      <nd lat="46.2809357" lon="12.3577379"/>
      <nd lat="46.2810143" lon="12.3577227"/>
      <nd lat="46.2810776" lon="12.3576873"/>
      <nd lat="46.2811840" lon="12.3576543"/>
      <nd lat="46.2812342" lon="12.3576720"/>
      <nd lat="46.2812515" lon="12.3577623"/>
      <nd lat="46.2813333" lon="12.3578560"/>
      <nd lat="46.2814402" lon="12.3579555"/>
      <nd lat="46.2816345" lon="12.3580626"/>
      <nd lat="46.2817366" lon="12.3581188"/>
      <nd lat="46.2818264" lon="12.3581243"/>
      <nd lat="46.2819127" lon="12.3580785"/>
      <nd lat="46.2819974" lon="12.3580752"/>
      <nd lat="46.2820913" lon="12.3581165"/>
      <nd lat="46.2822726" lon="12.3581430"/>
      <nd lat="46.2823156" lon="12.3580795"/>
      <nd lat="46.2823458" lon="12.3579684"/>
      <nd lat="46.2823024" lon="12.3577894"/>
      <nd lat="46.2822609" lon="12.3576865"/>
      <nd lat="46.2822371" lon="12.3575469"/>
      <nd lat="46.2822164" lon="12.3573283"/>
      <nd lat="46.2822187" lon="12.3571812"/>
      <nd lat="46.2822408" lon="12.3569769"/>
      <nd lat="46.2822689" lon="12.3567917"/>
      <nd lat="46.2822753" lon="12.3567339"/>
      <nd lat="46.2822944" lon="12.3567098"/>
      <nd lat="46.2823562" lon="12.3567174"/>
      <nd lat="46.2823974" lon="12.3567445"/>
      <nd lat="46.2824266" lon="12.3567657"/>
      <nd lat="46.2824324" lon="12.3568004"/>
      <nd lat="46.2824613" lon="12.3568016"/>
      <nd lat="46.2824893" lon="12.3568563"/>
      <nd lat="46.2825185" lon="12.3568691"/>
      <nd lat="46.2825910" lon="12.3568555"/>
      <nd lat="46.2827372" lon="12.3569130"/>
      <nd lat="46.2827680" lon="12.3568936"/>
      <nd lat="46.2827692" lon="12.3567718"/>
      <nd lat="46.2827570" lon="12.3566354"/>
      <nd lat="46.2827590" lon="12.3566003"/>
      <nd lat="46.2828229" lon="12.3565773"/>
      <nd lat="46.2828717" lon="12.3565761"/>
      <nd lat="46.2829136" lon="12.3566066"/>
      <nd lat="46.2830161" lon="12.3565823"/>
      <nd lat="46.2831346" lon="12.3564859"/>
      <nd lat="46.2832444" lon="12.3564957"/>
      <nd lat="46.2833898" lon="12.3563468"/>
      <nd lat="46.2835677" lon="12.3561966"/>
      <nd lat="46.2837735" lon="12.3561001"/>
      <nd lat="46.2842183" lon="12.3558882"/>
      <nd lat="46.2843296" lon="12.3558426"/>
      <nd lat="46.2844426" lon="12.3558560"/>
      <nd lat="46.2845242" lon="12.3558399"/>
      <nd lat="46.2845854" lon="12.3558801"/>
      <nd lat="46.2846689" lon="12.3559444"/>
      <nd lat="46.2847058" lon="12.3560303"/>
      <nd lat="46.2847374" lon="12.3560921"/>
      <nd lat="46.2848098" lon="12.3561594"/>
      <nd lat="46.2849743" lon="12.3564260"/>
      <nd lat="46.2850827" lon="12.3565352"/>
      <nd lat="46.2854075" lon="12.3568048"/>
      <nd lat="46.2856485" lon="12.3570546"/>
      <nd lat="46.2860569" lon="12.3575373"/>
      <nd lat="46.2863824" lon="12.3578231"/>
      <nd lat="46.2865090" lon="12.3579457"/>
      <nd lat="46.2867318" lon="12.3582363"/>
      <nd lat="46.2868586" lon="12.3583280"/>
      <nd lat="46.2869348" lon="12.3584530"/>
      <nd lat="46.2870018" lon="12.3585328"/>
      <nd lat="46.2870868" lon="12.3585234"/>
      <nd lat="46.2872160" lon="12.3584873"/>
      <nd lat="46.2873168" lon="12.3584370"/>
      <nd lat="46.2874136" lon="12.3584478"/>
      <nd lat="46.2875492" lon="12.3585463"/>
      <nd lat="46.2876511" lon="12.3586616"/>
      <nd lat="46.2877241" lon="12.3586644"/>
    </member>
    <member type="way" ref="1208984092" role="">
      <nd lat="46.2877241" lon="12.3586644"/>
      <nd lat="46.2877409" lon="12.3586524"/>
      <nd lat="46.2878345" lon="12.3586266"/>
      <nd lat="46.2879432" lon="12.3586124"/>
      <nd lat="46.2881814" lon="12.3585381"/>
      <nd lat="46.2882385" lon="12.3585950"/>
      <nd lat="46.2882693" lon="12.3586227"/>
      <nd lat="46.2883022" lon="12.3586696"/>
      <nd lat="46.2883434" lon="12.3586991"/>
      <nd lat="46.2884180" lon="12.3587119"/>
      <nd lat="46.2884946" lon="12.3587134"/>
      <nd lat="46.2886606" lon="12.3587774"/>
      <nd lat="46.2887729" lon="12.3587532"/>
      <nd lat="46.2888877" lon="12.3587027"/>
      <nd lat="46.2890104" lon="12.3586143"/>
      <nd lat="46.2891191" lon="12.3585103"/>
      <nd lat="46.2892256" lon="12.3584675"/>
      <nd lat="46.2893911" lon="12.3584240"/>
      <nd lat="46.2894959" lon="12.3583423"/>
      <nd lat="46.2895422" lon="12.3582399"/>
      <nd lat="46.2896129" lon="12.3582053"/>
      <nd lat="46.2896627" lon="12.3581145"/>
      <nd lat="46.2897014" lon="12.3579001"/>
      <nd lat="46.2898329" lon="12.3574608"/>
      <nd lat="46.2898606" lon="12.3573156"/>
      <nd lat="46.2899258" lon="12.3571794"/>
      <nd lat="46.2903345" lon="12.3568989"/>
      <nd lat="46.2904127" lon="12.3568262"/>
      <nd lat="46.2904965" lon="12.3568153"/>
      <nd lat="46.2905728" lon="12.3568298"/>
      <nd lat="46.2908091" lon="12.3568355"/>
      <nd lat="46.2908707" lon="12.3567891"/>
      <nd lat="46.2909260" lon="12.3568452"/>
      <nd lat="46.2911178" lon="12.3568867"/>
      <nd lat="46.2912341" lon="12.3569006"/>
      <nd lat="46.2913553" lon="12.3568720"/>
      <nd lat="46.2914562" lon="12.3568752"/>
      <nd lat="46.2915759" lon="12.3569053"/>
      <nd lat="46.2919969" lon="12.3570584"/>
      <nd lat="46.2921728" lon="12.3570752"/>
      <nd lat="46.2924454" lon="12.3569410"/>
      <nd lat="46.2925414" lon="12.3569760"/>
      <nd lat="46.2927560" lon="12.3570064"/>
      <nd lat="46.2928762" lon="12.3570337"/>
      <nd lat="46.2929792" lon="12.3570680"/>
      <nd lat="46.2929859" lon="12.3571713"/>
      <nd lat="46.2931434" lon="12.3574015"/>
      <nd lat="46.2934546" lon="12.3576607"/>
      <nd lat="46.2938248" lon="12.3578885"/>
      <nd lat="46.2939628" lon="12.3579341"/>
      <nd lat="46.2943872" lon="12.3580135"/>
      <nd lat="46.2946463" lon="12.3581274"/>
      <nd lat="46.2948408" lon="12.3581812"/>
      <nd lat="46.2950608" lon="12.3582127"/>
      <nd lat="46.2952116" lon="12.3582767"/>
      <nd lat="46.2953687" lon="12.3582749"/>
      <nd lat="46.2954129" lon="12.3582849"/>
      <nd lat="46.2954222" lon="12.3582892"/>
      <nd lat="46.2954907" lon="12.3583421"/>
      <nd lat="46.2955717" lon="12.3584507"/>
      <nd lat="46.2956180" lon="12.3584851"/>
      <nd lat="46.2960535" lon="12.3586034"/>
      <nd lat="46.2962495" lon="12.3587044"/>
      <nd lat="46.2963997" lon="12.3588055"/>
      <nd lat="46.2966876" lon="12.3588546"/>
      <nd lat="46.2967053" lon="12.3588732"/>
      <nd lat="46.2967379" lon="12.3589353"/>
      <nd lat="46.2968005" lon="12.3590785"/>
      <nd lat="46.2968425" lon="12.3591292"/>
      <nd lat="46.2968894" lon="12.3591682"/>
      <nd lat="46.2969786" lon="12.3592031"/>
      <nd lat="46.2972512" lon="12.3592601"/>
      <nd lat="46.2973321" lon="12.3592562"/>
      <nd lat="46.2975832" lon="12.3591866"/>
      <nd lat="46.2978461" lon="12.3592275"/>
      <nd lat="46.2978958" lon="12.3592252"/>
      <nd lat="46.2980164" lon="12.3591757"/>
      <nd lat="46.2981909" lon="12.3591448"/>
      <nd lat="46.2984304" lon="12.3590668"/>
      <nd lat="46.2986054" lon="12.3590298"/>
      <nd lat="46.2989166" lon="12.3588884"/>
      <nd lat="46.2991755" lon="12.3589951"/>
      <nd lat="46.2992172" lon="12.3590022"/>
      <nd lat="46.2992590" lon="12.3589927"/>
      <nd lat="46.2993381" lon="12.3589253"/>
      <nd lat="46.2994183" lon="12.3588061"/>
      <nd lat="46.2995233" lon="12.3586057"/>
      <nd lat="46.2995865" lon="12.3584109"/>
      <nd lat="46.2996210" lon="12.3583635"/>
      <nd lat="46.2996519" lon="12.3583461"/>
      <nd lat="46.2997056" lon="12.3583582"/>
      <nd lat="46.2997930" lon="12.3584206"/>
      <nd lat="46.2998924" lon="12.3585424"/>
      <nd lat="46.2999715" lon="12.3586952"/>
      <nd lat="46.3001590" lon="12.3588849"/>
      <nd lat="46.3002131" lon="12.3589160"/>
    </member>
    <member type="way" ref="35550320" role="">
      <nd lat="46.3002131" lon="12.3589160"/>
      <nd lat="46.3002280" lon="12.3589184"/>
      <nd lat="46.3004288" lon="12.3589264"/>
      <nd lat="46.3004693" lon="12.3589593"/>
      <nd lat="46.3004943" lon="12.3590228"/>
      <nd lat="46.3005254" lon="12.3590351"/>
      <nd lat="46.3005813" lon="12.3590306"/>
      <nd lat="46.3007529" lon="12.3589875"/>
      <nd lat="46.3007959" lon="12.3589176"/>
      <nd lat="46.3008252" lon="12.3588695"/>
      <nd lat="46.3008734" lon="12.3588386"/>
      <nd lat="46.3009655" lon="12.3587749"/>
      <nd lat="46.3010439" lon="12.3587058"/>
      <nd lat="46.3010971" lon="12.3586317"/>
      <nd lat="46.3011694" lon="12.3585125"/>
      <nd lat="46.3012075" lon="12.3584865"/>
      <nd lat="46.3012571" lon="12.3584810"/>
      <nd lat="46.3013205" lon="12.3584746"/>
    </member>
    <member type="way" ref="136614999" role="">
      <nd lat="46.3013205" lon="12.3584746"/>
      <nd lat="46.3013994" lon="12.3584417"/>
      <nd lat="46.3015136" lon="12.3583232"/>
      <nd lat="46.3016028" lon="12.3582213"/>
      <nd lat="46.3018015" lon="12.3580263"/>
      <nd lat="46.3018720" lon="12.3579704"/>
      <nd lat="46.3019461" lon="12.3579456"/>
      <nd lat="46.3021833" lon="12.3578423"/>
      <nd lat="46.3023055" lon="12.3577777"/>
      <nd lat="46.3024126" lon="12.3577647"/>
      <nd lat="46.3024969" lon="12.3578081"/>
      <nd lat="46.3025884" lon="12.3579455"/>
      <nd lat="46.3026569" lon="12.3580090"/>
      <nd lat="46.3027439" lon="12.3580319"/>
      <nd lat="46.3028715" lon="12.3580740"/>
      <nd lat="46.3029627" lon="12.3582043"/>
      <nd lat="46.3030401" lon="12.3583523"/>
      <nd lat="46.3030993" lon="12.3584557"/>
      <nd lat="46.3031848" lon="12.3585485"/>
      <nd lat="46.3032876" lon="12.3586233"/>
      <nd lat="46.3033770" lon="12.3587002"/>
      <nd lat="46.3034417" lon="12.3587796"/>
      <nd lat="46.3034999" lon="12.3588832"/>
      <nd lat="46.3035825" lon="12.3591765"/>
      <nd lat="46.3036266" lon="12.3592603"/>
      <nd lat="46.3036910" lon="12.3593338"/>
      <nd lat="46.3038013" lon="12.3594237"/>
      <nd lat="46.3038586" lon="12.3594783"/>
      <nd lat="46.3038980" lon="12.3595395"/>
      <nd lat="46.3039385" lon="12.3596890"/>
      <nd lat="46.3039614" lon="12.3598096"/>
      <nd lat="46.3039815" lon="12.3599406"/>
      <nd lat="46.3040447" lon="12.3602410"/>
      <nd lat="46.3041165" lon="12.3605077"/>
      <nd lat="46.3041756" lon="12.3607807"/>
      <nd lat="46.3042515" lon="12.3609630"/>
      <nd lat="46.3042767" lon="12.3610760"/>
      <nd lat="46.3042797" lon="12.3611819"/>
      <nd lat="46.3042969" lon="12.3613061"/>
      <nd lat="46.3043381" lon="12.3614438"/>
      <nd lat="46.3043735" lon="12.3615554"/>
      <nd lat="46.3043895" lon="12.3616979"/>
      <nd lat="46.3044100" lon="12.3618057"/>
    </member>
    <member type="way" ref="136614930" role="">
      <nd lat="46.3057180" lon="12.3622106"/>
      <nd lat="46.3050299" lon="12.3620188"/>
      <nd lat="46.3044100" lon="12.3618057"/>
    </member>
    <member type="way" ref="131226399" role="">
      <nd lat="46.3057180" lon="12.3622106"/>
      <nd lat="46.3058005" lon="12.3621941"/>
      <nd lat="46.3058829" lon="12.3622008"/>
      <nd lat="46.3060335" lon="12.3622187"/>
      <nd lat="46.3061664" lon="12.3622169"/>
      <nd lat="46.3062998" lon="12.3621914"/>
      <nd lat="46.3064241" lon="12.3622106"/>
      <nd lat="46.3066234" lon="12.3622382"/>
      <nd lat="46.3068696" lon="12.3623309"/>
      <nd lat="46.3069931" lon="12.3624349"/>
      <nd lat="46.3075490" lon="12.3630307"/>
      <nd lat="46.3078829" lon="12.3633208"/>
      <nd lat="46.3080739" lon="12.3634520"/>
      <nd lat="46.3081629" lon="12.3635204"/>
      <nd lat="46.3082303" lon="12.3636023"/>
      <nd lat="46.3084103" lon="12.3638492"/>
      <nd lat="46.3084737" lon="12.3639226"/>
      <nd lat="46.3085452" lon="12.3639936"/>
    </member>
    <member type="way" ref="136615000" role="">
      <nd lat="46.3085452" lon="12.3639936"/>
      <nd lat="46.3086640" lon="12.3639978"/>
      <nd lat="46.3087474" lon="12.3640166"/>
      <nd lat="46.3088503" lon="12.3639978"/>
      <nd lat="46.3089827" lon="12.3640515"/>
      <nd lat="46.3091875" lon="12.3641266"/>
      <nd lat="46.3093598" lon="12.3642151"/>
      <nd lat="46.3094866" lon="12.3642300"/>
      <nd lat="46.3095802" lon="12.3643224"/>
      <nd lat="46.3096645" lon="12.3643479"/>
      <nd lat="46.3097099" lon="12.3643814"/>
      <nd lat="46.3098369" lon="12.3644109"/>
      <nd lat="46.3098656" lon="12.3644726"/>
      <nd lat="46.3099517" lon="12.3644726"/>
      <nd lat="46.3102409" lon="12.3646103"/>
      <nd lat="46.3104569" lon="12.3647115"/>
      <nd lat="46.3105742" lon="12.3647435"/>
      <nd lat="46.3106543" lon="12.3647462"/>
      <nd lat="46.3107587" lon="12.3647703"/>
      <nd lat="46.3108086" lon="12.3647596"/>
      <nd lat="46.3108383" lon="12.3647086"/>
      <nd lat="46.3108473" lon="12.3646413"/>
      <nd lat="46.3109381" lon="12.3644787"/>
      <nd lat="46.3110428" lon="12.3642639"/>
      <nd lat="46.3111535" lon="12.3640949"/>
      <nd lat="46.3112785" lon="12.3639954"/>
      <nd lat="46.3114897" lon="12.3638641"/>
      <nd lat="46.3116481" lon="12.3637811"/>
      <nd lat="46.3117405" lon="12.3637216"/>
      <nd lat="46.3118353" lon="12.3636374"/>
      <nd lat="46.3118933" lon="12.3635162"/>
      <nd lat="46.3120154" lon="12.3633860"/>
      <nd lat="46.3121431" lon="12.3632986"/>
      <nd lat="46.3122913" lon="12.3632246"/>
      <nd lat="46.3124466" lon="12.3631393"/>
      <nd lat="46.3126250" lon="12.3631287"/>
      <nd lat="46.3127438" lon="12.3630872"/>
      <nd lat="46.3128467" lon="12.3629555"/>
      <nd lat="46.3129499" lon="12.3627787"/>
      <nd lat="46.3130179" lon="12.3627198"/>
      <nd lat="46.3131046" lon="12.3626912"/>
      <nd lat="46.3131476" lon="12.3626876"/>
      <nd lat="46.3131968" lon="12.3626721"/>
      <nd lat="46.3133148" lon="12.3625527"/>
      <nd lat="46.3135411" lon="12.3623638"/>
      <nd lat="46.3136840" lon="12.3623510"/>
      <nd lat="46.3138335" lon="12.3622887"/>
      <nd lat="46.3138998" lon="12.3622544"/>
      <nd lat="46.3139248" lon="12.3622844"/>
      <nd lat="46.3139610" lon="12.3623804"/>
      <nd lat="46.3139785" lon="12.3624180"/>
      <nd lat="46.3140138" lon="12.3624453"/>
      <nd lat="46.3140573" lon="12.3623925"/>
      <nd lat="46.3140767" lon="12.3623402"/>
      <nd lat="46.3141027" lon="12.3622933"/>
      <nd lat="46.3141538" lon="12.3622647"/>
      <nd lat="46.3141939" lon="12.3623777"/>
      <nd lat="46.3142301" lon="12.3624916"/>
      <nd lat="46.3142852" lon="12.3625624"/>
      <nd lat="46.3143847" lon="12.3625388"/>
      <nd lat="46.3144837" lon="12.3625841"/>
      <nd lat="46.3146053" lon="12.3626105"/>
      <nd lat="46.3147574" lon="12.3625946"/>
      <nd lat="46.3148846" lon="12.3625321"/>
      <nd lat="46.3149991" lon="12.3625201"/>
      <nd lat="46.3151300" lon="12.3625294"/>
      <nd lat="46.3156224" lon="12.3625956"/>
      <nd lat="46.3156797" lon="12.3625721"/>
      <nd lat="46.3157344" lon="12.3625449"/>
      <nd lat="46.3158209" lon="12.3624593"/>
      <nd lat="46.3159045" lon="12.3623514"/>
      <nd lat="46.3160670" lon="12.3622327"/>
      <nd lat="46.3161453" lon="12.3621796"/>
      <nd lat="46.3162212" lon="12.3621675"/>
      <nd lat="46.3162492" lon="12.3622228"/>
      <nd lat="46.3162287" lon="12.3623539"/>
      <nd lat="46.3162347" lon="12.3625046"/>
      <nd lat="46.3163028" lon="12.3627867"/>
      <nd lat="46.3163024" lon="12.3629520"/>
      <nd lat="46.3162723" lon="12.3633653"/>
      <nd lat="46.3161849" lon="12.3638145"/>
      <nd lat="46.3160786" lon="12.3641818"/>
      <nd lat="46.3160450" lon="12.3643907"/>
      <nd lat="46.3159852" lon="12.3646731"/>
      <nd lat="46.3159514" lon="12.3647912"/>
      <nd lat="46.3159055" lon="12.3648947"/>
      <nd lat="46.3158788" lon="12.3649849"/>
      <nd lat="46.3158560" lon="12.3650847"/>
      <nd lat="46.3158531" lon="12.3651668"/>
      <nd lat="46.3158696" lon="12.3652839"/>
      <nd lat="46.3159040" lon="12.3653101"/>
      <nd lat="46.3159554" lon="12.3653167"/>
      <nd lat="46.3160259" lon="12.3652912"/>
      <nd lat="46.3161125" lon="12.3652189"/>
      <nd lat="46.3162162" lon="12.3651810"/>
      <nd lat="46.3162813" lon="12.3651139"/>
    </member>
    <member type="way" ref="34663791" role="">
      <nd lat="46.3162813" lon="12.3651139"/>
      <nd lat="46.3164139" lon="12.3651348"/>
      <nd lat="46.3165290" lon="12.3651301"/>
      <nd lat="46.3166552" lon="12.3651391"/>
      <nd lat="46.3167500" lon="12.3651678"/>
      <nd lat="46.3168181" lon="12.3651966"/>
      <nd lat="46.3168463" lon="12.3652085"/>
      <nd lat="46.3168774" lon="12.3652127"/>
      <nd lat="46.3168883" lon="12.3652295"/>
      <nd lat="46.3169339" lon="12.3652738"/>
      <nd lat="46.3169951" lon="12.3654338"/>
      <nd lat="46.3169993" lon="12.3656788"/>
      <nd lat="46.3171238" lon="12.3659686"/>
      <nd lat="46.3171484" lon="12.3660043"/>
      <nd lat="46.3172629" lon="12.3660827"/>
      <nd lat="46.3173548" lon="12.3661551"/>
      <nd lat="46.3174991" lon="12.3662957"/>
      <nd lat="46.3175512" lon="12.3663381"/>
      <nd lat="46.3176028" lon="12.3663505"/>
      <nd lat="46.3177087" lon="12.3663154"/>
      <nd lat="46.3178291" lon="12.3661714"/>
      <nd lat="46.3179283" lon="12.3660561"/>
      <nd lat="46.3180245" lon="12.3659418"/>
      <nd lat="46.3182504" lon="12.3657007"/>
      <nd lat="46.3183481" lon="12.3655662"/>
      <nd lat="46.3185453" lon="12.3653130"/>
      <nd lat="46.3186364" lon="12.3651246"/>
      <nd lat="46.3186779" lon="12.3648857"/>
      <nd lat="46.3186910" lon="12.3647238"/>
      <nd lat="46.3187364" lon="12.3645543"/>
      <nd lat="46.3187947" lon="12.3644035"/>
      <nd lat="46.3188189" lon="12.3642715"/>
      <nd lat="46.3189130" lon="12.3639312"/>
      <nd lat="46.3190326" lon="12.3637025"/>
      <nd lat="46.3191848" lon="12.3633486"/>
      <nd lat="46.3193909" lon="12.3631253"/>
      <nd lat="46.3194850" lon="12.3630495"/>
      <nd lat="46.3197138" lon="12.3629335"/>
      <nd lat="46.3198103" lon="12.3629183"/>
      <nd lat="46.3198623" lon="12.3628272"/>
      <nd lat="46.3199299" lon="12.3627498"/>
      <nd lat="46.3199668" lon="12.3627398"/>
      <nd lat="46.3199735" lon="12.3627380"/>
      <nd lat="46.3200098" lon="12.3627655"/>
      <nd lat="46.3200108" lon="12.3628104"/>
      <nd lat="46.3200200" lon="12.3630266"/>
      <nd lat="46.3200360" lon="12.3631099"/>
      <nd lat="46.3200871" lon="12.3632457"/>
      <nd lat="46.3200768" lon="12.3633491"/>
      <nd lat="46.3201478" lon="12.3634560"/>
      <nd lat="46.3202392" lon="12.3636111"/>
      <nd lat="46.3203527" lon="12.3636454"/>
      <nd lat="46.3206128" lon="12.3638508"/>
      <nd lat="46.3206533" lon="12.3639661"/>
      <nd lat="46.3206921" lon="12.3640309"/>
      <nd lat="46.3207429" lon="12.3641904"/>
      <nd lat="46.3207763" lon="12.3642875"/>
      <nd lat="46.3207785" lon="12.3643561"/>
      <nd lat="46.3207851" lon="12.3645320"/>
      <nd lat="46.3208999" lon="12.3647948"/>
      <nd lat="46.3209534" lon="12.3649084"/>
      <nd lat="46.3210037" lon="12.3650447"/>
      <nd lat="46.3210807" lon="12.3651810"/>
      <nd lat="46.3211430" lon="12.3652270"/>
      <nd lat="46.3211929" lon="12.3653177"/>
      <nd lat="46.3212178" lon="12.3653902"/>
      <nd lat="46.3211968" lon="12.3655066"/>
      <nd lat="46.3211975" lon="12.3656121"/>
      <nd lat="46.3212570" lon="12.3657182"/>
      <nd lat="46.3212813" lon="12.3658366"/>
      <nd lat="46.3213153" lon="12.3660256"/>
      <nd lat="46.3213106" lon="12.3662301"/>
      <nd lat="46.3213646" lon="12.3663378"/>
      <nd lat="46.3214226" lon="12.3663986"/>
      <nd lat="46.3215168" lon="12.3665265"/>
      <nd lat="46.3215616" lon="12.3665902"/>
      <nd lat="46.3216299" lon="12.3666215"/>
      <nd lat="46.3216799" lon="12.3666826"/>
      <nd lat="46.3217237" lon="12.3667366"/>
      <nd lat="46.3217857" lon="12.3667740"/>
      <nd lat="46.3218446" lon="12.3668472"/>
      <nd lat="46.3219151" lon="12.3669368"/>
      <nd lat="46.3219164" lon="12.3670075"/>
      <nd lat="46.3219072" lon="12.3671596"/>
      <nd lat="46.3219749" lon="12.3674873"/>
      <nd lat="46.3219187" lon="12.3676904"/>
      <nd lat="46.3219889" lon="12.3679096"/>
      <nd lat="46.3220023" lon="12.3680404"/>
      <nd lat="46.3219933" lon="12.3681709"/>
      <nd lat="46.3219465" lon="12.3682813"/>
      <nd lat="46.3218686" lon="12.3684173"/>
      <nd lat="46.3217976" lon="12.3685336"/>
      <nd lat="46.3217659" lon="12.3686015"/>
      <nd lat="46.3217031" lon="12.3687600"/>
      <nd lat="46.3216518" lon="12.3688378"/>
      <nd lat="46.3216293" lon="12.3689397"/>
      <nd lat="46.3216212" lon="12.3690874"/>
      <nd lat="46.3215665" lon="12.3692610"/>
      <nd lat="46.3215724" lon="12.3694410"/>
      <nd lat="46.3215886" lon="12.3695514"/>
      <nd lat="46.3215743" lon="12.3696772"/>
      <nd lat="46.3215983" lon="12.3697808"/>
      <nd lat="46.3216470" lon="12.3700500"/>
      <nd lat="46.3215697" lon="12.3703151"/>
      <nd lat="46.3215277" lon="12.3704030"/>
      <nd lat="46.3215054" lon="12.3704952"/>
      <nd lat="46.3214915" lon="12.3706132"/>
      <nd lat="46.3214912" lon="12.3707427"/>
      <nd lat="46.3215479" lon="12.3710786"/>
      <nd lat="46.3215437" lon="12.3712943"/>
      <nd lat="46.3215423" lon="12.3714909"/>
      <nd lat="46.3215498" lon="12.3716144"/>
      <nd lat="46.3215555" lon="12.3718951"/>
      <nd lat="46.3215492" lon="12.3720036"/>
      <nd lat="46.3215151" lon="12.3721792"/>
      <nd lat="46.3215197" lon="12.3724681"/>
      <nd lat="46.3214996" lon="12.3726752"/>
      <nd lat="46.3214645" lon="12.3728639"/>
      <nd lat="46.3214643" lon="12.3730376"/>
      <nd lat="46.3214765" lon="12.3731445"/>
      <nd lat="46.3214670" lon="12.3733182"/>
      <nd lat="46.3214491" lon="12.3735777"/>
      <nd lat="46.3214740" lon="12.3736617"/>
      <nd lat="46.3214953" lon="12.3737798"/>
      <nd lat="46.3215287" lon="12.3738844"/>
      <nd lat="46.3215638" lon="12.3739990"/>
      <nd lat="46.3216725" lon="12.3741110"/>
      <nd lat="46.3217436" lon="12.3742268"/>
      <nd lat="46.3218217" lon="12.3742936"/>
      <nd lat="46.3218852" lon="12.3743480"/>
      <nd lat="46.3219398" lon="12.3744210"/>
      <nd lat="46.3220097" lon="12.3745350"/>
      <nd lat="46.3220488" lon="12.3746789"/>
      <nd lat="46.3221091" lon="12.3747971"/>
      <nd lat="46.3221729" lon="12.3748895"/>
      <nd lat="46.3222758" lon="12.3749974"/>
      <nd lat="46.3224233" lon="12.3751931"/>
      <nd lat="46.3224699" lon="12.3754177"/>
      <nd lat="46.3225381" lon="12.3755884"/>
      <nd lat="46.3225691" lon="12.3757412"/>
      <nd lat="46.3225927" lon="12.3759117"/>
      <nd lat="46.3226473" lon="12.3761334"/>
      <nd lat="46.3227197" lon="12.3762859"/>
      <nd lat="46.3227770" lon="12.3763700"/>
      <nd lat="46.3228190" lon="12.3765083"/>
      <nd lat="46.3227913" lon="12.3766117"/>
      <nd lat="46.3227631" lon="12.3767240"/>
      <nd lat="46.3227245" lon="12.3769009"/>
      <nd lat="46.3227435" lon="12.3769999"/>
      <nd lat="46.3227720" lon="12.3770911"/>
      <nd lat="46.3228849" lon="12.3772739"/>
      <nd lat="46.3229501" lon="12.3774011"/>
      <nd lat="46.3230399" lon="12.3774451"/>
      <nd lat="46.3230976" lon="12.3775548"/>
      <nd lat="46.3231353" lon="12.3776717"/>
      <nd lat="46.3231333" lon="12.3777607"/>
      <nd lat="46.3231759" lon="12.3779750"/>
      <nd lat="46.3232140" lon="12.3781010"/>
      <nd lat="46.3232361" lon="12.3781712"/>
      <nd lat="46.3232763" lon="12.3782257"/>
      <nd lat="46.3233264" lon="12.3783238"/>
      <nd lat="46.3234067" lon="12.3783964"/>
      <nd lat="46.3234486" lon="12.3784606"/>
      <nd lat="46.3234707" lon="12.3785499"/>
      <nd lat="46.3235129" lon="12.3786591"/>
      <nd lat="46.3235199" lon="12.3787485"/>
      <nd lat="46.3235231" lon="12.3787885"/>
      <nd lat="46.3234703" lon="12.3788537"/>
      <nd lat="46.3233923" lon="12.3789151"/>
      <nd lat="46.3233342" lon="12.3789826"/>
      <nd lat="46.3232769" lon="12.3790719"/>
      <nd lat="46.3231322" lon="12.3792308"/>
      <nd lat="46.3231253" lon="12.3793313"/>
      <nd lat="46.3231077" lon="12.3794289"/>
      <nd lat="46.3229675" lon="12.3796797"/>
      <nd lat="46.3229491" lon="12.3799094"/>
      <nd lat="46.3228544" lon="12.3803564"/>
      <nd lat="46.3227880" lon="12.3804833"/>
      <nd lat="46.3227697" lon="12.3807313"/>
      <nd lat="46.3227200" lon="12.3808932"/>
      <nd lat="46.3227231" lon="12.3809963"/>
      <nd lat="46.3226932" lon="12.3811054"/>
      <nd lat="46.3226180" lon="12.3812352"/>
      <nd lat="46.3225577" lon="12.3813516"/>
      <nd lat="46.3225089" lon="12.3814864"/>
      <nd lat="46.3224179" lon="12.3816067"/>
      <nd lat="46.3223377" lon="12.3817126"/>
      <nd lat="46.3222575" lon="12.3819415"/>
      <nd lat="46.3221820" lon="12.3821293"/>
      <nd lat="46.3221088" lon="12.3823172"/>
      <nd lat="46.3220570" lon="12.3825119"/>
      <nd lat="46.3220070" lon="12.3827683"/>
      <nd lat="46.3219909" lon="12.3830071"/>
      <nd lat="46.3220074" lon="12.3832736"/>
      <nd lat="46.3220640" lon="12.3836117"/>
      <nd lat="46.3221702" lon="12.3838952"/>
      <nd lat="46.3222389" lon="12.3840197"/>
      <nd lat="46.3222386" lon="12.3841069"/>
      <nd lat="46.3222435" lon="12.3842183"/>
      <nd lat="46.3222751" lon="12.3843236"/>
      <nd lat="46.3223048" lon="12.3845674"/>
      <nd lat="46.3222899" lon="12.3849045"/>
      <nd lat="46.3222588" lon="12.3852409"/>
      <nd lat="46.3221642" lon="12.3854148"/>
    </member>
    <member type="way" ref="237524733" role="">
      <nd lat="46.3221642" lon="12.3854148"/>
      <nd lat="46.3221857" lon="12.3854839"/>
      <nd lat="46.3221944" lon="12.3856403"/>
      <nd lat="46.3221770" lon="12.3857083"/>
      <nd lat="46.3221313" lon="12.3857597"/>
      <nd lat="46.3221287" lon="12.3859938"/>
      <nd lat="46.3221409" lon="12.3860613"/>
      <nd lat="46.3221239" lon="12.3861239"/>
      <nd lat="46.3220972" lon="12.3861806"/>
      <nd lat="46.3220541" lon="12.3862567"/>
      <nd lat="46.3220129" lon="12.3862856"/>
      <nd lat="46.3220068" lon="12.3863259"/>
      <nd lat="46.3220270" lon="12.3863612"/>
      <nd lat="46.3221189" lon="12.3865179"/>
      <nd lat="46.3222118" lon="12.3866092"/>
      <nd lat="46.3223848" lon="12.3869080"/>
      <nd lat="46.3224207" lon="12.3869869"/>
      <nd lat="46.3224238" lon="12.3870301"/>
      <nd lat="46.3224257" lon="12.3870633"/>
      <nd lat="46.3224033" lon="12.3871260"/>
      <nd lat="46.3223184" lon="12.3871412"/>
      <nd lat="46.3222699" lon="12.3871892"/>
      <nd lat="46.3222189" lon="12.3872139"/>
      <nd lat="46.3219851" lon="12.3873062"/>
      <nd lat="46.3219225" lon="12.3873694"/>
      <nd lat="46.3218821" lon="12.3874646"/>
      <nd lat="46.3218281" lon="12.3875403"/>
      <nd lat="46.3217937" lon="12.3876236"/>
      <nd lat="46.3217719" lon="12.3877826"/>
      <nd lat="46.3218497" lon="12.3881967"/>
      <nd lat="46.3218620" lon="12.3883411"/>
      <nd lat="46.3218508" lon="12.3885481"/>
      <nd lat="46.3218578" lon="12.3886678"/>
      <nd lat="46.3218515" lon="12.3887213"/>
      <nd lat="46.3218270" lon="12.3888231"/>
      <nd lat="46.3218121" lon="12.3889832"/>
      <nd lat="46.3217581" lon="12.3891123"/>
      <nd lat="46.3216098" lon="12.3893221"/>
      <nd lat="46.3215508" lon="12.3894299"/>
      <nd lat="46.3215042" lon="12.3895689"/>
      <nd lat="46.3214771" lon="12.3896387"/>
      <nd lat="46.3214779" lon="12.3897622"/>
      <nd lat="46.3214823" lon="12.3898534"/>
      <nd lat="46.3214837" lon="12.3899025"/>
      <nd lat="46.3215079" lon="12.3900196"/>
      <nd lat="46.3214903" lon="12.3901232"/>
      <nd lat="46.3214533" lon="12.3902016"/>
      <nd lat="46.3214105" lon="12.3903128"/>
      <nd lat="46.3213746" lon="12.3904256"/>
      <nd lat="46.3213461" lon="12.3904623"/>
      <nd lat="46.3212849" lon="12.3905418"/>
      <nd lat="46.3212581" lon="12.3905808"/>
      <nd lat="46.3212060" lon="12.3906799"/>
      <nd lat="46.3212050" lon="12.3907213"/>
      <nd lat="46.3212201" lon="12.3908605"/>
      <nd lat="46.3212084" lon="12.3910063"/>
      <nd lat="46.3212244" lon="12.3911260"/>
      <nd lat="46.3212723" lon="12.3912712"/>
      <nd lat="46.3213548" lon="12.3915018"/>
      <nd lat="46.3213794" lon="12.3916767"/>
      <nd lat="46.3214132" lon="12.3917608"/>
      <nd lat="46.3214675" lon="12.3918672"/>
      <nd lat="46.3214853" lon="12.3919187"/>
      <nd lat="46.3215057" lon="12.3919733"/>
      <nd lat="46.3215145" lon="12.3920350"/>
      <nd lat="46.3215054" lon="12.3920882"/>
      <nd lat="46.3215010" lon="12.3921644"/>
      <nd lat="46.3215103" lon="12.3922442"/>
      <nd lat="46.3215369" lon="12.3923381"/>
      <nd lat="46.3215398" lon="12.3923855"/>
      <nd lat="46.3215312" lon="12.3924300"/>
      <nd lat="46.3214580" lon="12.3925107"/>
    </member>
    <tag k="cai_scale" v="E"/>
    <tag k="from" v="Erto (quota 790 m)"/>
    <tag k="network" v="lwn"/>
    <tag k="operator" v="Club Alpino Italiano"/>
    <tag k="osmc:symbol" v="red:red:white_stripe:381:black"/>
    <tag k="ref" v="381"/>
    <tag k="route" v="hiking"/>
    <tag k="source" v="survey:CAI"/>
    <tag k="to" v="Rifugio Maniago (quota 1730 m)"/>
    <tag k="type" v="route"/>
    <tag k="website" v="https://www.cai-fvg.it/sentieri-cai-fvg/settore-3-dolomiti-friulane-alpi-prealpi-carniche/s3-381"/>
  </relation>
</new>
</action>
<action type="modify">
<old>
  <relation id="1983029" version="19" timestamp="2026-09-13T03:59:52Z" changeset="188942934" uid="3538539" user="micheleOSM3"/>
</old>
<new>
  <relation id="1983029" version="20" timestamp="2026-10-01T04:02:11Z" changeset="189801744" uid="3538539" user="micheleOSM3">
    <bounds minlat="46.4118388" minlon="13.4326380" maxlat="46.4357903" maxlon="13.4475640"/>
    <member type="way" ref="493993866" role="">
      <nd lat="46.4118388" lon="13.4412720"/>
      <nd lat="46.4118953" lon="13.4413493"/>
      <nd lat="46.4119328" lon="13.4414296"/>
      <nd lat="46.4120448" lon="13.4416858"/>
      <nd lat="46.4120706" lon="13.4417456"/>
      <nd lat="46.4120964" lon="13.4418012"/>
      <nd lat="46.4121250" lon="13.4418843"/>
      <nd lat="46.4121391" lon="13.4418951"/>
      <nd lat="46.4121564" lon="13.4419363"/>
      <nd lat="46.4122200" lon="13.4420284"/>
      <nd lat="46.4122950" lon="13.4421297"/>
      <nd lat="46.4124494" lon="13.4422666"/>
      <nd lat="46.4124764" lon="13.4422996"/>
      <nd lat="46.4125063" lon="13.4423511"/>
      <nd lat="46.4125304" lon="13.4423985"/>
      <nd lat="46.4125639" lon="13.4424497"/>
      <nd lat="46.4125992" lon="13.4424902"/>
      <nd lat="46.4127109" lon="13.4426010"/>
      <nd lat="46.4127508" lon="13.4426325"/>
      <nd lat="46.4128064" lon="13.4426685"/>
      <nd lat="46.4128474" lon="13.4426871"/>
      <nd lat="46.4128957" lon="13.4427139"/>
      <nd lat="46.4129867" lon="13.4427201"/>
      <nd lat="46.4131106" lon="13.4427093"/>
      <nd lat="46.4131598" lon="13.4426976"/>
      <nd lat="46.4131950" lon="13.4427180"/>
      <nd lat="46.4132050" lon="13.4427647"/>
      <nd lat="46.4131910" lon="13.4428303"/>
      <nd lat="46.4131317" lon="13.4430212"/>
      <nd lat="46.4131130" lon="13.4430951"/>
      <nd lat="46.4130674" lon="13.4432749"/>
      <nd lat="46.4130091" lon="13.4435168"/>
      <nd lat="46.4129980" lon="13.4436072"/>
      <nd lat="46.4129930" lon="13.4436816"/>
      <nd lat="46.4129930" lon="13.4437413"/>
      <nd lat="46.4129890" lon="13.4438127"/>
      <nd lat="46.4129622" lon="13.4439701"/>
      <nd lat="46.4129226" lon="13.4441859"/>
      <nd lat="46.4129236" lon="13.4443288"/>
      <nd lat="46.4129287" lon="13.4443973"/>
      <nd lat="46.4129417" lon="13.4444920"/>
      <nd lat="46.4129657" lon="13.4445476"/>
      <nd lat="46.4130026" lon="13.4445863"/>
      <nd lat="46.4130236" lon="13.4445993"/>
      <nd lat="46.4130663" lon="13.4446206"/>
      <nd lat="46.4131679" lon="13.4446626"/>
      <nd lat="46.4132075" lon="13.4446671"/>
      <nd lat="46.4132442" lon="13.4446713"/>
      <nd lat="46.4133116" lon="13.4446626"/>
      <nd lat="46.4135437" lon="13.4446130"/>
      <nd lat="46.4136440" lon="13.4445707"/>
      <nd lat="46.4136854" lon="13.4445533"/>
      <nd lat="46.4138101" lon="13.4445081"/>
      <nd lat="46.4139506" lon="13.4444203"/>
      <nd lat="46.4140327" lon="13.4443865"/>
      <nd lat="46.4140791" lon="13.4443880"/>
      <nd lat="46.4140955" lon="13.4444004"/>
      <nd lat="46.4141313" lon="13.4444401"/>
      <nd lat="46.4143564" lon="13.4447593"/>
      <nd lat="46.4144623" lon="13.4448863"/>
      <nd lat="46.4144937" lon="13.4449333"/>
      <nd lat="46.4145186" lon="13.4449789"/>
      <nd lat="46.4145256" lon="13.4450474"/>
      <nd lat="46.4145146" lon="13.4452311"/>
      <nd lat="46.4144925" lon="13.4453842"/>
      <nd lat="46.4144824" lon="13.4454775"/>
      <nd lat="46.4144925" lon="13.4455372"/>
      <nd lat="46.4145206" lon="13.4456145"/>
      <nd lat="46.4145759" lon="13.4457078"/>
      <nd lat="46.4146121" lon="13.4457311"/>
      <nd lat="46.4146894" lon="13.4457340"/>
    </member>
    <member type="way" ref="892098040" role="">
      <nd lat="46.4146894" lon="13.4457340"/>
      <nd lat="46.4147417" lon="13.4457311"/>
      <nd lat="46.4148405" lon="13.4457458"/>
      <nd lat="46.4149588" lon="13.4458171"/>
      <nd lat="46.4150824" lon="13.4458535"/>
      <nd lat="46.4152241" lon="13.4459060"/>
      <nd lat="46.4154804" lon="13.4460512"/>
      <nd lat="46.4155306" lon="13.4460839"/>
      <nd lat="46.4158442" lon="13.4460751"/>
      <nd lat="46.4158683" lon="13.4460766"/>
      <nd lat="46.4158914" lon="13.4460941"/>
      <nd lat="46.4159004" lon="13.4461247"/>
      <nd lat="46.4159004" lon="13.4461567"/>
      <nd lat="46.4158793" lon="13.4461946"/>
      <nd lat="46.4157738" lon="13.4463171"/>
      <nd lat="46.4157296" lon="13.4463652"/>
      <nd lat="46.4156743" lon="13.4464906"/>
      <nd lat="46.4156107" lon="13.4465797"/>
      <nd lat="46.4155700" lon="13.4466327"/>
      <nd lat="46.4154996" lon="13.4466835"/>
      <nd lat="46.4154201" lon="13.4467238"/>
      <nd lat="46.4153678" lon="13.4467704"/>
      <nd lat="46.4153252" lon="13.4467898"/>
      <nd lat="46.4152835" lon="13.4468062"/>
      <nd lat="46.4152292" lon="13.4468204"/>
      <nd lat="46.4151770" lon="13.4468274"/>
      <nd lat="46.4150888" lon="13.4468230"/>
      <nd lat="46.4150432" lon="13.4468186"/>
      <nd lat="46.4149945" lon="13.4468214"/>
      <nd lat="46.4149236" lon="13.4468352"/>
      <nd lat="46.4148673" lon="13.4468623"/>
      <nd lat="46.4148308" lon="13.4468935"/>
      <nd lat="46.4148090" lon="13.4469220"/>
      <nd lat="46.4147879" lon="13.4469352"/>
    </member>
    <member type="way" ref="892098448" role="">
      <nd lat="46.4147879" lon="13.4469352"/>
      <nd lat="46.4148216" lon="13.4469900"/>
      <nd lat="46.4148638" lon="13.4470415"/>
      <nd lat="46.4149188" lon="13.4470665"/>
      <nd lat="46.4149746" lon="13.4470760"/>
      <nd lat="46.4150252" lon="13.4471189"/>
      <nd lat="46.4150636" lon="13.4471820"/>
      <nd lat="46.4151038" lon="13.4472227"/>
      <nd lat="46.4151402" lon="13.4472603"/>
      <nd lat="46.4151908" lon="13.4473378"/>
      <nd lat="46.4152274" lon="13.4473713"/>
      <nd lat="46.4152687" lon="13.4473917"/>
      <nd lat="46.4153601" lon="13.4474944"/>
      <nd lat="46.4153676" lon="13.4474977"/>
      <nd lat="46.4154024" lon="13.4474917"/>
      <nd lat="46.4154208" lon="13.4475023"/>
      <nd lat="46.4154374" lon="13.4475224"/>
      <nd lat="46.4154884" lon="13.4475450"/>
      <nd lat="46.4155837" lon="13.4475640"/>
      <nd lat="46.4156955" lon="13.4474984"/>
      <nd lat="46.4157216" lon="13.4474575"/>
      <nd lat="46.4157900" lon="13.4473832"/>
      <nd lat="46.4158550" lon="13.4473620"/>
      <nd lat="46.4159467" lon="13.4473161"/>
      <nd lat="46.4160271" lon="13.4472722"/>
      <nd lat="46.4160985" lon="13.4472141"/>
      <nd lat="46.4162295" lon="13.4471787"/>
      <nd lat="46.4163126" lon="13.4471343"/>
    </member>
    <member type="way" ref="34638752" role="">
      <nd lat="46.4163126" lon="13.4471343"/>
      <nd lat="46.4163761" lon="13.4469997"/>
      <nd lat="46.4164340" lon="13.4469053"/>
      <nd lat="46.4164952" lon="13.4468663"/>
      <nd lat="46.4166317" lon="13.4467546"/>
      <nd lat="46.4168630" lon="13.4464667"/>
      <nd lat="46.4173050" lon="13.4459889"/>
      <nd lat="46.4173854" lon="13.4457760"/>
      <nd lat="46.4174705" lon="13.4456464"/>
      <nd lat="46.4175177" lon="13.4455745"/>
      <nd lat="46.4176526" lon="13.4454528"/>
      <nd lat="46.4179055" lon="13.4452706"/>
      <nd lat="46.4180904" lon="13.4451373"/>
      <nd lat="46.4185509" lon="13.4448852"/>
      <nd lat="46.4186372" lon="13.4448209"/>
      <nd lat="46.4187500" lon="13.4446463"/>
      <nd lat="46.4189574" lon="13.4444480"/>
      <nd lat="46.4190395" lon="13.4443912"/>
      <nd lat="46.4194173" lon="13.4439724"/>
      <nd lat="46.4196899" lon="13.4437259"/>
      <nd lat="46.4197317" lon="13.4436409"/>
      <nd lat="46.4200229" lon="13.4432794"/>
      <nd lat="46.4201462" lon="13.4431806"/>
      <nd lat="46.4203843" lon="13.4430632"/>
      <nd lat="46.4206866" lon="13.4427892"/>
      <nd lat="46.4208013" lon="13.4426590"/>
      <nd lat="46.4208692" lon="13.4426688"/>
      <nd lat="46.4209359" lon="13.4426444"/>
      <nd lat="46.4211809" lon="13.4424750"/>
      <nd lat="46.4213334" lon="13.4424069"/>
      <nd lat="46.4214086" lon="13.4424015"/>
      <nd lat="46.4215794" lon="13.4420606"/>
      <nd lat="46.4216853" lon="13.4419933"/>
      <nd lat="46.4217948" lon="13.4418417"/>
      <nd lat="46.4219626" lon="13.4418653"/>
      <nd lat="46.4220437" lon="13.4417942"/>
      <nd lat="46.4221807" lon="13.4416217"/>
    </member>
    <member type="way" ref="506294105" role="">
      <nd lat="46.4221807" lon="13.4416217"/>
      <nd lat="46.4222802" lon="13.4416172"/>
      <nd lat="46.4223464" lon="13.4415192"/>
      <nd lat="46.4224152" lon="13.4414792"/>
      <nd lat="46.4225560" lon="13.4412549"/>
      <nd lat="46.4226311" lon="13.4411761"/>
      <nd lat="46.4227385" lon="13.4409157"/>
    </member>
    <member type="way" ref="506294106" role="">
      <nd lat="46.4227385" lon="13.4409157"/>
      <nd lat="46.4228687" lon="13.4407372"/>
      <nd lat="46.4229195" lon="13.4405704"/>
      <nd lat="46.4229517" lon="13.4405459"/>
      <nd lat="46.4229878" lon="13.4405550"/>
      <nd lat="46.4231381" lon="13.4405121"/>
      <nd lat="46.4234509" lon="13.4402685"/>
      <nd lat="46.4235100" lon="13.4402488"/>
      <nd lat="46.4236323" lon="13.4401345"/>
      <nd lat="46.4236474" lon="13.4400805"/>
      <nd lat="46.4238735" lon="13.4398870"/>
      <nd lat="46.4240025" lon="13.4396285"/>
      <nd lat="46.4240519" lon="13.4395736"/>
      <nd lat="46.4241230" lon="13.4394345"/>
      <nd lat="46.4241624" lon="13.4394224"/>
      <nd lat="46.4242190" lon="13.4393306"/>
      <nd lat="46.4242522" lon="13.4391637"/>
      <nd lat="46.4242530" lon="13.4390461"/>
      <nd lat="46.4242780" lon="13.4390016"/>
      <nd lat="46.4243851" lon="13.4389271"/>
      <nd lat="46.4244516" lon="13.4388391"/>
      <nd lat="46.4245368" lon="13.4385397"/>
      <nd lat="46.4245926" lon="13.4384792"/>
      <nd lat="46.4246809" lon="13.4382680"/>
      <nd lat="46.4248106" lon="13.4381072"/>
      <nd lat="46.4248730" lon="13.4380620"/>
      <nd lat="46.4248917" lon="13.4378713"/>
    </member>
    <member type="way" ref="362087156" role="">
      <nd lat="46.4248917" lon="13.4378713"/>
      <nd lat="46.4250164" lon="13.4378680"/>
      <nd lat="46.4250869" lon="13.4380088"/>
      <nd lat="46.4251302" lon="13.4380203"/>
      <nd lat="46.4253101" lon="13.4379329"/>
      <nd lat="46.4254430" lon="13.4377408"/>
      <nd lat="46.4255271" lon="13.4376708"/>
      <nd lat="46.4255664" lon="13.4377081"/>
      <nd lat="46.4256249" lon="13.4376722"/>
      <nd lat="46.4258004" lon="13.4374652"/>
      <nd lat="46.4258558" lon="13.4373792"/>
      <nd lat="46.4259638" lon="13.4371091"/>
      <nd lat="46.4259870" lon="13.4369954"/>
      <nd lat="46.4261262" lon="13.4369086"/>
      <nd lat="46.4261393" lon="13.4369875"/>
      <nd lat="46.4261864" lon="13.4370151"/>
      <nd lat="46.4262310" lon="13.4370324"/>
      <nd lat="46.4263517" lon="13.4370271"/>
      <nd lat="46.4263873" lon="13.4369390"/>
      <nd lat="46.4264418" lon="13.4369260"/>
      <nd lat="46.4264465" lon="13.4368776"/>
      <nd lat="46.4265294" lon="13.4367385"/>
      <nd lat="46.4265889" lon="13.4365290"/>
      <nd lat="46.4268106" lon="13.4361553"/>
      <nd lat="46.4268515" lon="13.4360454"/>
      <nd lat="46.4268656" lon="13.4358907"/>
      <nd lat="46.4269606" lon="13.4353266"/>
      <nd lat="46.4270633" lon="13.4351061"/>
      <nd lat="46.4271739" lon="13.4349244"/>
      <nd lat="46.4272323" lon="13.4349055"/>
      <nd lat="46.4272455" lon="13.4348221"/>
      <nd lat="46.4272247" lon="13.4347272"/>
      <nd lat="46.4272893" lon="13.4346041"/>
      <nd lat="46.4272913" lon="13.4345386"/>
      <nd lat="46.4273569" lon="13.4345835"/>
      <nd lat="46.4273782" lon="13.4344603"/>
      <nd lat="46.4276383" lon="13.4342839"/>
      <nd lat="46.4277690" lon="13.4342170"/>
      <nd lat="46.4277841" lon="13.4341886"/>
      <nd lat="46.4278399" lon="13.4341755"/>
      <nd lat="46.4278794" lon="13.4340808"/>
      <nd lat="46.4278766" lon="13.4339621"/>
      <nd lat="46.4279340" lon="13.4339761"/>
      <nd lat="46.4279466" lon="13.4339484"/>
      <nd lat="46.4279324" lon="13.4339187"/>
      <nd lat="46.4279360" lon="13.4338324"/>
      <nd lat="46.4279529" lon="13.4337743"/>
      <nd lat="46.4280484" lon="13.4336546"/>
      <nd lat="46.4280363" lon="13.4335470"/>
      <nd lat="46.4279721" lon="13.4335062"/>
      <nd lat="46.4279367" lon="13.4334481"/>
      <nd lat="46.4279544" lon="13.4334045"/>
      <nd lat="46.4281150" lon="13.4332409"/>
      <nd lat="46.4281228" lon="13.4331758"/>
      <nd lat="46.4283264" lon="13.4330889"/>
      <nd lat="46.4283757" lon="13.4331028"/>
      <nd lat="46.4284047" lon="13.4330407"/>
      <nd lat="46.4284412" lon="13.4330473"/>
      <nd lat="46.4285121" lon="13.4330169"/>
      <nd lat="46.4285416" lon="13.4329452"/>
      <nd lat="46.4285812" lon="13.4329554"/>
      <nd lat="46.4285906" lon="13.4329305"/>
      <nd lat="46.4286492" lon="13.4329367"/>
      <nd lat="46.4287701" lon="13.4330577"/>
      <nd lat="46.4288132" lon="13.4330574"/>
      <nd lat="46.4288420" lon="13.4331090"/>
      <nd lat="46.4289166" lon="13.4330807"/>
      <nd lat="46.4289235" lon="13.4331222"/>
      <nd lat="46.4289793" lon="13.4331315"/>
      <nd lat="46.4290420" lon="13.4330832"/>
      <nd lat="46.4290711" lon="13.4330995"/>
      <nd lat="46.4291736" lon="13.4330743"/>
      <nd lat="46.4292810" lon="13.4331089"/>
      <nd lat="46.4293520" lon="13.4330460"/>
      <nd lat="46.4294088" lon="13.4330585"/>
      <nd lat="46.4294417" lon="13.4330269"/>
      <nd lat="46.4294593" lon="13.4329523"/>
      <nd lat="46.4295267" lon="13.4328931"/>
      <nd lat="46.4295606" lon="13.4327361"/>
      <nd lat="46.4296094" lon="13.4326570"/>
      <nd lat="46.4296710" lon="13.4327033"/>
      <nd lat="46.4296979" lon="13.4326409"/>
      <nd lat="46.4297191" lon="13.4326572"/>
      <nd lat="46.4297453" lon="13.4326380"/>
      <nd lat="46.4298614" lon="13.4326568"/>
      <nd lat="46.4299261" lon="13.4327220"/>
      <nd lat="46.4300126" lon="13.4328471"/>
      <nd lat="46.4300351" lon="13.4329073"/>
      <nd lat="46.4301450" lon="13.4329980"/>
      <nd lat="46.4301623" lon="13.4330416"/>
      <nd lat="46.4302443" lon="13.4328120"/>
      <nd lat="46.4302617" lon="13.4328166"/>
      <nd lat="46.4302835" lon="13.4328740"/>
      <nd lat="46.4303147" lon="13.4328685"/>
      <nd lat="46.4304060" lon="13.4329566"/>
      <nd lat="46.4304519" lon="13.4328725"/>
      <nd lat="46.4304535" lon="13.4327610"/>
      <nd lat="46.4304772" lon="13.4326543"/>
      <nd lat="46.4305508" lon="13.4327542"/>
      <nd lat="46.4305747" lon="13.4327535"/>
      <nd lat="46.4306438" lon="13.4328188"/>
      <nd lat="46.4306703" lon="13.4328766"/>
      <nd lat="46.4306956" lon="13.4327802"/>
      <nd lat="46.4306969" lon="13.4326686"/>
      <nd lat="46.4308001" lon="13.4327089"/>
      <nd lat="46.4308428" lon="13.4327662"/>
      <nd lat="46.4308780" lon="13.4328091"/>
      <nd lat="46.4309223" lon="13.4328467"/>
      <nd lat="46.4310009" lon="13.4329593"/>
      <nd lat="46.4310323" lon="13.4329446"/>
      <nd lat="46.4310460" lon="13.4328802"/>
      <nd lat="46.4310403" lon="13.4327502"/>
      <nd lat="46.4311479" lon="13.4328502"/>
      <nd lat="46.4311991" lon="13.4330062"/>
      <nd lat="46.4312514" lon="13.4330615"/>
      <nd lat="46.4313074" lon="13.4332886"/>
      <nd lat="46.4313116" lon="13.4333920"/>
      <nd lat="46.4313912" lon="13.4336735"/>
    </member>
    <member type="way" ref="1524327452" role="">
      <nd lat="46.4313912" lon="13.4336735"/>
      <nd lat="46.4315192" lon="13.4340439"/>
      <nd lat="46.4316018" lon="13.4345530"/>
      <nd lat="46.4316095" lon="13.4347229"/>
      <nd lat="46.4316971" lon="13.4350484"/>
      <nd lat="46.4317110" lon="13.4353171"/>
      <nd lat="46.4317723" lon="13.4356353"/>
      <nd lat="46.4317823" lon="13.4358525"/>
      <nd lat="46.4318212" lon="13.4359731"/>
      <nd lat="46.4318424" lon="13.4361180"/>
      <nd lat="46.4318961" lon="13.4362590"/>
      <nd lat="46.4318974" lon="13.4363135"/>
      <nd lat="46.4319052" lon="13.4363539"/>
      <nd lat="46.4319292" lon="13.4363680"/>
      <nd lat="46.4319413" lon="13.4363949"/>
      <nd lat="46.4319284" lon="13.4364399"/>
    </member>
    <member type="way" ref="1530478188" role="">
      <nd lat="46.4319284" lon="13.4364399"/>
      <nd lat="46.4318959" lon="13.4364626"/>
      <nd lat="46.4318055" lon="13.4365233"/>
      <nd lat="46.4317647" lon="13.4366283"/>
      <nd lat="46.4317564" lon="13.4366512"/>
    </member>
    <member type="way" ref="1524327453" role="">
      <nd lat="46.4317564" lon="13.4366512"/>
      <nd lat="46.4317406" lon="13.4366950"/>
      <nd lat="46.4317543" lon="13.4367326"/>
      <nd lat="46.4317600" lon="13.4368081"/>
    </member>
    <member type="way" ref="1524339944" role="">
      <nd lat="46.4317600" lon="13.4368081"/>
      <nd lat="46.4317623" lon="13.4368394"/>
      <nd lat="46.4317799" lon="13.4369261"/>
      <nd lat="46.4317740" lon="13.4370275"/>
    </member>
    <member type="way" ref="1524339945" role="">
      <nd lat="46.4317740" lon="13.4370275"/>
      <nd lat="46.4317710" lon="13.4370799"/>
      <nd lat="46.4317745" lon="13.4371056"/>
    </member>
    <member type="way" ref="1524339946" role="">
      <nd lat="46.4317745" lon="13.4371056"/>
      <nd lat="46.4318033" lon="13.4373165"/>
      <nd lat="46.4318638" lon="13.4371891"/>
      <nd lat="46.4318931" lon="13.4371976"/>
      <nd lat="46.4319200" lon="13.4373097"/>
      <nd lat="46.4319468" lon="13.4373188"/>
      <nd lat="46.4319874" lon="13.4372165"/>
      <nd lat="46.4320077" lon="13.4372131"/>
    </member>
    <member type="way" ref="1524339947" role="">
      <nd lat="46.4320077" lon="13.4372131"/>
      <nd lat="46.4320280" lon="13.4372096"/>
      <nd lat="46.4320518" lon="13.4371761"/>
    </member>
    <member type="way" ref="362086079" role="">
      <nd lat="46.4320518" lon="13.4371761"/>
      <nd lat="46.4320743" lon="13.4371859"/>
      <nd lat="46.4320880" lon="13.4372715"/>
      <nd lat="46.4320839" lon="13.4374010"/>
      <nd lat="46.4321615" lon="13.4375035"/>
      <nd lat="46.4321864" lon="13.4375672"/>
      <nd lat="46.4321787" lon="13.4379422"/>
      <nd lat="46.4321479" lon="13.4383354"/>
      <nd lat="46.4321332" lon="13.4385782"/>
      <nd lat="46.4321605" lon="13.4387241"/>
      <nd lat="46.4321553" lon="13.4390703"/>
      <nd lat="46.4321974" lon="13.4391888"/>
      <nd lat="46.4322316" lon="13.4392666"/>
      <nd lat="46.4322326" lon="13.4393604"/>
      <nd lat="46.4322053" lon="13.4394288"/>
      <nd lat="46.4321942" lon="13.4395582"/>
      <nd lat="46.4321646" lon="13.4396414"/>
      <nd lat="46.4321757" lon="13.4397219"/>
      <nd lat="46.4321776" lon="13.4398533"/>
      <nd lat="46.4321794" lon="13.4399016"/>
      <nd lat="46.4321387" lon="13.4399928"/>
      <nd lat="46.4321461" lon="13.4400759"/>
      <nd lat="46.4321646" lon="13.4402020"/>
      <nd lat="46.4321868" lon="13.4402979"/>
    </member>
    <member type="way" ref="621762283" role="">
      <nd lat="46.4321868" lon="13.4402979"/>
      <nd lat="46.4322219" lon="13.4403089"/>
      <nd lat="46.4322534" lon="13.4402798"/>
      <nd lat="46.4322996" lon="13.4402798"/>
      <nd lat="46.4323365" lon="13.4402637"/>
      <nd lat="46.4323791" lon="13.4402181"/>
      <nd lat="46.4324160" lon="13.4401671"/>
      <nd lat="46.4324900" lon="13.4400947"/>
      <nd lat="46.4325140" lon="13.4400303"/>
      <nd lat="46.4325380" lon="13.4399981"/>
      <nd lat="46.4325772" lon="13.4399987"/>
      <nd lat="46.4326915" lon="13.4399780"/>
      <nd lat="46.4328176" lon="13.4398803"/>
      <nd lat="46.4329348" lon="13.4398035"/>
      <nd lat="46.4330085" lon="13.4396516"/>
      <nd lat="46.4330721" lon="13.4395093"/>
      <nd lat="46.4331132" lon="13.4393622"/>
      <nd lat="46.4331548" lon="13.4392674"/>
      <nd lat="46.4332298" lon="13.4392165"/>
      <nd lat="46.4332830" lon="13.4392021"/>
      <nd lat="46.4333225" lon="13.4392277"/>
      <nd lat="46.4334186" lon="13.4394157"/>
      <nd lat="46.4335428" lon="13.4395374"/>
      <nd lat="46.4336085" lon="13.4396528"/>
      <nd lat="46.4336219" lon="13.4397869"/>
    </member>
    <member type="way" ref="264885258" role="">
      <nd lat="46.4336219" lon="13.4397869"/>
      <nd lat="46.4336950" lon="13.4397739"/>
      <nd lat="46.4337468" lon="13.4398149"/>
      <nd lat="46.4337746" lon="13.4397866"/>
      <nd lat="46.4337958" lon="13.4397625"/>
      <nd lat="46.4338355" lon="13.4397574"/>
      <nd lat="46.4338434" lon="13.4397246"/>
      <nd lat="46.4338436" lon="13.4396907"/>
      <nd lat="46.4338385" lon="13.4396554"/>
    </member>
    <member type="way" ref="439446850" role="">
      <nd lat="46.4338385" lon="13.4396554"/>
      <nd lat="46.4338887" lon="13.4396388"/>
      <nd lat="46.4339018" lon="13.4396156"/>
      <nd lat="46.4339256" lon="13.4396224"/>
      <nd lat="46.4339682" lon="13.4396152"/>
      <nd lat="46.4340241" lon="13.4396020"/>
      <nd lat="46.4341169" lon="13.4395790"/>
    </member>
    <member type="way" ref="264885257" role="">
      <nd lat="46.4341169" lon="13.4395790"/>
      <nd lat="46.4341174" lon="13.4395080"/>
      <nd lat="46.4341345" lon="13.4394242"/>
      <nd lat="46.4341737" lon="13.4393487"/>
      <nd lat="46.4342458" lon="13.4393085"/>
      <nd lat="46.4343027" lon="13.4392333"/>
      <nd lat="46.4343725" lon="13.4391703"/>
      <nd lat="46.4344113" lon="13.4391696"/>
    </member>
    <member type="way" ref="1563969329" role="">
      <nd lat="46.4344113" lon="13.4391696"/>
      <nd lat="46.4343931" lon="13.4391159"/>
    </member>
    <member type="way" ref="1524326853" role="">
      <nd lat="46.4343931" lon="13.4391159"/>
      <nd lat="46.4343905" lon="13.4391076"/>
      <nd lat="46.4343951" lon="13.4390634"/>
      <nd lat="46.4344219" lon="13.4390513"/>
      <nd lat="46.4344469" lon="13.4390392"/>
      <nd lat="46.4344792" lon="13.4390298"/>
      <nd lat="46.4344894" lon="13.4389963"/>
      <nd lat="46.4344986" lon="13.4389695"/>
      <nd lat="46.4345125" lon="13.4389480"/>
      <nd lat="46.4345245" lon="13.4389078"/>
      <nd lat="46.4345208" lon="13.4388770"/>
      <nd lat="46.4344995" lon="13.4388354"/>
      <nd lat="46.4345394" lon="13.4385996"/>
      <nd lat="46.4346536" lon="13.4383185"/>
    </member>
    <member type="way" ref="1524326854" role="">
      <nd lat="46.4346536" lon="13.4383185"/>
      <nd lat="46.4346663" lon="13.4382872"/>
      <nd lat="46.4346754" lon="13.4381266"/>
      <nd lat="46.4346634" lon="13.4380240"/>
      <nd lat="46.4346501" lon="13.4379670"/>
    </member>
    <member type="way" ref="847601976" role="">
      <nd lat="46.4346501" lon="13.4379670"/>
      <nd lat="46.4346474" lon="13.4379556"/>
      <nd lat="46.4346317" lon="13.4379020"/>
      <nd lat="46.4346400" lon="13.4378497"/>
      <nd lat="46.4346567" lon="13.4378094"/>
      <nd lat="46.4346724" lon="13.4377692"/>
      <nd lat="46.4346779" lon="13.4376901"/>
      <nd lat="46.4346770" lon="13.4376270"/>
      <nd lat="46.4346890" lon="13.4375868"/>
      <nd lat="46.4347057" lon="13.4375640"/>
      <nd lat="46.4347315" lon="13.4375090"/>
      <nd lat="46.4347445" lon="13.4374728"/>
      <nd lat="46.4347509" lon="13.4374084"/>
      <nd lat="46.4347648" lon="13.4373749"/>
      <nd lat="46.4347972" lon="13.4373468"/>
      <nd lat="46.4348230" lon="13.4373307"/>
      <nd lat="46.4348424" lon="13.4372918"/>
      <nd lat="46.4348803" lon="13.4372717"/>
      <nd lat="46.4349330" lon="13.4372220"/>
      <nd lat="46.4349900" lon="13.4371410"/>
      <nd lat="46.4350033" lon="13.4370960"/>
      <nd lat="46.4350107" lon="13.4369954"/>
      <nd lat="46.4350268" lon="13.4369374"/>
      <nd lat="46.4350333" lon="13.4369129"/>
      <nd lat="46.4350467" lon="13.4368583"/>
      <nd lat="46.4350467" lon="13.4367721"/>
      <nd lat="46.4350583" lon="13.4366940"/>
      <nd lat="46.4350906" lon="13.4366286"/>
      <nd lat="46.4351696" lon="13.4364963"/>
      <nd lat="46.4351931" lon="13.4364316"/>
      <nd lat="46.4352078" lon="13.4363701"/>
      <nd lat="46.4351985" lon="13.4363228"/>
      <nd lat="46.4352023" lon="13.4362183"/>
      <nd lat="46.4352059" lon="13.4361864"/>
      <nd lat="46.4352138" lon="13.4361508"/>
      <nd lat="46.4352256" lon="13.4361190"/>
      <nd lat="46.4352302" lon="13.4360687"/>
      <nd lat="46.4352434" lon="13.4359038"/>
      <nd lat="46.4353474" lon="13.4356890"/>
      <nd lat="46.4353582" lon="13.4356529"/>
      <nd lat="46.4353577" lon="13.4355986"/>
      <nd lat="46.4353476" lon="13.4355644"/>
      <nd lat="46.4353397" lon="13.4355175"/>
      <nd lat="46.4353657" lon="13.4354575"/>
      <nd lat="46.4353746" lon="13.4354216"/>
      <nd lat="46.4353677" lon="13.4353653"/>
      <nd lat="46.4354253" lon="13.4352595"/>
      <nd lat="46.4354585" lon="13.4351809"/>
      <nd lat="46.4355301" lon="13.4350807"/>
    </member>
    <member type="way" ref="1524326851" role="">
      <nd lat="46.4355301" lon="13.4350807"/>
      <nd lat="46.4355383" lon="13.4350692"/>
      <nd lat="46.4355569" lon="13.4350334"/>
      <nd lat="46.4355602" lon="13.4350150"/>
    </member>
    <member type="way" ref="1524326852" role="">
      <nd lat="46.4355602" lon="13.4350150"/>
      <nd lat="46.4355634" lon="13.4349965"/>
      <nd lat="46.4355440" lon="13.4349643"/>
    </member>
    <member type="way" ref="1493251070" role="">
      <nd lat="46.4355440" lon="13.4349643"/>
      <nd lat="46.4355370" lon="13.4349415"/>
      <nd lat="46.4355597" lon="13.4349140"/>
      <nd lat="46.4355839" lon="13.4348473"/>
    </member>
    <member type="way" ref="1493251069" role="">
      <nd lat="46.4355839" lon="13.4348473"/>
      <nd lat="46.4356082" lon="13.4347806"/>
      <nd lat="46.4356110" lon="13.4347316"/>
      <nd lat="46.4356262" lon="13.4347068"/>
      <nd lat="46.4356595" lon="13.4346572"/>
      <nd lat="46.4356937" lon="13.4345593"/>
      <nd lat="46.4357283" lon="13.4345164"/>
      <nd lat="46.4357598" lon="13.4345029"/>
      <nd lat="46.4357713" lon="13.4344654"/>
      <nd lat="46.4357903" lon="13.4344084"/>
      <nd lat="46.4357870" lon="13.4343588"/>
      <nd lat="46.4357755" lon="13.4342126"/>
      <nd lat="46.4357777" lon="13.4341359"/>
      <nd lat="46.4357866" lon="13.4340765"/>
      <nd lat="46.4357489" lon="13.4338835"/>
    </member>
    <tag k="description" v="Il sentiero include la scala Pipan e tratti ferrati"/>
    <tag k="name" v="Via normale al Montasio"/>
    <tag k="network" v="rwn"/>
    <tag k="note" v="Il sentiero comprende tratti attrezzati tratti ferrati e la Scala Pipan"/>
    <tag k="operator" v="Club Alpino Italiano"/>
    <tag k="route" v="hiking"/>
    <tag k="type" v="route"/>
    <tag k="website" v="https://www.cai-fvg.it/sentieri-cai-fvg/settore-6-alpi-giulie/via-normale-al-montasio-scala-pipan/"/>
  </relation>
</new>
</action>
<action type="modify">
<old>
  <relation id="3200472" version="19" timestamp="2026-03-09T15:06:34Z" changeset="179590056" uid="2815652" user="gion274">
    <bounds minlat="46.2682152" minlon="12.3201144" maxlat="46.2856258" maxlon="12.4008334"/>
    <member type="node" ref="10773534937" role="guidepost" lat="46.2720192" lon="12.3318569"/>
    <member type="node" ref="10773534936" role="guidepost" lat="46.2719089" lon="12.3319488"/>
    <member type="node" ref="10775234339" role="guidepost" lat="46.2720804" lon="12.3321245"/>
    <member type="node" ref="10775234338" role="guidepost" lat="46.2715214" lon="12.3333898"/>
    <member type="way" ref="1214067218" role="">
      <nd lat="46.2690119" lon="12.3310975"/>
      <nd lat="46.2690681" lon="12.3310559"/>
      <nd lat="46.2691064" lon="12.3310275"/>
    </member>
    <member type="way" ref="136614954" role="">
      <nd lat="46.2691064" lon="12.3310275"/>
      <nd lat="46.2691222" lon="12.3310047"/>
      <nd lat="46.2691275" lon="12.3309716"/>
      <nd lat="46.2691615" lon="12.3306902"/>
      <nd lat="46.2691753" lon="12.3304992"/>
      <nd lat="46.2691631" lon="12.3303118"/>
      <nd lat="46.2691370" lon="12.3301379"/>
      <nd lat="46.2690778" lon="12.3299764"/>
      <nd lat="46.2689805" lon="12.3299137"/>
      <nd lat="46.2687425" lon="12.3297609"/>
      <nd lat="46.2687215" lon="12.3296847"/>
      <nd lat="46.2687106" lon="12.3295808"/>
      <nd lat="46.2686989" lon="12.3293250"/>
      <nd lat="46.2687155" lon="12.3290884"/>
      <nd lat="46.2687072" lon="12.3289118"/>
      <nd lat="46.2686847" lon="12.3287436"/>
      <nd lat="46.2686766" lon="12.3285844"/>
      <nd lat="46.2687283" lon="12.3286006"/>
      <nd lat="46.2687633" lon="12.3286183"/>
      <nd lat="46.2687906" lon="12.3286675"/>
      <nd lat="46.2688259" lon="12.3286725"/>
      <nd lat="46.2688427" lon="12.3286202"/>
      <nd lat="46.2688432" lon="12.3285516"/>
      <nd lat="46.2688258" lon="12.3284629"/>
      <nd lat="46.2688299" lon="12.3284110"/>
      <nd lat="46.2688584" lon="12.3283790"/>
      <nd lat="46.2689254" lon="12.3283091"/>
      <nd lat="46.2689156" lon="12.3282324"/>
      <nd lat="46.2688814" lon="12.3281643"/>
      <nd lat="46.2688429" lon="12.3281167"/>
      <nd lat="46.2688335" lon="12.3280366"/>
      <nd lat="46.2688427" lon="12.3279781"/>
      <nd lat="46.2688852" lon="12.3278425"/>
      <nd lat="46.2688841" lon="12.3277266"/>
      <nd lat="46.2688487" lon="12.3275814"/>
      <nd lat="46.2687542" lon="12.3273903"/>
      <nd lat="46.2685886" lon="12.3271326"/>
      <nd lat="46.2684962" lon="12.3266922"/>
      <nd lat="46.2684759" lon="12.3265631"/>
      <nd lat="46.2684632" lon="12.3264721"/>
      <nd lat="46.2684111" lon="12.3263965"/>
      <nd lat="46.2683660" lon="12.3262174"/>
      <nd lat="46.2683579" lon="12.3260815"/>
      <nd lat="46.2683738" lon="12.3260479"/>
      <nd lat="46.2684377" lon="12.3261124"/>
      <nd lat="46.2684927" lon="12.3262069"/>
      <nd lat="46.2685045" lon="12.3261475"/>
      <nd lat="46.2684857" lon="12.3260229"/>
      <nd lat="46.2684397" lon="12.3259166"/>
      <nd lat="46.2684233" lon="12.3256349"/>
      <nd lat="46.2684070" lon="12.3254705"/>
      <nd lat="46.2683668" lon="12.3253195"/>
      <nd lat="46.2683508" lon="12.3252148"/>
      <nd lat="46.2683422" lon="12.3250065"/>
      <nd lat="46.2682967" lon="12.3245240"/>
      <nd lat="46.2682560" lon="12.3241456"/>
      <nd lat="46.2682356" lon="12.3238580"/>
      <nd lat="46.2682152" lon="12.3236555"/>
      <nd lat="46.2682172" lon="12.3234982"/>
      <nd lat="46.2682316" lon="12.3233968"/>
      <nd lat="46.2682362" lon="12.3232224"/>
      <nd lat="46.2682496" lon="12.3230001"/>
      <nd lat="46.2683011" lon="12.3227745"/>
      <nd lat="46.2683819" lon="12.3225493"/>
      <nd lat="46.2684024" lon="12.3223940"/>
      <nd lat="46.2684112" lon="12.3221655"/>
      <nd lat="46.2684168" lon="12.3220608"/>
      <nd lat="46.2685004" lon="12.3219222"/>
      <nd lat="46.2685150" lon="12.3218570"/>
      <nd lat="46.2685245" lon="12.3217506"/>
      <nd lat="46.2685707" lon="12.3216585"/>
      <nd lat="46.2686356" lon="12.3215566"/>
      <nd lat="46.2686967" lon="12.3213796"/>
      <nd lat="46.2687338" lon="12.3212025"/>
      <nd lat="46.2687406" lon="12.3210578"/>
      <nd lat="46.2688686" lon="12.3209674"/>
      <nd lat="46.2689190" lon="12.3208362"/>
      <nd lat="46.2689738" lon="12.3207754"/>
      <nd lat="46.2690471" lon="12.3205311"/>
      <nd lat="46.2691133" lon="12.3204608"/>
      <nd lat="46.2691478" lon="12.3204103"/>
      <nd lat="46.2691748" lon="12.3202771"/>
      <nd lat="46.2692163" lon="12.3202315"/>
      <nd lat="46.2692484" lon="12.3202204"/>
      <nd lat="46.2693373" lon="12.3202070"/>
      <nd lat="46.2694194" lon="12.3201623"/>
      <nd lat="46.2696127" lon="12.3201144"/>
      <nd lat="46.2696275" lon="12.3201411"/>
    </member>
    <member type="way" ref="481549315" role="">
      <nd lat="46.2696275" lon="12.3201411"/>
      <nd lat="46.2696342" lon="12.3201911"/>
      <nd lat="46.2696155" lon="12.3202832"/>
      <nd lat="46.2695765" lon="12.3203597"/>
      <nd lat="46.2695496" lon="12.3204146"/>
      <nd lat="46.2695330" lon="12.3204710"/>
      <nd lat="46.2695274" lon="12.3205380"/>
      <nd lat="46.2695422" lon="12.3205850"/>
      <nd lat="46.2695839" lon="12.3206399"/>
      <nd lat="46.2696127" lon="12.3206802"/>
      <nd lat="46.2696498" lon="12.3207593"/>
      <nd lat="46.2696618" lon="12.3208022"/>
      <nd lat="46.2696488" lon="12.3209176"/>
      <nd lat="46.2696390" lon="12.3210632"/>
      <nd lat="46.2696168" lon="12.3211349"/>
      <nd lat="46.2695744" lon="12.3213004"/>
      <nd lat="46.2695042" lon="12.3215050"/>
      <nd lat="46.2694356" lon="12.3217916"/>
      <nd lat="46.2694080" lon="12.3218285"/>
      <nd lat="46.2693953" lon="12.3219436"/>
      <nd lat="46.2693488" lon="12.3222714"/>
      <nd lat="46.2693523" lon="12.3226101"/>
      <nd lat="46.2693356" lon="12.3227862"/>
      <nd lat="46.2693500" lon="12.3230000"/>
      <nd lat="46.2693559" lon="12.3232987"/>
      <nd lat="46.2693392" lon="12.3243561"/>
      <nd lat="46.2693846" lon="12.3246029"/>
      <nd lat="46.2694000" lon="12.3247330"/>
      <nd lat="46.2694421" lon="12.3248269"/>
      <nd lat="46.2694830" lon="12.3250670"/>
      <nd lat="46.2694903" lon="12.3255189"/>
      <nd lat="46.2694801" lon="12.3257858"/>
      <nd lat="46.2694931" lon="12.3259078"/>
      <nd lat="46.2695170" lon="12.3260330"/>
      <nd lat="46.2695441" lon="12.3261707"/>
      <nd lat="46.2696118" lon="12.3263061"/>
      <nd lat="46.2696500" lon="12.3263670"/>
      <nd lat="46.2697008" lon="12.3264831"/>
      <nd lat="46.2697313" lon="12.3265475"/>
      <nd lat="46.2697656" lon="12.3265985"/>
      <nd lat="46.2698509" lon="12.3266427"/>
      <nd lat="46.2699265" lon="12.3266707"/>
      <nd lat="46.2699742" lon="12.3266897"/>
      <nd lat="46.2700342" lon="12.3267344"/>
      <nd lat="46.2701328" lon="12.3267929"/>
      <nd lat="46.2702220" lon="12.3268449"/>
      <nd lat="46.2703024" lon="12.3268573"/>
      <nd lat="46.2703692" lon="12.3268493"/>
      <nd lat="46.2704053" lon="12.3268506"/>
      <nd lat="46.2704405" lon="12.3268841"/>
      <nd lat="46.2704628" lon="12.3269445"/>
      <nd lat="46.2704776" lon="12.3270491"/>
      <nd lat="46.2704952" lon="12.3271363"/>
      <nd lat="46.2705453" lon="12.3272449"/>
      <nd lat="46.2706334" lon="12.3274018"/>
      <nd lat="46.2706881" lon="12.3275024"/>
      <nd lat="46.2707382" lon="12.3276176"/>
      <nd lat="46.2708067" lon="12.3277800"/>
      <nd lat="46.2708651" lon="12.3279637"/>
      <nd lat="46.2708855" lon="12.3281837"/>
      <nd lat="46.2709004" lon="12.3285645"/>
      <nd lat="46.2709115" lon="12.3287563"/>
      <nd lat="46.2709135" lon="12.3288612"/>
      <nd lat="46.2709495" lon="12.3290098"/>
      <nd lat="46.2709767" lon="12.3291698"/>
      <nd lat="46.2712265" lon="12.3298519"/>
    </member>
    <member type="way" ref="1158665628" role="">
      <nd lat="46.2712265" lon="12.3298519"/>
      <nd lat="46.2712238" lon="12.3299022"/>
      <nd lat="46.2712477" lon="12.3299685"/>
      <nd lat="46.2712725" lon="12.3300308"/>
      <nd lat="46.2713255" lon="12.3301123"/>
      <nd lat="46.2713950" lon="12.3301743"/>
      <nd lat="46.2714555" lon="12.3302416"/>
      <nd lat="46.2715744" lon="12.3304023"/>
      <nd lat="46.2716192" lon="12.3304671"/>
      <nd lat="46.2716455" lon="12.3305187"/>
      <nd lat="46.2716619" lon="12.3305711"/>
      <nd lat="46.2716617" lon="12.3306173"/>
    </member>
    <member type="way" ref="236732835" role="">
      <nd lat="46.2717339" lon="12.3307847"/>
      <nd lat="46.2716863" lon="12.3306591"/>
      <nd lat="46.2716617" lon="12.3306173"/>
    </member>
    <member type="way" ref="236732833" role="">
      <nd lat="46.2720161" lon="12.3318838"/>
      <nd lat="46.2720053" lon="12.3318747"/>
      <nd lat="46.2719707" lon="12.3318033"/>
      <nd lat="46.2719512" lon="12.3317682"/>
      <nd lat="46.2719383" lon="12.3317356"/>
      <nd lat="46.2718467" lon="12.3314372"/>
      <nd lat="46.2718264" lon="12.3313768"/>
      <nd lat="46.2718145" lon="12.3313027"/>
      <nd lat="46.2718180" lon="12.3312511"/>
      <nd lat="46.2718136" lon="12.3312041"/>
      <nd lat="46.2717756" lon="12.3309882"/>
      <nd lat="46.2717550" lon="12.3308946"/>
      <nd lat="46.2717471" lon="12.3308589"/>
      <nd lat="46.2717339" lon="12.3307847"/>
    </member>
    <member type="way" ref="236072831" role="">
      <nd lat="46.2720161" lon="12.3318838"/>
      <nd lat="46.2720033" lon="12.3319094"/>
      <nd lat="46.2719859" lon="12.3319198"/>
      <nd lat="46.2719600" lon="12.3319481"/>
      <nd lat="46.2719386" lon="12.3319610"/>
      <nd lat="46.2719050" lon="12.3319617"/>
    </member>
    <member type="way" ref="1158665627" role="">
      <nd lat="46.2720645" lon="12.3320962"/>
      <nd lat="46.2720352" lon="12.3320757"/>
      <nd lat="46.2719240" lon="12.3320087"/>
      <nd lat="46.2719050" lon="12.3319617"/>
    </member>
    <member type="way" ref="1158467758" role="">
      <nd lat="46.2720752" lon="12.3324527"/>
      <nd lat="46.2720567" lon="12.3323773"/>
      <nd lat="46.2720271" lon="12.3323478"/>
      <nd lat="46.2720127" lon="12.3323169"/>
      <nd lat="46.2720122" lon="12.3322854"/>
      <nd lat="46.2720702" lon="12.3321212"/>
      <nd lat="46.2720645" lon="12.3320962"/>
    </member>
    <member type="way" ref="1158467762" role="">
      <nd lat="46.2720842" lon="12.3325959"/>
      <nd lat="46.2720752" lon="12.3324527"/>
    </member>
    <member type="way" ref="236229216" role="">
      <nd lat="46.2717971" lon="12.3328305"/>
      <nd lat="46.2718541" lon="12.3327705"/>
      <nd lat="46.2719055" lon="12.3327164"/>
      <nd lat="46.2720181" lon="12.3326436"/>
      <nd lat="46.2720842" lon="12.3325959"/>
    </member>
    <member type="way" ref="466075487" role="">
      <nd lat="46.2715029" lon="12.3333925"/>
      <nd lat="46.2715293" lon="12.3333174"/>
      <nd lat="46.2715860" lon="12.3331788"/>
      <nd lat="46.2716439" lon="12.3330585"/>
      <nd lat="46.2717154" lon="12.3329418"/>
      <nd lat="46.2717618" lon="12.3328744"/>
      <nd lat="46.2717971" lon="12.3328305"/>
    </member>
    <member type="way" ref="34636301" role="">
      <nd lat="46.2715029" lon="12.3333925"/>
      <nd lat="46.2715324" lon="12.3335308"/>
      <nd lat="46.2715773" lon="12.3336823"/>
      <nd lat="46.2716369" lon="12.3338542"/>
      <nd lat="46.2716591" lon="12.3339803"/>
      <nd lat="46.2717105" lon="12.3340404"/>
      <nd lat="46.2717644" lon="12.3341436"/>
      <nd lat="46.2717855" lon="12.3342396"/>
      <nd lat="46.2718028" lon="12.3343918"/>
      <nd lat="46.2718601" lon="12.3345319"/>
      <nd lat="46.2719361" lon="12.3346150"/>
      <nd lat="46.2719784" lon="12.3346886"/>
      <nd lat="46.2720526" lon="12.3347931"/>
      <nd lat="46.2720759" lon="12.3348533"/>
      <nd lat="46.2720819" lon="12.3349363"/>
      <nd lat="46.2720658" lon="12.3351425"/>
      <nd lat="46.2720061" lon="12.3355666"/>
      <nd lat="46.2719585" lon="12.3357377"/>
      <nd lat="46.2719619" lon="12.3359673"/>
      <nd lat="46.2719607" lon="12.3360671"/>
      <nd lat="46.2719792" lon="12.3361990"/>
      <nd lat="46.2720237" lon="12.3363482"/>
      <nd lat="46.2720840" lon="12.3364769"/>
      <nd lat="46.2722038" lon="12.3367934"/>
      <nd lat="46.2722821" lon="12.3369746"/>
      <nd lat="46.2723162" lon="12.3371047"/>
      <nd lat="46.2724573" lon="12.3375895"/>
      <nd lat="46.2725747" lon="12.3379221"/>
      <nd lat="46.2726289" lon="12.3381559"/>
      <nd lat="46.2726697" lon="12.3384474"/>
      <nd lat="46.2726721" lon="12.3387095"/>
      <nd lat="46.2726842" lon="12.3387890"/>
      <nd lat="46.2727061" lon="12.3388232"/>
      <nd lat="46.2727222" lon="12.3389428"/>
      <nd lat="46.2727629" lon="12.3390770"/>
      <nd lat="46.2727926" lon="12.3392102"/>
      <nd lat="46.2728234" lon="12.3392784"/>
      <nd lat="46.2728440" lon="12.3392495"/>
      <nd lat="46.2728577" lon="12.3392003"/>
      <nd lat="46.2729400" lon="12.3396263"/>
      <nd lat="46.2729685" lon="12.3396960"/>
      <nd lat="46.2730161" lon="12.3399437"/>
      <nd lat="46.2730478" lon="12.3400506"/>
      <nd lat="46.2730714" lon="12.3401914"/>
      <nd lat="46.2730874" lon="12.3403472"/>
      <nd lat="46.2730835" lon="12.3403925"/>
      <nd lat="46.2729790" lon="12.3404026"/>
      <nd lat="46.2729129" lon="12.3404442"/>
      <nd lat="46.2728547" lon="12.3404510"/>
      <nd lat="46.2728069" lon="12.3404791"/>
      <nd lat="46.2727748" lon="12.3405380"/>
      <nd lat="46.2727304" lon="12.3405941"/>
      <nd lat="46.2726768" lon="12.3406372"/>
      <nd lat="46.2726387" lon="12.3406824"/>
      <nd lat="46.2726184" lon="12.3407567"/>
      <nd lat="46.2726237" lon="12.3408315"/>
      <nd lat="46.2726393" lon="12.3408992"/>
      <nd lat="46.2726764" lon="12.3409808"/>
      <nd lat="46.2727249" lon="12.3410342"/>
      <nd lat="46.2728740" lon="12.3411498"/>
      <nd lat="46.2731099" lon="12.3413628"/>
      <nd lat="46.2731582" lon="12.3414196"/>
      <nd lat="46.2731878" lon="12.3414989"/>
      <nd lat="46.2732008" lon="12.3415460"/>
      <nd lat="46.2732518" lon="12.3415538"/>
      <nd lat="46.2735431" lon="12.3418478"/>
      <nd lat="46.2736426" lon="12.3420179"/>
      <nd lat="46.2736669" lon="12.3420637"/>
      <nd lat="46.2736606" lon="12.3420805"/>
      <nd lat="46.2736493" lon="12.3421104"/>
      <nd lat="46.2736305" lon="12.3421562"/>
      <nd lat="46.2735845" lon="12.3421988"/>
      <nd lat="46.2735285" lon="12.3422204"/>
      <nd lat="46.2734671" lon="12.3423111"/>
      <nd lat="46.2733109" lon="12.3424197"/>
      <nd lat="46.2730961" lon="12.3425102"/>
      <nd lat="46.2729218" lon="12.3425738"/>
      <nd lat="46.2727811" lon="12.3425933"/>
      <nd lat="46.2726948" lon="12.3426458"/>
      <nd lat="46.2723916" lon="12.3428053"/>
      <nd lat="46.2723094" lon="12.3428646"/>
      <nd lat="46.2722804" lon="12.3428854"/>
      <nd lat="46.2722673" lon="12.3429852"/>
      <nd lat="46.2722670" lon="12.3430622"/>
      <nd lat="46.2722901" lon="12.3431116"/>
      <nd lat="46.2724175" lon="12.3432144"/>
      <nd lat="46.2725038" lon="12.3432833"/>
      <nd lat="46.2725855" lon="12.3434535"/>
      <nd lat="46.2726364" lon="12.3436742"/>
      <nd lat="46.2726457" lon="12.3437565"/>
      <nd lat="46.2726411" lon="12.3438301"/>
      <nd lat="46.2725806" lon="12.3440305"/>
      <nd lat="46.2725722" lon="12.3440942"/>
      <nd lat="46.2725570" lon="12.3441823"/>
      <nd lat="46.2725607" lon="12.3442546"/>
      <nd lat="46.2725555" lon="12.3443426"/>
      <nd lat="46.2725763" lon="12.3443874"/>
      <nd lat="46.2727097" lon="12.3444639"/>
      <nd lat="46.2728148" lon="12.3446240"/>
      <nd lat="46.2729286" lon="12.3447777"/>
      <nd lat="46.2729741" lon="12.3449301"/>
      <nd lat="46.2730299" lon="12.3452079"/>
      <nd lat="46.2730366" lon="12.3452968"/>
      <nd lat="46.2730540" lon="12.3453546"/>
      <nd lat="46.2730553" lon="12.3454475"/>
      <nd lat="46.2729987" lon="12.3456286"/>
      <nd lat="46.2729525" lon="12.3457580"/>
      <nd lat="46.2728508" lon="12.3459068"/>
      <nd lat="46.2727491" lon="12.3460403"/>
      <nd lat="46.2725935" lon="12.3462181"/>
      <nd lat="46.2725019" lon="12.3463838"/>
      <nd lat="46.2724532" lon="12.3465235"/>
      <nd lat="46.2724259" lon="12.3466500"/>
      <nd lat="46.2723994" lon="12.3467253"/>
      <nd lat="46.2723288" lon="12.3468273"/>
      <nd lat="46.2721970" lon="12.3469299"/>
      <nd lat="46.2721291" lon="12.3469990"/>
      <nd lat="46.2720772" lon="12.3470692"/>
      <nd lat="46.2720289" lon="12.3471828"/>
      <nd lat="46.2719194" lon="12.3472781"/>
      <nd lat="46.2718468" lon="12.3473349"/>
      <nd lat="46.2717890" lon="12.3473893"/>
      <nd lat="46.2717418" lon="12.3474621"/>
      <nd lat="46.2716444" lon="12.3475618"/>
      <nd lat="46.2715965" lon="12.3476376"/>
      <nd lat="46.2715623" lon="12.3477139"/>
      <nd lat="46.2715253" lon="12.3478216"/>
      <nd lat="46.2714933" lon="12.3479833"/>
      <nd lat="46.2714675" lon="12.3481077"/>
      <nd lat="46.2714391" lon="12.3482701"/>
      <nd lat="46.2714159" lon="12.3485802"/>
      <nd lat="46.2714234" lon="12.3489478"/>
      <nd lat="46.2714346" lon="12.3492697"/>
      <nd lat="46.2714350" lon="12.3493921"/>
      <nd lat="46.2714115" lon="12.3495302"/>
      <nd lat="46.2713873" lon="12.3500216"/>
      <nd lat="46.2714766" lon="12.3503769"/>
      <nd lat="46.2714977" lon="12.3504793"/>
      <nd lat="46.2715564" lon="12.3507886"/>
      <nd lat="46.2715623" lon="12.3508678"/>
      <nd lat="46.2715417" lon="12.3509919"/>
      <nd lat="46.2715469" lon="12.3510915"/>
      <nd lat="46.2715289" lon="12.3512277"/>
      <nd lat="46.2715291" lon="12.3514051"/>
      <nd lat="46.2715308" lon="12.3514924"/>
      <nd lat="46.2715116" lon="12.3516806"/>
      <nd lat="46.2715227" lon="12.3519913"/>
      <nd lat="46.2715345" lon="12.3520984"/>
      <nd lat="46.2715375" lon="12.3521708"/>
      <nd lat="46.2715261" lon="12.3522592"/>
      <nd lat="46.2715040" lon="12.3523199"/>
      <nd lat="46.2715227" lon="12.3524531"/>
      <nd lat="46.2715944" lon="12.3526010"/>
      <nd lat="46.2716836" lon="12.3527069"/>
      <nd lat="46.2717770" lon="12.3527468"/>
      <nd lat="46.2718258" lon="12.3527965"/>
      <nd lat="46.2718740" lon="12.3528189"/>
      <nd lat="46.2719123" lon="12.3528743"/>
      <nd lat="46.2719425" lon="12.3529452"/>
      <nd lat="46.2719596" lon="12.3530332"/>
      <nd lat="46.2719900" lon="12.3530908"/>
      <nd lat="46.2719913" lon="12.3531635"/>
      <nd lat="46.2720022" lon="12.3532107"/>
      <nd lat="46.2720491" lon="12.3532666"/>
      <nd lat="46.2720746" lon="12.3532850"/>
      <nd lat="46.2721098" lon="12.3532930"/>
      <nd lat="46.2721467" lon="12.3533365"/>
      <nd lat="46.2721684" lon="12.3533969"/>
      <nd lat="46.2721958" lon="12.3534929"/>
      <nd lat="46.2722389" lon="12.3535708"/>
      <nd lat="46.2723299" lon="12.3536355"/>
      <nd lat="46.2724259" lon="12.3537554"/>
    </member>
    <member type="way" ref="35550326" role="">
      <nd lat="46.2724259" lon="12.3537554"/>
      <nd lat="46.2724442" lon="12.3537680"/>
      <nd lat="46.2724913" lon="12.3537743"/>
      <nd lat="46.2725617" lon="12.3538347"/>
      <nd lat="46.2725888" lon="12.3538981"/>
      <nd lat="46.2725990" lon="12.3539446"/>
      <nd lat="46.2726235" lon="12.3539853"/>
      <nd lat="46.2726431" lon="12.3540259"/>
      <nd lat="46.2726504" lon="12.3541463"/>
      <nd lat="46.2727003" lon="12.3542048"/>
      <nd lat="46.2727288" lon="12.3542940"/>
      <nd lat="46.2727748" lon="12.3543800"/>
      <nd lat="46.2728892" lon="12.3545380"/>
      <nd lat="46.2729491" lon="12.3546382"/>
      <nd lat="46.2729612" lon="12.3547095"/>
      <nd lat="46.2730047" lon="12.3547635"/>
      <nd lat="46.2730691" lon="12.3547659"/>
      <nd lat="46.2731219" lon="12.3548187"/>
      <nd lat="46.2731532" lon="12.3548868"/>
      <nd lat="46.2732281" lon="12.3549743"/>
      <nd lat="46.2732716" lon="12.3550878"/>
      <nd lat="46.2733650" lon="12.3552075"/>
      <nd lat="46.2734180" lon="12.3552679"/>
      <nd lat="46.2734482" lon="12.3553333"/>
      <nd lat="46.2735036" lon="12.3555261"/>
      <nd lat="46.2735235" lon="12.3556253"/>
      <nd lat="46.2736168" lon="12.3557125"/>
      <nd lat="46.2737420" lon="12.3558608"/>
      <nd lat="46.2738467" lon="12.3559482"/>
      <nd lat="46.2739452" lon="12.3560391"/>
      <nd lat="46.2740032" lon="12.3561555"/>
      <nd lat="46.2740893" lon="12.3562396"/>
      <nd lat="46.2741162" lon="12.3563220"/>
      <nd lat="46.2741576" lon="12.3565518"/>
      <nd lat="46.2741594" lon="12.3567886"/>
      <nd lat="46.2741554" lon="12.3568542"/>
      <nd lat="46.2741910" lon="12.3569751"/>
      <nd lat="46.2742113" lon="12.3570638"/>
      <nd lat="46.2742210" lon="12.3571597"/>
      <nd lat="46.2742222" lon="12.3573088"/>
      <nd lat="46.2742434" lon="12.3573596"/>
      <nd lat="46.2742961" lon="12.3573915"/>
      <nd lat="46.2744011" lon="12.3573893"/>
      <nd lat="46.2744712" lon="12.3574040"/>
      <nd lat="46.2745271" lon="12.3574338"/>
      <nd lat="46.2745761" lon="12.3574883"/>
      <nd lat="46.2746538" lon="12.3576615"/>
      <nd lat="46.2747064" lon="12.3578355"/>
      <nd lat="46.2747517" lon="12.3579226"/>
      <nd lat="46.2747635" lon="12.3580186"/>
      <nd lat="46.2748133" lon="12.3581276"/>
      <nd lat="46.2748276" lon="12.3582072"/>
      <nd lat="46.2749125" lon="12.3583700"/>
      <nd lat="46.2749362" lon="12.3585051"/>
      <nd lat="46.2749485" lon="12.3585683"/>
      <nd lat="46.2749905" lon="12.3586094"/>
      <nd lat="46.2750417" lon="12.3586220"/>
      <nd lat="46.2750935" lon="12.3585738"/>
      <nd lat="46.2751357" lon="12.3585422"/>
      <nd lat="46.2751698" lon="12.3585626"/>
      <nd lat="46.2752349" lon="12.3586351"/>
      <nd lat="46.2752519" lon="12.3587232"/>
      <nd lat="46.2752391" lon="12.3587985"/>
      <nd lat="46.2751991" lon="12.3588519"/>
      <nd lat="46.2751896" lon="12.3589013"/>
      <nd lat="46.2751911" lon="12.3589935"/>
      <nd lat="46.2751996" lon="12.3590446"/>
      <nd lat="46.2752192" lon="12.3590923"/>
      <nd lat="46.2752285" lon="12.3591550"/>
      <nd lat="46.2752324" lon="12.3592061"/>
      <nd lat="46.2752787" lon="12.3592866"/>
      <nd lat="46.2752930" lon="12.3593119"/>
      <nd lat="46.2752908" lon="12.3594042"/>
      <nd lat="46.2753455" lon="12.3594915"/>
      <nd lat="46.2753550" lon="12.3595902"/>
      <nd lat="46.2753510" lon="12.3596743"/>
      <nd lat="46.2753316" lon="12.3597367"/>
      <nd lat="46.2753068" lon="12.3598233"/>
      <nd lat="46.2753618" lon="12.3599276"/>
      <nd lat="46.2754008" lon="12.3600152"/>
      <nd lat="46.2754807" lon="12.3601698"/>
      <nd lat="46.2755393" lon="12.3602809"/>
      <nd lat="46.2755467" lon="12.3603592"/>
      <nd lat="46.2755588" lon="12.3603958"/>
      <nd lat="46.2756567" lon="12.3604513"/>
      <nd lat="46.2756681" lon="12.3604888"/>
      <nd lat="46.2756713" lon="12.3605288"/>
      <nd lat="46.2756585" lon="12.3605599"/>
      <nd lat="46.2756617" lon="12.3606112"/>
      <nd lat="46.2756920" lon="12.3606670"/>
      <nd lat="46.2757014" lon="12.3607285"/>
      <nd lat="46.2756964" lon="12.3607933"/>
      <nd lat="46.2756483" lon="12.3608748"/>
      <nd lat="46.2756238" lon="12.3609211"/>
      <nd lat="46.2756306" lon="12.3610272"/>
      <nd lat="46.2756338" lon="12.3610998"/>
      <nd lat="46.2756401" lon="12.3612141"/>
      <nd lat="46.2756305" lon="12.3612650"/>
      <nd lat="46.2756277" lon="12.3613157"/>
      <nd lat="46.2756388" lon="12.3613962"/>
      <nd lat="46.2756162" lon="12.3615172"/>
      <nd lat="46.2756341" lon="12.3615939"/>
      <nd lat="46.2756269" lon="12.3616302"/>
      <nd lat="46.2755774" lon="12.3617009"/>
      <nd lat="46.2755836" lon="12.3618864"/>
      <nd lat="46.2756088" lon="12.3619880"/>
      <nd lat="46.2756093" lon="12.3620958"/>
      <nd lat="46.2756606" lon="12.3623605"/>
      <nd lat="46.2756445" lon="12.3624386"/>
      <nd lat="46.2756458" lon="12.3625289"/>
      <nd lat="46.2755906" lon="12.3627617"/>
      <nd lat="46.2755818" lon="12.3628829"/>
      <nd lat="46.2755893" lon="12.3629390"/>
    </member>
    <member type="way" ref="857362076" role="">
      <nd lat="46.2755893" lon="12.3629390"/>
      <nd lat="46.2756248" lon="12.3629686"/>
      <nd lat="46.2756563" lon="12.3629871"/>
      <nd lat="46.2756835" lon="12.3629971"/>
      <nd lat="46.2756900" lon="12.3629845"/>
      <nd lat="46.2756490" lon="12.3628988"/>
      <nd lat="46.2757030" lon="12.3627150"/>
      <nd lat="46.2757952" lon="12.3625693"/>
      <nd lat="46.2758397" lon="12.3625062"/>
      <nd lat="46.2758876" lon="12.3624620"/>
      <nd lat="46.2759183" lon="12.3623613"/>
      <nd lat="46.2759576" lon="12.3622348"/>
      <nd lat="46.2759917" lon="12.3621041"/>
      <nd lat="46.2760190" lon="12.3621285"/>
      <nd lat="46.2760254" lon="12.3622317"/>
      <nd lat="46.2760613" lon="12.3622533"/>
      <nd lat="46.2763311" lon="12.3622694"/>
      <nd lat="46.2764620" lon="12.3623461"/>
      <nd lat="46.2765770" lon="12.3624124"/>
      <nd lat="46.2766961" lon="12.3624749"/>
      <nd lat="46.2767721" lon="12.3625053"/>
      <nd lat="46.2768325" lon="12.3625425"/>
      <nd lat="46.2768820" lon="12.3626278"/>
      <nd lat="46.2769180" lon="12.3626967"/>
      <nd lat="46.2769522" lon="12.3628038"/>
      <nd lat="46.2769728" lon="12.3628924"/>
      <nd lat="46.2770172" lon="12.3629838"/>
      <nd lat="46.2770922" lon="12.3630813"/>
      <nd lat="46.2771678" lon="12.3631482"/>
      <nd lat="46.2772941" lon="12.3632337"/>
      <nd lat="46.2773528" lon="12.3632557"/>
      <nd lat="46.2773775" lon="12.3632946"/>
      <nd lat="46.2773910" lon="12.3633607"/>
      <nd lat="46.2774143" lon="12.3633977"/>
      <nd lat="46.2774432" lon="12.3633887"/>
      <nd lat="46.2774607" lon="12.3633440"/>
      <nd lat="46.2774780" lon="12.3632916"/>
      <nd lat="46.2775076" lon="12.3632559"/>
      <nd lat="46.2775592" lon="12.3632572"/>
      <nd lat="46.2776033" lon="12.3632780"/>
      <nd lat="46.2776724" lon="12.3633378"/>
      <nd lat="46.2777148" lon="12.3633477"/>
    </member>
    <member type="way" ref="35550325" role="">
      <nd lat="46.2777148" lon="12.3633477"/>
      <nd lat="46.2778009" lon="12.3633710"/>
      <nd lat="46.2778550" lon="12.3633758"/>
      <nd lat="46.2778807" lon="12.3633142"/>
      <nd lat="46.2779294" lon="12.3632710"/>
      <nd lat="46.2779443" lon="12.3632665"/>
      <nd lat="46.2779809" lon="12.3632553"/>
    </member>
    <member type="way" ref="180750962" role="">
      <nd lat="46.2779809" lon="12.3632553"/>
      <nd lat="46.2780027" lon="12.3632616"/>
      <nd lat="46.2780242" lon="12.3632872"/>
      <nd lat="46.2780536" lon="12.3633632"/>
      <nd lat="46.2780858" lon="12.3634399"/>
      <nd lat="46.2782016" lon="12.3635748"/>
      <nd lat="46.2783028" lon="12.3636626"/>
      <nd lat="46.2784512" lon="12.3637619"/>
      <nd lat="46.2785405" lon="12.3638334"/>
      <nd lat="46.2786324" lon="12.3638924"/>
      <nd lat="46.2787355" lon="12.3639131"/>
      <nd lat="46.2788290" lon="12.3639516"/>
      <nd lat="46.2789059" lon="12.3639317"/>
      <nd lat="46.2789623" lon="12.3639267"/>
      <nd lat="46.2791284" lon="12.3640077"/>
      <nd lat="46.2792282" lon="12.3640281"/>
      <nd lat="46.2792949" lon="12.3640536"/>
      <nd lat="46.2795244" lon="12.3640293"/>
      <nd lat="46.2795901" lon="12.3640002"/>
      <nd lat="46.2796983" lon="12.3640225"/>
      <nd lat="46.2798028" lon="12.3640213"/>
      <nd lat="46.2799723" lon="12.3640875"/>
      <nd lat="46.2800484" lon="12.3640722"/>
      <nd lat="46.2800974" lon="12.3640644"/>
      <nd lat="46.2801489" lon="12.3640905"/>
      <nd lat="46.2803320" lon="12.3640948"/>
      <nd lat="46.2803737" lon="12.3641082"/>
      <nd lat="46.2805222" lon="12.3641889"/>
      <nd lat="46.2807129" lon="12.3641430"/>
      <nd lat="46.2807771" lon="12.3640896"/>
      <nd lat="46.2809102" lon="12.3639542"/>
      <nd lat="46.2809833" lon="12.3639398"/>
      <nd lat="46.2810318" lon="12.3639775"/>
      <nd lat="46.2810859" lon="12.3640875"/>
      <nd lat="46.2811565" lon="12.3641661"/>
      <nd lat="46.2812401" lon="12.3641793"/>
      <nd lat="46.2813218" lon="12.3642231"/>
      <nd lat="46.2815067" lon="12.3643840"/>
      <nd lat="46.2816192" lon="12.3645007"/>
      <nd lat="46.2817329" lon="12.3645543"/>
      <nd lat="46.2817708" lon="12.3646517"/>
      <nd lat="46.2818156" lon="12.3647583"/>
      <nd lat="46.2818662" lon="12.3647730"/>
      <nd lat="46.2819115" lon="12.3648453"/>
      <nd lat="46.2819422" lon="12.3649735"/>
      <nd lat="46.2819744" lon="12.3651074"/>
      <nd lat="46.2820067" lon="12.3651860"/>
      <nd lat="46.2820558" lon="12.3652523"/>
      <nd lat="46.2821388" lon="12.3652960"/>
      <nd lat="46.2821915" lon="12.3653450"/>
      <nd lat="46.2822411" lon="12.3654322"/>
      <nd lat="46.2823013" lon="12.3655171"/>
      <nd lat="46.2823836" lon="12.3655876"/>
      <nd lat="46.2824234" lon="12.3656486"/>
      <nd lat="46.2824802" lon="12.3658267"/>
      <nd lat="46.2825774" lon="12.3660264"/>
      <nd lat="46.2826300" lon="12.3661766"/>
      <nd lat="46.2826695" lon="12.3663011"/>
      <nd lat="46.2826666" lon="12.3663905"/>
      <nd lat="46.2826746" lon="12.3664473"/>
      <nd lat="46.2826900" lon="12.3664866"/>
      <nd lat="46.2828281" lon="12.3665123"/>
      <nd lat="46.2829194" lon="12.3665056"/>
      <nd lat="46.2829998" lon="12.3664359"/>
      <nd lat="46.2831533" lon="12.3662669"/>
      <nd lat="46.2832393" lon="12.3661537"/>
      <nd lat="46.2832755" lon="12.3661229"/>
      <nd lat="46.2834290" lon="12.3661219"/>
      <nd lat="46.2835656" lon="12.3661513"/>
      <nd lat="46.2836507" lon="12.3661801"/>
      <nd lat="46.2837064" lon="12.3662114"/>
      <nd lat="46.2837564" lon="12.3662601"/>
      <nd lat="46.2838019" lon="12.3663292"/>
      <nd lat="46.2838662" lon="12.3663928"/>
      <nd lat="46.2840718" lon="12.3666632"/>
      <nd lat="46.2841471" lon="12.3667381"/>
      <nd lat="46.2842064" lon="12.3668167"/>
      <nd lat="46.2842407" lon="12.3669059"/>
      <nd lat="46.2842592" lon="12.3670147"/>
      <nd lat="46.2842962" lon="12.3671486"/>
      <nd lat="46.2843530" lon="12.3672998"/>
    </member>
    <member type="way" ref="1050979054" role="">
      <nd lat="46.2843530" lon="12.3672998"/>
      <nd lat="46.2843536" lon="12.3673950"/>
      <nd lat="46.2843295" lon="12.3674954"/>
      <nd lat="46.2843027" lon="12.3676412"/>
      <nd lat="46.2842792" lon="12.3677643"/>
      <nd lat="46.2842200" lon="12.3677400"/>
      <nd lat="46.2842182" lon="12.3678899"/>
      <nd lat="46.2842208" lon="12.3679451"/>
      <nd lat="46.2842022" lon="12.3679648"/>
      <nd lat="46.2841680" lon="12.3679476"/>
      <nd lat="46.2841460" lon="12.3679124"/>
      <nd lat="46.2841235" lon="12.3679135"/>
      <nd lat="46.2841258" lon="12.3680107"/>
      <nd lat="46.2841332" lon="12.3681038"/>
      <nd lat="46.2841432" lon="12.3681949"/>
      <nd lat="46.2842000" lon="12.3683639"/>
      <nd lat="46.2842337" lon="12.3684907"/>
    </member>
    <member type="way" ref="237521792" role="">
      <nd lat="46.2812051" lon="12.3707128"/>
      <nd lat="46.2812205" lon="12.3707295"/>
      <nd lat="46.2812618" lon="12.3706989"/>
      <nd lat="46.2812871" lon="12.3706580"/>
      <nd lat="46.2812790" lon="12.3705860"/>
      <nd lat="46.2813185" lon="12.3703980"/>
      <nd lat="46.2813735" lon="12.3701128"/>
      <nd lat="46.2814232" lon="12.3699094"/>
      <nd lat="46.2814919" lon="12.3698172"/>
      <nd lat="46.2815571" lon="12.3697386"/>
      <nd lat="46.2816300" lon="12.3696764"/>
      <nd lat="46.2816965" lon="12.3696334"/>
      <nd lat="46.2817663" lon="12.3696084"/>
      <nd lat="46.2818841" lon="12.3695221"/>
      <nd lat="46.2819924" lon="12.3694062"/>
      <nd lat="46.2820748" lon="12.3693176"/>
      <nd lat="46.2821846" lon="12.3691041"/>
      <nd lat="46.2822682" lon="12.3689583"/>
      <nd lat="46.2823776" lon="12.3688430"/>
      <nd lat="46.2825645" lon="12.3686409"/>
      <nd lat="46.2826889" lon="12.3685014"/>
      <nd lat="46.2828175" lon="12.3684070"/>
      <nd lat="46.2829282" lon="12.3683607"/>
      <nd lat="46.2829972" lon="12.3683435"/>
      <nd lat="46.2830634" lon="12.3683354"/>
      <nd lat="46.2831312" lon="12.3683435"/>
      <nd lat="46.2831815" lon="12.3683692"/>
      <nd lat="46.2832408" lon="12.3683984"/>
      <nd lat="46.2832986" lon="12.3684502"/>
      <nd lat="46.2835209" lon="12.3687399"/>
      <nd lat="46.2836353" lon="12.3688889"/>
      <nd lat="46.2837432" lon="12.3690394"/>
      <nd lat="46.2837932" lon="12.3691229"/>
      <nd lat="46.2838305" lon="12.3692253"/>
      <nd lat="46.2839099" lon="12.3695213"/>
      <nd lat="46.2839757" lon="12.3699217"/>
      <nd lat="46.2839953" lon="12.3699495"/>
      <nd lat="46.2840194" lon="12.3699747"/>
      <nd lat="46.2840553" lon="12.3699648"/>
      <nd lat="46.2840822" lon="12.3699164"/>
      <nd lat="46.2840860" lon="12.3698704"/>
      <nd lat="46.2840525" lon="12.3696041"/>
      <nd lat="46.2840266" lon="12.3692884"/>
      <nd lat="46.2839965" lon="12.3689807"/>
      <nd lat="46.2839625" lon="12.3688602"/>
      <nd lat="46.2839194" lon="12.3687431"/>
      <nd lat="46.2837943" lon="12.3684527"/>
      <nd lat="46.2837581" lon="12.3682929"/>
      <nd lat="46.2837329" lon="12.3680920"/>
      <nd lat="46.2836953" lon="12.3678958"/>
      <nd lat="46.2836583" lon="12.3677949"/>
      <nd lat="46.2836360" lon="12.3677234"/>
      <nd lat="46.2835968" lon="12.3676608"/>
      <nd lat="46.2835415" lon="12.3675976"/>
      <nd lat="46.2834869" lon="12.3675456"/>
      <nd lat="46.2834247" lon="12.3674992"/>
      <nd lat="46.2833627" lon="12.3674605"/>
      <nd lat="46.2833201" lon="12.3674155"/>
      <nd lat="46.2833158" lon="12.3673582"/>
      <nd lat="46.2833519" lon="12.3673214"/>
      <nd lat="46.2834028" lon="12.3673175"/>
      <nd lat="46.2834558" lon="12.3673246"/>
      <nd lat="46.2835413" lon="12.3673804"/>
      <nd lat="46.2837078" lon="12.3675146"/>
      <nd lat="46.2838284" lon="12.3677106"/>
      <nd lat="46.2839434" lon="12.3679575"/>
      <nd lat="46.2840532" lon="12.3682560"/>
      <nd lat="46.2841559" lon="12.3683921"/>
      <nd lat="46.2842337" lon="12.3684907"/>
    </member>
    <member type="way" ref="235840283" role="">
      <nd lat="46.2812051" lon="12.3707128"/>
      <nd lat="46.2811954" lon="12.3708020"/>
      <nd lat="46.2811924" lon="12.3708749"/>
      <nd lat="46.2811934" lon="12.3709654"/>
      <nd lat="46.2811924" lon="12.3710150"/>
      <nd lat="46.2811813" lon="12.3710719"/>
      <nd lat="46.2811521" lon="12.3711653"/>
      <nd lat="46.2811299" lon="12.3712455"/>
      <nd lat="46.2810926" lon="12.3713651"/>
      <nd lat="46.2810633" lon="12.3714862"/>
      <nd lat="46.2810502" lon="12.3715635"/>
      <nd lat="46.2810351" lon="12.3716919"/>
      <nd lat="46.2810159" lon="12.3718116"/>
      <nd lat="46.2809978" lon="12.3719079"/>
      <nd lat="46.2809746" lon="12.3719866"/>
      <nd lat="46.2809525" lon="12.3720709"/>
      <nd lat="46.2809363" lon="12.3721233"/>
      <nd lat="46.2809132" lon="12.3721993"/>
    </member>
    <member type="way" ref="1105225733" role="">
      <nd lat="46.2809132" lon="12.3721993"/>
      <nd lat="46.2809374" lon="12.3722915"/>
      <nd lat="46.2809270" lon="12.3723540"/>
      <nd lat="46.2809217" lon="12.3723918"/>
      <nd lat="46.2808887" lon="12.3724525"/>
      <nd lat="46.2807411" lon="12.3725971"/>
      <nd lat="46.2807289" lon="12.3726181"/>
      <nd lat="46.2807084" lon="12.3727335"/>
      <nd lat="46.2806783" lon="12.3727788"/>
      <nd lat="46.2806327" lon="12.3728077"/>
      <nd lat="46.2805693" lon="12.3728661"/>
      <nd lat="46.2805478" lon="12.3729091"/>
      <nd lat="46.2805011" lon="12.3729523"/>
      <nd lat="46.2804420" lon="12.3729666"/>
      <nd lat="46.2804227" lon="12.3730200"/>
      <nd lat="46.2803481" lon="12.3729997"/>
      <nd lat="46.2802570" lon="12.3730632"/>
      <nd lat="46.2801893" lon="12.3731389"/>
      <nd lat="46.2801475" lon="12.3732172"/>
      <nd lat="46.2801161" lon="12.3732626"/>
      <nd lat="46.2800815" lon="12.3732833"/>
      <nd lat="46.2800261" lon="12.3732888"/>
      <nd lat="46.2800018" lon="12.3732947"/>
      <nd lat="46.2799929" lon="12.3733085"/>
      <nd lat="46.2799963" lon="12.3733446"/>
      <nd lat="46.2800178" lon="12.3733855"/>
      <nd lat="46.2800316" lon="12.3734135"/>
      <nd lat="46.2800320" lon="12.3734306"/>
      <nd lat="46.2800204" lon="12.3734445"/>
      <nd lat="46.2799992" lon="12.3734427"/>
      <nd lat="46.2799746" lon="12.3734372"/>
      <nd lat="46.2799632" lon="12.3734568"/>
      <nd lat="46.2799701" lon="12.3735004"/>
      <nd lat="46.2799587" lon="12.3735200"/>
      <nd lat="46.2799586" lon="12.3735429"/>
      <nd lat="46.2799825" lon="12.3735770"/>
      <nd lat="46.2799881" lon="12.3735930"/>
      <nd lat="46.2799839" lon="12.3736084"/>
      <nd lat="46.2799641" lon="12.3736094"/>
      <nd lat="46.2799364" lon="12.3736136"/>
      <nd lat="46.2799315" lon="12.3736300"/>
      <nd lat="46.2799491" lon="12.3736502"/>
      <nd lat="46.2799777" lon="12.3736583"/>
      <nd lat="46.2799842" lon="12.3736790"/>
      <nd lat="46.2799720" lon="12.3736939"/>
      <nd lat="46.2799517" lon="12.3737044"/>
      <nd lat="46.2799217" lon="12.3736963"/>
      <nd lat="46.2798749" lon="12.3736995"/>
      <nd lat="46.2798378" lon="12.3737270"/>
      <nd lat="46.2798109" lon="12.3737655"/>
      <nd lat="46.2798028" lon="12.3738145"/>
      <nd lat="46.2798165" lon="12.3738625"/>
      <nd lat="46.2798130" lon="12.3738837"/>
      <nd lat="46.2797987" lon="12.3738948"/>
      <nd lat="46.2797747" lon="12.3738893"/>
      <nd lat="46.2797623" lon="12.3738937"/>
      <nd lat="46.2797563" lon="12.3739198"/>
      <nd lat="46.2797718" lon="12.3739619"/>
      <nd lat="46.2797964" lon="12.3739980"/>
      <nd lat="46.2797931" lon="12.3740248"/>
      <nd lat="46.2797690" lon="12.3740708"/>
      <nd lat="46.2797287" lon="12.3740994"/>
      <nd lat="46.2797015" lon="12.3740960"/>
      <nd lat="46.2796540" lon="12.3740448"/>
      <nd lat="46.2796179" lon="12.3739702"/>
      <nd lat="46.2795776" lon="12.3738844"/>
      <nd lat="46.2795452" lon="12.3738555"/>
      <nd lat="46.2794829" lon="12.3737955"/>
      <nd lat="46.2794193" lon="12.3737890"/>
      <nd lat="46.2793723" lon="12.3737569"/>
      <nd lat="46.2793286" lon="12.3737571"/>
      <nd lat="46.2792792" lon="12.3737919"/>
      <nd lat="46.2792580" lon="12.3738186"/>
      <nd lat="46.2792370" lon="12.3738578"/>
      <nd lat="46.2792220" lon="12.3738652"/>
      <nd lat="46.2792039" lon="12.3738260"/>
      <nd lat="46.2792036" lon="12.3737821"/>
      <nd lat="46.2791945" lon="12.3737616"/>
      <nd lat="46.2791697" lon="12.3737558"/>
      <nd lat="46.2791327" lon="12.3737493"/>
      <nd lat="46.2791137" lon="12.3737864"/>
      <nd lat="46.2790993" lon="12.3737900"/>
      <nd lat="46.2790538" lon="12.3736243"/>
      <nd lat="46.2790355" lon="12.3735775"/>
      <nd lat="46.2790171" lon="12.3735259"/>
      <nd lat="46.2790150" lon="12.3734917"/>
      <nd lat="46.2789940" lon="12.3734679"/>
      <nd lat="46.2789690" lon="12.3734185"/>
      <nd lat="46.2789274" lon="12.3733337"/>
      <nd lat="46.2789009" lon="12.3732706"/>
      <nd lat="46.2788792" lon="12.3732521"/>
      <nd lat="46.2788581" lon="12.3732512"/>
      <nd lat="46.2788303" lon="12.3733088"/>
      <nd lat="46.2788155" lon="12.3733701"/>
      <nd lat="46.2787257" lon="12.3735295"/>
      <nd lat="46.2786699" lon="12.3736511"/>
    </member>
    <member type="way" ref="1214067222" role="">
      <nd lat="46.2786699" lon="12.3736511"/>
      <nd lat="46.2786485" lon="12.3736979"/>
      <nd lat="46.2785916" lon="12.3737742"/>
    </member>
    <member type="way" ref="466075484" role="">
      <nd lat="46.2785916" lon="12.3737742"/>
      <nd lat="46.2786371" lon="12.3738812"/>
    </member>
    <member type="way" ref="235848849" role="">
      <nd lat="46.2786371" lon="12.3738812"/>
      <nd lat="46.2786422" lon="12.3738985"/>
      <nd lat="46.2786693" lon="12.3739769"/>
    </member>
    <member type="way" ref="235840290" role="">
      <nd lat="46.2786693" lon="12.3739769"/>
      <nd lat="46.2787169" lon="12.3741615"/>
      <nd lat="46.2787572" lon="12.3742803"/>
      <nd lat="46.2788009" lon="12.3743873"/>
      <nd lat="46.2789202" lon="12.3746331"/>
      <nd lat="46.2789966" lon="12.3747456"/>
      <nd lat="46.2790687" lon="12.3748392"/>
      <nd lat="46.2791505" lon="12.3749322"/>
      <nd lat="46.2792392" lon="12.3750218"/>
      <nd lat="46.2793528" lon="12.3751025"/>
      <nd lat="46.2794134" lon="12.3751436"/>
      <nd lat="46.2796766" lon="12.3752904"/>
      <nd lat="46.2801168" lon="12.3755382"/>
      <nd lat="46.2802506" lon="12.3756008"/>
      <nd lat="46.2805674" lon="12.3756726"/>
      <nd lat="46.2808290" lon="12.3757229"/>
      <nd lat="46.2808658" lon="12.3757275"/>
      <nd lat="46.2809047" lon="12.3757219"/>
      <nd lat="46.2809473" lon="12.3757074"/>
      <nd lat="46.2809738" lon="12.3756858"/>
      <nd lat="46.2810673" lon="12.3755961"/>
      <nd lat="46.2811839" lon="12.3754710"/>
      <nd lat="46.2812653" lon="12.3753892"/>
      <nd lat="46.2813370" lon="12.3753176"/>
      <nd lat="46.2813719" lon="12.3753047"/>
      <nd lat="46.2814091" lon="12.3752999"/>
      <nd lat="46.2814453" lon="12.3753040"/>
      <nd lat="46.2814759" lon="12.3753191"/>
      <nd lat="46.2815203" lon="12.3753542"/>
      <nd lat="46.2817400" lon="12.3756319"/>
      <nd lat="46.2818438" lon="12.3757800"/>
      <nd lat="46.2819060" lon="12.3758780"/>
      <nd lat="46.2819388" lon="12.3759462"/>
      <nd lat="46.2819598" lon="12.3760071"/>
      <nd lat="46.2819765" lon="12.3760415"/>
    </member>
    <member type="way" ref="236110798" role="">
      <nd lat="46.2819765" lon="12.3760415"/>
      <nd lat="46.2819868" lon="12.3761313"/>
      <nd lat="46.2819916" lon="12.3762099"/>
      <nd lat="46.2819826" lon="12.3762837"/>
    </member>
    <member type="way" ref="236110806" role="">
      <nd lat="46.2819826" lon="12.3762837"/>
      <nd lat="46.2819484" lon="12.3763931"/>
      <nd lat="46.2818932" lon="12.3765131"/>
      <nd lat="46.2818531" lon="12.3766494"/>
      <nd lat="46.2818219" lon="12.3767799"/>
      <nd lat="46.2817643" lon="12.3770593"/>
      <nd lat="46.2817188" lon="12.3773747"/>
      <nd lat="46.2816781" lon="12.3777196"/>
    </member>
    <member type="way" ref="232682534" role="">
      <nd lat="46.2816781" lon="12.3777196"/>
      <nd lat="46.2816313" lon="12.3780295"/>
      <nd lat="46.2815679" lon="12.3782626"/>
      <nd lat="46.2814723" lon="12.3785142"/>
      <nd lat="46.2813705" lon="12.3787160"/>
      <nd lat="46.2809564" lon="12.3797236"/>
      <nd lat="46.2808697" lon="12.3799471"/>
      <nd lat="46.2807364" lon="12.3801935"/>
      <nd lat="46.2806991" lon="12.3802310"/>
      <nd lat="46.2801285" lon="12.3807653"/>
    </member>
    <member type="way" ref="236110801" role="">
      <nd lat="46.2801285" lon="12.3807653"/>
      <nd lat="46.2800874" lon="12.3808116"/>
      <nd lat="46.2799307" lon="12.3810131"/>
      <nd lat="46.2798799" lon="12.3810795"/>
      <nd lat="46.2798236" lon="12.3811488"/>
      <nd lat="46.2797938" lon="12.3811728"/>
      <nd lat="46.2797679" lon="12.3811900"/>
    </member>
    <member type="way" ref="1105225728" role="">
      <nd lat="46.2797679" lon="12.3811900"/>
      <nd lat="46.2797743" lon="12.3812625"/>
      <nd lat="46.2797606" lon="12.3813136"/>
    </member>
    <member type="way" ref="1105225730" role="">
      <nd lat="46.2797606" lon="12.3813136"/>
      <nd lat="46.2797915" lon="12.3813622"/>
    </member>
    <member type="way" ref="178815633" role="">
      <nd lat="46.2797915" lon="12.3813622"/>
      <nd lat="46.2797875" lon="12.3813891"/>
      <nd lat="46.2797656" lon="12.3814130"/>
      <nd lat="46.2797378" lon="12.3814164"/>
      <nd lat="46.2796720" lon="12.3814167"/>
      <nd lat="46.2796090" lon="12.3814205"/>
      <nd lat="46.2795214" lon="12.3814321"/>
      <nd lat="46.2794711" lon="12.3814165"/>
      <nd lat="46.2793675" lon="12.3813843"/>
      <nd lat="46.2793194" lon="12.3813546"/>
      <nd lat="46.2792814" lon="12.3813236"/>
      <nd lat="46.2792369" lon="12.3812953"/>
      <nd lat="46.2792165" lon="12.3813062"/>
      <nd lat="46.2792141" lon="12.3813602"/>
      <nd lat="46.2792291" lon="12.3814353"/>
      <nd lat="46.2792560" lon="12.3815213"/>
      <nd lat="46.2792779" lon="12.3815919"/>
      <nd lat="46.2793017" lon="12.3816753"/>
      <nd lat="46.2792782" lon="12.3816941"/>
      <nd lat="46.2792074" lon="12.3816418"/>
      <nd lat="46.2791775" lon="12.3816375"/>
      <nd lat="46.2791712" lon="12.3816798"/>
      <nd lat="46.2792111" lon="12.3817394"/>
      <nd lat="46.2792231" lon="12.3817784"/>
      <nd lat="46.2791963" lon="12.3817921"/>
      <nd lat="46.2791171" lon="12.3817480"/>
      <nd lat="46.2790682" lon="12.3817429"/>
      <nd lat="46.2790107" lon="12.3817342"/>
    </member>
    <member type="way" ref="1105225727" role="">
      <nd lat="46.2790107" lon="12.3817342"/>
      <nd lat="46.2789997" lon="12.3817834"/>
      <nd lat="46.2790619" lon="12.3818462"/>
      <nd lat="46.2791005" lon="12.3818825"/>
      <nd lat="46.2791575" lon="12.3819780"/>
      <nd lat="46.2792042" lon="12.3820817"/>
      <nd lat="46.2792703" lon="12.3822254"/>
      <nd lat="46.2793216" lon="12.3822973"/>
      <nd lat="46.2793567" lon="12.3823586"/>
      <nd lat="46.2793416" lon="12.3824185"/>
      <nd lat="46.2793710" lon="12.3824609"/>
      <nd lat="46.2794032" lon="12.3825128"/>
      <nd lat="46.2794156" lon="12.3825599"/>
      <nd lat="46.2794070" lon="12.3826185"/>
      <nd lat="46.2793957" lon="12.3826753"/>
      <nd lat="46.2793914" lon="12.3827480"/>
      <nd lat="46.2794058" lon="12.3828541"/>
      <nd lat="46.2794273" lon="12.3829285"/>
      <nd lat="46.2794330" lon="12.3830341"/>
      <nd lat="46.2794276" lon="12.3830868"/>
      <nd lat="46.2794333" lon="12.3831332"/>
      <nd lat="46.2794644" lon="12.3831890"/>
      <nd lat="46.2795364" lon="12.3832752"/>
      <nd lat="46.2796097" lon="12.3833556"/>
      <nd lat="46.2796496" lon="12.3834234"/>
      <nd lat="46.2796913" lon="12.3834824"/>
      <nd lat="46.2797243" lon="12.3835095"/>
      <nd lat="46.2797750" lon="12.3834975"/>
      <nd lat="46.2798149" lon="12.3834803"/>
      <nd lat="46.2798487" lon="12.3834816"/>
      <nd lat="46.2798500" lon="12.3835111"/>
      <nd lat="46.2797939" lon="12.3836588"/>
      <nd lat="46.2797472" lon="12.3838441"/>
      <nd lat="46.2797141" lon="12.3839601"/>
      <nd lat="46.2796616" lon="12.3841219"/>
      <nd lat="46.2796289" lon="12.3842513"/>
      <nd lat="46.2796327" lon="12.3844161"/>
      <nd lat="46.2796414" lon="12.3845368"/>
      <nd lat="46.2796210" lon="12.3846274"/>
      <nd lat="46.2795869" lon="12.3847282"/>
      <nd lat="46.2795402" lon="12.3849403"/>
      <nd lat="46.2795288" lon="12.3850791"/>
      <nd lat="46.2795195" lon="12.3852217"/>
      <nd lat="46.2795054" lon="12.3853292"/>
      <nd lat="46.2794917" lon="12.3854500"/>
      <nd lat="46.2794855" lon="12.3855552"/>
      <nd lat="46.2794729" lon="12.3856130"/>
      <nd lat="46.2794569" lon="12.3856653"/>
      <nd lat="46.2794525" lon="12.3857332"/>
      <nd lat="46.2794587" lon="12.3857730"/>
      <nd lat="46.2794351" lon="12.3858409"/>
      <nd lat="46.2794160" lon="12.3858990"/>
      <nd lat="46.2794110" lon="12.3859422"/>
      <nd lat="46.2794378" lon="12.3860172"/>
      <nd lat="46.2794505" lon="12.3860658"/>
      <nd lat="46.2794546" lon="12.3861268"/>
      <nd lat="46.2794444" lon="12.3862182"/>
      <nd lat="46.2794505" lon="12.3863661"/>
      <nd lat="46.2794570" lon="12.3865317"/>
      <nd lat="46.2794526" lon="12.3866999"/>
      <nd lat="46.2794546" lon="12.3867867"/>
      <nd lat="46.2794782" lon="12.3869200"/>
      <nd lat="46.2794776" lon="12.3870109"/>
      <nd lat="46.2794193" lon="12.3871579"/>
      <nd lat="46.2794129" lon="12.3873004"/>
      <nd lat="46.2794150" lon="12.3874485"/>
      <nd lat="46.2794103" lon="12.3876028"/>
      <nd lat="46.2794100" lon="12.3877688"/>
      <nd lat="46.2794224" lon="12.3878927"/>
      <nd lat="46.2794313" lon="12.3880424"/>
      <nd lat="46.2794415" lon="12.3881882"/>
      <nd lat="46.2794565" lon="12.3883080"/>
      <nd lat="46.2794980" lon="12.3883830"/>
      <nd lat="46.2795330" lon="12.3884189"/>
      <nd lat="46.2795854" lon="12.3884915"/>
      <nd lat="46.2796212" lon="12.3885609"/>
      <nd lat="46.2796135" lon="12.3887035"/>
      <nd lat="46.2795910" lon="12.3888548"/>
      <nd lat="46.2795994" lon="12.3889848"/>
      <nd lat="46.2795906" lon="12.3890780"/>
      <nd lat="46.2795650" lon="12.3891583"/>
      <nd lat="46.2795625" lon="12.3892295"/>
      <nd lat="46.2795791" lon="12.3893552"/>
      <nd lat="46.2796144" lon="12.3894622"/>
      <nd lat="46.2796696" lon="12.3895406"/>
      <nd lat="46.2796965" lon="12.3895788"/>
      <nd lat="46.2797198" lon="12.3896389"/>
      <nd lat="46.2797178" lon="12.3897319"/>
      <nd lat="46.2797469" lon="12.3898056"/>
      <nd lat="46.2797989" lon="12.3898624"/>
      <nd lat="46.2798541" lon="12.3898815"/>
      <nd lat="46.2800273" lon="12.3899049"/>
      <nd lat="46.2801486" lon="12.3899367"/>
      <nd lat="46.2802304" lon="12.3899822"/>
      <nd lat="46.2803124" lon="12.3900336"/>
      <nd lat="46.2803952" lon="12.3901205"/>
      <nd lat="46.2804668" lon="12.3901962"/>
      <nd lat="46.2805521" lon="12.3902692"/>
      <nd lat="46.2806406" lon="12.3903084"/>
      <nd lat="46.2807306" lon="12.3903476"/>
      <nd lat="46.2807951" lon="12.3903638"/>
      <nd lat="46.2808676" lon="12.3904093"/>
      <nd lat="46.2809381" lon="12.3904689"/>
      <nd lat="46.2809940" lon="12.3905309"/>
      <nd lat="46.2810534" lon="12.3905874"/>
      <nd lat="46.2811402" lon="12.3906742"/>
      <nd lat="46.2812019" lon="12.3907237"/>
      <nd lat="46.2812892" lon="12.3907807"/>
      <nd lat="46.2813366" lon="12.3908378"/>
      <nd lat="46.2813698" lon="12.3908590"/>
      <nd lat="46.2814154" lon="12.3909477"/>
      <nd lat="46.2814461" lon="12.3910179"/>
      <nd lat="46.2815038" lon="12.3911025"/>
      <nd lat="46.2815799" lon="12.3912020"/>
      <nd lat="46.2816511" lon="12.3912405"/>
      <nd lat="46.2816956" lon="12.3912821"/>
      <nd lat="46.2818062" lon="12.3914533"/>
      <nd lat="46.2819027" lon="12.3915413"/>
      <nd lat="46.2819692" lon="12.3915889"/>
      <nd lat="46.2820667" lon="12.3916157"/>
      <nd lat="46.2821220" lon="12.3916515"/>
      <nd lat="46.2821572" lon="12.3917031"/>
      <nd lat="46.2821835" lon="12.3917412"/>
      <nd lat="46.2822289" lon="12.3918211"/>
      <nd lat="46.2822856" lon="12.3918656"/>
      <nd lat="46.2823513" lon="12.3919307"/>
      <nd lat="46.2824040" lon="12.3920068"/>
      <nd lat="46.2824276" lon="12.3920895"/>
      <nd lat="46.2824399" lon="12.3922008"/>
      <nd lat="46.2824418" lon="12.3922863"/>
      <nd lat="46.2824471" lon="12.3923595"/>
      <nd lat="46.2824960" lon="12.3924323"/>
      <nd lat="46.2825965" lon="12.3925323"/>
      <nd lat="46.2827268" lon="12.3926712"/>
      <nd lat="46.2828510" lon="12.3928016"/>
      <nd lat="46.2828940" lon="12.3928293"/>
      <nd lat="46.2829769" lon="12.3928515"/>
      <nd lat="46.2830595" lon="12.3929140"/>
      <nd lat="46.2832121" lon="12.3930203"/>
      <nd lat="46.2833696" lon="12.3931247"/>
      <nd lat="46.2834861" lon="12.3931873"/>
      <nd lat="46.2836451" lon="12.3932549"/>
      <nd lat="46.2837886" lon="12.3933302"/>
      <nd lat="46.2839057" lon="12.3933666"/>
      <nd lat="46.2839975" lon="12.3934601"/>
      <nd lat="46.2840799" lon="12.3935680"/>
      <nd lat="46.2841684" lon="12.3936215"/>
      <nd lat="46.2842374" lon="12.3937266"/>
      <nd lat="46.2843030" lon="12.3938405"/>
      <nd lat="46.2843706" lon="12.3939876"/>
      <nd lat="46.2844302" lon="12.3940529"/>
      <nd lat="46.2845060" lon="12.3941367"/>
      <nd lat="46.2846116" lon="12.3942505"/>
      <nd lat="46.2846615" lon="12.3943670"/>
      <nd lat="46.2846875" lon="12.3944968"/>
      <nd lat="46.2846905" lon="12.3945753"/>
      <nd lat="46.2846770" lon="12.3946196"/>
      <nd lat="46.2846069" lon="12.3946282"/>
      <nd lat="46.2846893" lon="12.3947344"/>
      <nd lat="46.2847658" lon="12.3948513"/>
      <nd lat="46.2848334" lon="12.3950001"/>
      <nd lat="46.2848913" lon="12.3950952"/>
      <nd lat="46.2849513" lon="12.3951728"/>
      <nd lat="46.2849563" lon="12.3952354"/>
      <nd lat="46.2849318" lon="12.3952768"/>
      <nd lat="46.2848544" lon="12.3952822"/>
      <nd lat="46.2848170" lon="12.3952892"/>
      <nd lat="46.2848439" lon="12.3953544"/>
      <nd lat="46.2849007" lon="12.3953988"/>
      <nd lat="46.2849699" lon="12.3955109"/>
      <nd lat="46.2850464" lon="12.3956243"/>
      <nd lat="46.2851051" lon="12.3957037"/>
      <nd lat="46.2851556" lon="12.3957922"/>
      <nd lat="46.2851810" lon="12.3958993"/>
      <nd lat="46.2852185" lon="12.3960024"/>
      <nd lat="46.2852708" lon="12.3961676"/>
      <nd lat="46.2853089" lon="12.3962986"/>
      <nd lat="46.2853606" lon="12.3963871"/>
      <nd lat="46.2853848" lon="12.3964401"/>
      <nd lat="46.2853962" lon="12.3965164"/>
      <nd lat="46.2854184" lon="12.3965870"/>
      <nd lat="46.2854511" lon="12.3966938"/>
      <nd lat="46.2854870" lon="12.3968302"/>
      <nd lat="46.2855191" lon="12.3969667"/>
      <nd lat="46.2855451" lon="12.3970948"/>
      <nd lat="46.2855666" lon="12.3972405"/>
      <nd lat="46.2855737" lon="12.3973940"/>
      <nd lat="46.2855692" lon="12.3975165"/>
      <nd lat="46.2855697" lon="12.3976458"/>
      <nd lat="46.2855896" lon="12.3977707"/>
      <nd lat="46.2856094" lon="12.3978956"/>
      <nd lat="46.2856170" lon="12.3980175"/>
      <nd lat="46.2856258" lon="12.3981377"/>
      <nd lat="46.2856036" lon="12.3982820"/>
      <nd lat="46.2855542" lon="12.3983997"/>
      <nd lat="46.2855032" lon="12.3985541"/>
      <nd lat="46.2854732" lon="12.3986721"/>
    </member>
    <member type="way" ref="1105225726" role="">
      <nd lat="46.2854732" lon="12.3986721"/>
      <nd lat="46.2853991" lon="12.3987687"/>
      <nd lat="46.2853335" lon="12.3988500"/>
      <nd lat="46.2852363" lon="12.3989833"/>
      <nd lat="46.2851736" lon="12.3991270"/>
      <nd lat="46.2851271" lon="12.3992907"/>
      <nd lat="46.2851007" lon="12.3993641"/>
      <nd lat="46.2850697" lon="12.3994864"/>
    </member>
    <member type="way" ref="312888125" role="">
      <nd lat="46.2842639" lon="12.4008334"/>
      <nd lat="46.2843926" lon="12.4007156"/>
      <nd lat="46.2844511" lon="12.4005543"/>
      <nd lat="46.2845369" lon="12.4004115"/>
      <nd lat="46.2847156" lon="12.4001015"/>
      <nd lat="46.2847720" lon="12.3999970"/>
      <nd lat="46.2848623" lon="12.3999163"/>
      <nd lat="46.2849572" lon="12.3998048"/>
      <nd lat="46.2850120" lon="12.3997008"/>
      <nd lat="46.2850527" lon="12.3995558"/>
      <nd lat="46.2850697" lon="12.3994864"/>
    </member>
    <tag k="ascent" v="570"/>
    <tag k="cai_scale" v="EE"/>
    <tag k="from" v="Diga del Vajont (quota 740 m)"/>
    <tag k="network" v="lwn"/>
    <tag k="operator" v="Club Alpino Italiano"/>
    <tag k="osmc:symbol" v="red:red:white_stripe:380:black"/>
    <tag k="ref" v="380"/>
    <tag k="route" v="hiking"/>
    <tag k="source" v="survey:CAI"/>
    <tag k="symbol" v="rosso-bianco-rosso con il numero 380 in nero sulla striscia bianca"/>
    <tag k="to" v="Pre de Tegn (quota 800 m)"/>
    <tag k="type" v="route"/>
    <tag k="via" v="Casso|Troi del Sciarbon|Erto|S.Martino"/>
    <tag k="website" v="https://www.cai-fvg.it/sentieri-cai-fvg/settore-3-dolomiti-friulane-alpi-prealpi-carniche/s3-380"/>
  </relation>
</old>
<new>
  <relation id="3200472" version="20" timestamp="2026-10-01T09:42:58Z" changeset="189812875" uid="188429" user="gpstracks">
    <bounds minlat="46.2682152" minlon="12.3201144" maxlat="46.2856258" maxlon="12.4008334"/>
    <member type="node" ref="10773534937" role="guidepost" lat="46.2720192" lon="12.3318569"/>
    <member type="node" ref="10773534936" role="guidepost" lat="46.2719089" lon="12.3319488"/>
    <member type="node" ref="10775234339" role="guidepost" lat="46.2720804" lon="12.3321245"/>
    <member type="node" ref="10775234338" role="guidepost" lat="46.2715214" lon="12.3333898"/>
    <member type="way" ref="1214067218" role="">
      <nd lat="46.2690119" lon="12.3310975"/>
      <nd lat="46.2690681" lon="12.3310559"/>
      <nd lat="46.2691064" lon="12.3310275"/>
    </member>
    <member type="way" ref="136614954" role="">
      <nd lat="46.2691064" lon="12.3310275"/>
      <nd lat="46.2691222" lon="12.3310047"/>
      <nd lat="46.2691275" lon="12.3309716"/>
      <nd lat="46.2691615" lon="12.3306902"/>
      <nd lat="46.2691753" lon="12.3304992"/>
      <nd lat="46.2691631" lon="12.3303118"/>
      <nd lat="46.2691370" lon="12.3301379"/>
      <nd lat="46.2690778" lon="12.3299764"/>
      <nd lat="46.2689805" lon="12.3299137"/>
      <nd lat="46.2687425" lon="12.3297609"/>
      <nd lat="46.2687215" lon="12.3296847"/>
      <nd lat="46.2687106" lon="12.3295808"/>
      <nd lat="46.2686989" lon="12.3293250"/>
      <nd lat="46.2687155" lon="12.3290884"/>
      <nd lat="46.2687072" lon="12.3289118"/>
      <nd lat="46.2686847" lon="12.3287436"/>
      <nd lat="46.2686766" lon="12.3285844"/>
      <nd lat="46.2687283" lon="12.3286006"/>
      <nd lat="46.2687633" lon="12.3286183"/>
      <nd lat="46.2687906" lon="12.3286675"/>
      <nd lat="46.2688259" lon="12.3286725"/>
      <nd lat="46.2688427" lon="12.3286202"/>
      <nd lat="46.2688432" lon="12.3285516"/>
      <nd lat="46.2688258" lon="12.3284629"/>
      <nd lat="46.2688299" lon="12.3284110"/>
      <nd lat="46.2688584" lon="12.3283790"/>
      <nd lat="46.2689254" lon="12.3283091"/>
      <nd lat="46.2689156" lon="12.3282324"/>
      <nd lat="46.2688814" lon="12.3281643"/>
      <nd lat="46.2688429" lon="12.3281167"/>
      <nd lat="46.2688335" lon="12.3280366"/>
      <nd lat="46.2688427" lon="12.3279781"/>
      <nd lat="46.2688852" lon="12.3278425"/>
      <nd lat="46.2688841" lon="12.3277266"/>
      <nd lat="46.2688487" lon="12.3275814"/>
      <nd lat="46.2687542" lon="12.3273903"/>
      <nd lat="46.2685886" lon="12.3271326"/>
      <nd lat="46.2684962" lon="12.3266922"/>
      <nd lat="46.2684759" lon="12.3265631"/>
      <nd lat="46.2684632" lon="12.3264721"/>
      <nd lat="46.2684111" lon="12.3263965"/>
      <nd lat="46.2683660" lon="12.3262174"/>
      <nd lat="46.2683579" lon="12.3260815"/>
      <nd lat="46.2683738" lon="12.3260479"/>
      <nd lat="46.2684377" lon="12.3261124"/>
      <nd lat="46.2684927" lon="12.3262069"/>
      <nd lat="46.2685045" lon="12.3261475"/>
      <nd lat="46.2684857" lon="12.3260229"/>
      <nd lat="46.2684397" lon="12.3259166"/>
      <nd lat="46.2684233" lon="12.3256349"/>
      <nd lat="46.2684070" lon="12.3254705"/>
      <nd lat="46.2683668" lon="12.3253195"/>
      <nd lat="46.2683508" lon="12.3252148"/>
      <nd lat="46.2683422" lon="12.3250065"/>
      <nd lat="46.2682967" lon="12.3245240"/>
      <nd lat="46.2682560" lon="12.3241456"/>
      <nd lat="46.2682356" lon="12.3238580"/>
      <nd lat="46.2682152" lon="12.3236555"/>
      <nd lat="46.2682172" lon="12.3234982"/>
      <nd lat="46.2682316" lon="12.3233968"/>
      <nd lat="46.2682362" lon="12.3232224"/>
      <nd lat="46.2682496" lon="12.3230001"/>
      <nd lat="46.2683011" lon="12.3227745"/>
      <nd lat="46.2683819" lon="12.3225493"/>
      <nd lat="46.2684024" lon="12.3223940"/>
      <nd lat="46.2684112" lon="12.3221655"/>
      <nd lat="46.2684168" lon="12.3220608"/>
      <nd lat="46.2685004" lon="12.3219222"/>
      <nd lat="46.2685150" lon="12.3218570"/>
      <nd lat="46.2685245" lon="12.3217506"/>
      <nd lat="46.2685707" lon="12.3216585"/>
      <nd lat="46.2686356" lon="12.3215566"/>
      <nd lat="46.2686967" lon="12.3213796"/>
      <nd lat="46.2687338" lon="12.3212025"/>
      <nd lat="46.2687406" lon="12.3210578"/>
      <nd lat="46.2688686" lon="12.3209674"/>
      <nd lat="46.2689190" lon="12.3208362"/>
      <nd lat="46.2689738" lon="12.3207754"/>
      <nd lat="46.2690471" lon="12.3205311"/>
      <nd lat="46.2691133" lon="12.3204608"/>
      <nd lat="46.2691478" lon="12.3204103"/>
      <nd lat="46.2691748" lon="12.3202771"/>
      <nd lat="46.2692163" lon="12.3202315"/>
      <nd lat="46.2692484" lon="12.3202204"/>
      <nd lat="46.2693373" lon="12.3202070"/>
      <nd lat="46.2694194" lon="12.3201623"/>
      <nd lat="46.2696127" lon="12.3201144"/>
      <nd lat="46.2696275" lon="12.3201411"/>
    </member>
    <member type="way" ref="481549315" role="">
      <nd lat="46.2696275" lon="12.3201411"/>
      <nd lat="46.2696342" lon="12.3201911"/>
      <nd lat="46.2696155" lon="12.3202832"/>
      <nd lat="46.2695765" lon="12.3203597"/>
      <nd lat="46.2695496" lon="12.3204146"/>
      <nd lat="46.2695330" lon="12.3204710"/>
      <nd lat="46.2695274" lon="12.3205380"/>
      <nd lat="46.2695422" lon="12.3205850"/>
      <nd lat="46.2695839" lon="12.3206399"/>
      <nd lat="46.2696127" lon="12.3206802"/>
      <nd lat="46.2696498" lon="12.3207593"/>
      <nd lat="46.2696618" lon="12.3208022"/>
      <nd lat="46.2696488" lon="12.3209176"/>
      <nd lat="46.2696390" lon="12.3210632"/>
      <nd lat="46.2696168" lon="12.3211349"/>
      <nd lat="46.2695744" lon="12.3213004"/>
      <nd lat="46.2695042" lon="12.3215050"/>
      <nd lat="46.2694356" lon="12.3217916"/>
      <nd lat="46.2694080" lon="12.3218285"/>
      <nd lat="46.2693953" lon="12.3219436"/>
      <nd lat="46.2693488" lon="12.3222714"/>
      <nd lat="46.2693523" lon="12.3226101"/>
      <nd lat="46.2693356" lon="12.3227862"/>
      <nd lat="46.2693500" lon="12.3230000"/>
      <nd lat="46.2693559" lon="12.3232987"/>
      <nd lat="46.2693392" lon="12.3243561"/>
      <nd lat="46.2693846" lon="12.3246029"/>
      <nd lat="46.2694000" lon="12.3247330"/>
      <nd lat="46.2694421" lon="12.3248269"/>
      <nd lat="46.2694830" lon="12.3250670"/>
      <nd lat="46.2694903" lon="12.3255189"/>
      <nd lat="46.2694801" lon="12.3257858"/>
      <nd lat="46.2694931" lon="12.3259078"/>
      <nd lat="46.2695170" lon="12.3260330"/>
      <nd lat="46.2695441" lon="12.3261707"/>
      <nd lat="46.2696118" lon="12.3263061"/>
      <nd lat="46.2696500" lon="12.3263670"/>
      <nd lat="46.2697008" lon="12.3264831"/>
      <nd lat="46.2697313" lon="12.3265475"/>
      <nd lat="46.2697656" lon="12.3265985"/>
      <nd lat="46.2698509" lon="12.3266427"/>
      <nd lat="46.2699265" lon="12.3266707"/>
      <nd lat="46.2699742" lon="12.3266897"/>
      <nd lat="46.2700342" lon="12.3267344"/>
      <nd lat="46.2701328" lon="12.3267929"/>
      <nd lat="46.2702220" lon="12.3268449"/>
      <nd lat="46.2703024" lon="12.3268573"/>
      <nd lat="46.2703692" lon="12.3268493"/>
      <nd lat="46.2704053" lon="12.3268506"/>
      <nd lat="46.2704405" lon="12.3268841"/>
      <nd lat="46.2704628" lon="12.3269445"/>
      <nd lat="46.2704776" lon="12.3270491"/>
      <nd lat="46.2704952" lon="12.3271363"/>
      <nd lat="46.2705453" lon="12.3272449"/>
      <nd lat="46.2706334" lon="12.3274018"/>
      <nd lat="46.2706881" lon="12.3275024"/>
      <nd lat="46.2707382" lon="12.3276176"/>
      <nd lat="46.2708067" lon="12.3277800"/>
      <nd lat="46.2708651" lon="12.3279637"/>
      <nd lat="46.2708855" lon="12.3281837"/>
      <nd lat="46.2709004" lon="12.3285645"/>
      <nd lat="46.2709115" lon="12.3287563"/>
      <nd lat="46.2709135" lon="12.3288612"/>
      <nd lat="46.2709495" lon="12.3290098"/>
      <nd lat="46.2709767" lon="12.3291698"/>
      <nd lat="46.2712265" lon="12.3298519"/>
    </member>
    <member type="way" ref="1158665628" role="">
      <nd lat="46.2712265" lon="12.3298519"/>
      <nd lat="46.2712238" lon="12.3299022"/>
      <nd lat="46.2712477" lon="12.3299685"/>
      <nd lat="46.2712725" lon="12.3300308"/>
      <nd lat="46.2713255" lon="12.3301123"/>
      <nd lat="46.2713950" lon="12.3301743"/>
      <nd lat="46.2714555" lon="12.3302416"/>
      <nd lat="46.2715744" lon="12.3304023"/>
      <nd lat="46.2716192" lon="12.3304671"/>
      <nd lat="46.2716455" lon="12.3305187"/>
      <nd lat="46.2716619" lon="12.3305711"/>
      <nd lat="46.2716617" lon="12.3306173"/>
    </member>
    <member type="way" ref="236732835" role="">
      <nd lat="46.2717339" lon="12.3307847"/>
      <nd lat="46.2716863" lon="12.3306591"/>
      <nd lat="46.2716617" lon="12.3306173"/>
    </member>
    <member type="way" ref="236732833" role="">
      <nd lat="46.2720161" lon="12.3318838"/>
      <nd lat="46.2720053" lon="12.3318747"/>
      <nd lat="46.2719707" lon="12.3318033"/>
      <nd lat="46.2719512" lon="12.3317682"/>
      <nd lat="46.2719383" lon="12.3317356"/>
      <nd lat="46.2718467" lon="12.3314372"/>
      <nd lat="46.2718264" lon="12.3313768"/>
      <nd lat="46.2718145" lon="12.3313027"/>
      <nd lat="46.2718180" lon="12.3312511"/>
      <nd lat="46.2718136" lon="12.3312041"/>
      <nd lat="46.2717756" lon="12.3309882"/>
      <nd lat="46.2717550" lon="12.3308946"/>
      <nd lat="46.2717471" lon="12.3308589"/>
      <nd lat="46.2717339" lon="12.3307847"/>
    </member>
    <member type="way" ref="236072831" role="">
      <nd lat="46.2720161" lon="12.3318838"/>
      <nd lat="46.2720033" lon="12.3319094"/>
      <nd lat="46.2719859" lon="12.3319198"/>
      <nd lat="46.2719600" lon="12.3319481"/>
      <nd lat="46.2719386" lon="12.3319610"/>
      <nd lat="46.2719050" lon="12.3319617"/>
    </member>
    <member type="way" ref="1158665627" role="">
      <nd lat="46.2720645" lon="12.3320962"/>
      <nd lat="46.2720352" lon="12.3320757"/>
      <nd lat="46.2719240" lon="12.3320087"/>
      <nd lat="46.2719050" lon="12.3319617"/>
    </member>
    <member type="way" ref="1158467758" role="">
      <nd lat="46.2720752" lon="12.3324527"/>
      <nd lat="46.2720567" lon="12.3323773"/>
      <nd lat="46.2720271" lon="12.3323478"/>
      <nd lat="46.2720127" lon="12.3323169"/>
      <nd lat="46.2720122" lon="12.3322854"/>
      <nd lat="46.2720702" lon="12.3321212"/>
      <nd lat="46.2720645" lon="12.3320962"/>
    </member>
    <member type="way" ref="1158467762" role="">
      <nd lat="46.2720842" lon="12.3325959"/>
      <nd lat="46.2720752" lon="12.3324527"/>
    </member>
    <member type="way" ref="236229216" role="">
      <nd lat="46.2717971" lon="12.3328305"/>
      <nd lat="46.2718541" lon="12.3327705"/>
      <nd lat="46.2719055" lon="12.3327164"/>
      <nd lat="46.2720181" lon="12.3326436"/>
      <nd lat="46.2720842" lon="12.3325959"/>
    </member>
    <member type="way" ref="466075487" role="">
      <nd lat="46.2715029" lon="12.3333925"/>
      <nd lat="46.2715293" lon="12.3333174"/>
      <nd lat="46.2715860" lon="12.3331788"/>
      <nd lat="46.2716439" lon="12.3330585"/>
      <nd lat="46.2717154" lon="12.3329418"/>
      <nd lat="46.2717618" lon="12.3328744"/>
      <nd lat="46.2717971" lon="12.3328305"/>
    </member>
    <member type="way" ref="34636301" role="">
      <nd lat="46.2715029" lon="12.3333925"/>
      <nd lat="46.2715324" lon="12.3335308"/>
      <nd lat="46.2715773" lon="12.3336823"/>
      <nd lat="46.2716369" lon="12.3338542"/>
      <nd lat="46.2716591" lon="12.3339803"/>
      <nd lat="46.2717105" lon="12.3340404"/>
      <nd lat="46.2717644" lon="12.3341436"/>
      <nd lat="46.2717855" lon="12.3342396"/>
      <nd lat="46.2718028" lon="12.3343918"/>
      <nd lat="46.2718601" lon="12.3345319"/>
      <nd lat="46.2719361" lon="12.3346150"/>
      <nd lat="46.2719784" lon="12.3346886"/>
      <nd lat="46.2720526" lon="12.3347931"/>
      <nd lat="46.2720759" lon="12.3348533"/>
      <nd lat="46.2720819" lon="12.3349363"/>
      <nd lat="46.2720658" lon="12.3351425"/>
      <nd lat="46.2720061" lon="12.3355666"/>
      <nd lat="46.2719585" lon="12.3357377"/>
      <nd lat="46.2719619" lon="12.3359673"/>
      <nd lat="46.2719607" lon="12.3360671"/>
      <nd lat="46.2719792" lon="12.3361990"/>
      <nd lat="46.2720237" lon="12.3363482"/>
      <nd lat="46.2720840" lon="12.3364769"/>
      <nd lat="46.2722038" lon="12.3367934"/>
      <nd lat="46.2722821" lon="12.3369746"/>
      <nd lat="46.2723162" lon="12.3371047"/>
      <nd lat="46.2724573" lon="12.3375895"/>
      <nd lat="46.2725747" lon="12.3379221"/>
      <nd lat="46.2726289" lon="12.3381559"/>
      <nd lat="46.2726697" lon="12.3384474"/>
      <nd lat="46.2726721" lon="12.3387095"/>
      <nd lat="46.2726842" lon="12.3387890"/>
      <nd lat="46.2727061" lon="12.3388232"/>
      <nd lat="46.2727222" lon="12.3389428"/>
      <nd lat="46.2727629" lon="12.3390770"/>
      <nd lat="46.2727926" lon="12.3392102"/>
      <nd lat="46.2728234" lon="12.3392784"/>
      <nd lat="46.2728440" lon="12.3392495"/>
      <nd lat="46.2728577" lon="12.3392003"/>
      <nd lat="46.2729400" lon="12.3396263"/>
      <nd lat="46.2729685" lon="12.3396960"/>
      <nd lat="46.2730161" lon="12.3399437"/>
      <nd lat="46.2730478" lon="12.3400506"/>
      <nd lat="46.2730714" lon="12.3401914"/>
      <nd lat="46.2730874" lon="12.3403472"/>
      <nd lat="46.2730835" lon="12.3403925"/>
      <nd lat="46.2729790" lon="12.3404026"/>
      <nd lat="46.2729129" lon="12.3404442"/>
      <nd lat="46.2728547" lon="12.3404510"/>
      <nd lat="46.2728069" lon="12.3404791"/>
      <nd lat="46.2727748" lon="12.3405380"/>
      <nd lat="46.2727304" lon="12.3405941"/>
      <nd lat="46.2726768" lon="12.3406372"/>
      <nd lat="46.2726387" lon="12.3406824"/>
      <nd lat="46.2726184" lon="12.3407567"/>
      <nd lat="46.2726237" lon="12.3408315"/>
      <nd lat="46.2726393" lon="12.3408992"/>
      <nd lat="46.2726764" lon="12.3409808"/>
      <nd lat="46.2727249" lon="12.3410342"/>
      <nd lat="46.2728740" lon="12.3411498"/>
      <nd lat="46.2731099" lon="12.3413628"/>
      <nd lat="46.2731582" lon="12.3414196"/>
      <nd lat="46.2731878" lon="12.3414989"/>
      <nd lat="46.2732008" lon="12.3415460"/>
      <nd lat="46.2732518" lon="12.3415538"/>
      <nd lat="46.2735431" lon="12.3418478"/>
      <nd lat="46.2736426" lon="12.3420179"/>
      <nd lat="46.2736669" lon="12.3420637"/>
      <nd lat="46.2736606" lon="12.3420805"/>
      <nd lat="46.2736493" lon="12.3421104"/>
      <nd lat="46.2736305" lon="12.3421562"/>
      <nd lat="46.2735845" lon="12.3421988"/>
      <nd lat="46.2735285" lon="12.3422204"/>
      <nd lat="46.2734671" lon="12.3423111"/>
      <nd lat="46.2733109" lon="12.3424197"/>
      <nd lat="46.2730961" lon="12.3425102"/>
      <nd lat="46.2729218" lon="12.3425738"/>
      <nd lat="46.2727811" lon="12.3425933"/>
      <nd lat="46.2726948" lon="12.3426458"/>
      <nd lat="46.2723916" lon="12.3428053"/>
      <nd lat="46.2723493" lon="12.3428582"/>
      <nd lat="46.2723094" lon="12.3428646"/>
      <nd lat="46.2722804" lon="12.3428854"/>
      <nd lat="46.2722673" lon="12.3429852"/>
      <nd lat="46.2722670" lon="12.3430622"/>
      <nd lat="46.2722901" lon="12.3431116"/>
      <nd lat="46.2724175" lon="12.3432144"/>
      <nd lat="46.2725038" lon="12.3432833"/>
      <nd lat="46.2725855" lon="12.3434535"/>
      <nd lat="46.2726364" lon="12.3436742"/>
      <nd lat="46.2726457" lon="12.3437565"/>
      <nd lat="46.2726411" lon="12.3438301"/>
      <nd lat="46.2725806" lon="12.3440305"/>
      <nd lat="46.2725722" lon="12.3440942"/>
      <nd lat="46.2725570" lon="12.3441823"/>
      <nd lat="46.2725607" lon="12.3442546"/>
      <nd lat="46.2725555" lon="12.3443426"/>
      <nd lat="46.2725763" lon="12.3443874"/>
      <nd lat="46.2727097" lon="12.3444639"/>
      <nd lat="46.2728148" lon="12.3446240"/>
      <nd lat="46.2729286" lon="12.3447777"/>
      <nd lat="46.2729741" lon="12.3449301"/>
      <nd lat="46.2730299" lon="12.3452079"/>
      <nd lat="46.2730366" lon="12.3452968"/>
      <nd lat="46.2730540" lon="12.3453546"/>
      <nd lat="46.2730553" lon="12.3454475"/>
      <nd lat="46.2729987" lon="12.3456286"/>
      <nd lat="46.2729525" lon="12.3457580"/>
      <nd lat="46.2728508" lon="12.3459068"/>
      <nd lat="46.2727491" lon="12.3460403"/>
      <nd lat="46.2725935" lon="12.3462181"/>
      <nd lat="46.2725019" lon="12.3463838"/>
      <nd lat="46.2724532" lon="12.3465235"/>
      <nd lat="46.2724259" lon="12.3466500"/>
      <nd lat="46.2723994" lon="12.3467253"/>
      <nd lat="46.2723288" lon="12.3468273"/>
      <nd lat="46.2721970" lon="12.3469299"/>
      <nd lat="46.2721291" lon="12.3469990"/>
      <nd lat="46.2720772" lon="12.3470692"/>
      <nd lat="46.2720289" lon="12.3471828"/>
      <nd lat="46.2719194" lon="12.3472781"/>
      <nd lat="46.2718468" lon="12.3473349"/>
      <nd lat="46.2717890" lon="12.3473893"/>
      <nd lat="46.2717418" lon="12.3474621"/>
      <nd lat="46.2716444" lon="12.3475618"/>
      <nd lat="46.2715965" lon="12.3476376"/>
      <nd lat="46.2715623" lon="12.3477139"/>
      <nd lat="46.2715253" lon="12.3478216"/>
      <nd lat="46.2714933" lon="12.3479833"/>
      <nd lat="46.2714675" lon="12.3481077"/>
      <nd lat="46.2714391" lon="12.3482701"/>
      <nd lat="46.2714159" lon="12.3485802"/>
      <nd lat="46.2714234" lon="12.3489478"/>
      <nd lat="46.2714346" lon="12.3492697"/>
      <nd lat="46.2714350" lon="12.3493921"/>
      <nd lat="46.2714115" lon="12.3495302"/>
      <nd lat="46.2713873" lon="12.3500216"/>
      <nd lat="46.2714766" lon="12.3503769"/>
      <nd lat="46.2714977" lon="12.3504793"/>
      <nd lat="46.2715564" lon="12.3507886"/>
      <nd lat="46.2715623" lon="12.3508678"/>
      <nd lat="46.2715417" lon="12.3509919"/>
      <nd lat="46.2715469" lon="12.3510915"/>
      <nd lat="46.2715289" lon="12.3512277"/>
      <nd lat="46.2715291" lon="12.3514051"/>
      <nd lat="46.2715308" lon="12.3514924"/>
      <nd lat="46.2715116" lon="12.3516806"/>
      <nd lat="46.2715227" lon="12.3519913"/>
      <nd lat="46.2715345" lon="12.3520984"/>
      <nd lat="46.2715375" lon="12.3521708"/>
      <nd lat="46.2715261" lon="12.3522592"/>
      <nd lat="46.2715040" lon="12.3523199"/>
      <nd lat="46.2715227" lon="12.3524531"/>
      <nd lat="46.2715944" lon="12.3526010"/>
      <nd lat="46.2716836" lon="12.3527069"/>
      <nd lat="46.2717770" lon="12.3527468"/>
      <nd lat="46.2718258" lon="12.3527965"/>
      <nd lat="46.2718740" lon="12.3528189"/>
      <nd lat="46.2719123" lon="12.3528743"/>
      <nd lat="46.2719425" lon="12.3529452"/>
      <nd lat="46.2719596" lon="12.3530332"/>
      <nd lat="46.2719900" lon="12.3530908"/>
      <nd lat="46.2719913" lon="12.3531635"/>
      <nd lat="46.2720022" lon="12.3532107"/>
      <nd lat="46.2720491" lon="12.3532666"/>
      <nd lat="46.2720746" lon="12.3532850"/>
      <nd lat="46.2721098" lon="12.3532930"/>
      <nd lat="46.2721467" lon="12.3533365"/>
      <nd lat="46.2721684" lon="12.3533969"/>
      <nd lat="46.2721958" lon="12.3534929"/>
      <nd lat="46.2722389" lon="12.3535708"/>
      <nd lat="46.2723299" lon="12.3536355"/>
      <nd lat="46.2724259" lon="12.3537554"/>
    </member>
    <member type="way" ref="35550326" role="">
      <nd lat="46.2724259" lon="12.3537554"/>
      <nd lat="46.2724442" lon="12.3537680"/>
      <nd lat="46.2724913" lon="12.3537743"/>
      <nd lat="46.2725617" lon="12.3538347"/>
      <nd lat="46.2725888" lon="12.3538981"/>
      <nd lat="46.2725990" lon="12.3539446"/>
      <nd lat="46.2726235" lon="12.3539853"/>
      <nd lat="46.2726431" lon="12.3540259"/>
      <nd lat="46.2726504" lon="12.3541463"/>
      <nd lat="46.2727003" lon="12.3542048"/>
      <nd lat="46.2727288" lon="12.3542940"/>
      <nd lat="46.2727748" lon="12.3543800"/>
      <nd lat="46.2728892" lon="12.3545380"/>
      <nd lat="46.2729491" lon="12.3546382"/>
      <nd lat="46.2729612" lon="12.3547095"/>
      <nd lat="46.2730047" lon="12.3547635"/>
      <nd lat="46.2730691" lon="12.3547659"/>
      <nd lat="46.2731219" lon="12.3548187"/>
      <nd lat="46.2731532" lon="12.3548868"/>
      <nd lat="46.2732281" lon="12.3549743"/>
      <nd lat="46.2732716" lon="12.3550878"/>
      <nd lat="46.2733650" lon="12.3552075"/>
      <nd lat="46.2734180" lon="12.3552679"/>
      <nd lat="46.2734482" lon="12.3553333"/>
      <nd lat="46.2735036" lon="12.3555261"/>
      <nd lat="46.2735235" lon="12.3556253"/>
      <nd lat="46.2736168" lon="12.3557125"/>
      <nd lat="46.2737420" lon="12.3558608"/>
      <nd lat="46.2738467" lon="12.3559482"/>
      <nd lat="46.2739452" lon="12.3560391"/>
      <nd lat="46.2740032" lon="12.3561555"/>
      <nd lat="46.2740893" lon="12.3562396"/>
      <nd lat="46.2741162" lon="12.3563220"/>
      <nd lat="46.2741576" lon="12.3565518"/>
      <nd lat="46.2741594" lon="12.3567886"/>
      <nd lat="46.2741554" lon="12.3568542"/>
      <nd lat="46.2741910" lon="12.3569751"/>
      <nd lat="46.2742113" lon="12.3570638"/>
      <nd lat="46.2742210" lon="12.3571597"/>
      <nd lat="46.2742222" lon="12.3573088"/>
      <nd lat="46.2742434" lon="12.3573596"/>
      <nd lat="46.2742961" lon="12.3573915"/>
      <nd lat="46.2744011" lon="12.3573893"/>
      <nd lat="46.2744712" lon="12.3574040"/>
      <nd lat="46.2745271" lon="12.3574338"/>
      <nd lat="46.2745761" lon="12.3574883"/>
      <nd lat="46.2746538" lon="12.3576615"/>
      <nd lat="46.2747064" lon="12.3578355"/>
      <nd lat="46.2747517" lon="12.3579226"/>
      <nd lat="46.2747635" lon="12.3580186"/>
      <nd lat="46.2748133" lon="12.3581276"/>
      <nd lat="46.2748276" lon="12.3582072"/>
      <nd lat="46.2749125" lon="12.3583700"/>
      <nd lat="46.2749362" lon="12.3585051"/>
      <nd lat="46.2749485" lon="12.3585683"/>
      <nd lat="46.2749905" lon="12.3586094"/>
      <nd lat="46.2750417" lon="12.3586220"/>
      <nd lat="46.2750935" lon="12.3585738"/>
      <nd lat="46.2751357" lon="12.3585422"/>
      <nd lat="46.2751698" lon="12.3585626"/>
      <nd lat="46.2752349" lon="12.3586351"/>
      <nd lat="46.2752519" lon="12.3587232"/>
      <nd lat="46.2752391" lon="12.3587985"/>
      <nd lat="46.2751991" lon="12.3588519"/>
      <nd lat="46.2751896" lon="12.3589013"/>
      <nd lat="46.2751911" lon="12.3589935"/>
      <nd lat="46.2751996" lon="12.3590446"/>
      <nd lat="46.2752192" lon="12.3590923"/>
      <nd lat="46.2752285" lon="12.3591550"/>
      <nd lat="46.2752324" lon="12.3592061"/>
      <nd lat="46.2752787" lon="12.3592866"/>
      <nd lat="46.2752930" lon="12.3593119"/>
      <nd lat="46.2752908" lon="12.3594042"/>
      <nd lat="46.2753455" lon="12.3594915"/>
      <nd lat="46.2753550" lon="12.3595902"/>
      <nd lat="46.2753510" lon="12.3596743"/>
      <nd lat="46.2753316" lon="12.3597367"/>
      <nd lat="46.2753073" lon="12.3597767"/>
      <nd lat="46.2753068" lon="12.3598233"/>
      <nd lat="46.2753618" lon="12.3599276"/>
      <nd lat="46.2754008" lon="12.3600152"/>
      <nd lat="46.2754807" lon="12.3601698"/>
      <nd lat="46.2755393" lon="12.3602809"/>
      <nd lat="46.2755467" lon="12.3603592"/>
      <nd lat="46.2755588" lon="12.3603958"/>
      <nd lat="46.2756567" lon="12.3604513"/>
      <nd lat="46.2756681" lon="12.3604888"/>
      <nd lat="46.2756713" lon="12.3605288"/>
      <nd lat="46.2756585" lon="12.3605599"/>
      <nd lat="46.2756617" lon="12.3606112"/>
      <nd lat="46.2756920" lon="12.3606670"/>
      <nd lat="46.2757014" lon="12.3607285"/>
      <nd lat="46.2756964" lon="12.3607933"/>
      <nd lat="46.2756483" lon="12.3608748"/>
      <nd lat="46.2756238" lon="12.3609211"/>
      <nd lat="46.2756306" lon="12.3610272"/>
      <nd lat="46.2756338" lon="12.3610998"/>
      <nd lat="46.2756401" lon="12.3612141"/>
      <nd lat="46.2756305" lon="12.3612650"/>
      <nd lat="46.2756277" lon="12.3613157"/>
      <nd lat="46.2756388" lon="12.3613962"/>
      <nd lat="46.2756162" lon="12.3615172"/>
      <nd lat="46.2756341" lon="12.3615939"/>
      <nd lat="46.2756269" lon="12.3616302"/>
      <nd lat="46.2755774" lon="12.3617009"/>
      <nd lat="46.2755836" lon="12.3618864"/>
      <nd lat="46.2756088" lon="12.3619880"/>
      <nd lat="46.2756093" lon="12.3620958"/>
      <nd lat="46.2756606" lon="12.3623605"/>
      <nd lat="46.2756445" lon="12.3624386"/>
      <nd lat="46.2756458" lon="12.3625289"/>
      <nd lat="46.2755906" lon="12.3627617"/>
      <nd lat="46.2755818" lon="12.3628829"/>
      <nd lat="46.2755893" lon="12.3629390"/>
      <nd lat="46.2756248" lon="12.3629686"/>
      <nd lat="46.2756563" lon="12.3629871"/>
      <nd lat="46.2756841" lon="12.3629980"/>
    </member>
    <member type="way" ref="857362076" role="">
      <nd lat="46.2756841" lon="12.3629980"/>
      <nd lat="46.2756900" lon="12.3629845"/>
      <nd lat="46.2756490" lon="12.3628988"/>
      <nd lat="46.2757030" lon="12.3627150"/>
      <nd lat="46.2757952" lon="12.3625693"/>
      <nd lat="46.2758397" lon="12.3625062"/>
      <nd lat="46.2758876" lon="12.3624620"/>
      <nd lat="46.2759183" lon="12.3623613"/>
      <nd lat="46.2759576" lon="12.3622348"/>
      <nd lat="46.2759917" lon="12.3621041"/>
      <nd lat="46.2760190" lon="12.3621285"/>
      <nd lat="46.2760254" lon="12.3622317"/>
      <nd lat="46.2760613" lon="12.3622533"/>
      <nd lat="46.2763311" lon="12.3622694"/>
      <nd lat="46.2764620" lon="12.3623461"/>
      <nd lat="46.2765770" lon="12.3624124"/>
      <nd lat="46.2766961" lon="12.3624749"/>
      <nd lat="46.2767721" lon="12.3625053"/>
      <nd lat="46.2768325" lon="12.3625425"/>
      <nd lat="46.2768820" lon="12.3626278"/>
      <nd lat="46.2769180" lon="12.3626967"/>
      <nd lat="46.2769522" lon="12.3628038"/>
      <nd lat="46.2769728" lon="12.3628924"/>
      <nd lat="46.2770172" lon="12.3629838"/>
      <nd lat="46.2770922" lon="12.3630813"/>
      <nd lat="46.2771678" lon="12.3631482"/>
      <nd lat="46.2772941" lon="12.3632337"/>
      <nd lat="46.2773528" lon="12.3632557"/>
      <nd lat="46.2773775" lon="12.3632946"/>
      <nd lat="46.2773910" lon="12.3633607"/>
      <nd lat="46.2774143" lon="12.3633977"/>
      <nd lat="46.2774432" lon="12.3633887"/>
      <nd lat="46.2774607" lon="12.3633440"/>
      <nd lat="46.2774780" lon="12.3632916"/>
      <nd lat="46.2775076" lon="12.3632559"/>
      <nd lat="46.2775592" lon="12.3632572"/>
      <nd lat="46.2776033" lon="12.3632780"/>
    </member>
    <member type="way" ref="1564037087" role="">
      <nd lat="46.2756841" lon="12.3629980"/>
      <nd lat="46.2757201" lon="12.3630395"/>
      <nd lat="46.2757444" lon="12.3630625"/>
      <nd lat="46.2757616" lon="12.3630640"/>
      <nd lat="46.2757848" lon="12.3631097"/>
      <nd lat="46.2757937" lon="12.3631509"/>
      <nd lat="46.2758104" lon="12.3631811"/>
      <nd lat="46.2758208" lon="12.3631931"/>
      <nd lat="46.2758939" lon="12.3632641"/>
      <nd lat="46.2759194" lon="12.3633139"/>
      <nd lat="46.2759466" lon="12.3633200"/>
      <nd lat="46.2759638" lon="12.3633079"/>
      <nd lat="46.2759753" lon="12.3632973"/>
      <nd lat="46.2759836" lon="12.3632837"/>
      <nd lat="46.2760108" lon="12.3632037"/>
      <nd lat="46.2760202" lon="12.3631705"/>
      <nd lat="46.2760473" lon="12.3631327"/>
      <nd lat="46.2760974" lon="12.3630761"/>
      <nd lat="46.2761371" lon="12.3630663"/>
    </member>
    <member type="way" ref="1564037086" role="">
      <nd lat="46.2761371" lon="12.3630663"/>
      <nd lat="46.2761966" lon="12.3630421"/>
    </member>
    <member type="way" ref="1564037088" role="">
      <nd lat="46.2761966" lon="12.3630421"/>
      <nd lat="46.2762315" lon="12.3630006"/>
      <nd lat="46.2762498" lon="12.3629523"/>
      <nd lat="46.2762863" lon="12.3629379"/>
      <nd lat="46.2763312" lon="12.3629266"/>
      <nd lat="46.2763709" lon="12.3629334"/>
      <nd lat="46.2763834" lon="12.3629379"/>
      <nd lat="46.2763949" lon="12.3629470"/>
      <nd lat="46.2764236" lon="12.3630014"/>
      <nd lat="46.2764387" lon="12.3630331"/>
      <nd lat="46.2764481" lon="12.3630436"/>
      <nd lat="46.2764747" lon="12.3630655"/>
      <nd lat="46.2765118" lon="12.3630663"/>
      <nd lat="46.2765264" lon="12.3630603"/>
      <nd lat="46.2765525" lon="12.3630406"/>
      <nd lat="46.2765754" lon="12.3630195"/>
      <nd lat="46.2765994" lon="12.3630029"/>
      <nd lat="46.2766120" lon="12.3629983"/>
      <nd lat="46.2766380" lon="12.3629923"/>
      <nd lat="46.2766787" lon="12.3629923"/>
      <nd lat="46.2767226" lon="12.3630029"/>
      <nd lat="46.2767852" lon="12.3630421"/>
      <nd lat="46.2768050" lon="12.3630648"/>
      <nd lat="46.2768729" lon="12.3631644"/>
      <nd lat="46.2769157" lon="12.3631992"/>
      <nd lat="46.2769397" lon="12.3632128"/>
      <nd lat="46.2769564" lon="12.3632369"/>
      <nd lat="46.2769877" lon="12.3632958"/>
      <nd lat="46.2770420" lon="12.3633698"/>
      <nd lat="46.2770973" lon="12.3634166"/>
      <nd lat="46.2771098" lon="12.3634227"/>
      <nd lat="46.2771202" lon="12.3634302"/>
      <nd lat="46.2771369" lon="12.3634559"/>
      <nd lat="46.2771463" lon="12.3634861"/>
      <nd lat="46.2771589" lon="12.3635178"/>
      <nd lat="46.2771735" lon="12.3635623"/>
      <nd lat="46.2771876" lon="12.3635790"/>
      <nd lat="46.2772100" lon="12.3635941"/>
      <nd lat="46.2772272" lon="12.3636107"/>
      <nd lat="46.2772423" lon="12.3636175"/>
      <nd lat="46.2772627" lon="12.3636182"/>
      <nd lat="46.2772857" lon="12.3636212"/>
      <nd lat="46.2773222" lon="12.3636167"/>
      <nd lat="46.2773582" lon="12.3636008"/>
      <nd lat="46.2773864" lon="12.3635925"/>
      <nd lat="46.2774109" lon="12.3635850"/>
      <nd lat="46.2774375" lon="12.3635646"/>
      <nd lat="46.2774605" lon="12.3635404"/>
      <nd lat="46.2774803" lon="12.3634725"/>
      <nd lat="46.2774855" lon="12.3634347"/>
      <nd lat="46.2774991" lon="12.3633955"/>
      <nd lat="46.2775074" lon="12.3633804"/>
      <nd lat="46.2775283" lon="12.3633547"/>
      <nd lat="46.2775398" lon="12.3633472"/>
      <nd lat="46.2775586" lon="12.3633245"/>
      <nd lat="46.2775815" lon="12.3633079"/>
      <nd lat="46.2775941" lon="12.3633019"/>
      <nd lat="46.2776033" lon="12.3632780"/>
      <nd lat="46.2776724" lon="12.3633378"/>
      <nd lat="46.2777023" lon="12.3633537"/>
    </member>
    <member type="way" ref="35550325" role="">
      <nd lat="46.2777023" lon="12.3633537"/>
      <nd lat="46.2778009" lon="12.3633710"/>
      <nd lat="46.2778550" lon="12.3633758"/>
      <nd lat="46.2778807" lon="12.3633142"/>
      <nd lat="46.2779294" lon="12.3632710"/>
      <nd lat="46.2779443" lon="12.3632665"/>
      <nd lat="46.2779809" lon="12.3632553"/>
    </member>
    <member type="way" ref="180750962" role="">
      <nd lat="46.2779809" lon="12.3632553"/>
      <nd lat="46.2780027" lon="12.3632616"/>
      <nd lat="46.2780242" lon="12.3632872"/>
      <nd lat="46.2780536" lon="12.3633632"/>
      <nd lat="46.2780858" lon="12.3634399"/>
      <nd lat="46.2782016" lon="12.3635748"/>
      <nd lat="46.2783028" lon="12.3636626"/>
      <nd lat="46.2784512" lon="12.3637619"/>
      <nd lat="46.2785405" lon="12.3638334"/>
      <nd lat="46.2786324" lon="12.3638924"/>
      <nd lat="46.2787355" lon="12.3639131"/>
      <nd lat="46.2788290" lon="12.3639516"/>
      <nd lat="46.2789059" lon="12.3639317"/>
      <nd lat="46.2789623" lon="12.3639267"/>
      <nd lat="46.2791284" lon="12.3640077"/>
      <nd lat="46.2792282" lon="12.3640281"/>
      <nd lat="46.2792949" lon="12.3640536"/>
      <nd lat="46.2795244" lon="12.3640293"/>
      <nd lat="46.2795901" lon="12.3640002"/>
      <nd lat="46.2796983" lon="12.3640225"/>
      <nd lat="46.2798028" lon="12.3640213"/>
      <nd lat="46.2799723" lon="12.3640875"/>
      <nd lat="46.2800484" lon="12.3640722"/>
      <nd lat="46.2800974" lon="12.3640644"/>
      <nd lat="46.2801489" lon="12.3640905"/>
      <nd lat="46.2803320" lon="12.3640948"/>
      <nd lat="46.2803737" lon="12.3641082"/>
      <nd lat="46.2805222" lon="12.3641889"/>
      <nd lat="46.2807129" lon="12.3641430"/>
      <nd lat="46.2807771" lon="12.3640896"/>
      <nd lat="46.2809102" lon="12.3639542"/>
      <nd lat="46.2809833" lon="12.3639398"/>
      <nd lat="46.2810318" lon="12.3639775"/>
      <nd lat="46.2810859" lon="12.3640875"/>
      <nd lat="46.2811565" lon="12.3641661"/>
      <nd lat="46.2812401" lon="12.3641793"/>
      <nd lat="46.2813218" lon="12.3642231"/>
      <nd lat="46.2815067" lon="12.3643840"/>
      <nd lat="46.2816192" lon="12.3645007"/>
      <nd lat="46.2817329" lon="12.3645543"/>
      <nd lat="46.2817708" lon="12.3646517"/>
      <nd lat="46.2818156" lon="12.3647583"/>
      <nd lat="46.2818662" lon="12.3647730"/>
      <nd lat="46.2819115" lon="12.3648453"/>
      <nd lat="46.2819422" lon="12.3649735"/>
      <nd lat="46.2819744" lon="12.3651074"/>
      <nd lat="46.2820067" lon="12.3651860"/>
      <nd lat="46.2820558" lon="12.3652523"/>
      <nd lat="46.2821388" lon="12.3652960"/>
      <nd lat="46.2821915" lon="12.3653450"/>
      <nd lat="46.2822411" lon="12.3654322"/>
      <nd lat="46.2823013" lon="12.3655171"/>
      <nd lat="46.2823836" lon="12.3655876"/>
      <nd lat="46.2824234" lon="12.3656486"/>
      <nd lat="46.2824802" lon="12.3658267"/>
      <nd lat="46.2825774" lon="12.3660264"/>
      <nd lat="46.2826300" lon="12.3661766"/>
      <nd lat="46.2826695" lon="12.3663011"/>
      <nd lat="46.2826666" lon="12.3663905"/>
      <nd lat="46.2826746" lon="12.3664473"/>
      <nd lat="46.2826900" lon="12.3664866"/>
      <nd lat="46.2828281" lon="12.3665123"/>
      <nd lat="46.2829194" lon="12.3665056"/>
      <nd lat="46.2829998" lon="12.3664359"/>
      <nd lat="46.2831533" lon="12.3662669"/>
      <nd lat="46.2832393" lon="12.3661537"/>
      <nd lat="46.2832755" lon="12.3661229"/>
      <nd lat="46.2834290" lon="12.3661219"/>
      <nd lat="46.2835656" lon="12.3661513"/>
      <nd lat="46.2836507" lon="12.3661801"/>
      <nd lat="46.2837064" lon="12.3662114"/>
      <nd lat="46.2837564" lon="12.3662601"/>
      <nd lat="46.2838019" lon="12.3663292"/>
      <nd lat="46.2838662" lon="12.3663928"/>
      <nd lat="46.2840718" lon="12.3666632"/>
      <nd lat="46.2841471" lon="12.3667381"/>
      <nd lat="46.2842064" lon="12.3668167"/>
      <nd lat="46.2842407" lon="12.3669059"/>
      <nd lat="46.2842592" lon="12.3670147"/>
      <nd lat="46.2842962" lon="12.3671486"/>
      <nd lat="46.2843530" lon="12.3672998"/>
    </member>
    <member type="way" ref="1050979054" role="">
      <nd lat="46.2843530" lon="12.3672998"/>
      <nd lat="46.2843536" lon="12.3673950"/>
      <nd lat="46.2843295" lon="12.3674954"/>
      <nd lat="46.2843027" lon="12.3676412"/>
      <nd lat="46.2842792" lon="12.3677643"/>
      <nd lat="46.2842200" lon="12.3677400"/>
      <nd lat="46.2842182" lon="12.3678899"/>
      <nd lat="46.2842208" lon="12.3679451"/>
      <nd lat="46.2842022" lon="12.3679648"/>
      <nd lat="46.2841680" lon="12.3679476"/>
      <nd lat="46.2841460" lon="12.3679124"/>
      <nd lat="46.2841235" lon="12.3679135"/>
      <nd lat="46.2841258" lon="12.3680107"/>
      <nd lat="46.2841332" lon="12.3681038"/>
      <nd lat="46.2841432" lon="12.3681949"/>
      <nd lat="46.2842000" lon="12.3683639"/>
      <nd lat="46.2842337" lon="12.3684907"/>
    </member>
    <member type="way" ref="237521792" role="">
      <nd lat="46.2812051" lon="12.3707128"/>
      <nd lat="46.2812205" lon="12.3707295"/>
      <nd lat="46.2812618" lon="12.3706989"/>
      <nd lat="46.2812871" lon="12.3706580"/>
      <nd lat="46.2812790" lon="12.3705860"/>
      <nd lat="46.2813185" lon="12.3703980"/>
      <nd lat="46.2813735" lon="12.3701128"/>
      <nd lat="46.2814232" lon="12.3699094"/>
      <nd lat="46.2814919" lon="12.3698172"/>
      <nd lat="46.2815571" lon="12.3697386"/>
      <nd lat="46.2816300" lon="12.3696764"/>
      <nd lat="46.2816965" lon="12.3696334"/>
      <nd lat="46.2817663" lon="12.3696084"/>
      <nd lat="46.2818841" lon="12.3695221"/>
      <nd lat="46.2819924" lon="12.3694062"/>
      <nd lat="46.2820748" lon="12.3693176"/>
      <nd lat="46.2821846" lon="12.3691041"/>
      <nd lat="46.2822682" lon="12.3689583"/>
      <nd lat="46.2823776" lon="12.3688430"/>
      <nd lat="46.2825645" lon="12.3686409"/>
      <nd lat="46.2826889" lon="12.3685014"/>
      <nd lat="46.2828175" lon="12.3684070"/>
      <nd lat="46.2829282" lon="12.3683607"/>
      <nd lat="46.2829972" lon="12.3683435"/>
      <nd lat="46.2830634" lon="12.3683354"/>
      <nd lat="46.2831312" lon="12.3683435"/>
      <nd lat="46.2831815" lon="12.3683692"/>
      <nd lat="46.2832408" lon="12.3683984"/>
      <nd lat="46.2832986" lon="12.3684502"/>
      <nd lat="46.2835209" lon="12.3687399"/>
      <nd lat="46.2836353" lon="12.3688889"/>
      <nd lat="46.2837432" lon="12.3690394"/>
      <nd lat="46.2837932" lon="12.3691229"/>
      <nd lat="46.2838305" lon="12.3692253"/>
      <nd lat="46.2839099" lon="12.3695213"/>
      <nd lat="46.2839757" lon="12.3699217"/>
      <nd lat="46.2839953" lon="12.3699495"/>
      <nd lat="46.2840194" lon="12.3699747"/>
      <nd lat="46.2840553" lon="12.3699648"/>
      <nd lat="46.2840822" lon="12.3699164"/>
      <nd lat="46.2840860" lon="12.3698704"/>
      <nd lat="46.2840525" lon="12.3696041"/>
      <nd lat="46.2840266" lon="12.3692884"/>
      <nd lat="46.2839965" lon="12.3689807"/>
      <nd lat="46.2839625" lon="12.3688602"/>
      <nd lat="46.2839194" lon="12.3687431"/>
      <nd lat="46.2837943" lon="12.3684527"/>
      <nd lat="46.2837581" lon="12.3682929"/>
      <nd lat="46.2837329" lon="12.3680920"/>
      <nd lat="46.2836953" lon="12.3678958"/>
      <nd lat="46.2836583" lon="12.3677949"/>
      <nd lat="46.2836360" lon="12.3677234"/>
      <nd lat="46.2835968" lon="12.3676608"/>
      <nd lat="46.2835415" lon="12.3675976"/>
      <nd lat="46.2834869" lon="12.3675456"/>
      <nd lat="46.2834247" lon="12.3674992"/>
      <nd lat="46.2833627" lon="12.3674605"/>
      <nd lat="46.2833201" lon="12.3674155"/>
      <nd lat="46.2833158" lon="12.3673582"/>
      <nd lat="46.2833519" lon="12.3673214"/>
      <nd lat="46.2834028" lon="12.3673175"/>
      <nd lat="46.2834558" lon="12.3673246"/>
      <nd lat="46.2835413" lon="12.3673804"/>
      <nd lat="46.2837078" lon="12.3675146"/>
      <nd lat="46.2838284" lon="12.3677106"/>
      <nd lat="46.2839434" lon="12.3679575"/>
      <nd lat="46.2840532" lon="12.3682560"/>
      <nd lat="46.2841559" lon="12.3683921"/>
      <nd lat="46.2842337" lon="12.3684907"/>
    </member>
    <member type="way" ref="235840283" role="">
      <nd lat="46.2812051" lon="12.3707128"/>
      <nd lat="46.2811954" lon="12.3708020"/>
      <nd lat="46.2811924" lon="12.3708749"/>
      <nd lat="46.2811934" lon="12.3709654"/>
      <nd lat="46.2811924" lon="12.3710150"/>
      <nd lat="46.2811813" lon="12.3710719"/>
      <nd lat="46.2811521" lon="12.3711653"/>
      <nd lat="46.2811299" lon="12.3712455"/>
      <nd lat="46.2810926" lon="12.3713651"/>
      <nd lat="46.2810633" lon="12.3714862"/>
      <nd lat="46.2810502" lon="12.3715635"/>
      <nd lat="46.2810351" lon="12.3716919"/>
      <nd lat="46.2810159" lon="12.3718116"/>
      <nd lat="46.2809978" lon="12.3719079"/>
      <nd lat="46.2809746" lon="12.3719866"/>
      <nd lat="46.2809525" lon="12.3720709"/>
      <nd lat="46.2809363" lon="12.3721233"/>
      <nd lat="46.2809132" lon="12.3721993"/>
    </member>
    <member type="way" ref="1105225733" role="">
      <nd lat="46.2809132" lon="12.3721993"/>
      <nd lat="46.2809374" lon="12.3722915"/>
      <nd lat="46.2809270" lon="12.3723540"/>
      <nd lat="46.2809217" lon="12.3723918"/>
      <nd lat="46.2808887" lon="12.3724525"/>
      <nd lat="46.2807411" lon="12.3725971"/>
      <nd lat="46.2807289" lon="12.3726181"/>
      <nd lat="46.2807084" lon="12.3727335"/>
      <nd lat="46.2806783" lon="12.3727788"/>
      <nd lat="46.2806327" lon="12.3728077"/>
      <nd lat="46.2805693" lon="12.3728661"/>
      <nd lat="46.2805478" lon="12.3729091"/>
      <nd lat="46.2805011" lon="12.3729523"/>
      <nd lat="46.2804420" lon="12.3729666"/>
      <nd lat="46.2804227" lon="12.3730200"/>
      <nd lat="46.2803481" lon="12.3729997"/>
      <nd lat="46.2802570" lon="12.3730632"/>
      <nd lat="46.2801893" lon="12.3731389"/>
      <nd lat="46.2801475" lon="12.3732172"/>
      <nd lat="46.2801161" lon="12.3732626"/>
      <nd lat="46.2800815" lon="12.3732833"/>
      <nd lat="46.2800261" lon="12.3732888"/>
      <nd lat="46.2800018" lon="12.3732947"/>
      <nd lat="46.2799929" lon="12.3733085"/>
      <nd lat="46.2799963" lon="12.3733446"/>
      <nd lat="46.2800178" lon="12.3733855"/>
      <nd lat="46.2800316" lon="12.3734135"/>
      <nd lat="46.2800320" lon="12.3734306"/>
      <nd lat="46.2800204" lon="12.3734445"/>
      <nd lat="46.2799992" lon="12.3734427"/>
      <nd lat="46.2799746" lon="12.3734372"/>
      <nd lat="46.2799632" lon="12.3734568"/>
      <nd lat="46.2799701" lon="12.3735004"/>
      <nd lat="46.2799587" lon="12.3735200"/>
      <nd lat="46.2799586" lon="12.3735429"/>
      <nd lat="46.2799825" lon="12.3735770"/>
      <nd lat="46.2799881" lon="12.3735930"/>
      <nd lat="46.2799839" lon="12.3736084"/>
      <nd lat="46.2799641" lon="12.3736094"/>
      <nd lat="46.2799364" lon="12.3736136"/>
      <nd lat="46.2799315" lon="12.3736300"/>
      <nd lat="46.2799491" lon="12.3736502"/>
      <nd lat="46.2799777" lon="12.3736583"/>
      <nd lat="46.2799842" lon="12.3736790"/>
      <nd lat="46.2799720" lon="12.3736939"/>
      <nd lat="46.2799517" lon="12.3737044"/>
      <nd lat="46.2799217" lon="12.3736963"/>
      <nd lat="46.2798749" lon="12.3736995"/>
      <nd lat="46.2798378" lon="12.3737270"/>
      <nd lat="46.2798109" lon="12.3737655"/>
      <nd lat="46.2798028" lon="12.3738145"/>
      <nd lat="46.2798165" lon="12.3738625"/>
      <nd lat="46.2798130" lon="12.3738837"/>
      <nd lat="46.2797987" lon="12.3738948"/>
      <nd lat="46.2797747" lon="12.3738893"/>
      <nd lat="46.2797623" lon="12.3738937"/>
      <nd lat="46.2797563" lon="12.3739198"/>
      <nd lat="46.2797718" lon="12.3739619"/>
      <nd lat="46.2797964" lon="12.3739980"/>
      <nd lat="46.2797931" lon="12.3740248"/>
      <nd lat="46.2797690" lon="12.3740708"/>
      <nd lat="46.2797287" lon="12.3740994"/>
      <nd lat="46.2797015" lon="12.3740960"/>
      <nd lat="46.2796540" lon="12.3740448"/>
      <nd lat="46.2796179" lon="12.3739702"/>
      <nd lat="46.2795776" lon="12.3738844"/>
      <nd lat="46.2795452" lon="12.3738555"/>
      <nd lat="46.2794829" lon="12.3737955"/>
      <nd lat="46.2794193" lon="12.3737890"/>
      <nd lat="46.2793723" lon="12.3737569"/>
      <nd lat="46.2793286" lon="12.3737571"/>
      <nd lat="46.2792792" lon="12.3737919"/>
      <nd lat="46.2792580" lon="12.3738186"/>
      <nd lat="46.2792370" lon="12.3738578"/>
      <nd lat="46.2792220" lon="12.3738652"/>
      <nd lat="46.2792039" lon="12.3738260"/>
      <nd lat="46.2792036" lon="12.3737821"/>
      <nd lat="46.2791945" lon="12.3737616"/>
      <nd lat="46.2791697" lon="12.3737558"/>
      <nd lat="46.2791327" lon="12.3737493"/>
      <nd lat="46.2791137" lon="12.3737864"/>
      <nd lat="46.2790993" lon="12.3737900"/>
      <nd lat="46.2790538" lon="12.3736243"/>
      <nd lat="46.2790355" lon="12.3735775"/>
      <nd lat="46.2790171" lon="12.3735259"/>
      <nd lat="46.2790150" lon="12.3734917"/>
      <nd lat="46.2789940" lon="12.3734679"/>
      <nd lat="46.2789690" lon="12.3734185"/>
      <nd lat="46.2789274" lon="12.3733337"/>
      <nd lat="46.2789009" lon="12.3732706"/>
      <nd lat="46.2788792" lon="12.3732521"/>
      <nd lat="46.2788581" lon="12.3732512"/>
      <nd lat="46.2788303" lon="12.3733088"/>
      <nd lat="46.2788155" lon="12.3733701"/>
      <nd lat="46.2787257" lon="12.3735295"/>
      <nd lat="46.2786699" lon="12.3736511"/>
    </member>
    <member type="way" ref="1214067222" role="">
      <nd lat="46.2786699" lon="12.3736511"/>
      <nd lat="46.2786485" lon="12.3736979"/>
      <nd lat="46.2785916" lon="12.3737742"/>
    </member>
    <member type="way" ref="466075484" role="">
      <nd lat="46.2785916" lon="12.3737742"/>
      <nd lat="46.2786371" lon="12.3738812"/>
    </member>
    <member type="way" ref="235848849" role="">
      <nd lat="46.2786371" lon="12.3738812"/>
      <nd lat="46.2786422" lon="12.3738985"/>
      <nd lat="46.2786693" lon="12.3739769"/>
    </member>
    <member type="way" ref="235840290" role="">
      <nd lat="46.2786693" lon="12.3739769"/>
      <nd lat="46.2787169" lon="12.3741615"/>
      <nd lat="46.2787572" lon="12.3742803"/>
      <nd lat="46.2788009" lon="12.3743873"/>
      <nd lat="46.2789202" lon="12.3746331"/>
      <nd lat="46.2789966" lon="12.3747456"/>
      <nd lat="46.2790687" lon="12.3748392"/>
      <nd lat="46.2791505" lon="12.3749322"/>
      <nd lat="46.2792392" lon="12.3750218"/>
      <nd lat="46.2793528" lon="12.3751025"/>
      <nd lat="46.2794134" lon="12.3751436"/>
      <nd lat="46.2796766" lon="12.3752904"/>
      <nd lat="46.2801168" lon="12.3755382"/>
      <nd lat="46.2802506" lon="12.3756008"/>
      <nd lat="46.2805674" lon="12.3756726"/>
      <nd lat="46.2808290" lon="12.3757229"/>
      <nd lat="46.2808658" lon="12.3757275"/>
      <nd lat="46.2809047" lon="12.3757219"/>
      <nd lat="46.2809473" lon="12.3757074"/>
      <nd lat="46.2809738" lon="12.3756858"/>
      <nd lat="46.2810673" lon="12.3755961"/>
      <nd lat="46.2811839" lon="12.3754710"/>
      <nd lat="46.2812653" lon="12.3753892"/>
      <nd lat="46.2813370" lon="12.3753176"/>
      <nd lat="46.2813719" lon="12.3753047"/>
      <nd lat="46.2814091" lon="12.3752999"/>
      <nd lat="46.2814453" lon="12.3753040"/>
      <nd lat="46.2814759" lon="12.3753191"/>
      <nd lat="46.2815203" lon="12.3753542"/>
      <nd lat="46.2817400" lon="12.3756319"/>
      <nd lat="46.2818438" lon="12.3757800"/>
      <nd lat="46.2819060" lon="12.3758780"/>
      <nd lat="46.2819388" lon="12.3759462"/>
      <nd lat="46.2819598" lon="12.3760071"/>
      <nd lat="46.2819765" lon="12.3760415"/>
    </member>
    <member type="way" ref="236110798" role="">
      <nd lat="46.2819765" lon="12.3760415"/>
      <nd lat="46.2819868" lon="12.3761313"/>
      <nd lat="46.2819916" lon="12.3762099"/>
      <nd lat="46.2819826" lon="12.3762837"/>
    </member>
    <member type="way" ref="236110806" role="">
      <nd lat="46.2819826" lon="12.3762837"/>
      <nd lat="46.2819484" lon="12.3763931"/>
      <nd lat="46.2818932" lon="12.3765131"/>
      <nd lat="46.2818531" lon="12.3766494"/>
      <nd lat="46.2818219" lon="12.3767799"/>
      <nd lat="46.2817643" lon="12.3770593"/>
      <nd lat="46.2817188" lon="12.3773747"/>
      <nd lat="46.2816781" lon="12.3777196"/>
    </member>
    <member type="way" ref="232682534" role="">
      <nd lat="46.2816781" lon="12.3777196"/>
      <nd lat="46.2816313" lon="12.3780295"/>
      <nd lat="46.2815679" lon="12.3782626"/>
      <nd lat="46.2814723" lon="12.3785142"/>
      <nd lat="46.2813705" lon="12.3787160"/>
      <nd lat="46.2809564" lon="12.3797236"/>
      <nd lat="46.2808697" lon="12.3799471"/>
      <nd lat="46.2807364" lon="12.3801935"/>
      <nd lat="46.2806991" lon="12.3802310"/>
      <nd lat="46.2801285" lon="12.3807653"/>
    </member>
    <member type="way" ref="236110801" role="">
      <nd lat="46.2801285" lon="12.3807653"/>
      <nd lat="46.2800874" lon="12.3808116"/>
      <nd lat="46.2799307" lon="12.3810131"/>
      <nd lat="46.2798799" lon="12.3810795"/>
      <nd lat="46.2798236" lon="12.3811488"/>
      <nd lat="46.2797938" lon="12.3811728"/>
      <nd lat="46.2797679" lon="12.3811900"/>
    </member>
    <member type="way" ref="1105225728" role="">
      <nd lat="46.2797679" lon="12.3811900"/>
      <nd lat="46.2797743" lon="12.3812625"/>
      <nd lat="46.2797606" lon="12.3813136"/>
    </member>
    <member type="way" ref="1105225730" role="">
      <nd lat="46.2797606" lon="12.3813136"/>
      <nd lat="46.2797915" lon="12.3813622"/>
    </member>
    <member type="way" ref="178815633" role="">
      <nd lat="46.2797915" lon="12.3813622"/>
      <nd lat="46.2797875" lon="12.3813891"/>
      <nd lat="46.2797656" lon="12.3814130"/>
      <nd lat="46.2797378" lon="12.3814164"/>
      <nd lat="46.2796720" lon="12.3814167"/>
      <nd lat="46.2796090" lon="12.3814205"/>
      <nd lat="46.2795214" lon="12.3814321"/>
      <nd lat="46.2794711" lon="12.3814165"/>
      <nd lat="46.2793675" lon="12.3813843"/>
      <nd lat="46.2793194" lon="12.3813546"/>
      <nd lat="46.2792814" lon="12.3813236"/>
      <nd lat="46.2792369" lon="12.3812953"/>
      <nd lat="46.2792165" lon="12.3813062"/>
      <nd lat="46.2792141" lon="12.3813602"/>
      <nd lat="46.2792291" lon="12.3814353"/>
      <nd lat="46.2792560" lon="12.3815213"/>
      <nd lat="46.2792779" lon="12.3815919"/>
      <nd lat="46.2793017" lon="12.3816753"/>
      <nd lat="46.2792782" lon="12.3816941"/>
      <nd lat="46.2792074" lon="12.3816418"/>
      <nd lat="46.2791775" lon="12.3816375"/>
      <nd lat="46.2791712" lon="12.3816798"/>
      <nd lat="46.2792111" lon="12.3817394"/>
      <nd lat="46.2792231" lon="12.3817784"/>
      <nd lat="46.2791963" lon="12.3817921"/>
      <nd lat="46.2791171" lon="12.3817480"/>
      <nd lat="46.2790682" lon="12.3817429"/>
      <nd lat="46.2790107" lon="12.3817342"/>
    </member>
    <member type="way" ref="1105225727" role="">
      <nd lat="46.2790107" lon="12.3817342"/>
      <nd lat="46.2789997" lon="12.3817834"/>
      <nd lat="46.2790619" lon="12.3818462"/>
      <nd lat="46.2791005" lon="12.3818825"/>
      <nd lat="46.2791575" lon="12.3819780"/>
      <nd lat="46.2792042" lon="12.3820817"/>
      <nd lat="46.2792703" lon="12.3822254"/>
      <nd lat="46.2793216" lon="12.3822973"/>
      <nd lat="46.2793567" lon="12.3823586"/>
      <nd lat="46.2793416" lon="12.3824185"/>
      <nd lat="46.2793710" lon="12.3824609"/>
      <nd lat="46.2794032" lon="12.3825128"/>
      <nd lat="46.2794156" lon="12.3825599"/>
      <nd lat="46.2794070" lon="12.3826185"/>
      <nd lat="46.2793957" lon="12.3826753"/>
      <nd lat="46.2793914" lon="12.3827480"/>
      <nd lat="46.2794058" lon="12.3828541"/>
      <nd lat="46.2794273" lon="12.3829285"/>
      <nd lat="46.2794330" lon="12.3830341"/>
      <nd lat="46.2794276" lon="12.3830868"/>
      <nd lat="46.2794333" lon="12.3831332"/>
      <nd lat="46.2794644" lon="12.3831890"/>
      <nd lat="46.2795364" lon="12.3832752"/>
      <nd lat="46.2796097" lon="12.3833556"/>
      <nd lat="46.2796496" lon="12.3834234"/>
      <nd lat="46.2796913" lon="12.3834824"/>
      <nd lat="46.2797243" lon="12.3835095"/>
      <nd lat="46.2797750" lon="12.3834975"/>
      <nd lat="46.2798149" lon="12.3834803"/>
      <nd lat="46.2798487" lon="12.3834816"/>
      <nd lat="46.2798500" lon="12.3835111"/>
      <nd lat="46.2797939" lon="12.3836588"/>
      <nd lat="46.2797472" lon="12.3838441"/>
      <nd lat="46.2797141" lon="12.3839601"/>
      <nd lat="46.2796616" lon="12.3841219"/>
      <nd lat="46.2796289" lon="12.3842513"/>
      <nd lat="46.2796327" lon="12.3844161"/>
      <nd lat="46.2796414" lon="12.3845368"/>
      <nd lat="46.2796210" lon="12.3846274"/>
      <nd lat="46.2795869" lon="12.3847282"/>
      <nd lat="46.2795402" lon="12.3849403"/>
      <nd lat="46.2795288" lon="12.3850791"/>
      <nd lat="46.2795195" lon="12.3852217"/>
      <nd lat="46.2795054" lon="12.3853292"/>
      <nd lat="46.2794917" lon="12.3854500"/>
      <nd lat="46.2794855" lon="12.3855552"/>
      <nd lat="46.2794729" lon="12.3856130"/>
      <nd lat="46.2794569" lon="12.3856653"/>
      <nd lat="46.2794525" lon="12.3857332"/>
      <nd lat="46.2794587" lon="12.3857730"/>
      <nd lat="46.2794351" lon="12.3858409"/>
      <nd lat="46.2794160" lon="12.3858990"/>
      <nd lat="46.2794110" lon="12.3859422"/>
      <nd lat="46.2794378" lon="12.3860172"/>
      <nd lat="46.2794505" lon="12.3860658"/>
      <nd lat="46.2794546" lon="12.3861268"/>
      <nd lat="46.2794444" lon="12.3862182"/>
      <nd lat="46.2794505" lon="12.3863661"/>
      <nd lat="46.2794570" lon="12.3865317"/>
      <nd lat="46.2794526" lon="12.3866999"/>
      <nd lat="46.2794546" lon="12.3867867"/>
      <nd lat="46.2794782" lon="12.3869200"/>
      <nd lat="46.2794776" lon="12.3870109"/>
      <nd lat="46.2794193" lon="12.3871579"/>
      <nd lat="46.2794129" lon="12.3873004"/>
      <nd lat="46.2794150" lon="12.3874485"/>
      <nd lat="46.2794103" lon="12.3876028"/>
      <nd lat="46.2794100" lon="12.3877688"/>
      <nd lat="46.2794224" lon="12.3878927"/>
      <nd lat="46.2794313" lon="12.3880424"/>
      <nd lat="46.2794415" lon="12.3881882"/>
      <nd lat="46.2794565" lon="12.3883080"/>
      <nd lat="46.2794980" lon="12.3883830"/>
      <nd lat="46.2795330" lon="12.3884189"/>
      <nd lat="46.2795854" lon="12.3884915"/>
      <nd lat="46.2796212" lon="12.3885609"/>
      <nd lat="46.2796135" lon="12.3887035"/>
      <nd lat="46.2795910" lon="12.3888548"/>
      <nd lat="46.2795994" lon="12.3889848"/>
      <nd lat="46.2795906" lon="12.3890780"/>
      <nd lat="46.2795650" lon="12.3891583"/>
      <nd lat="46.2795625" lon="12.3892295"/>
      <nd lat="46.2795791" lon="12.3893552"/>
      <nd lat="46.2796144" lon="12.3894622"/>
      <nd lat="46.2796696" lon="12.3895406"/>
      <nd lat="46.2796965" lon="12.3895788"/>
      <nd lat="46.2797198" lon="12.3896389"/>
      <nd lat="46.2797178" lon="12.3897319"/>
      <nd lat="46.2797469" lon="12.3898056"/>
      <nd lat="46.2797989" lon="12.3898624"/>
      <nd lat="46.2798541" lon="12.3898815"/>
      <nd lat="46.2800273" lon="12.3899049"/>
      <nd lat="46.2801486" lon="12.3899367"/>
      <nd lat="46.2802304" lon="12.3899822"/>
      <nd lat="46.2803124" lon="12.3900336"/>
      <nd lat="46.2803952" lon="12.3901205"/>
      <nd lat="46.2804668" lon="12.3901962"/>
      <nd lat="46.2805521" lon="12.3902692"/>
      <nd lat="46.2806406" lon="12.3903084"/>
      <nd lat="46.2807306" lon="12.3903476"/>
      <nd lat="46.2807951" lon="12.3903638"/>
      <nd lat="46.2808676" lon="12.3904093"/>
      <nd lat="46.2809381" lon="12.3904689"/>
      <nd lat="46.2809940" lon="12.3905309"/>
      <nd lat="46.2810534" lon="12.3905874"/>
      <nd lat="46.2811402" lon="12.3906742"/>
      <nd lat="46.2812019" lon="12.3907237"/>
      <nd lat="46.2812892" lon="12.3907807"/>
      <nd lat="46.2813366" lon="12.3908378"/>
      <nd lat="46.2813698" lon="12.3908590"/>
      <nd lat="46.2814154" lon="12.3909477"/>
      <nd lat="46.2814461" lon="12.3910179"/>
      <nd lat="46.2815038" lon="12.3911025"/>
      <nd lat="46.2815799" lon="12.3912020"/>
      <nd lat="46.2816511" lon="12.3912405"/>
      <nd lat="46.2816956" lon="12.3912821"/>
      <nd lat="46.2818062" lon="12.3914533"/>
      <nd lat="46.2819027" lon="12.3915413"/>
      <nd lat="46.2819692" lon="12.3915889"/>
      <nd lat="46.2820667" lon="12.3916157"/>
      <nd lat="46.2821220" lon="12.3916515"/>
      <nd lat="46.2821572" lon="12.3917031"/>
      <nd lat="46.2821835" lon="12.3917412"/>
      <nd lat="46.2822289" lon="12.3918211"/>
      <nd lat="46.2822856" lon="12.3918656"/>
      <nd lat="46.2823513" lon="12.3919307"/>
      <nd lat="46.2824040" lon="12.3920068"/>
      <nd lat="46.2824276" lon="12.3920895"/>
      <nd lat="46.2824399" lon="12.3922008"/>
      <nd lat="46.2824418" lon="12.3922863"/>
      <nd lat="46.2824471" lon="12.3923595"/>
      <nd lat="46.2824960" lon="12.3924323"/>
      <nd lat="46.2825965" lon="12.3925323"/>
      <nd lat="46.2827268" lon="12.3926712"/>
      <nd lat="46.2828510" lon="12.3928016"/>
      <nd lat="46.2828940" lon="12.3928293"/>
      <nd lat="46.2829769" lon="12.3928515"/>
      <nd lat="46.2830595" lon="12.3929140"/>
      <nd lat="46.2832121" lon="12.3930203"/>
      <nd lat="46.2833696" lon="12.3931247"/>
      <nd lat="46.2834861" lon="12.3931873"/>
      <nd lat="46.2836451" lon="12.3932549"/>
      <nd lat="46.2837886" lon="12.3933302"/>
      <nd lat="46.2839057" lon="12.3933666"/>
      <nd lat="46.2839975" lon="12.3934601"/>
      <nd lat="46.2840799" lon="12.3935680"/>
      <nd lat="46.2841684" lon="12.3936215"/>
      <nd lat="46.2842374" lon="12.3937266"/>
      <nd lat="46.2843030" lon="12.3938405"/>
      <nd lat="46.2843706" lon="12.3939876"/>
      <nd lat="46.2844302" lon="12.3940529"/>
      <nd lat="46.2845060" lon="12.3941367"/>
      <nd lat="46.2846116" lon="12.3942505"/>
      <nd lat="46.2846615" lon="12.3943670"/>
      <nd lat="46.2846875" lon="12.3944968"/>
      <nd lat="46.2846905" lon="12.3945753"/>
      <nd lat="46.2846770" lon="12.3946196"/>
      <nd lat="46.2846069" lon="12.3946282"/>
      <nd lat="46.2846893" lon="12.3947344"/>
      <nd lat="46.2847658" lon="12.3948513"/>
      <nd lat="46.2848334" lon="12.3950001"/>
      <nd lat="46.2848913" lon="12.3950952"/>
      <nd lat="46.2849513" lon="12.3951728"/>
      <nd lat="46.2849563" lon="12.3952354"/>
      <nd lat="46.2849318" lon="12.3952768"/>
      <nd lat="46.2848544" lon="12.3952822"/>
      <nd lat="46.2848170" lon="12.3952892"/>
      <nd lat="46.2848439" lon="12.3953544"/>
      <nd lat="46.2849007" lon="12.3953988"/>
      <nd lat="46.2849699" lon="12.3955109"/>
      <nd lat="46.2850464" lon="12.3956243"/>
      <nd lat="46.2851051" lon="12.3957037"/>
      <nd lat="46.2851556" lon="12.3957922"/>
      <nd lat="46.2851810" lon="12.3958993"/>
      <nd lat="46.2852185" lon="12.3960024"/>
      <nd lat="46.2852708" lon="12.3961676"/>
      <nd lat="46.2853089" lon="12.3962986"/>
      <nd lat="46.2853606" lon="12.3963871"/>
      <nd lat="46.2853848" lon="12.3964401"/>
      <nd lat="46.2853962" lon="12.3965164"/>
      <nd lat="46.2854184" lon="12.3965870"/>
      <nd lat="46.2854511" lon="12.3966938"/>
      <nd lat="46.2854870" lon="12.3968302"/>
      <nd lat="46.2855191" lon="12.3969667"/>
      <nd lat="46.2855451" lon="12.3970948"/>
      <nd lat="46.2855666" lon="12.3972405"/>
      <nd lat="46.2855737" lon="12.3973940"/>
      <nd lat="46.2855692" lon="12.3975165"/>
      <nd lat="46.2855697" lon="12.3976458"/>
      <nd lat="46.2855896" lon="12.3977707"/>
      <nd lat="46.2856094" lon="12.3978956"/>
      <nd lat="46.2856170" lon="12.3980175"/>
      <nd lat="46.2856258" lon="12.3981377"/>
      <nd lat="46.2856036" lon="12.3982820"/>
      <nd lat="46.2855542" lon="12.3983997"/>
      <nd lat="46.2855032" lon="12.3985541"/>
      <nd lat="46.2854732" lon="12.3986721"/>
    </member>
    <member type="way" ref="1105225726" role="">
      <nd lat="46.2854732" lon="12.3986721"/>
      <nd lat="46.2853991" lon="12.3987687"/>
      <nd lat="46.2853335" lon="12.3988500"/>
      <nd lat="46.2852363" lon="12.3989833"/>
      <nd lat="46.2851736" lon="12.3991270"/>
      <nd lat="46.2851271" lon="12.3992907"/>
      <nd lat="46.2851007" lon="12.3993641"/>
      <nd lat="46.2850697" lon="12.3994864"/>
    </member>
    <member type="way" ref="312888125" role="">
      <nd lat="46.2842639" lon="12.4008334"/>
      <nd lat="46.2843926" lon="12.4007156"/>
      <nd lat="46.2844511" lon="12.4005543"/>
      <nd lat="46.2845369" lon="12.4004115"/>
      <nd lat="46.2847156" lon="12.4001015"/>
      <nd lat="46.2847720" lon="12.3999970"/>
      <nd lat="46.2848623" lon="12.3999163"/>
      <nd lat="46.2849572" lon="12.3998048"/>
      <nd lat="46.2850120" lon="12.3997008"/>
      <nd lat="46.2850527" lon="12.3995558"/>
      <nd lat="46.2850697" lon="12.3994864"/>
    </member>
    <tag k="ascent" v="570"/>
    <tag k="cai_scale" v="EE"/>
    <tag k="from" v="Diga del Vajont (quota 740 m)"/>
    <tag k="network" v="lwn"/>
    <tag k="operator" v="Club Alpino Italiano"/>
    <tag k="osmc:symbol" v="red:red:white_stripe:380:black"/>
    <tag k="ref" v="380"/>
    <tag k="route" v="hiking"/>
    <tag k="source" v="survey:CAI"/>
    <tag k="symbol" v="rosso-bianco-rosso con il numero 380 in nero sulla striscia bianca"/>
    <tag k="to" v="Pre de Tegn (quota 800 m)"/>
    <tag k="type" v="route"/>
    <tag k="via" v="Casso|Troi del Sciarbon|Erto|S.Martino"/>
    <tag k="website" v="https://www.cai-fvg.it/sentieri-cai-fvg/settore-3-dolomiti-friulane-alpi-prealpi-carniche/s3-380"/>
  </relation>
</new>
</action>
<action type="delete">
<old>
  <relation id="14110237" version="4" timestamp="2022-08-16T05:52:01Z" changeset="124953821" uid="3538539" user="micheleOSM3">
    <bounds minlat="46.4321868" minlon="13.4392021" maxlat="46.4342550" maxlon="13.4403089"/>
    <member type="way" ref="621762283" role="">
      <nd lat="46.4321868" lon="13.4402979"/>
      <nd lat="46.4322219" lon="13.4403089"/>
      <nd lat="46.4322534" lon="13.4402798"/>
      <nd lat="46.4322996" lon="13.4402798"/>
      <nd lat="46.4323365" lon="13.4402637"/>
      <nd lat="46.4323791" lon="13.4402181"/>
      <nd lat="46.4324160" lon="13.4401671"/>
      <nd lat="46.4324900" lon="13.4400947"/>
      <nd lat="46.4325140" lon="13.4400303"/>
      <nd lat="46.4325380" lon="13.4399981"/>
      <nd lat="46.4325772" lon="13.4399987"/>
      <nd lat="46.4326915" lon="13.4399780"/>
      <nd lat="46.4328176" lon="13.4398803"/>
      <nd lat="46.4329348" lon="13.4398035"/>
      <nd lat="46.4330085" lon="13.4396516"/>
      <nd lat="46.4330721" lon="13.4395093"/>
      <nd lat="46.4331132" lon="13.4393622"/>
      <nd lat="46.4331548" lon="13.4392674"/>
      <nd lat="46.4332298" lon="13.4392165"/>
      <nd lat="46.4332830" lon="13.4392021"/>
      <nd lat="46.4333225" lon="13.4392277"/>
      <nd lat="46.4334186" lon="13.4394157"/>
      <nd lat="46.4335428" lon="13.4395374"/>
      <nd lat="46.4336085" lon="13.4396528"/>
      <nd lat="46.4336219" lon="13.4397869"/>
    </member>
    <member type="way" ref="264885258" role="">
      <nd lat="46.4336219" lon="13.4397869"/>
      <nd lat="46.4336950" lon="13.4397739"/>
      <nd lat="46.4337468" lon="13.4398149"/>
      <nd lat="46.4337746" lon="13.4397866"/>
      <nd lat="46.4337958" lon="13.4397625"/>
      <nd lat="46.4338443" lon="13.4397621"/>
      <nd lat="46.4338843" lon="13.4397061"/>
      <nd lat="46.4338910" lon="13.4397019"/>
      <nd lat="46.4339034" lon="13.4397040"/>
    </member>
    <member type="way" ref="439446850" role="">
      <nd lat="46.4339034" lon="13.4397040"/>
      <nd lat="46.4339219" lon="13.4396459"/>
      <nd lat="46.4339677" lon="13.4396232"/>
      <nd lat="46.4340241" lon="13.4396020"/>
      <nd lat="46.4341442" lon="13.4395629"/>
    </member>
    <member type="way" ref="264885257" role="">
      <nd lat="46.4341442" lon="13.4395629"/>
      <nd lat="46.4341682" lon="13.4395914"/>
      <nd lat="46.4341756" lon="13.4396250"/>
      <nd lat="46.4341895" lon="13.4396504"/>
      <nd lat="46.4342135" lon="13.4396987"/>
      <nd lat="46.4342301" lon="13.4397054"/>
      <nd lat="46.4342550" lon="13.4396808"/>
    </member>
    <tag k="cai_scale" v="EEA"/>
    <tag k="description" v="Il sentiero comprende dei tratti attrezzati e la Scala Pipan"/>
    <tag k="name" v="Via ferrata della scala Pipan"/>
    <tag k="network" v="lwn"/>
    <tag k="operator" v="Club Alpino Italiano"/>
    <tag k="route" v="hiking"/>
    <tag k="short_name" v="Pipan"/>
    <tag k="type" v="route"/>
    <tag k="website" v="https://www.cai-fvg.it/sentieri-cai-fvg/settore-6-alpi-giulie/via-normale-al-montasio-scala-pipan/"/>
  </relation>
</old>
<new>
  <relation id="14110237" visible="false" version="5" timestamp="2026-10-01T04:02:11Z" changeset="189801744" uid="3538539" user="micheleOSM3"/>
</new>
</action>
<action type="modify">
<old>
  <relation id="21297543" version="2" timestamp="2026-08-30T13:52:46Z" changeset="188248797" uid="3538539" user="micheleOSM3">
    <bounds minlat="46.4368987" minlon="13.2121969" maxlat="46.4542649" maxlon="13.2299723"/>
    <member type="way" ref="403905677" role="">
      <nd lat="46.4498782" lon="13.2210025"/>
      <nd lat="46.4499189" lon="13.2210990"/>
      <nd lat="46.4499743" lon="13.2211580"/>
      <nd lat="46.4500667" lon="13.2211741"/>
      <nd lat="46.4501850" lon="13.2212385"/>
      <nd lat="46.4502515" lon="13.2213833"/>
      <nd lat="46.4503069" lon="13.2215711"/>
      <nd lat="46.4503956" lon="13.2216945"/>
      <nd lat="46.4504015" lon="13.2218368"/>
      <nd lat="46.4504365" lon="13.2219349"/>
      <nd lat="46.4505009" lon="13.2220587"/>
      <nd lat="46.4506265" lon="13.2222648"/>
      <nd lat="46.4506470" lon="13.2223972"/>
      <nd lat="46.4507461" lon="13.2224601"/>
      <nd lat="46.4508560" lon="13.2225305"/>
      <nd lat="46.4509295" lon="13.2226657"/>
      <nd lat="46.4509955" lon="13.2228254"/>
      <nd lat="46.4509941" lon="13.2229280"/>
      <nd lat="46.4509059" lon="13.2229282"/>
      <nd lat="46.4507934" lon="13.2228170"/>
      <nd lat="46.4507104" lon="13.2228506"/>
      <nd lat="46.4506473" lon="13.2228975"/>
      <nd lat="46.4506119" lon="13.2229390"/>
      <nd lat="46.4505620" lon="13.2229391"/>
      <nd lat="46.4505213" lon="13.2229658"/>
      <nd lat="46.4504954" lon="13.2230409"/>
      <nd lat="46.4504843" lon="13.2231375"/>
      <nd lat="46.4505102" lon="13.2232019"/>
      <nd lat="46.4506581" lon="13.2232126"/>
      <nd lat="46.4507135" lon="13.2231697"/>
      <nd lat="46.4507726" lon="13.2232341"/>
      <nd lat="46.4507763" lon="13.2233414"/>
      <nd lat="46.4508687" lon="13.2233843"/>
      <nd lat="46.4508983" lon="13.2234218"/>
      <nd lat="46.4508798" lon="13.2234916"/>
      <nd lat="46.4508761" lon="13.2235720"/>
      <nd lat="46.4509574" lon="13.2235881"/>
      <nd lat="46.4510387" lon="13.2235774"/>
      <nd lat="46.4510942" lon="13.2234379"/>
      <nd lat="46.4511977" lon="13.2233950"/>
      <nd lat="46.4512679" lon="13.2234647"/>
      <nd lat="46.4514046" lon="13.2236793"/>
      <nd lat="46.4514859" lon="13.2239207"/>
      <nd lat="46.4515118" lon="13.2240977"/>
      <nd lat="46.4514859" lon="13.2242104"/>
      <nd lat="46.4515118" lon="13.2242587"/>
      <nd lat="46.4515857" lon="13.2243177"/>
      <nd lat="46.4516227" lon="13.2244035"/>
      <nd lat="46.4516412" lon="13.2245484"/>
      <nd lat="46.4518925" lon="13.2247978"/>
      <nd lat="46.4519424" lon="13.2249292"/>
      <nd lat="46.4519997" lon="13.2249614"/>
      <nd lat="46.4521253" lon="13.2250097"/>
      <nd lat="46.4521493" lon="13.2250738"/>
      <nd lat="46.4522090" lon="13.2251199"/>
      <nd lat="46.4522219" lon="13.2252276"/>
      <nd lat="46.4522515" lon="13.2253435"/>
      <nd lat="46.4522586" lon="13.2254391"/>
      <nd lat="46.4524165" lon="13.2256251"/>
      <nd lat="46.4524842" lon="13.2257322"/>
      <nd lat="46.4525356" lon="13.2258465"/>
      <nd lat="46.4526243" lon="13.2260289"/>
      <nd lat="46.4526575" lon="13.2260826"/>
      <nd lat="46.4527093" lon="13.2262381"/>
      <nd lat="46.4527906" lon="13.2266190"/>
      <nd lat="46.4528386" lon="13.2267209"/>
      <nd lat="46.4529126" lon="13.2269409"/>
      <nd lat="46.4529015" lon="13.2270213"/>
      <nd lat="46.4528978" lon="13.2270964"/>
      <nd lat="46.4529865" lon="13.2272091"/>
      <nd lat="46.4530752" lon="13.2272467"/>
      <nd lat="46.4531676" lon="13.2274881"/>
      <nd lat="46.4531787" lon="13.2275900"/>
      <nd lat="46.4531966" lon="13.2277402"/>
      <nd lat="46.4533301" lon="13.2279172"/>
      <nd lat="46.4533838" lon="13.2280137"/>
      <nd lat="46.4534818" lon="13.2281935"/>
      <nd lat="46.4535390" lon="13.2282578"/>
      <nd lat="46.4535667" lon="13.2282552"/>
      <nd lat="46.4536221" lon="13.2282981"/>
      <nd lat="46.4536665" lon="13.2284322"/>
      <nd lat="46.4536887" lon="13.2285663"/>
      <nd lat="46.4537626" lon="13.2286950"/>
      <nd lat="46.4537811" lon="13.2287648"/>
      <nd lat="46.4538217" lon="13.2288238"/>
      <nd lat="46.4538402" lon="13.2288989"/>
      <nd lat="46.4538661" lon="13.2289579"/>
      <nd lat="46.4538845" lon="13.2290545"/>
      <nd lat="46.4539400" lon="13.2291564"/>
      <nd lat="46.4539732" lon="13.2292583"/>
      <nd lat="46.4540804" lon="13.2294139"/>
      <nd lat="46.4540930" lon="13.2295611"/>
      <nd lat="46.4540656" lon="13.2296392"/>
      <nd lat="46.4540952" lon="13.2296660"/>
      <nd lat="46.4542649" lon="13.2299723"/>
    </member>
    <member type="way" ref="403905676" role="">
      <nd lat="46.4496527" lon="13.2205894"/>
      <nd lat="46.4497248" lon="13.2205532"/>
      <nd lat="46.4497710" lon="13.2205867"/>
      <nd lat="46.4497867" lon="13.2206257"/>
      <nd lat="46.4498135" lon="13.2206471"/>
      <nd lat="46.4498357" lon="13.2206916"/>
      <nd lat="46.4498785" lon="13.2208002"/>
      <nd lat="46.4498785" lon="13.2209209"/>
      <nd lat="46.4498782" lon="13.2210025"/>
    </member>
    <member type="way" ref="403905673" role="">
      <nd lat="46.4478435" lon="13.2177892"/>
      <nd lat="46.4479193" lon="13.2178804"/>
      <nd lat="46.4479858" lon="13.2179448"/>
      <nd lat="46.4480505" lon="13.2180815"/>
      <nd lat="46.4481189" lon="13.2182773"/>
      <nd lat="46.4481355" lon="13.2184303"/>
      <nd lat="46.4482329" lon="13.2186690"/>
      <nd lat="46.4483850" lon="13.2187923"/>
      <nd lat="46.4484241" lon="13.2189285"/>
      <nd lat="46.4484603" lon="13.2190472"/>
      <nd lat="46.4484550" lon="13.2191467"/>
      <nd lat="46.4483893" lon="13.2192875"/>
      <nd lat="46.4483818" lon="13.2195791"/>
      <nd lat="46.4484442" lon="13.2196694"/>
      <nd lat="46.4485334" lon="13.2196908"/>
      <nd lat="46.4486031" lon="13.2197901"/>
      <nd lat="46.4487454" lon="13.2199135"/>
      <nd lat="46.4488993" lon="13.2200230"/>
      <nd lat="46.4489817" lon="13.2200960"/>
      <nd lat="46.4490281" lon="13.2201549"/>
      <nd lat="46.4492296" lon="13.2202005"/>
      <nd lat="46.4493146" lon="13.2202434"/>
      <nd lat="46.4493325" lon="13.2203266"/>
      <nd lat="46.4492980" lon="13.2205304"/>
      <nd lat="46.4493585" lon="13.2205668"/>
      <nd lat="46.4494753" lon="13.2206323"/>
      <nd lat="46.4496527" lon="13.2205894"/>
    </member>
    <member type="way" ref="403905670" role="">
      <nd lat="46.4475607" lon="13.2178526"/>
      <nd lat="46.4477326" lon="13.2178321"/>
      <nd lat="46.4478435" lon="13.2177892"/>
    </member>
    <member type="way" ref="403905668" role="">
      <nd lat="46.4452878" lon="13.2169382"/>
      <nd lat="46.4453868" lon="13.2169658"/>
      <nd lat="46.4456220" lon="13.2168228"/>
      <nd lat="46.4459085" lon="13.2166725"/>
      <nd lat="46.4460065" lon="13.2166805"/>
      <nd lat="46.4460780" lon="13.2167566"/>
      <nd lat="46.4460596" lon="13.2169309"/>
      <nd lat="46.4462227" lon="13.2170399"/>
      <nd lat="46.4463632" lon="13.2170346"/>
      <nd lat="46.4465147" lon="13.2172009"/>
      <nd lat="46.4467014" lon="13.2172652"/>
      <nd lat="46.4468031" lon="13.2174423"/>
      <nd lat="46.4469619" lon="13.2177186"/>
      <nd lat="46.4471856" lon="13.2177481"/>
      <nd lat="46.4473889" lon="13.2178258"/>
      <nd lat="46.4475607" lon="13.2178526"/>
    </member>
    <member type="way" ref="401251799" role="">
      <nd lat="46.4439376" lon="13.2156005"/>
      <nd lat="46.4440550" lon="13.2158063"/>
      <nd lat="46.4440994" lon="13.2159136"/>
      <nd lat="46.4441973" lon="13.2160719"/>
      <nd lat="46.4443101" lon="13.2161711"/>
      <nd lat="46.4443840" lon="13.2162543"/>
      <nd lat="46.4445115" lon="13.2163857"/>
      <nd lat="46.4445300" lon="13.2164232"/>
      <nd lat="46.4446150" lon="13.2165225"/>
      <nd lat="46.4447296" lon="13.2166217"/>
      <nd lat="46.4448220" lon="13.2166995"/>
      <nd lat="46.4449034" lon="13.2167908"/>
      <nd lat="46.4449976" lon="13.2168309"/>
      <nd lat="46.4450494" lon="13.2168765"/>
      <nd lat="46.4451621" lon="13.2169436"/>
      <nd lat="46.4452878" lon="13.2169382"/>
    </member>
    <member type="way" ref="356040852" role="">
      <nd lat="46.4426150" lon="13.2140760"/>
      <nd lat="46.4426510" lon="13.2140860"/>
      <nd lat="46.4427466" lon="13.2140523"/>
      <nd lat="46.4428060" lon="13.2140890"/>
      <nd lat="46.4428680" lon="13.2140860"/>
      <nd lat="46.4430442" lon="13.2141329"/>
      <nd lat="46.4430842" lon="13.2141239"/>
      <nd lat="46.4431664" lon="13.2141901"/>
      <nd lat="46.4431918" lon="13.2142689"/>
      <nd lat="46.4431972" lon="13.2143592"/>
      <nd lat="46.4431890" lon="13.2145290"/>
      <nd lat="46.4431633" lon="13.2146856"/>
      <nd lat="46.4431721" lon="13.2147186"/>
      <nd lat="46.4432565" lon="13.2147679"/>
      <nd lat="46.4434030" lon="13.2148060"/>
      <nd lat="46.4434640" lon="13.2149420"/>
      <nd lat="46.4435080" lon="13.2149970"/>
      <nd lat="46.4435906" lon="13.2152784"/>
      <nd lat="46.4436300" lon="13.2153289"/>
      <nd lat="46.4437370" lon="13.2153780"/>
      <nd lat="46.4437490" lon="13.2154120"/>
      <nd lat="46.4438538" lon="13.2154455"/>
      <nd lat="46.4438933" lon="13.2155752"/>
      <nd lat="46.4439376" lon="13.2156005"/>
    </member>
    <member type="way" ref="1494047400" role="">
      <nd lat="46.4415640" lon="13.2143410"/>
      <nd lat="46.4415830" lon="13.2143460"/>
      <nd lat="46.4415870" lon="13.2143710"/>
      <nd lat="46.4416120" lon="13.2143780"/>
      <nd lat="46.4416400" lon="13.2143980"/>
      <nd lat="46.4416680" lon="13.2143730"/>
      <nd lat="46.4416870" lon="13.2143680"/>
      <nd lat="46.4417060" lon="13.2143760"/>
      <nd lat="46.4417230" lon="13.2143890"/>
      <nd lat="46.4417420" lon="13.2144080"/>
      <nd lat="46.4417560" lon="13.2144570"/>
      <nd lat="46.4417650" lon="13.2144960"/>
      <nd lat="46.4417770" lon="13.2145170"/>
      <nd lat="46.4419370" lon="13.2144786"/>
      <nd lat="46.4419790" lon="13.2144700"/>
      <nd lat="46.4421036" lon="13.2144453"/>
      <nd lat="46.4421300" lon="13.2144617"/>
      <nd lat="46.4421536" lon="13.2144833"/>
      <nd lat="46.4421778" lon="13.2144966"/>
      <nd lat="46.4422126" lon="13.2144909"/>
      <nd lat="46.4422404" lon="13.2144874"/>
      <nd lat="46.4422908" lon="13.2144556"/>
      <nd lat="46.4423170" lon="13.2144358"/>
      <nd lat="46.4423484" lon="13.2144039"/>
      <nd lat="46.4423820" lon="13.2143666"/>
      <nd lat="46.4424080" lon="13.2143393"/>
      <nd lat="46.4424424" lon="13.2142915"/>
      <nd lat="46.4424738" lon="13.2142595"/>
      <nd lat="46.4425184" lon="13.2142113"/>
      <nd lat="46.4425578" lon="13.2141538"/>
      <nd lat="46.4425892" lon="13.2141215"/>
      <nd lat="46.4426150" lon="13.2140760"/>
    </member>
    <member type="way" ref="1553620951" role="">
      <nd lat="46.4410378" lon="13.2139847"/>
      <nd lat="46.4412152" lon="13.2140891"/>
      <nd lat="46.4412270" lon="13.2141641"/>
      <nd lat="46.4412217" lon="13.2142533"/>
      <nd lat="46.4413104" lon="13.2143392"/>
      <nd lat="46.4414730" lon="13.2144706"/>
      <nd lat="46.4414878" lon="13.2144116"/>
      <nd lat="46.4415192" lon="13.2143606"/>
      <nd lat="46.4415640" lon="13.2143410"/>
    </member>
    <member type="way" ref="401251802" role="">
      <nd lat="46.4410378" lon="13.2139847"/>
      <nd lat="46.4409881" lon="13.2139630"/>
      <nd lat="46.4408795" lon="13.2137114"/>
      <nd lat="46.4408328" lon="13.2136581"/>
      <nd lat="46.4407411" lon="13.2136749"/>
      <nd lat="46.4406228" lon="13.2136105"/>
      <nd lat="46.4405489" lon="13.2135729"/>
    </member>
    <member type="way" ref="401251803" role="">
      <nd lat="46.4405489" lon="13.2135729"/>
      <nd lat="46.4404964" lon="13.2138309"/>
    </member>
    <member type="way" ref="1553620949" role="">
      <nd lat="46.4404352" lon="13.2138048"/>
      <nd lat="46.4404964" lon="13.2138309"/>
    </member>
    <member type="way" ref="1169897630" role="">
      <nd lat="46.4395127" lon="13.2137345"/>
      <nd lat="46.4396295" lon="13.2138473"/>
      <nd lat="46.4397308" lon="13.2138683"/>
      <nd lat="46.4397936" lon="13.2139383"/>
      <nd lat="46.4398048" lon="13.2140994"/>
      <nd lat="46.4398370" lon="13.2141951"/>
      <nd lat="46.4398949" lon="13.2142441"/>
      <nd lat="46.4399657" lon="13.2142044"/>
      <nd lat="46.4401410" lon="13.2140410"/>
      <nd lat="46.4402102" lon="13.2139990"/>
      <nd lat="46.4402906" lon="13.2139967"/>
      <nd lat="46.4403471" lon="13.2140201"/>
      <nd lat="46.4404049" lon="13.2140187"/>
      <nd lat="46.4404352" lon="13.2138048"/>
    </member>
    <member type="way" ref="401251795" role="">
      <nd lat="46.4368987" lon="13.2121969"/>
      <nd lat="46.4370334" lon="13.2122052"/>
      <nd lat="46.4371247" lon="13.2122089"/>
      <nd lat="46.4372333" lon="13.2122766"/>
      <nd lat="46.4373393" lon="13.2122839"/>
      <nd lat="46.4374257" lon="13.2122670"/>
      <nd lat="46.4375072" lon="13.2122890"/>
      <nd lat="46.4376171" lon="13.2124514"/>
      <nd lat="46.4376960" lon="13.2125284"/>
      <nd lat="46.4378110" lon="13.2124595"/>
      <nd lat="46.4378665" lon="13.2124630"/>
      <nd lat="46.4379509" lon="13.2125789"/>
      <nd lat="46.4380016" lon="13.2126334"/>
      <nd lat="46.4380702" lon="13.2126386"/>
      <nd lat="46.4381991" lon="13.2126001"/>
      <nd lat="46.4382735" lon="13.2126218"/>
      <nd lat="46.4383153" lon="13.2127572"/>
      <nd lat="46.4383706" lon="13.2127917"/>
      <nd lat="46.4385513" lon="13.2128397"/>
      <nd lat="46.4385807" lon="13.2129182"/>
      <nd lat="46.4386016" lon="13.2130478"/>
      <nd lat="46.4387054" lon="13.2131082"/>
      <nd lat="46.4388624" lon="13.2131308"/>
      <nd lat="46.4389098" lon="13.2131848"/>
      <nd lat="46.4389336" lon="13.2133076"/>
      <nd lat="46.4389714" lon="13.2135215"/>
      <nd lat="46.4390254" lon="13.2135338"/>
      <nd lat="46.4391995" lon="13.2134910"/>
      <nd lat="46.4392970" lon="13.2134431"/>
      <nd lat="46.4393737" lon="13.2134668"/>
      <nd lat="46.4394348" lon="13.2136549"/>
      <nd lat="46.4394863" lon="13.2137212"/>
      <nd lat="46.4395127" lon="13.2137345"/>
    </member>
    <tag k="type" v="route"/>
    <tag k="osmc:symbol" v="red:red:white_stripe:471:black"/>
    <tag k="ref" v="471"/>
    <tag k="source" v="survey:CAI"/>
    <tag k="website" v="https://www.cai-fvg.it/sentieri-cai-fvg/settore-4-alpi-carniche/s4-471"/>
    <tag k="cai_scale" v="E"/>
    <tag k="network" v="lwn"/>
    <tag k="operator" v="Club Alpino Italiano"/>
    <tag k="route" v="hiking"/>
  </relation>
</old>
<new>
  <relation id="21297543" version="4" timestamp="2026-10-01T20:03:25Z" changeset="189845903" uid="3538539" user="micheleOSM3">
    <bounds minlat="46.4368987" minlon="13.2121969" maxlat="46.4542649" maxlon="13.2299723"/>
    <member type="way" ref="403905677" role="">
      <nd lat="46.4498782" lon="13.2210025"/>
      <nd lat="46.4499189" lon="13.2210990"/>
      <nd lat="46.4499743" lon="13.2211580"/>
      <nd lat="46.4500667" lon="13.2211741"/>
      <nd lat="46.4501850" lon="13.2212385"/>
      <nd lat="46.4502515" lon="13.2213833"/>
      <nd lat="46.4503069" lon="13.2215711"/>
      <nd lat="46.4503956" lon="13.2216945"/>
      <nd lat="46.4504015" lon="13.2218368"/>
      <nd lat="46.4504365" lon="13.2219349"/>
      <nd lat="46.4505009" lon="13.2220587"/>
      <nd lat="46.4506265" lon="13.2222648"/>
      <nd lat="46.4506470" lon="13.2223972"/>
      <nd lat="46.4507461" lon="13.2224601"/>
      <nd lat="46.4508560" lon="13.2225305"/>
      <nd lat="46.4509295" lon="13.2226657"/>
      <nd lat="46.4509955" lon="13.2228254"/>
      <nd lat="46.4509941" lon="13.2229280"/>
      <nd lat="46.4509059" lon="13.2229282"/>
      <nd lat="46.4507934" lon="13.2228170"/>
      <nd lat="46.4507104" lon="13.2228506"/>
      <nd lat="46.4506473" lon="13.2228975"/>
      <nd lat="46.4506119" lon="13.2229390"/>
      <nd lat="46.4505620" lon="13.2229391"/>
      <nd lat="46.4505213" lon="13.2229658"/>
      <nd lat="46.4504954" lon="13.2230409"/>
      <nd lat="46.4504843" lon="13.2231375"/>
      <nd lat="46.4505102" lon="13.2232019"/>
      <nd lat="46.4506581" lon="13.2232126"/>
      <nd lat="46.4507135" lon="13.2231697"/>
      <nd lat="46.4507726" lon="13.2232341"/>
      <nd lat="46.4507763" lon="13.2233414"/>
      <nd lat="46.4508687" lon="13.2233843"/>
      <nd lat="46.4508983" lon="13.2234218"/>
      <nd lat="46.4508798" lon="13.2234916"/>
      <nd lat="46.4508761" lon="13.2235720"/>
      <nd lat="46.4509574" lon="13.2235881"/>
      <nd lat="46.4510387" lon="13.2235774"/>
      <nd lat="46.4510942" lon="13.2234379"/>
      <nd lat="46.4511977" lon="13.2233950"/>
      <nd lat="46.4512679" lon="13.2234647"/>
      <nd lat="46.4514046" lon="13.2236793"/>
      <nd lat="46.4514859" lon="13.2239207"/>
      <nd lat="46.4515118" lon="13.2240977"/>
      <nd lat="46.4514859" lon="13.2242104"/>
      <nd lat="46.4515118" lon="13.2242587"/>
      <nd lat="46.4515857" lon="13.2243177"/>
      <nd lat="46.4516227" lon="13.2244035"/>
      <nd lat="46.4516412" lon="13.2245484"/>
      <nd lat="46.4518925" lon="13.2247978"/>
      <nd lat="46.4519424" lon="13.2249292"/>
      <nd lat="46.4519997" lon="13.2249614"/>
      <nd lat="46.4521253" lon="13.2250097"/>
      <nd lat="46.4521493" lon="13.2250738"/>
      <nd lat="46.4522090" lon="13.2251199"/>
      <nd lat="46.4522219" lon="13.2252276"/>
      <nd lat="46.4522515" lon="13.2253435"/>
      <nd lat="46.4522586" lon="13.2254391"/>
      <nd lat="46.4524165" lon="13.2256251"/>
      <nd lat="46.4524842" lon="13.2257322"/>
      <nd lat="46.4525356" lon="13.2258465"/>
      <nd lat="46.4526243" lon="13.2260289"/>
      <nd lat="46.4526575" lon="13.2260826"/>
      <nd lat="46.4527093" lon="13.2262381"/>
      <nd lat="46.4527906" lon="13.2266190"/>
      <nd lat="46.4528386" lon="13.2267209"/>
      <nd lat="46.4529126" lon="13.2269409"/>
      <nd lat="46.4529015" lon="13.2270213"/>
      <nd lat="46.4528978" lon="13.2270964"/>
      <nd lat="46.4529865" lon="13.2272091"/>
      <nd lat="46.4530752" lon="13.2272467"/>
      <nd lat="46.4531676" lon="13.2274881"/>
      <nd lat="46.4531787" lon="13.2275900"/>
      <nd lat="46.4531966" lon="13.2277402"/>
      <nd lat="46.4533301" lon="13.2279172"/>
      <nd lat="46.4533838" lon="13.2280137"/>
      <nd lat="46.4534818" lon="13.2281935"/>
      <nd lat="46.4535390" lon="13.2282578"/>
      <nd lat="46.4535667" lon="13.2282552"/>
      <nd lat="46.4536221" lon="13.2282981"/>
      <nd lat="46.4536665" lon="13.2284322"/>
      <nd lat="46.4536887" lon="13.2285663"/>
      <nd lat="46.4537626" lon="13.2286950"/>
      <nd lat="46.4537811" lon="13.2287648"/>
      <nd lat="46.4538217" lon="13.2288238"/>
      <nd lat="46.4538402" lon="13.2288989"/>
      <nd lat="46.4538661" lon="13.2289579"/>
      <nd lat="46.4538845" lon="13.2290545"/>
      <nd lat="46.4539400" lon="13.2291564"/>
      <nd lat="46.4539732" lon="13.2292583"/>
      <nd lat="46.4540804" lon="13.2294139"/>
      <nd lat="46.4540930" lon="13.2295611"/>
      <nd lat="46.4540656" lon="13.2296392"/>
      <nd lat="46.4540952" lon="13.2296660"/>
      <nd lat="46.4542649" lon="13.2299723"/>
    </member>
    <member type="way" ref="403905676" role="">
      <nd lat="46.4496527" lon="13.2205894"/>
      <nd lat="46.4497248" lon="13.2205532"/>
      <nd lat="46.4497710" lon="13.2205867"/>
      <nd lat="46.4497867" lon="13.2206257"/>
      <nd lat="46.4498135" lon="13.2206471"/>
      <nd lat="46.4498357" lon="13.2206916"/>
      <nd lat="46.4498785" lon="13.2208002"/>
      <nd lat="46.4498785" lon="13.2209209"/>
      <nd lat="46.4498782" lon="13.2210025"/>
    </member>
    <member type="way" ref="403905673" role="">
      <nd lat="46.4478435" lon="13.2177892"/>
      <nd lat="46.4479193" lon="13.2178804"/>
      <nd lat="46.4479858" lon="13.2179448"/>
      <nd lat="46.4480505" lon="13.2180815"/>
      <nd lat="46.4481189" lon="13.2182773"/>
      <nd lat="46.4481355" lon="13.2184303"/>
      <nd lat="46.4482329" lon="13.2186690"/>
      <nd lat="46.4483850" lon="13.2187923"/>
      <nd lat="46.4484241" lon="13.2189285"/>
      <nd lat="46.4484603" lon="13.2190472"/>
      <nd lat="46.4484550" lon="13.2191467"/>
      <nd lat="46.4483893" lon="13.2192875"/>
      <nd lat="46.4483818" lon="13.2195791"/>
      <nd lat="46.4484442" lon="13.2196694"/>
      <nd lat="46.4485334" lon="13.2196908"/>
      <nd lat="46.4486031" lon="13.2197901"/>
      <nd lat="46.4487454" lon="13.2199135"/>
      <nd lat="46.4488993" lon="13.2200230"/>
      <nd lat="46.4489817" lon="13.2200960"/>
      <nd lat="46.4490281" lon="13.2201549"/>
      <nd lat="46.4492296" lon="13.2202005"/>
      <nd lat="46.4493146" lon="13.2202434"/>
      <nd lat="46.4493325" lon="13.2203266"/>
      <nd lat="46.4492980" lon="13.2205304"/>
      <nd lat="46.4493585" lon="13.2205668"/>
      <nd lat="46.4494753" lon="13.2206323"/>
      <nd lat="46.4496527" lon="13.2205894"/>
    </member>
    <member type="way" ref="403905670" role="">
      <nd lat="46.4475607" lon="13.2178526"/>
      <nd lat="46.4477326" lon="13.2178321"/>
      <nd lat="46.4478435" lon="13.2177892"/>
    </member>
    <member type="way" ref="403905668" role="">
      <nd lat="46.4452878" lon="13.2169382"/>
      <nd lat="46.4453868" lon="13.2169658"/>
      <nd lat="46.4456220" lon="13.2168228"/>
      <nd lat="46.4459085" lon="13.2166725"/>
      <nd lat="46.4460065" lon="13.2166805"/>
      <nd lat="46.4460780" lon="13.2167566"/>
      <nd lat="46.4460596" lon="13.2169309"/>
      <nd lat="46.4462227" lon="13.2170399"/>
      <nd lat="46.4463632" lon="13.2170346"/>
      <nd lat="46.4465147" lon="13.2172009"/>
      <nd lat="46.4467014" lon="13.2172652"/>
      <nd lat="46.4468031" lon="13.2174423"/>
      <nd lat="46.4469619" lon="13.2177186"/>
      <nd lat="46.4471856" lon="13.2177481"/>
      <nd lat="46.4473889" lon="13.2178258"/>
      <nd lat="46.4475607" lon="13.2178526"/>
    </member>
    <member type="way" ref="401251799" role="">
      <nd lat="46.4439376" lon="13.2156005"/>
      <nd lat="46.4440550" lon="13.2158063"/>
      <nd lat="46.4440994" lon="13.2159136"/>
      <nd lat="46.4441973" lon="13.2160719"/>
      <nd lat="46.4443101" lon="13.2161711"/>
      <nd lat="46.4443840" lon="13.2162543"/>
      <nd lat="46.4445115" lon="13.2163857"/>
      <nd lat="46.4445300" lon="13.2164232"/>
      <nd lat="46.4446150" lon="13.2165225"/>
      <nd lat="46.4447296" lon="13.2166217"/>
      <nd lat="46.4448220" lon="13.2166995"/>
      <nd lat="46.4449034" lon="13.2167908"/>
      <nd lat="46.4449976" lon="13.2168309"/>
      <nd lat="46.4450494" lon="13.2168765"/>
      <nd lat="46.4451621" lon="13.2169436"/>
      <nd lat="46.4452878" lon="13.2169382"/>
    </member>
    <member type="way" ref="356040852" role="">
      <nd lat="46.4426150" lon="13.2140760"/>
      <nd lat="46.4426510" lon="13.2140860"/>
      <nd lat="46.4427466" lon="13.2140523"/>
      <nd lat="46.4428060" lon="13.2140890"/>
      <nd lat="46.4428680" lon="13.2140860"/>
      <nd lat="46.4430442" lon="13.2141329"/>
      <nd lat="46.4430842" lon="13.2141239"/>
      <nd lat="46.4431664" lon="13.2141901"/>
      <nd lat="46.4431918" lon="13.2142689"/>
      <nd lat="46.4431972" lon="13.2143592"/>
      <nd lat="46.4431890" lon="13.2145290"/>
      <nd lat="46.4431633" lon="13.2146856"/>
      <nd lat="46.4431721" lon="13.2147186"/>
      <nd lat="46.4432565" lon="13.2147679"/>
      <nd lat="46.4434030" lon="13.2148060"/>
      <nd lat="46.4434640" lon="13.2149420"/>
      <nd lat="46.4435080" lon="13.2149970"/>
      <nd lat="46.4435906" lon="13.2152784"/>
      <nd lat="46.4436300" lon="13.2153289"/>
      <nd lat="46.4437370" lon="13.2153780"/>
      <nd lat="46.4437490" lon="13.2154120"/>
      <nd lat="46.4438538" lon="13.2154455"/>
      <nd lat="46.4438933" lon="13.2155752"/>
      <nd lat="46.4439376" lon="13.2156005"/>
    </member>
    <member type="way" ref="1494047400" role="">
      <nd lat="46.4415640" lon="13.2143410"/>
      <nd lat="46.4415830" lon="13.2143460"/>
      <nd lat="46.4415870" lon="13.2143710"/>
      <nd lat="46.4416120" lon="13.2143780"/>
      <nd lat="46.4416400" lon="13.2143980"/>
      <nd lat="46.4416680" lon="13.2143730"/>
      <nd lat="46.4416870" lon="13.2143680"/>
      <nd lat="46.4417060" lon="13.2143760"/>
      <nd lat="46.4417230" lon="13.2143890"/>
      <nd lat="46.4417420" lon="13.2144080"/>
      <nd lat="46.4417560" lon="13.2144570"/>
      <nd lat="46.4417650" lon="13.2144960"/>
      <nd lat="46.4417770" lon="13.2145170"/>
      <nd lat="46.4419370" lon="13.2144786"/>
      <nd lat="46.4419790" lon="13.2144700"/>
      <nd lat="46.4421036" lon="13.2144453"/>
      <nd lat="46.4421300" lon="13.2144617"/>
      <nd lat="46.4421536" lon="13.2144833"/>
      <nd lat="46.4421778" lon="13.2144966"/>
      <nd lat="46.4422126" lon="13.2144909"/>
      <nd lat="46.4422404" lon="13.2144874"/>
      <nd lat="46.4422908" lon="13.2144556"/>
      <nd lat="46.4423170" lon="13.2144358"/>
      <nd lat="46.4423484" lon="13.2144039"/>
      <nd lat="46.4423820" lon="13.2143666"/>
      <nd lat="46.4424080" lon="13.2143393"/>
      <nd lat="46.4424424" lon="13.2142915"/>
      <nd lat="46.4424738" lon="13.2142595"/>
      <nd lat="46.4425184" lon="13.2142113"/>
      <nd lat="46.4425578" lon="13.2141538"/>
      <nd lat="46.4425892" lon="13.2141215"/>
      <nd lat="46.4426150" lon="13.2140760"/>
    </member>
    <member type="way" ref="1553620951" role="">
      <nd lat="46.4410378" lon="13.2139847"/>
      <nd lat="46.4412152" lon="13.2140891"/>
      <nd lat="46.4412270" lon="13.2141641"/>
      <nd lat="46.4412217" lon="13.2142533"/>
      <nd lat="46.4413104" lon="13.2143392"/>
      <nd lat="46.4414730" lon="13.2144706"/>
      <nd lat="46.4414878" lon="13.2144116"/>
      <nd lat="46.4415192" lon="13.2143606"/>
      <nd lat="46.4415640" lon="13.2143410"/>
    </member>
    <member type="way" ref="401251802" role="">
      <nd lat="46.4410378" lon="13.2139847"/>
      <nd lat="46.4409881" lon="13.2139630"/>
      <nd lat="46.4408795" lon="13.2137114"/>
      <nd lat="46.4408328" lon="13.2136581"/>
    </member>
    <member type="way" ref="1564062990" role="">
      <nd lat="46.4408328" lon="13.2136581"/>
      <nd lat="46.4407411" lon="13.2136749"/>
      <nd lat="46.4406228" lon="13.2136105"/>
      <nd lat="46.4405489" lon="13.2135729"/>
    </member>
    <member type="way" ref="401251803" role="">
      <nd lat="46.4405489" lon="13.2135729"/>
      <nd lat="46.4404964" lon="13.2138309"/>
    </member>
    <member type="way" ref="1553620949" role="">
      <nd lat="46.4404352" lon="13.2138048"/>
      <nd lat="46.4404964" lon="13.2138309"/>
    </member>
    <member type="way" ref="1169897630" role="">
      <nd lat="46.4395127" lon="13.2137345"/>
      <nd lat="46.4396295" lon="13.2138473"/>
      <nd lat="46.4397308" lon="13.2138683"/>
      <nd lat="46.4397936" lon="13.2139383"/>
      <nd lat="46.4398048" lon="13.2140994"/>
      <nd lat="46.4398370" lon="13.2141951"/>
      <nd lat="46.4398949" lon="13.2142441"/>
      <nd lat="46.4399657" lon="13.2142044"/>
      <nd lat="46.4401410" lon="13.2140410"/>
      <nd lat="46.4402102" lon="13.2139990"/>
      <nd lat="46.4402906" lon="13.2139967"/>
      <nd lat="46.4403471" lon="13.2140201"/>
      <nd lat="46.4404049" lon="13.2140187"/>
      <nd lat="46.4404352" lon="13.2138048"/>
    </member>
    <member type="way" ref="401251795" role="">
      <nd lat="46.4368987" lon="13.2121969"/>
      <nd lat="46.4370334" lon="13.2122052"/>
      <nd lat="46.4371247" lon="13.2122089"/>
      <nd lat="46.4372333" lon="13.2122766"/>
      <nd lat="46.4373393" lon="13.2122839"/>
      <nd lat="46.4374257" lon="13.2122670"/>
      <nd lat="46.4375072" lon="13.2122890"/>
      <nd lat="46.4376171" lon="13.2124514"/>
      <nd lat="46.4376960" lon="13.2125284"/>
      <nd lat="46.4378110" lon="13.2124595"/>
      <nd lat="46.4378665" lon="13.2124630"/>
      <nd lat="46.4379509" lon="13.2125789"/>
      <nd lat="46.4380016" lon="13.2126334"/>
      <nd lat="46.4380702" lon="13.2126386"/>
      <nd lat="46.4381991" lon="13.2126001"/>
      <nd lat="46.4382735" lon="13.2126218"/>
      <nd lat="46.4383153" lon="13.2127572"/>
      <nd lat="46.4383706" lon="13.2127917"/>
      <nd lat="46.4385513" lon="13.2128397"/>
      <nd lat="46.4385807" lon="13.2129182"/>
      <nd lat="46.4386016" lon="13.2130478"/>
      <nd lat="46.4387054" lon="13.2131082"/>
      <nd lat="46.4388624" lon="13.2131308"/>
      <nd lat="46.4389098" lon="13.2131848"/>
      <nd lat="46.4389336" lon="13.2133076"/>
      <nd lat="46.4389714" lon="13.2135215"/>
      <nd lat="46.4390254" lon="13.2135338"/>
      <nd lat="46.4391995" lon="13.2134910"/>
      <nd lat="46.4392970" lon="13.2134431"/>
      <nd lat="46.4393737" lon="13.2134668"/>
      <nd lat="46.4394348" lon="13.2136549"/>
      <nd lat="46.4394863" lon="13.2137212"/>
      <nd lat="46.4395127" lon="13.2137345"/>
    </member>
    <tag k="cai_scale" v="E"/>
    <tag k="from" v="Strada Riulade (quota 830 m)"/>
    <tag k="network" v="lwn"/>
    <tag k="operator" v="Club Alpino Italiano"/>
    <tag k="osmc:symbol" v="red:red:white_stripe:450b:black"/>
    <tag k="ref" v="450b"/>
    <tag k="route" v="hiking"/>
    <tag k="source" v="survey:CAI"/>
    <tag k="to" v="bivio CAI 450 (quota 1000 m)"/>
    <tag k="type" v="route"/>
    <tag k="website" v="https://www.cai-fvg.it/sentieri-cai-fvg/settore-4-alpi-carniche/s4-450b"/>
  </relation>
</new>
</action>

</osm>
