<?xml version="1.0" encoding="UTF-8"?>
<osm version="0.6" generator="Overpass API 0.7.62.11 87bfad18">
<note>The data included in this document is from www.openstreetmap.org. The data is made available under ODbL.</note>
<meta osm_base="2026-10-06T04:13:00Z" areas="2026-10-04T21:27:58Z"/>

<action type="modify">
<old>
  <way id="503802137" version="3" timestamp="2023-12-14T00:56:13Z" changeset="145093575" uid="8546710" user="camminatoreseriale">
    <bounds minlat="44.4498655" minlon="8.9070521" maxlat="44.4501253" maxlon="8.9082200"/>
    <nd ref="1530974382" lat="44.4501253" lon="8.9082200"/>
    <nd ref="1673916607" lat="44.4501032" lon="8.9081309"/>
    <nd ref="1593910373" lat="44.4498980" lon="8.9073668"/>
    <nd ref="11415889302" lat="44.4498783" lon="8.9072882"/>
    <nd ref="6654773212" lat="44.4498655" lon="8.9072067"/>
    <nd ref="6654773211" lat="44.4498658" lon="8.9071285"/>
    <nd ref="269910990" lat="44.4498807" lon="8.9070521"/>
    <tag k="surface" v="asphalt"/>
    <tag k="highway" v="unclassified"/>
    <tag k="name" v="Via Pierino Negrotto Cambiaso"/>
  </way>
</old>
<new>
  <way id="503802137" version="4" timestamp="2026-10-05T11:53:11Z" changeset="190030807" uid="24370316" user="Robbie965">
    <bounds minlat="44.4498655" minlon="8.9070521" maxlat="44.4501253" maxlon="8.9082200"/>
    <nd ref="1530974382" lat="44.4501253" lon="8.9082200"/>
    <nd ref="1673916607" lat="44.4501032" lon="8.9081309"/>
    <nd ref="1593910373" lat="44.4498980" lon="8.9073668"/>
    <nd ref="11415889302" lat="44.4498783" lon="8.9072882"/>
    <nd ref="6654773212" lat="44.4498655" lon="8.9072067"/>
    <nd ref="6654773211" lat="44.4498658" lon="8.9071285"/>
    <nd ref="269910990" lat="44.4498807" lon="8.9070521"/>
    <tag k="highway" v="unclassified"/>
    <tag k="maxspeed" v="30"/>
    <tag k="name" v="Via Pierino Negrotto Cambiaso"/>
    <tag k="surface" v="asphalt"/>
  </way>
</new>
</action>
<action type="modify">
<old>
  <relation id="1117864" version="45" timestamp="2023-11-04T23:13:57Z" changeset="143633148" uid="3215770" user="Andrea Del Sarto">
    <bounds minlat="44.3546296" minlon="9.6626845" maxlat="44.4000082" maxlon="9.7339740"/>
    <member type="way" ref="556424022" role="">
      <nd lat="44.3990391" lon="9.6633341"/>
      <nd lat="44.3984642" lon="9.6634630"/>
      <nd lat="44.3981207" lon="9.6635526"/>
      <nd lat="44.3979673" lon="9.6635281"/>
      <nd lat="44.3977371" lon="9.6636383"/>
      <nd lat="44.3976098" lon="9.6637333"/>
      <nd lat="44.3975515" lon="9.6638243"/>
      <nd lat="44.3974785" lon="9.6638749"/>
      <nd lat="44.3971560" lon="9.6639561"/>
      <nd lat="44.3970628" lon="9.6640240"/>
      <nd lat="44.3968980" lon="9.6640606"/>
      <nd lat="44.3966486" lon="9.6640511"/>
      <nd lat="44.3964640" lon="9.6640154"/>
      <nd lat="44.3963262" lon="9.6639349"/>
      <nd lat="44.3960623" lon="9.6639314"/>
      <nd lat="44.3957454" lon="9.6639872"/>
      <nd lat="44.3956293" lon="9.6640889"/>
    </member>
    <member type="way" ref="523279605" role="">
      <nd lat="44.3956293" lon="9.6640889"/>
      <nd lat="44.3953610" lon="9.6640786"/>
      <nd lat="44.3951961" lon="9.6641357"/>
      <nd lat="44.3950009" lon="9.6641188"/>
      <nd lat="44.3948590" lon="9.6640507"/>
      <nd lat="44.3945250" lon="9.6639492"/>
      <nd lat="44.3944359" lon="9.6637902"/>
      <nd lat="44.3940991" lon="9.6635672"/>
      <nd lat="44.3936859" lon="9.6633740"/>
      <nd lat="44.3934859" lon="9.6632735"/>
      <nd lat="44.3932642" lon="9.6632881"/>
      <nd lat="44.3928803" lon="9.6634062"/>
      <nd lat="44.3926067" lon="9.6634508"/>
      <nd lat="44.3925152" lon="9.6634147"/>
      <nd lat="44.3921389" lon="9.6634846"/>
    </member>
    <member type="way" ref="523279606" role="">
      <nd lat="44.3921389" lon="9.6634846"/>
      <nd lat="44.3920255" lon="9.6635149"/>
    </member>
    <member type="way" ref="229082577" role="">
      <nd lat="44.3920255" lon="9.6635149"/>
      <nd lat="44.3919456" lon="9.6635527"/>
      <nd lat="44.3918664" lon="9.6635585"/>
      <nd lat="44.3917241" lon="9.6636031"/>
      <nd lat="44.3915743" lon="9.6636353"/>
      <nd lat="44.3914223" lon="9.6636171"/>
      <nd lat="44.3912033" lon="9.6635160"/>
      <nd lat="44.3910623" lon="9.6634894"/>
      <nd lat="44.3909590" lon="9.6634875"/>
      <nd lat="44.3907916" lon="9.6635305"/>
      <nd lat="44.3907222" lon="9.6635688"/>
      <nd lat="44.3906857" lon="9.6636234"/>
      <nd lat="44.3905738" lon="9.6638731"/>
      <nd lat="44.3905199" lon="9.6639353"/>
      <nd lat="44.3904631" lon="9.6639702"/>
      <nd lat="44.3903249" lon="9.6640069"/>
      <nd lat="44.3900060" lon="9.6640927"/>
      <nd lat="44.3898518" lon="9.6641695"/>
      <nd lat="44.3897136" lon="9.6643281"/>
      <nd lat="44.3894987" lon="9.6648100"/>
      <nd lat="44.3893313" lon="9.6652514"/>
      <nd lat="44.3892583" lon="9.6653496"/>
      <nd lat="44.3891534" lon="9.6653802"/>
      <nd lat="44.3886737" lon="9.6654147"/>
      <nd lat="44.3885118" lon="9.6654511"/>
      <nd lat="44.3882754" lon="9.6655853"/>
      <nd lat="44.3880756" lon="9.6658039"/>
      <nd lat="44.3878033" lon="9.6660318"/>
      <nd lat="44.3877030" lon="9.6661657"/>
      <nd lat="44.3876314" lon="9.6663405"/>
      <nd lat="44.3874555" lon="9.6667195"/>
      <nd lat="44.3873970" lon="9.6668352"/>
      <nd lat="44.3872836" lon="9.6669910"/>
      <nd lat="44.3871882" lon="9.6671003"/>
      <nd lat="44.3870792" lon="9.6671901"/>
      <nd lat="44.3866512" lon="9.6673941"/>
      <nd lat="44.3864807" lon="9.6674162"/>
      <nd lat="44.3863068" lon="9.6673028"/>
      <nd lat="44.3860878" lon="9.6673104"/>
    </member>
    <member type="way" ref="277761574" role="alternate">
      <nd lat="44.3658672" lon="9.6867674"/>
      <nd lat="44.3658333" lon="9.6867422"/>
      <nd lat="44.3652935" lon="9.6863019"/>
      <nd lat="44.3648705" lon="9.6858896"/>
      <nd lat="44.3646628" lon="9.6858056"/>
      <nd lat="44.3643779" lon="9.6855814"/>
      <nd lat="44.3638837" lon="9.6851893"/>
      <nd lat="44.3635363" lon="9.6847685"/>
      <nd lat="44.3630638" lon="9.6843014"/>
      <nd lat="44.3627662" lon="9.6842328"/>
      <nd lat="44.3626419" lon="9.6841428"/>
      <nd lat="44.3625578" lon="9.6840411"/>
      <nd lat="44.3624967" lon="9.6839870"/>
      <nd lat="44.3624540" lon="9.6839732"/>
      <nd lat="44.3624018" lon="9.6839637"/>
      <nd lat="44.3623636" lon="9.6839505"/>
      <nd lat="44.3623439" lon="9.6838963"/>
      <nd lat="44.3623724" lon="9.6834590"/>
      <nd lat="44.3623746" lon="9.6829228"/>
      <nd lat="44.3623724" lon="9.6823967"/>
      <nd lat="44.3623587" lon="9.6821324"/>
      <nd lat="44.3623560" lon="9.6815800"/>
      <nd lat="44.3623735" lon="9.6813297"/>
      <nd lat="44.3623781" lon="9.6811743"/>
      <nd lat="44.3624580" lon="9.6809487"/>
      <nd lat="44.3624776" lon="9.6808567"/>
      <nd lat="44.3625071" lon="9.6807209"/>
      <nd lat="44.3625522" lon="9.6805889"/>
      <nd lat="44.3626612" lon="9.6804492"/>
      <nd lat="44.3627860" lon="9.6803120"/>
      <nd lat="44.3629221" lon="9.6801870"/>
      <nd lat="44.3629813" lon="9.6800868"/>
      <nd lat="44.3630796" lon="9.6798407"/>
      <nd lat="44.3630947" lon="9.6798030"/>
      <nd lat="44.3631254" lon="9.6795795"/>
      <nd lat="44.3632176" lon="9.6791771"/>
      <nd lat="44.3632284" lon="9.6790570"/>
      <nd lat="44.3632288" lon="9.6789017"/>
      <nd lat="44.3632175" lon="9.6786341"/>
      <nd lat="44.3632430" lon="9.6785037"/>
    </member>
    <member type="way" ref="48345218" role="alternate">
      <nd lat="44.3832248" lon="9.6691482"/>
      <nd lat="44.3831413" lon="9.6691747"/>
      <nd lat="44.3830705" lon="9.6693252"/>
      <nd lat="44.3829111" lon="9.6693924"/>
      <nd lat="44.3827138" lon="9.6695393"/>
      <nd lat="44.3825001" lon="9.6695888"/>
      <nd lat="44.3823913" lon="9.6696189"/>
      <nd lat="44.3822851" lon="9.6695977"/>
      <nd lat="44.3821142" lon="9.6696069"/>
      <nd lat="44.3817008" lon="9.6695180"/>
      <nd lat="44.3813859" lon="9.6695570"/>
      <nd lat="44.3810760" lon="9.6696685"/>
      <nd lat="44.3807361" lon="9.6698864"/>
      <nd lat="44.3804907" lon="9.6697898"/>
      <nd lat="44.3801073" lon="9.6695860"/>
      <nd lat="44.3795596" lon="9.6694685"/>
      <nd lat="44.3793736" lon="9.6694938"/>
      <nd lat="44.3791561" lon="9.6695234"/>
      <nd lat="44.3788114" lon="9.6697040"/>
      <nd lat="44.3784280" lon="9.6698971"/>
      <nd lat="44.3779381" lon="9.6701586"/>
      <nd lat="44.3776196" lon="9.6703838"/>
      <nd lat="44.3770323" lon="9.6710129"/>
      <nd lat="44.3764725" lon="9.6716459"/>
      <nd lat="44.3761377" lon="9.6722407"/>
      <nd lat="44.3760969" lon="9.6724000"/>
      <nd lat="44.3759935" lon="9.6724699"/>
      <nd lat="44.3757310" lon="9.6726131"/>
      <nd lat="44.3755476" lon="9.6726785"/>
      <nd lat="44.3753205" lon="9.6727687"/>
      <nd lat="44.3749679" lon="9.6727121"/>
      <nd lat="44.3747371" lon="9.6726519"/>
      <nd lat="44.3744839" lon="9.6726585"/>
      <nd lat="44.3741962" lon="9.6725624"/>
      <nd lat="44.3740411" lon="9.6725718"/>
      <nd lat="44.3736882" lon="9.6724156"/>
      <nd lat="44.3734367" lon="9.6722620"/>
      <nd lat="44.3732336" lon="9.6722273"/>
      <nd lat="44.3730638" lon="9.6721984"/>
      <nd lat="44.3728679" lon="9.6722188"/>
      <nd lat="44.3725867" lon="9.6721051"/>
      <nd lat="44.3723538" lon="9.6720270"/>
      <nd lat="44.3720576" lon="9.6717759"/>
      <nd lat="44.3719806" lon="9.6717106"/>
      <nd lat="44.3714926" lon="9.6713591"/>
      <nd lat="44.3714209" lon="9.6713069"/>
      <nd lat="44.3711639" lon="9.6711095"/>
      <nd lat="44.3709813" lon="9.6710870"/>
      <nd lat="44.3706463" lon="9.6712853"/>
      <nd lat="44.3705248" lon="9.6714647"/>
      <nd lat="44.3700758" lon="9.6717734"/>
      <nd lat="44.3695395" lon="9.6718425"/>
      <nd lat="44.3693107" lon="9.6718719"/>
      <nd lat="44.3687967" lon="9.6721894"/>
      <nd lat="44.3684107" lon="9.6724526"/>
      <nd lat="44.3676521" lon="9.6728480"/>
      <nd lat="44.3672450" lon="9.6730816"/>
      <nd lat="44.3668798" lon="9.6731867"/>
      <nd lat="44.3663633" lon="9.6734520"/>
      <nd lat="44.3662104" lon="9.6735322"/>
      <nd lat="44.3660176" lon="9.6737154"/>
      <nd lat="44.3659001" lon="9.6738569"/>
      <nd lat="44.3657753" lon="9.6740705"/>
      <nd lat="44.3656789" lon="9.6742388"/>
      <nd lat="44.3655871" lon="9.6743658"/>
      <nd lat="44.3655137" lon="9.6744435"/>
      <nd lat="44.3654002" lon="9.6745215"/>
      <nd lat="44.3652813" lon="9.6745719"/>
      <nd lat="44.3650897" lon="9.6746198"/>
      <nd lat="44.3648492" lon="9.6746620"/>
      <nd lat="44.3647532" lon="9.6746968"/>
      <nd lat="44.3645648" lon="9.6748266"/>
      <nd lat="44.3643839" lon="9.6749025"/>
      <nd lat="44.3643540" lon="9.6749233"/>
      <nd lat="44.3642271" lon="9.6750115"/>
      <nd lat="44.3640692" lon="9.6751498"/>
      <nd lat="44.3639860" lon="9.6752466"/>
      <nd lat="44.3639304" lon="9.6753565"/>
      <nd lat="44.3637841" lon="9.6758762"/>
      <nd lat="44.3637503" lon="9.6760326"/>
      <nd lat="44.3637372" lon="9.6761349"/>
      <nd lat="44.3637286" lon="9.6763034"/>
      <nd lat="44.3637110" lon="9.6764417"/>
      <nd lat="44.3636805" lon="9.6765760"/>
      <nd lat="44.3636434" lon="9.6767623"/>
      <nd lat="44.3635747" lon="9.6769754"/>
      <nd lat="44.3634388" lon="9.6775942"/>
      <nd lat="44.3633738" lon="9.6779000"/>
      <nd lat="44.3632534" lon="9.6783087"/>
      <nd lat="44.3632430" lon="9.6785037"/>
    </member>
    <member type="way" ref="50543933" role="">
      <nd lat="44.3658672" lon="9.6867674"/>
      <nd lat="44.3657438" lon="9.6869123"/>
      <nd lat="44.3656935" lon="9.6870837"/>
      <nd lat="44.3655544" lon="9.6872980"/>
      <nd lat="44.3654400" lon="9.6874731"/>
      <nd lat="44.3652949" lon="9.6875050"/>
      <nd lat="44.3651709" lon="9.6875351"/>
      <nd lat="44.3650397" lon="9.6876142"/>
      <nd lat="44.3649448" lon="9.6877278"/>
      <nd lat="44.3648597" lon="9.6879107"/>
    </member>
    <member type="way" ref="44360642" role="">
      <nd lat="44.3559577" lon="9.7197496"/>
      <nd lat="44.3559741" lon="9.7197589"/>
      <nd lat="44.3560130" lon="9.7197654"/>
      <nd lat="44.3560441" lon="9.7197512"/>
      <nd lat="44.3560986" lon="9.7197123"/>
      <nd lat="44.3561911" lon="9.7196424"/>
      <nd lat="44.3562350" lon="9.7196097"/>
      <nd lat="44.3563058" lon="9.7195898"/>
      <nd lat="44.3564020" lon="9.7196008"/>
      <nd lat="44.3565468" lon="9.7196330"/>
      <nd lat="44.3565769" lon="9.7196382"/>
      <nd lat="44.3566183" lon="9.7196453"/>
      <nd lat="44.3566643" lon="9.7196900"/>
      <nd lat="44.3567005" lon="9.7197093"/>
      <nd lat="44.3567647" lon="9.7197469"/>
      <nd lat="44.3567911" lon="9.7197656"/>
      <nd lat="44.3568191" lon="9.7197783"/>
      <nd lat="44.3568590" lon="9.7198020"/>
      <nd lat="44.3568920" lon="9.7198078"/>
      <nd lat="44.3569608" lon="9.7198045"/>
      <nd lat="44.3570436" lon="9.7197970"/>
      <nd lat="44.3571285" lon="9.7197977"/>
      <nd lat="44.3571696" lon="9.7198154"/>
      <nd lat="44.3572187" lon="9.7198633"/>
      <nd lat="44.3572817" lon="9.7199427"/>
      <nd lat="44.3573360" lon="9.7200716"/>
      <nd lat="44.3573710" lon="9.7201728"/>
      <nd lat="44.3574049" lon="9.7202521"/>
      <nd lat="44.3574611" lon="9.7203537"/>
      <nd lat="44.3575605" lon="9.7204857"/>
      <nd lat="44.3576194" lon="9.7205557"/>
      <nd lat="44.3576740" lon="9.7205951"/>
      <nd lat="44.3578093" lon="9.7206629"/>
      <nd lat="44.3578889" lon="9.7207247"/>
      <nd lat="44.3579182" lon="9.7207474"/>
      <nd lat="44.3579827" lon="9.7208466"/>
      <nd lat="44.3580261" lon="9.7209293"/>
      <nd lat="44.3580473" lon="9.7209698"/>
      <nd lat="44.3580803" lon="9.7211094"/>
      <nd lat="44.3581118" lon="9.7213378"/>
      <nd lat="44.3581273" lon="9.7216351"/>
      <nd lat="44.3581588" lon="9.7218482"/>
      <nd lat="44.3584533" lon="9.7223117"/>
      <nd lat="44.3585176" lon="9.7223660"/>
      <nd lat="44.3585810" lon="9.7224969"/>
      <nd lat="44.3586089" lon="9.7226396"/>
      <nd lat="44.3586512" lon="9.7227273"/>
      <nd lat="44.3587906" lon="9.7228523"/>
      <nd lat="44.3588640" lon="9.7229286"/>
      <nd lat="44.3589052" lon="9.7229963"/>
      <nd lat="44.3589268" lon="9.7231217"/>
      <nd lat="44.3589274" lon="9.7231615"/>
      <nd lat="44.3589076" lon="9.7232773"/>
      <nd lat="44.3588674" lon="9.7233980"/>
      <nd lat="44.3587149" lon="9.7237487"/>
      <nd lat="44.3586270" lon="9.7239594"/>
      <nd lat="44.3586085" lon="9.7240148"/>
      <nd lat="44.3586050" lon="9.7240849"/>
      <nd lat="44.3586161" lon="9.7241510"/>
      <nd lat="44.3586358" lon="9.7242087"/>
      <nd lat="44.3586830" lon="9.7242777"/>
      <nd lat="44.3587734" lon="9.7243736"/>
      <nd lat="44.3588740" lon="9.7244822"/>
      <nd lat="44.3589330" lon="9.7245688"/>
      <nd lat="44.3590064" lon="9.7247176"/>
    </member>
    <member type="way" ref="71621835" role="">
      <nd lat="44.3590064" lon="9.7247176"/>
      <nd lat="44.3590783" lon="9.7246733"/>
      <nd lat="44.3591407" lon="9.7246143"/>
      <nd lat="44.3592471" lon="9.7245336"/>
      <nd lat="44.3593827" lon="9.7244342"/>
      <nd lat="44.3594570" lon="9.7243863"/>
      <nd lat="44.3595123" lon="9.7243853"/>
      <nd lat="44.3596436" lon="9.7244072"/>
      <nd lat="44.3598205" lon="9.7244224"/>
      <nd lat="44.3599365" lon="9.7244548"/>
      <nd lat="44.3600131" lon="9.7245567"/>
    </member>
    <member type="way" ref="136126349" role="">
      <nd lat="44.3600131" lon="9.7245567"/>
      <nd lat="44.3600477" lon="9.7246586"/>
      <nd lat="44.3600688" lon="9.7248262"/>
      <nd lat="44.3600448" lon="9.7249416"/>
    </member>
    <member type="way" ref="136126350" role="">
      <nd lat="44.3600448" lon="9.7249416"/>
      <nd lat="44.3599997" lon="9.7250287"/>
      <nd lat="44.3598674" lon="9.7251883"/>
      <nd lat="44.3597197" lon="9.7253506"/>
      <nd lat="44.3595463" lon="9.7256021"/>
      <nd lat="44.3594043" lon="9.7258374"/>
      <nd lat="44.3592413" lon="9.7260962"/>
      <nd lat="44.3590888" lon="9.7262250"/>
      <nd lat="44.3589210" lon="9.7262987"/>
      <nd lat="44.3588501" lon="9.7263309"/>
      <nd lat="44.3587671" lon="9.7264022"/>
      <nd lat="44.3586928" lon="9.7265267"/>
      <nd lat="44.3585902" lon="9.7267681"/>
      <nd lat="44.3584084" lon="9.7271417"/>
      <nd lat="44.3583558" lon="9.7273493"/>
      <nd lat="44.3583217" lon="9.7274709"/>
      <nd lat="44.3582873" lon="9.7275266"/>
      <nd lat="44.3582287" lon="9.7275688"/>
      <nd lat="44.3581031" lon="9.7276090"/>
      <nd lat="44.3580245" lon="9.7276533"/>
      <nd lat="44.3579804" lon="9.7277230"/>
      <nd lat="44.3579478" lon="9.7278571"/>
      <nd lat="44.3579477" lon="9.7279807"/>
      <nd lat="44.3579469" lon="9.7280958"/>
      <nd lat="44.3579461" lon="9.7281993"/>
      <nd lat="44.3579295" lon="9.7282830"/>
      <nd lat="44.3578979" lon="9.7283480"/>
      <nd lat="44.3578567" lon="9.7283895"/>
      <nd lat="44.3577819" lon="9.7283909"/>
      <nd lat="44.3577091" lon="9.7283033"/>
      <nd lat="44.3576191" lon="9.7281953"/>
      <nd lat="44.3575734" lon="9.7281595"/>
      <nd lat="44.3575202" lon="9.7281548"/>
      <nd lat="44.3573923" lon="9.7281680"/>
      <nd lat="44.3572502" lon="9.7282194"/>
      <nd lat="44.3571231" lon="9.7282742"/>
      <nd lat="44.3570072" lon="9.7284023"/>
      <nd lat="44.3569424" lon="9.7284619"/>
      <nd lat="44.3569083" lon="9.7284807"/>
      <nd lat="44.3568518" lon="9.7284834"/>
      <nd lat="44.3567875" lon="9.7284700"/>
      <nd lat="44.3566581" lon="9.7284338"/>
      <nd lat="44.3565900" lon="9.7284083"/>
      <nd lat="44.3564951" lon="9.7283895"/>
      <nd lat="44.3564221" lon="9.7283815"/>
      <nd lat="44.3563230" lon="9.7284056"/>
      <nd lat="44.3562352" lon="9.7284378"/>
      <nd lat="44.3561575" lon="9.7285236"/>
      <nd lat="44.3561115" lon="9.7285813"/>
      <nd lat="44.3560929" lon="9.7286563"/>
      <nd lat="44.3561149" lon="9.7287665"/>
      <nd lat="44.3561537" lon="9.7288696"/>
      <nd lat="44.3561662" lon="9.7289488"/>
      <nd lat="44.3561623" lon="9.7290520"/>
      <nd lat="44.3561426" lon="9.7292273"/>
      <nd lat="44.3561233" lon="9.7293597"/>
      <nd lat="44.3560962" lon="9.7295198"/>
      <nd lat="44.3560425" lon="9.7296153"/>
      <nd lat="44.3559494" lon="9.7297038"/>
      <nd lat="44.3558267" lon="9.7298111"/>
      <nd lat="44.3557155" lon="9.7298513"/>
      <nd lat="44.3556397" lon="9.7298862"/>
      <nd lat="44.3556090" lon="9.7299439"/>
      <nd lat="44.3556071" lon="9.7300431"/>
      <nd lat="44.3556371" lon="9.7300789"/>
      <nd lat="44.3556848" lon="9.7300901"/>
      <nd lat="44.3557205" lon="9.7300579"/>
      <nd lat="44.3558612" lon="9.7299707"/>
      <nd lat="44.3560942" lon="9.7298464"/>
      <nd lat="44.3562336" lon="9.7298153"/>
      <nd lat="44.3566113" lon="9.7298869"/>
      <nd lat="44.3568286" lon="9.7299867"/>
      <nd lat="44.3569127" lon="9.7300181"/>
      <nd lat="44.3570080" lon="9.7300259"/>
      <nd lat="44.3571509" lon="9.7299492"/>
      <nd lat="44.3573494" lon="9.7298527"/>
      <nd lat="44.3574677" lon="9.7297750"/>
      <nd lat="44.3575574" lon="9.7297515"/>
      <nd lat="44.3576639" lon="9.7297828"/>
      <nd lat="44.3577312" lon="9.7298456"/>
      <nd lat="44.3577817" lon="9.7300102"/>
      <nd lat="44.3577873" lon="9.7301200"/>
      <nd lat="44.3577685" lon="9.7302134"/>
      <nd lat="44.3577426" lon="9.7302832"/>
      <nd lat="44.3576920" lon="9.7303317"/>
      <nd lat="44.3575831" lon="9.7303728"/>
      <nd lat="44.3571872" lon="9.7305798"/>
      <nd lat="44.3569892" lon="9.7306338"/>
      <nd lat="44.3568363" lon="9.7305618"/>
      <nd lat="44.3566959" lon="9.7304747"/>
      <nd lat="44.3566379" lon="9.7304337"/>
      <nd lat="44.3565594" lon="9.7303788"/>
      <nd lat="44.3564641" lon="9.7303866"/>
      <nd lat="44.3563733" lon="9.7304481"/>
      <nd lat="44.3563148" lon="9.7305259"/>
      <nd lat="44.3562515" lon="9.7306506"/>
      <nd lat="44.3561959" lon="9.7307271"/>
      <nd lat="44.3559932" lon="9.7309590"/>
      <nd lat="44.3559259" lon="9.7310296"/>
      <nd lat="44.3558977" lon="9.7310691"/>
      <nd lat="44.3558754" lon="9.7311472"/>
      <nd lat="44.3558756" lon="9.7311965"/>
      <nd lat="44.3558881" lon="9.7312541"/>
      <nd lat="44.3559360" lon="9.7313400"/>
      <nd lat="44.3560166" lon="9.7314365"/>
      <nd lat="44.3560773" lon="9.7315236"/>
      <nd lat="44.3561165" lon="9.7315628"/>
      <nd lat="44.3562174" lon="9.7316412"/>
      <nd lat="44.3563337" lon="9.7316566"/>
      <nd lat="44.3564669" lon="9.7317202"/>
      <nd lat="44.3565353" lon="9.7317700"/>
      <nd lat="44.3565987" lon="9.7318373"/>
      <nd lat="44.3566341" lon="9.7318981"/>
      <nd lat="44.3566548" lon="9.7319627"/>
      <nd lat="44.3566548" lon="9.7320803"/>
      <nd lat="44.3566379" lon="9.7321431"/>
      <nd lat="44.3566120" lon="9.7321835"/>
      <nd lat="44.3565699" lon="9.7322050"/>
      <nd lat="44.3565152" lon="9.7322197"/>
      <nd lat="44.3564302" lon="9.7322067"/>
      <nd lat="44.3564020" lon="9.7321969"/>
      <nd lat="44.3563570" lon="9.7321983"/>
      <nd lat="44.3562966" lon="9.7322211"/>
      <nd lat="44.3562505" lon="9.7322667"/>
      <nd lat="44.3561882" lon="9.7323310"/>
      <nd lat="44.3561336" lon="9.7324464"/>
      <nd lat="44.3560003" lon="9.7329761"/>
      <nd lat="44.3559259" lon="9.7332801"/>
      <nd lat="44.3558866" lon="9.7333921"/>
      <nd lat="44.3558468" lon="9.7334670"/>
      <nd lat="44.3557850" lon="9.7335342"/>
      <nd lat="44.3557128" lon="9.7335702"/>
      <nd lat="44.3555351" lon="9.7336408"/>
      <nd lat="44.3553108" lon="9.7337305"/>
      <nd lat="44.3548526" lon="9.7338561"/>
      <nd lat="44.3547249" lon="9.7338917"/>
      <nd lat="44.3546727" lon="9.7339263"/>
      <nd lat="44.3546716" lon="9.7339270"/>
      <nd lat="44.3546296" lon="9.7339740"/>
    </member>
    <member type="way" ref="345379943" role="">
      <nd lat="44.3560946" lon="9.7181680"/>
      <nd lat="44.3561091" lon="9.7183721"/>
      <nd lat="44.3560999" lon="9.7185524"/>
      <nd lat="44.3560590" lon="9.7187235"/>
      <nd lat="44.3560207" lon="9.7188902"/>
      <nd lat="44.3560193" lon="9.7190635"/>
      <nd lat="44.3560254" lon="9.7192305"/>
      <nd lat="44.3560000" lon="9.7193158"/>
      <nd lat="44.3559760" lon="9.7193422"/>
      <nd lat="44.3559360" lon="9.7193675"/>
      <nd lat="44.3558835" lon="9.7194158"/>
      <nd lat="44.3558531" lon="9.7194536"/>
    </member>
    <member type="way" ref="687040440" role="">
      <nd lat="44.3558531" lon="9.7194536"/>
      <nd lat="44.3558329" lon="9.7195193"/>
      <nd lat="44.3558703" lon="9.7196499"/>
      <nd lat="44.3559183" lon="9.7197152"/>
      <nd lat="44.3559577" lon="9.7197496"/>
    </member>
    <member type="way" ref="453106714" role="">
      <nd lat="44.3636164" lon="9.6962769"/>
      <nd lat="44.3635615" lon="9.6963094"/>
      <nd lat="44.3634916" lon="9.6963358"/>
      <nd lat="44.3634982" lon="9.6964086"/>
      <nd lat="44.3635845" lon="9.6964220"/>
      <nd lat="44.3635913" lon="9.6964860"/>
      <nd lat="44.3635879" lon="9.6965571"/>
      <nd lat="44.3635062" lon="9.6967172"/>
      <nd lat="44.3634710" lon="9.6968598"/>
      <nd lat="44.3634272" lon="9.6969985"/>
      <nd lat="44.3633264" lon="9.6970835"/>
      <nd lat="44.3633279" lon="9.6972094"/>
      <nd lat="44.3633833" lon="9.6974433"/>
      <nd lat="44.3634224" lon="9.6976703"/>
      <nd lat="44.3634547" lon="9.6978875"/>
      <nd lat="44.3634404" lon="9.6981110"/>
      <nd lat="44.3634196" lon="9.6983071"/>
      <nd lat="44.3634472" lon="9.6985095"/>
      <nd lat="44.3634532" lon="9.6986421"/>
      <nd lat="44.3634540" lon="9.6986595"/>
      <nd lat="44.3634244" lon="9.6989028"/>
      <nd lat="44.3633822" lon="9.6991215"/>
      <nd lat="44.3633720" lon="9.6993397"/>
      <nd lat="44.3634033" lon="9.6994752"/>
      <nd lat="44.3633711" lon="9.6995601"/>
      <nd lat="44.3633629" lon="9.6995818"/>
      <nd lat="44.3633508" lon="9.6997523"/>
      <nd lat="44.3634251" lon="9.6998865"/>
      <nd lat="44.3634609" lon="9.7000492"/>
      <nd lat="44.3634643" lon="9.7002536"/>
      <nd lat="44.3634599" lon="9.7004152"/>
      <nd lat="44.3633988" lon="9.7005895"/>
      <nd lat="44.3633749" lon="9.7007325"/>
      <nd lat="44.3633244" lon="9.7008952"/>
      <nd lat="44.3633588" lon="9.7010196"/>
      <nd lat="44.3633575" lon="9.7010309"/>
      <nd lat="44.3633381" lon="9.7011945"/>
      <nd lat="44.3632884" lon="9.7013609"/>
      <nd lat="44.3632216" lon="9.7015087"/>
      <nd lat="44.3632086" lon="9.7016519"/>
      <nd lat="44.3631220" lon="9.7018488"/>
      <nd lat="44.3630537" lon="9.7020764"/>
      <nd lat="44.3630677" lon="9.7022308"/>
      <nd lat="44.3631507" lon="9.7023968"/>
      <nd lat="44.3631512" lon="9.7025607"/>
      <nd lat="44.3631715" lon="9.7029055"/>
      <nd lat="44.3631129" lon="9.7030568"/>
      <nd lat="44.3631640" lon="9.7032539"/>
      <nd lat="44.3631328" lon="9.7034018"/>
      <nd lat="44.3630892" lon="9.7035222"/>
      <nd lat="44.3631120" lon="9.7036914"/>
      <nd lat="44.3632119" lon="9.7037594"/>
      <nd lat="44.3633031" lon="9.7038822"/>
      <nd lat="44.3633220" lon="9.7039168"/>
      <nd lat="44.3633802" lon="9.7040230"/>
      <nd lat="44.3633933" lon="9.7041962"/>
      <nd lat="44.3633630" lon="9.7043122"/>
      <nd lat="44.3633165" lon="9.7044662"/>
      <nd lat="44.3632111" lon="9.7047850"/>
      <nd lat="44.3630557" lon="9.7050189"/>
      <nd lat="44.3629119" lon="9.7053035"/>
      <nd lat="44.3627931" lon="9.7055083"/>
      <nd lat="44.3626847" lon="9.7057065"/>
      <nd lat="44.3626915" lon="9.7058963"/>
      <nd lat="44.3626363" lon="9.7060615"/>
      <nd lat="44.3625623" lon="9.7062314"/>
      <nd lat="44.3624929" lon="9.7063851"/>
      <nd lat="44.3623968" lon="9.7065302"/>
      <nd lat="44.3622923" lon="9.7066285"/>
      <nd lat="44.3622453" lon="9.7068823"/>
      <nd lat="44.3622141" lon="9.7070649"/>
      <nd lat="44.3622119" lon="9.7070775"/>
      <nd lat="44.3621479" lon="9.7072140"/>
      <nd lat="44.3620909" lon="9.7073519"/>
      <nd lat="44.3619891" lon="9.7074636"/>
      <nd lat="44.3618238" lon="9.7075218"/>
      <nd lat="44.3616682" lon="9.7075197"/>
      <nd lat="44.3615686" lon="9.7075784"/>
      <nd lat="44.3614804" lon="9.7077100"/>
      <nd lat="44.3613883" lon="9.7078009"/>
      <nd lat="44.3613064" lon="9.7079248"/>
      <nd lat="44.3613241" lon="9.7080800"/>
      <nd lat="44.3612981" lon="9.7082039"/>
      <nd lat="44.3611798" lon="9.7083379"/>
      <nd lat="44.3610589" lon="9.7084725"/>
      <nd lat="44.3610050" lon="9.7086661"/>
      <nd lat="44.3608990" lon="9.7088412"/>
      <nd lat="44.3607913" lon="9.7089604"/>
      <nd lat="44.3606586" lon="9.7090040"/>
      <nd lat="44.3605302" lon="9.7090775"/>
      <nd lat="44.3603909" lon="9.7091978"/>
      <nd lat="44.3602825" lon="9.7093115"/>
      <nd lat="44.3601468" lon="9.7093909"/>
      <nd lat="44.3600442" lon="9.7094782"/>
      <nd lat="44.3599468" lon="9.7096182"/>
      <nd lat="44.3598744" lon="9.7098085"/>
      <nd lat="44.3598053" lon="9.7099640"/>
      <nd lat="44.3597242" lon="9.7101783"/>
      <nd lat="44.3596541" lon="9.7103349"/>
      <nd lat="44.3595551" lon="9.7104063"/>
      <nd lat="44.3594814" lon="9.7105844"/>
      <nd lat="44.3594201" lon="9.7110866"/>
      <nd lat="44.3593955" lon="9.7113461"/>
      <nd lat="44.3593838" lon="9.7115344"/>
      <nd lat="44.3594035" lon="9.7117700"/>
      <nd lat="44.3593895" lon="9.7119228"/>
      <nd lat="44.3593052" lon="9.7120219"/>
      <nd lat="44.3592092" lon="9.7121100"/>
      <nd lat="44.3591152" lon="9.7122278"/>
      <nd lat="44.3590440" lon="9.7122956"/>
      <nd lat="44.3589532" lon="9.7124470"/>
      <nd lat="44.3588526" lon="9.7125691"/>
      <nd lat="44.3587685" lon="9.7126853"/>
      <nd lat="44.3586911" lon="9.7127991"/>
      <nd lat="44.3586273" lon="9.7129194"/>
      <nd lat="44.3585646" lon="9.7130520"/>
      <nd lat="44.3585111" lon="9.7131909"/>
      <nd lat="44.3584093" lon="9.7133373"/>
      <nd lat="44.3583484" lon="9.7134150"/>
      <nd lat="44.3583070" lon="9.7134484"/>
      <nd lat="44.3582342" lon="9.7134637"/>
      <nd lat="44.3581336" lon="9.7134205"/>
      <nd lat="44.3581012" lon="9.7134858"/>
      <nd lat="44.3580379" lon="9.7135431"/>
      <nd lat="44.3579215" lon="9.7136507"/>
      <nd lat="44.3578199" lon="9.7137519"/>
      <nd lat="44.3576873" lon="9.7138856"/>
      <nd lat="44.3575891" lon="9.7139778"/>
      <nd lat="44.3575198" lon="9.7141032"/>
      <nd lat="44.3574338" lon="9.7142648"/>
      <nd lat="44.3573846" lon="9.7144282"/>
      <nd lat="44.3574053" lon="9.7146198"/>
      <nd lat="44.3574016" lon="9.7147823"/>
      <nd lat="44.3573705" lon="9.7149065"/>
      <nd lat="44.3573313" lon="9.7150139"/>
      <nd lat="44.3573262" lon="9.7151874"/>
      <nd lat="44.3573559" lon="9.7153827"/>
      <nd lat="44.3574055" lon="9.7155532"/>
      <nd lat="44.3573782" lon="9.7157188"/>
      <nd lat="44.3573233" lon="9.7158331"/>
      <nd lat="44.3571471" lon="9.7160164"/>
      <nd lat="44.3570161" lon="9.7161086"/>
      <nd lat="44.3568922" lon="9.7162107"/>
      <nd lat="44.3567205" lon="9.7163187"/>
      <nd lat="44.3566223" lon="9.7163801"/>
      <nd lat="44.3565317" lon="9.7164722"/>
      <nd lat="44.3564235" lon="9.7165918"/>
      <nd lat="44.3563348" lon="9.7166977"/>
      <nd lat="44.3562753" lon="9.7167898"/>
      <nd lat="44.3561369" lon="9.7168574"/>
      <nd lat="44.3560468" lon="9.7169582"/>
      <nd lat="44.3559643" lon="9.7171378"/>
      <nd lat="44.3559249" lon="9.7173174"/>
      <nd lat="44.3559063" lon="9.7174607"/>
      <nd lat="44.3559328" lon="9.7176016"/>
      <nd lat="44.3559793" lon="9.7177610"/>
      <nd lat="44.3560202" lon="9.7179177"/>
      <nd lat="44.3560662" lon="9.7180610"/>
      <nd lat="44.3560946" lon="9.7181680"/>
    </member>
    <member type="way" ref="182550009" role="">
      <nd lat="44.3640683" lon="9.6926522"/>
      <nd lat="44.3641426" lon="9.6928159"/>
      <nd lat="44.3641866" lon="9.6929864"/>
      <nd lat="44.3641892" lon="9.6931987"/>
      <nd lat="44.3641466" lon="9.6934388"/>
      <nd lat="44.3641061" lon="9.6935685"/>
      <nd lat="44.3640500" lon="9.6937732"/>
      <nd lat="44.3640067" lon="9.6940071"/>
      <nd lat="44.3639850" lon="9.6941709"/>
      <nd lat="44.3638881" lon="9.6942346"/>
      <nd lat="44.3638129" lon="9.6941292"/>
      <nd lat="44.3637403" lon="9.6942474"/>
      <nd lat="44.3636524" lon="9.6943668"/>
      <nd lat="44.3635241" lon="9.6944292"/>
      <nd lat="44.3633866" lon="9.6944903"/>
      <nd lat="44.3634518" lon="9.6946153"/>
      <nd lat="44.3634767" lon="9.6947388"/>
      <nd lat="44.3634691" lon="9.6949011"/>
      <nd lat="44.3634259" lon="9.6950432"/>
      <nd lat="44.3634379" lon="9.6952039"/>
      <nd lat="44.3633924" lon="9.6953392"/>
      <nd lat="44.3633833" lon="9.6954601"/>
      <nd lat="44.3633802" lon="9.6956131"/>
      <nd lat="44.3633882" lon="9.6957598"/>
      <nd lat="44.3634708" lon="9.6958498"/>
      <nd lat="44.3635359" lon="9.6959430"/>
      <nd lat="44.3636198" lon="9.6960168"/>
      <nd lat="44.3636225" lon="9.6961209"/>
    </member>
    <member type="way" ref="71630785" role="">
      <nd lat="44.3860878" lon="9.6673104"/>
      <nd lat="44.3860093" lon="9.6674750"/>
      <nd lat="44.3859199" lon="9.6675476"/>
      <nd lat="44.3857656" lon="9.6676397"/>
      <nd lat="44.3853681" lon="9.6680783"/>
      <nd lat="44.3852947" lon="9.6681336"/>
      <nd lat="44.3848374" lon="9.6684783"/>
      <nd lat="44.3845403" lon="9.6687492"/>
      <nd lat="44.3842870" lon="9.6688058"/>
      <nd lat="44.3840030" lon="9.6687781"/>
      <nd lat="44.3838586" lon="9.6687735"/>
      <nd lat="44.3837515" lon="9.6687609"/>
      <nd lat="44.3834790" lon="9.6688615"/>
      <nd lat="44.3832248" lon="9.6691482"/>
    </member>
    <member type="way" ref="453106713" role="">
      <nd lat="44.3636225" lon="9.6961209"/>
      <nd lat="44.3636702" lon="9.6961554"/>
      <nd lat="44.3636995" lon="9.6962023"/>
      <nd lat="44.3636642" lon="9.6962416"/>
      <nd lat="44.3636164" lon="9.6962769"/>
    </member>
    <member type="way" ref="471604300" role="">
      <nd lat="44.3637648" lon="9.6927206"/>
      <nd lat="44.3638405" lon="9.6927736"/>
      <nd lat="44.3638884" lon="9.6927477"/>
      <nd lat="44.3639610" lon="9.6927085"/>
      <nd lat="44.3640683" lon="9.6926522"/>
    </member>
    <member type="way" ref="453107317" role="">
      <nd lat="44.3637004" lon="9.6927463"/>
      <nd lat="44.3636748" lon="9.6927336"/>
      <nd lat="44.3636219" lon="9.6927112"/>
      <nd lat="44.3635943" lon="9.6927054"/>
      <nd lat="44.3635596" lon="9.6926790"/>
      <nd lat="44.3635473" lon="9.6926464"/>
      <nd lat="44.3635166" lon="9.6926183"/>
      <nd lat="44.3634715" lon="9.6926008"/>
      <nd lat="44.3634437" lon="9.6925821"/>
      <nd lat="44.3634177" lon="9.6925234"/>
      <nd lat="44.3634110" lon="9.6924416"/>
      <nd lat="44.3633794" lon="9.6923907"/>
      <nd lat="44.3633573" lon="9.6923625"/>
      <nd lat="44.3633228" lon="9.6923464"/>
      <nd lat="44.3633372" lon="9.6922847"/>
      <nd lat="44.3633603" lon="9.6922065"/>
      <nd lat="44.3633881" lon="9.6921583"/>
      <nd lat="44.3634273" lon="9.6921238"/>
      <nd lat="44.3634562" lon="9.6920765"/>
      <nd lat="44.3634802" lon="9.6920295"/>
      <nd lat="44.3635328" lon="9.6919723"/>
      <nd lat="44.3635740" lon="9.6919562"/>
      <nd lat="44.3636171" lon="9.6919280"/>
      <nd lat="44.3636499" lon="9.6919008"/>
      <nd lat="44.3636783" lon="9.6918843"/>
      <nd lat="44.3637140" lon="9.6918636"/>
      <nd lat="44.3637591" lon="9.6918462"/>
      <nd lat="44.3639877" lon="9.6917848"/>
    </member>
    <member type="way" ref="299436721" role="">
      <nd lat="44.3639877" lon="9.6917848"/>
      <nd lat="44.3640679" lon="9.6917688"/>
      <nd lat="44.3641557" lon="9.6917453"/>
      <nd lat="44.3642294" lon="9.6917216"/>
      <nd lat="44.3642677" lon="9.6916877"/>
      <nd lat="44.3643220" lon="9.6916062"/>
      <nd lat="44.3643831" lon="9.6915355"/>
      <nd lat="44.3644053" lon="9.6914302"/>
      <nd lat="44.3644486" lon="9.6913736"/>
      <nd lat="44.3645367" lon="9.6913872"/>
      <nd lat="44.3646262" lon="9.6914142"/>
      <nd lat="44.3647235" lon="9.6914972"/>
      <nd lat="44.3647641" lon="9.6914573"/>
      <nd lat="44.3647754" lon="9.6914017"/>
      <nd lat="44.3647318" lon="9.6913440"/>
      <nd lat="44.3646636" lon="9.6912395"/>
      <nd lat="44.3646948" lon="9.6911680"/>
      <nd lat="44.3647414" lon="9.6911459"/>
      <nd lat="44.3648179" lon="9.6912186"/>
      <nd lat="44.3648768" lon="9.6912692"/>
      <nd lat="44.3649697" lon="9.6912605"/>
      <nd lat="44.3650551" lon="9.6912331"/>
      <nd lat="44.3650475" lon="9.6911785"/>
      <nd lat="44.3650716" lon="9.6911264"/>
      <nd lat="44.3651067" lon="9.6909979"/>
      <nd lat="44.3651384" lon="9.6908718"/>
      <nd lat="44.3651817" lon="9.6906792"/>
      <nd lat="44.3652099" lon="9.6905003"/>
      <nd lat="44.3651270" lon="9.6904965"/>
      <nd lat="44.3650274" lon="9.6905188"/>
      <nd lat="44.3649005" lon="9.6904954"/>
      <nd lat="44.3647829" lon="9.6902961"/>
      <nd lat="44.3647267" lon="9.6902673"/>
      <nd lat="44.3646867" lon="9.6901679"/>
      <nd lat="44.3647072" lon="9.6900640"/>
      <nd lat="44.3646687" lon="9.6899249"/>
      <nd lat="44.3646118" lon="9.6898840"/>
      <nd lat="44.3645272" lon="9.6897503"/>
      <nd lat="44.3644666" lon="9.6896279"/>
      <nd lat="44.3645153" lon="9.6894582"/>
      <nd lat="44.3645672" lon="9.6893403"/>
      <nd lat="44.3645811" lon="9.6892005"/>
      <nd lat="44.3645717" lon="9.6890934"/>
      <nd lat="44.3645338" lon="9.6890000"/>
      <nd lat="44.3644936" lon="9.6891038"/>
      <nd lat="44.3644375" lon="9.6892215"/>
      <nd lat="44.3643875" lon="9.6891406"/>
      <nd lat="44.3644263" lon="9.6890403"/>
      <nd lat="44.3643608" lon="9.6889477"/>
      <nd lat="44.3643305" lon="9.6888716"/>
      <nd lat="44.3643439" lon="9.6887724"/>
      <nd lat="44.3643688" lon="9.6887026"/>
      <nd lat="44.3644321" lon="9.6886034"/>
      <nd lat="44.3645060" lon="9.6885494"/>
      <nd lat="44.3645463" lon="9.6884582"/>
      <nd lat="44.3645778" lon="9.6883835"/>
      <nd lat="44.3646123" lon="9.6882869"/>
      <nd lat="44.3646709" lon="9.6882570"/>
      <nd lat="44.3647208" lon="9.6881980"/>
      <nd lat="44.3647830" lon="9.6880857"/>
      <nd lat="44.3648597" lon="9.6879107"/>
    </member>
    <member type="way" ref="50543936" role="">
      <nd lat="44.3637648" lon="9.6927206"/>
      <nd lat="44.3637004" lon="9.6927463"/>
    </member>
    <member type="way" ref="229082353" role="">
      <nd lat="44.4000082" lon="9.6629554"/>
      <nd lat="44.3999836" lon="9.6629427"/>
      <nd lat="44.3998727" lon="9.6628987"/>
      <nd lat="44.3995555" lon="9.6627369"/>
      <nd lat="44.3994711" lon="9.6626871"/>
      <nd lat="44.3994379" lon="9.6626845"/>
      <nd lat="44.3994047" lon="9.6626897"/>
      <nd lat="44.3993727" lon="9.6627024"/>
      <nd lat="44.3993425" lon="9.6627224"/>
      <nd lat="44.3993125" lon="9.6627522"/>
      <nd lat="44.3992735" lon="9.6627993"/>
      <nd lat="44.3992435" lon="9.6628409"/>
      <nd lat="44.3992070" lon="9.6629125"/>
      <nd lat="44.3991214" lon="9.6631549"/>
      <nd lat="44.3990949" lon="9.6632328"/>
      <nd lat="44.3990391" lon="9.6633341"/>
    </member>
    <tag k="ascent" v="785"/>
    <tag k="cai_scale" v="E"/>
    <tag k="descent" v="570"/>
    <tag k="description" v="High Way of the Ligurian Mountains - Stage 38"/>
    <tag k="description:de" v="Ligurische Grenzkammstraße"/>
    <tag k="description:it" v="Alta Via dei Monti Liguri - Tappa 38"/>
    <tag k="distance" v="13"/>
    <tag k="duration:backward" v="04:45"/>
    <tag k="duration:forward" v="05:15"/>
    <tag k="from" v="Passo della Cappelletta"/>
    <tag k="name" v="Passo della Cappelletta - Passo Calzavitello"/>
    <tag k="network" v="lwn"/>
    <tag k="note" v="relation mantained by AlfredoSP (CAI-SP)"/>
    <tag k="note:it" v="relazione mantenuta da AlfredoSP (CAI-SP)"/>
    <tag k="note:project_page" v="http://wiki.openstreetmap.org/wiki/Liguria/Sentieri"/>
    <tag k="operator" v="Club Alpino Italiano"/>
    <tag k="osmc:symbol" v="red:red:white_stripe:AV:black"/>
    <tag k="ref" v="AV38"/>
    <tag k="ref:REI" v="GSPA1990"/>
    <tag k="reg_ref" v="GSPA19901PE"/>
    <tag k="route" v="hiking"/>
    <tag k="rwn:name" v="Rete Escursionistica Ligure (REL)"/>
    <tag k="source" v="survey:CAI"/>
    <tag k="survey:date" v="2017-12-31"/>
    <tag k="symbol" v="AV on white red flag"/>
    <tag k="symbol:it" v="AV su segnavia bianco e rosso"/>
    <tag k="to" v="Passo Calzavitello"/>
    <tag k="type" v="route"/>
  </relation>
</old>
<new>
  <relation id="1117864" version="47" timestamp="2026-10-05T14:41:13Z" changeset="190040229" uid="10269073" user="granpasso811">
    <bounds minlat="44.3546296" minlon="9.6626845" maxlat="44.4000082" maxlon="9.7339740"/>
    <member type="way" ref="229082353" role="">
      <nd lat="44.4000082" lon="9.6629554"/>
      <nd lat="44.3999836" lon="9.6629427"/>
      <nd lat="44.3998727" lon="9.6628987"/>
      <nd lat="44.3995555" lon="9.6627369"/>
      <nd lat="44.3994711" lon="9.6626871"/>
      <nd lat="44.3994379" lon="9.6626845"/>
      <nd lat="44.3994047" lon="9.6626897"/>
      <nd lat="44.3993727" lon="9.6627024"/>
      <nd lat="44.3993425" lon="9.6627224"/>
      <nd lat="44.3993125" lon="9.6627522"/>
      <nd lat="44.3992735" lon="9.6627993"/>
      <nd lat="44.3992435" lon="9.6628409"/>
      <nd lat="44.3992070" lon="9.6629125"/>
      <nd lat="44.3991214" lon="9.6631549"/>
      <nd lat="44.3990949" lon="9.6632328"/>
      <nd lat="44.3990391" lon="9.6633341"/>
    </member>
    <member type="way" ref="556424022" role="">
      <nd lat="44.3990391" lon="9.6633341"/>
      <nd lat="44.3984642" lon="9.6634630"/>
      <nd lat="44.3981207" lon="9.6635526"/>
      <nd lat="44.3979673" lon="9.6635281"/>
      <nd lat="44.3977371" lon="9.6636383"/>
      <nd lat="44.3976098" lon="9.6637333"/>
      <nd lat="44.3975515" lon="9.6638243"/>
      <nd lat="44.3974785" lon="9.6638749"/>
      <nd lat="44.3971560" lon="9.6639561"/>
      <nd lat="44.3970628" lon="9.6640240"/>
      <nd lat="44.3968980" lon="9.6640606"/>
      <nd lat="44.3966486" lon="9.6640511"/>
      <nd lat="44.3964640" lon="9.6640154"/>
      <nd lat="44.3963262" lon="9.6639349"/>
      <nd lat="44.3960623" lon="9.6639314"/>
      <nd lat="44.3957454" lon="9.6639872"/>
      <nd lat="44.3956293" lon="9.6640889"/>
    </member>
    <member type="way" ref="523279605" role="">
      <nd lat="44.3956293" lon="9.6640889"/>
      <nd lat="44.3953610" lon="9.6640786"/>
      <nd lat="44.3951961" lon="9.6641357"/>
      <nd lat="44.3950009" lon="9.6641188"/>
      <nd lat="44.3948590" lon="9.6640507"/>
      <nd lat="44.3945250" lon="9.6639492"/>
      <nd lat="44.3944359" lon="9.6637902"/>
      <nd lat="44.3940991" lon="9.6635672"/>
      <nd lat="44.3936859" lon="9.6633740"/>
      <nd lat="44.3934859" lon="9.6632735"/>
      <nd lat="44.3932642" lon="9.6632881"/>
      <nd lat="44.3928803" lon="9.6634062"/>
      <nd lat="44.3926067" lon="9.6634508"/>
      <nd lat="44.3925152" lon="9.6634147"/>
      <nd lat="44.3921389" lon="9.6634846"/>
    </member>
    <member type="way" ref="523279606" role="">
      <nd lat="44.3921389" lon="9.6634846"/>
      <nd lat="44.3920255" lon="9.6635149"/>
    </member>
    <member type="way" ref="229082577" role="">
      <nd lat="44.3920255" lon="9.6635149"/>
      <nd lat="44.3919456" lon="9.6635527"/>
      <nd lat="44.3918664" lon="9.6635585"/>
      <nd lat="44.3917241" lon="9.6636031"/>
      <nd lat="44.3915743" lon="9.6636353"/>
      <nd lat="44.3914223" lon="9.6636171"/>
      <nd lat="44.3912033" lon="9.6635160"/>
      <nd lat="44.3910623" lon="9.6634894"/>
      <nd lat="44.3909590" lon="9.6634875"/>
      <nd lat="44.3907916" lon="9.6635305"/>
      <nd lat="44.3907222" lon="9.6635688"/>
      <nd lat="44.3906857" lon="9.6636234"/>
      <nd lat="44.3905738" lon="9.6638731"/>
      <nd lat="44.3905199" lon="9.6639353"/>
      <nd lat="44.3904631" lon="9.6639702"/>
      <nd lat="44.3903249" lon="9.6640069"/>
      <nd lat="44.3900060" lon="9.6640927"/>
      <nd lat="44.3898518" lon="9.6641695"/>
      <nd lat="44.3897136" lon="9.6643281"/>
      <nd lat="44.3894987" lon="9.6648100"/>
      <nd lat="44.3893313" lon="9.6652514"/>
      <nd lat="44.3892583" lon="9.6653496"/>
      <nd lat="44.3891534" lon="9.6653802"/>
      <nd lat="44.3886737" lon="9.6654147"/>
      <nd lat="44.3885118" lon="9.6654511"/>
      <nd lat="44.3882754" lon="9.6655853"/>
      <nd lat="44.3880756" lon="9.6658039"/>
      <nd lat="44.3878033" lon="9.6660318"/>
      <nd lat="44.3877030" lon="9.6661657"/>
      <nd lat="44.3876314" lon="9.6663405"/>
      <nd lat="44.3874555" lon="9.6667195"/>
      <nd lat="44.3873970" lon="9.6668352"/>
      <nd lat="44.3872836" lon="9.6669910"/>
      <nd lat="44.3871882" lon="9.6671003"/>
      <nd lat="44.3870792" lon="9.6671901"/>
      <nd lat="44.3866512" lon="9.6673941"/>
      <nd lat="44.3864807" lon="9.6674162"/>
      <nd lat="44.3863068" lon="9.6673028"/>
      <nd lat="44.3860878" lon="9.6673104"/>
    </member>
    <member type="way" ref="71630785" role="">
      <nd lat="44.3860878" lon="9.6673104"/>
      <nd lat="44.3860093" lon="9.6674750"/>
      <nd lat="44.3859199" lon="9.6675476"/>
      <nd lat="44.3857656" lon="9.6676397"/>
      <nd lat="44.3853681" lon="9.6680783"/>
      <nd lat="44.3852947" lon="9.6681336"/>
      <nd lat="44.3848374" lon="9.6684783"/>
      <nd lat="44.3845403" lon="9.6687492"/>
      <nd lat="44.3842870" lon="9.6688058"/>
      <nd lat="44.3840030" lon="9.6687781"/>
      <nd lat="44.3838586" lon="9.6687735"/>
      <nd lat="44.3837515" lon="9.6687609"/>
      <nd lat="44.3834790" lon="9.6688615"/>
      <nd lat="44.3832248" lon="9.6691482"/>
    </member>
    <member type="way" ref="48345218" role="">
      <nd lat="44.3832248" lon="9.6691482"/>
      <nd lat="44.3831413" lon="9.6691747"/>
      <nd lat="44.3830705" lon="9.6693252"/>
      <nd lat="44.3829111" lon="9.6693924"/>
      <nd lat="44.3827138" lon="9.6695393"/>
      <nd lat="44.3825001" lon="9.6695888"/>
      <nd lat="44.3823913" lon="9.6696189"/>
      <nd lat="44.3822851" lon="9.6695977"/>
      <nd lat="44.3821142" lon="9.6696069"/>
      <nd lat="44.3817008" lon="9.6695180"/>
      <nd lat="44.3813859" lon="9.6695570"/>
      <nd lat="44.3810760" lon="9.6696685"/>
      <nd lat="44.3807361" lon="9.6698864"/>
      <nd lat="44.3804907" lon="9.6697898"/>
      <nd lat="44.3801073" lon="9.6695860"/>
      <nd lat="44.3795596" lon="9.6694685"/>
      <nd lat="44.3793736" lon="9.6694938"/>
      <nd lat="44.3791561" lon="9.6695234"/>
      <nd lat="44.3788114" lon="9.6697040"/>
      <nd lat="44.3784280" lon="9.6698971"/>
      <nd lat="44.3779381" lon="9.6701586"/>
      <nd lat="44.3776196" lon="9.6703838"/>
      <nd lat="44.3770323" lon="9.6710129"/>
      <nd lat="44.3764725" lon="9.6716459"/>
      <nd lat="44.3761377" lon="9.6722407"/>
      <nd lat="44.3760969" lon="9.6724000"/>
      <nd lat="44.3759935" lon="9.6724699"/>
      <nd lat="44.3757310" lon="9.6726131"/>
      <nd lat="44.3755476" lon="9.6726785"/>
      <nd lat="44.3753205" lon="9.6727687"/>
      <nd lat="44.3749679" lon="9.6727121"/>
      <nd lat="44.3747371" lon="9.6726519"/>
      <nd lat="44.3744839" lon="9.6726585"/>
      <nd lat="44.3741962" lon="9.6725624"/>
      <nd lat="44.3740411" lon="9.6725718"/>
      <nd lat="44.3736882" lon="9.6724156"/>
      <nd lat="44.3734367" lon="9.6722620"/>
      <nd lat="44.3732336" lon="9.6722273"/>
      <nd lat="44.3730638" lon="9.6721984"/>
      <nd lat="44.3728679" lon="9.6722188"/>
      <nd lat="44.3725867" lon="9.6721051"/>
      <nd lat="44.3723538" lon="9.6720270"/>
      <nd lat="44.3720576" lon="9.6717759"/>
      <nd lat="44.3719806" lon="9.6717106"/>
      <nd lat="44.3714926" lon="9.6713591"/>
      <nd lat="44.3714209" lon="9.6713069"/>
      <nd lat="44.3711639" lon="9.6711095"/>
      <nd lat="44.3709813" lon="9.6710870"/>
      <nd lat="44.3706463" lon="9.6712853"/>
      <nd lat="44.3705248" lon="9.6714647"/>
      <nd lat="44.3700758" lon="9.6717734"/>
      <nd lat="44.3695395" lon="9.6718425"/>
      <nd lat="44.3693107" lon="9.6718719"/>
      <nd lat="44.3687967" lon="9.6721894"/>
      <nd lat="44.3684107" lon="9.6724526"/>
      <nd lat="44.3676521" lon="9.6728480"/>
      <nd lat="44.3672450" lon="9.6730816"/>
      <nd lat="44.3668798" lon="9.6731867"/>
      <nd lat="44.3663633" lon="9.6734520"/>
      <nd lat="44.3662104" lon="9.6735322"/>
      <nd lat="44.3660176" lon="9.6737154"/>
      <nd lat="44.3659001" lon="9.6738569"/>
      <nd lat="44.3657753" lon="9.6740705"/>
      <nd lat="44.3656789" lon="9.6742388"/>
      <nd lat="44.3655871" lon="9.6743658"/>
      <nd lat="44.3655137" lon="9.6744435"/>
      <nd lat="44.3654002" lon="9.6745215"/>
      <nd lat="44.3652813" lon="9.6745719"/>
      <nd lat="44.3650897" lon="9.6746198"/>
      <nd lat="44.3648492" lon="9.6746620"/>
      <nd lat="44.3647532" lon="9.6746968"/>
      <nd lat="44.3645648" lon="9.6748266"/>
      <nd lat="44.3643839" lon="9.6749025"/>
      <nd lat="44.3643540" lon="9.6749233"/>
      <nd lat="44.3642271" lon="9.6750115"/>
      <nd lat="44.3640692" lon="9.6751498"/>
      <nd lat="44.3639860" lon="9.6752466"/>
      <nd lat="44.3639304" lon="9.6753565"/>
      <nd lat="44.3637841" lon="9.6758762"/>
      <nd lat="44.3637503" lon="9.6760326"/>
      <nd lat="44.3637372" lon="9.6761349"/>
      <nd lat="44.3637286" lon="9.6763034"/>
      <nd lat="44.3637110" lon="9.6764417"/>
      <nd lat="44.3636805" lon="9.6765760"/>
      <nd lat="44.3636434" lon="9.6767623"/>
      <nd lat="44.3635747" lon="9.6769754"/>
      <nd lat="44.3634388" lon="9.6775942"/>
      <nd lat="44.3633738" lon="9.6779000"/>
      <nd lat="44.3632534" lon="9.6783087"/>
      <nd lat="44.3632430" lon="9.6785037"/>
    </member>
    <member type="way" ref="277761574" role="">
      <nd lat="44.3658672" lon="9.6867674"/>
      <nd lat="44.3658333" lon="9.6867422"/>
      <nd lat="44.3652935" lon="9.6863019"/>
      <nd lat="44.3648705" lon="9.6858896"/>
      <nd lat="44.3646628" lon="9.6858056"/>
      <nd lat="44.3643779" lon="9.6855814"/>
      <nd lat="44.3638837" lon="9.6851893"/>
      <nd lat="44.3635363" lon="9.6847685"/>
      <nd lat="44.3630638" lon="9.6843014"/>
      <nd lat="44.3627662" lon="9.6842328"/>
      <nd lat="44.3626419" lon="9.6841428"/>
      <nd lat="44.3625578" lon="9.6840411"/>
      <nd lat="44.3624967" lon="9.6839870"/>
      <nd lat="44.3624540" lon="9.6839732"/>
      <nd lat="44.3624018" lon="9.6839637"/>
      <nd lat="44.3623636" lon="9.6839505"/>
      <nd lat="44.3623439" lon="9.6838963"/>
      <nd lat="44.3623724" lon="9.6834590"/>
      <nd lat="44.3623746" lon="9.6829228"/>
      <nd lat="44.3623724" lon="9.6823967"/>
      <nd lat="44.3623587" lon="9.6821324"/>
      <nd lat="44.3623560" lon="9.6815800"/>
      <nd lat="44.3623735" lon="9.6813297"/>
      <nd lat="44.3623781" lon="9.6811743"/>
      <nd lat="44.3624580" lon="9.6809487"/>
      <nd lat="44.3624776" lon="9.6808567"/>
      <nd lat="44.3625071" lon="9.6807209"/>
      <nd lat="44.3625522" lon="9.6805889"/>
      <nd lat="44.3626612" lon="9.6804492"/>
      <nd lat="44.3627860" lon="9.6803120"/>
      <nd lat="44.3629221" lon="9.6801870"/>
      <nd lat="44.3629813" lon="9.6800868"/>
      <nd lat="44.3630796" lon="9.6798407"/>
      <nd lat="44.3630947" lon="9.6798030"/>
      <nd lat="44.3631254" lon="9.6795795"/>
      <nd lat="44.3632176" lon="9.6791771"/>
      <nd lat="44.3632284" lon="9.6790570"/>
      <nd lat="44.3632288" lon="9.6789017"/>
      <nd lat="44.3632175" lon="9.6786341"/>
      <nd lat="44.3632430" lon="9.6785037"/>
    </member>
    <member type="way" ref="50543933" role="">
      <nd lat="44.3658672" lon="9.6867674"/>
      <nd lat="44.3657438" lon="9.6869123"/>
      <nd lat="44.3656935" lon="9.6870837"/>
      <nd lat="44.3655544" lon="9.6872980"/>
      <nd lat="44.3654400" lon="9.6874731"/>
      <nd lat="44.3652949" lon="9.6875050"/>
      <nd lat="44.3651709" lon="9.6875351"/>
      <nd lat="44.3650397" lon="9.6876142"/>
      <nd lat="44.3649448" lon="9.6877278"/>
      <nd lat="44.3648597" lon="9.6879107"/>
    </member>
    <member type="way" ref="299436721" role="">
      <nd lat="44.3639877" lon="9.6917848"/>
      <nd lat="44.3640679" lon="9.6917688"/>
      <nd lat="44.3641557" lon="9.6917453"/>
      <nd lat="44.3642294" lon="9.6917216"/>
      <nd lat="44.3642677" lon="9.6916877"/>
      <nd lat="44.3643220" lon="9.6916062"/>
      <nd lat="44.3643831" lon="9.6915355"/>
      <nd lat="44.3644053" lon="9.6914302"/>
      <nd lat="44.3644486" lon="9.6913736"/>
      <nd lat="44.3645367" lon="9.6913872"/>
      <nd lat="44.3646262" lon="9.6914142"/>
      <nd lat="44.3647235" lon="9.6914972"/>
      <nd lat="44.3647641" lon="9.6914573"/>
      <nd lat="44.3647754" lon="9.6914017"/>
      <nd lat="44.3647318" lon="9.6913440"/>
      <nd lat="44.3646636" lon="9.6912395"/>
      <nd lat="44.3646948" lon="9.6911680"/>
      <nd lat="44.3647414" lon="9.6911459"/>
      <nd lat="44.3648179" lon="9.6912186"/>
      <nd lat="44.3648768" lon="9.6912692"/>
      <nd lat="44.3649697" lon="9.6912605"/>
      <nd lat="44.3650551" lon="9.6912331"/>
      <nd lat="44.3650475" lon="9.6911785"/>
      <nd lat="44.3650716" lon="9.6911264"/>
      <nd lat="44.3651067" lon="9.6909979"/>
      <nd lat="44.3651384" lon="9.6908718"/>
      <nd lat="44.3651817" lon="9.6906792"/>
      <nd lat="44.3652099" lon="9.6905003"/>
      <nd lat="44.3651270" lon="9.6904965"/>
      <nd lat="44.3650274" lon="9.6905188"/>
      <nd lat="44.3649005" lon="9.6904954"/>
      <nd lat="44.3647829" lon="9.6902961"/>
      <nd lat="44.3647267" lon="9.6902673"/>
      <nd lat="44.3646867" lon="9.6901679"/>
      <nd lat="44.3647072" lon="9.6900640"/>
      <nd lat="44.3646687" lon="9.6899249"/>
      <nd lat="44.3646118" lon="9.6898840"/>
      <nd lat="44.3645272" lon="9.6897503"/>
      <nd lat="44.3644666" lon="9.6896279"/>
      <nd lat="44.3645153" lon="9.6894582"/>
      <nd lat="44.3645672" lon="9.6893403"/>
      <nd lat="44.3645811" lon="9.6892005"/>
      <nd lat="44.3645717" lon="9.6890934"/>
      <nd lat="44.3645338" lon="9.6890000"/>
      <nd lat="44.3644936" lon="9.6891038"/>
      <nd lat="44.3644375" lon="9.6892215"/>
      <nd lat="44.3643875" lon="9.6891406"/>
      <nd lat="44.3644263" lon="9.6890403"/>
      <nd lat="44.3643608" lon="9.6889477"/>
      <nd lat="44.3643305" lon="9.6888716"/>
      <nd lat="44.3643439" lon="9.6887724"/>
      <nd lat="44.3643688" lon="9.6887026"/>
      <nd lat="44.3644321" lon="9.6886034"/>
      <nd lat="44.3645060" lon="9.6885494"/>
      <nd lat="44.3645463" lon="9.6884582"/>
      <nd lat="44.3645778" lon="9.6883835"/>
      <nd lat="44.3646123" lon="9.6882869"/>
      <nd lat="44.3646709" lon="9.6882570"/>
      <nd lat="44.3647208" lon="9.6881980"/>
      <nd lat="44.3647830" lon="9.6880857"/>
      <nd lat="44.3648597" lon="9.6879107"/>
    </member>
    <member type="way" ref="453107317" role="">
      <nd lat="44.3637004" lon="9.6927463"/>
      <nd lat="44.3636748" lon="9.6927336"/>
      <nd lat="44.3636219" lon="9.6927112"/>
      <nd lat="44.3635943" lon="9.6927054"/>
      <nd lat="44.3635596" lon="9.6926790"/>
      <nd lat="44.3635473" lon="9.6926464"/>
      <nd lat="44.3635166" lon="9.6926183"/>
      <nd lat="44.3634715" lon="9.6926008"/>
      <nd lat="44.3634437" lon="9.6925821"/>
      <nd lat="44.3634177" lon="9.6925234"/>
      <nd lat="44.3634110" lon="9.6924416"/>
      <nd lat="44.3633794" lon="9.6923907"/>
      <nd lat="44.3633573" lon="9.6923625"/>
      <nd lat="44.3633228" lon="9.6923464"/>
      <nd lat="44.3633372" lon="9.6922847"/>
      <nd lat="44.3633603" lon="9.6922065"/>
      <nd lat="44.3633881" lon="9.6921583"/>
      <nd lat="44.3634273" lon="9.6921238"/>
      <nd lat="44.3634562" lon="9.6920765"/>
      <nd lat="44.3634802" lon="9.6920295"/>
      <nd lat="44.3635328" lon="9.6919723"/>
      <nd lat="44.3635740" lon="9.6919562"/>
      <nd lat="44.3636171" lon="9.6919280"/>
      <nd lat="44.3636499" lon="9.6919008"/>
      <nd lat="44.3636783" lon="9.6918843"/>
      <nd lat="44.3637140" lon="9.6918636"/>
      <nd lat="44.3637591" lon="9.6918462"/>
      <nd lat="44.3639877" lon="9.6917848"/>
    </member>
    <member type="way" ref="50543936" role="">
      <nd lat="44.3637648" lon="9.6927206"/>
      <nd lat="44.3637004" lon="9.6927463"/>
    </member>
    <member type="way" ref="471604300" role="">
      <nd lat="44.3637648" lon="9.6927206"/>
      <nd lat="44.3638405" lon="9.6927736"/>
      <nd lat="44.3638884" lon="9.6927477"/>
      <nd lat="44.3639610" lon="9.6927085"/>
      <nd lat="44.3640683" lon="9.6926522"/>
    </member>
    <member type="way" ref="182550009" role="">
      <nd lat="44.3640683" lon="9.6926522"/>
      <nd lat="44.3641426" lon="9.6928159"/>
      <nd lat="44.3641866" lon="9.6929864"/>
      <nd lat="44.3641892" lon="9.6931987"/>
      <nd lat="44.3641466" lon="9.6934388"/>
      <nd lat="44.3641061" lon="9.6935685"/>
      <nd lat="44.3640500" lon="9.6937732"/>
      <nd lat="44.3640067" lon="9.6940071"/>
      <nd lat="44.3639850" lon="9.6941709"/>
      <nd lat="44.3638881" lon="9.6942346"/>
      <nd lat="44.3638129" lon="9.6941292"/>
      <nd lat="44.3637403" lon="9.6942474"/>
      <nd lat="44.3636524" lon="9.6943668"/>
      <nd lat="44.3635241" lon="9.6944292"/>
      <nd lat="44.3633866" lon="9.6944903"/>
      <nd lat="44.3634518" lon="9.6946153"/>
      <nd lat="44.3634767" lon="9.6947388"/>
      <nd lat="44.3634691" lon="9.6949011"/>
      <nd lat="44.3634259" lon="9.6950432"/>
      <nd lat="44.3634379" lon="9.6952039"/>
      <nd lat="44.3633924" lon="9.6953392"/>
      <nd lat="44.3633833" lon="9.6954601"/>
      <nd lat="44.3633802" lon="9.6956131"/>
      <nd lat="44.3633882" lon="9.6957598"/>
      <nd lat="44.3634708" lon="9.6958498"/>
      <nd lat="44.3635359" lon="9.6959430"/>
      <nd lat="44.3636198" lon="9.6960168"/>
      <nd lat="44.3636225" lon="9.6961209"/>
    </member>
    <member type="way" ref="453106713" role="">
      <nd lat="44.3636225" lon="9.6961209"/>
      <nd lat="44.3636702" lon="9.6961554"/>
      <nd lat="44.3636995" lon="9.6962023"/>
      <nd lat="44.3636642" lon="9.6962416"/>
      <nd lat="44.3636164" lon="9.6962769"/>
    </member>
    <member type="way" ref="453106714" role="">
      <nd lat="44.3636164" lon="9.6962769"/>
      <nd lat="44.3635615" lon="9.6963094"/>
      <nd lat="44.3634916" lon="9.6963358"/>
      <nd lat="44.3634982" lon="9.6964086"/>
      <nd lat="44.3635845" lon="9.6964220"/>
      <nd lat="44.3635913" lon="9.6964860"/>
      <nd lat="44.3635879" lon="9.6965571"/>
      <nd lat="44.3635062" lon="9.6967172"/>
      <nd lat="44.3634710" lon="9.6968598"/>
      <nd lat="44.3634272" lon="9.6969985"/>
      <nd lat="44.3633264" lon="9.6970835"/>
      <nd lat="44.3633279" lon="9.6972094"/>
      <nd lat="44.3633833" lon="9.6974433"/>
      <nd lat="44.3634224" lon="9.6976703"/>
      <nd lat="44.3634547" lon="9.6978875"/>
      <nd lat="44.3634404" lon="9.6981110"/>
      <nd lat="44.3634196" lon="9.6983071"/>
      <nd lat="44.3634472" lon="9.6985095"/>
      <nd lat="44.3634532" lon="9.6986421"/>
      <nd lat="44.3634540" lon="9.6986595"/>
      <nd lat="44.3634244" lon="9.6989028"/>
      <nd lat="44.3633822" lon="9.6991215"/>
      <nd lat="44.3633720" lon="9.6993397"/>
      <nd lat="44.3634033" lon="9.6994752"/>
      <nd lat="44.3633711" lon="9.6995601"/>
      <nd lat="44.3633629" lon="9.6995818"/>
      <nd lat="44.3633508" lon="9.6997523"/>
      <nd lat="44.3634251" lon="9.6998865"/>
      <nd lat="44.3634609" lon="9.7000492"/>
      <nd lat="44.3634643" lon="9.7002536"/>
      <nd lat="44.3634599" lon="9.7004152"/>
      <nd lat="44.3633988" lon="9.7005895"/>
      <nd lat="44.3633749" lon="9.7007325"/>
      <nd lat="44.3633244" lon="9.7008952"/>
      <nd lat="44.3633588" lon="9.7010196"/>
      <nd lat="44.3633575" lon="9.7010309"/>
      <nd lat="44.3633381" lon="9.7011945"/>
      <nd lat="44.3632884" lon="9.7013609"/>
      <nd lat="44.3632216" lon="9.7015087"/>
      <nd lat="44.3632086" lon="9.7016519"/>
      <nd lat="44.3631220" lon="9.7018488"/>
      <nd lat="44.3630537" lon="9.7020764"/>
      <nd lat="44.3630677" lon="9.7022308"/>
      <nd lat="44.3631507" lon="9.7023968"/>
      <nd lat="44.3631512" lon="9.7025607"/>
      <nd lat="44.3631715" lon="9.7029055"/>
      <nd lat="44.3631129" lon="9.7030568"/>
      <nd lat="44.3631640" lon="9.7032539"/>
      <nd lat="44.3631328" lon="9.7034018"/>
      <nd lat="44.3630892" lon="9.7035222"/>
      <nd lat="44.3631120" lon="9.7036914"/>
      <nd lat="44.3632119" lon="9.7037594"/>
      <nd lat="44.3633031" lon="9.7038822"/>
      <nd lat="44.3633220" lon="9.7039168"/>
      <nd lat="44.3633802" lon="9.7040230"/>
      <nd lat="44.3633933" lon="9.7041962"/>
      <nd lat="44.3633630" lon="9.7043122"/>
      <nd lat="44.3633165" lon="9.7044662"/>
      <nd lat="44.3632111" lon="9.7047850"/>
      <nd lat="44.3630557" lon="9.7050189"/>
      <nd lat="44.3629119" lon="9.7053035"/>
      <nd lat="44.3627931" lon="9.7055083"/>
      <nd lat="44.3626847" lon="9.7057065"/>
      <nd lat="44.3626915" lon="9.7058963"/>
      <nd lat="44.3626363" lon="9.7060615"/>
      <nd lat="44.3625623" lon="9.7062314"/>
      <nd lat="44.3624929" lon="9.7063851"/>
      <nd lat="44.3623968" lon="9.7065302"/>
      <nd lat="44.3622923" lon="9.7066285"/>
      <nd lat="44.3622453" lon="9.7068823"/>
      <nd lat="44.3622141" lon="9.7070649"/>
      <nd lat="44.3622119" lon="9.7070775"/>
      <nd lat="44.3621479" lon="9.7072140"/>
      <nd lat="44.3620909" lon="9.7073519"/>
      <nd lat="44.3619891" lon="9.7074636"/>
      <nd lat="44.3618238" lon="9.7075218"/>
      <nd lat="44.3616682" lon="9.7075197"/>
      <nd lat="44.3615686" lon="9.7075784"/>
      <nd lat="44.3614804" lon="9.7077100"/>
      <nd lat="44.3613883" lon="9.7078009"/>
      <nd lat="44.3613064" lon="9.7079248"/>
      <nd lat="44.3613241" lon="9.7080800"/>
      <nd lat="44.3612981" lon="9.7082039"/>
      <nd lat="44.3611798" lon="9.7083379"/>
      <nd lat="44.3610589" lon="9.7084725"/>
      <nd lat="44.3610050" lon="9.7086661"/>
      <nd lat="44.3608990" lon="9.7088412"/>
      <nd lat="44.3607913" lon="9.7089604"/>
      <nd lat="44.3606586" lon="9.7090040"/>
      <nd lat="44.3605302" lon="9.7090775"/>
      <nd lat="44.3603909" lon="9.7091978"/>
      <nd lat="44.3602825" lon="9.7093115"/>
      <nd lat="44.3601468" lon="9.7093909"/>
      <nd lat="44.3600442" lon="9.7094782"/>
      <nd lat="44.3599468" lon="9.7096182"/>
      <nd lat="44.3598744" lon="9.7098085"/>
      <nd lat="44.3598053" lon="9.7099640"/>
      <nd lat="44.3597242" lon="9.7101783"/>
      <nd lat="44.3596541" lon="9.7103349"/>
      <nd lat="44.3595551" lon="9.7104063"/>
      <nd lat="44.3594814" lon="9.7105844"/>
      <nd lat="44.3594201" lon="9.7110866"/>
      <nd lat="44.3593955" lon="9.7113461"/>
      <nd lat="44.3593838" lon="9.7115344"/>
      <nd lat="44.3594035" lon="9.7117700"/>
      <nd lat="44.3593895" lon="9.7119228"/>
      <nd lat="44.3593052" lon="9.7120219"/>
      <nd lat="44.3592092" lon="9.7121100"/>
      <nd lat="44.3591152" lon="9.7122278"/>
      <nd lat="44.3590440" lon="9.7122956"/>
      <nd lat="44.3589532" lon="9.7124470"/>
      <nd lat="44.3588526" lon="9.7125691"/>
      <nd lat="44.3587685" lon="9.7126853"/>
      <nd lat="44.3586911" lon="9.7127991"/>
      <nd lat="44.3586273" lon="9.7129194"/>
      <nd lat="44.3585646" lon="9.7130520"/>
      <nd lat="44.3585111" lon="9.7131909"/>
      <nd lat="44.3584093" lon="9.7133373"/>
      <nd lat="44.3583484" lon="9.7134150"/>
      <nd lat="44.3583070" lon="9.7134484"/>
      <nd lat="44.3582342" lon="9.7134637"/>
      <nd lat="44.3581336" lon="9.7134205"/>
      <nd lat="44.3581012" lon="9.7134858"/>
      <nd lat="44.3580379" lon="9.7135431"/>
      <nd lat="44.3579215" lon="9.7136507"/>
      <nd lat="44.3578199" lon="9.7137519"/>
      <nd lat="44.3576873" lon="9.7138856"/>
      <nd lat="44.3575891" lon="9.7139778"/>
      <nd lat="44.3575198" lon="9.7141032"/>
      <nd lat="44.3574338" lon="9.7142648"/>
      <nd lat="44.3573846" lon="9.7144282"/>
      <nd lat="44.3574053" lon="9.7146198"/>
      <nd lat="44.3574016" lon="9.7147823"/>
      <nd lat="44.3573705" lon="9.7149065"/>
      <nd lat="44.3573313" lon="9.7150139"/>
      <nd lat="44.3573262" lon="9.7151874"/>
      <nd lat="44.3573559" lon="9.7153827"/>
      <nd lat="44.3574055" lon="9.7155532"/>
      <nd lat="44.3573782" lon="9.7157188"/>
      <nd lat="44.3573233" lon="9.7158331"/>
      <nd lat="44.3571471" lon="9.7160164"/>
      <nd lat="44.3570161" lon="9.7161086"/>
      <nd lat="44.3568922" lon="9.7162107"/>
      <nd lat="44.3567205" lon="9.7163187"/>
      <nd lat="44.3566223" lon="9.7163801"/>
      <nd lat="44.3565317" lon="9.7164722"/>
      <nd lat="44.3564235" lon="9.7165918"/>
      <nd lat="44.3563348" lon="9.7166977"/>
      <nd lat="44.3562753" lon="9.7167898"/>
      <nd lat="44.3561369" lon="9.7168574"/>
      <nd lat="44.3560468" lon="9.7169582"/>
      <nd lat="44.3559643" lon="9.7171378"/>
      <nd lat="44.3559249" lon="9.7173174"/>
      <nd lat="44.3559063" lon="9.7174607"/>
      <nd lat="44.3559328" lon="9.7176016"/>
      <nd lat="44.3559793" lon="9.7177610"/>
      <nd lat="44.3560202" lon="9.7179177"/>
      <nd lat="44.3560662" lon="9.7180610"/>
      <nd lat="44.3560946" lon="9.7181680"/>
    </member>
    <member type="way" ref="345379943" role="">
      <nd lat="44.3560946" lon="9.7181680"/>
      <nd lat="44.3561091" lon="9.7183721"/>
      <nd lat="44.3560999" lon="9.7185524"/>
      <nd lat="44.3560590" lon="9.7187235"/>
      <nd lat="44.3560207" lon="9.7188902"/>
      <nd lat="44.3560193" lon="9.7190635"/>
      <nd lat="44.3560254" lon="9.7192305"/>
      <nd lat="44.3560000" lon="9.7193158"/>
      <nd lat="44.3559760" lon="9.7193422"/>
      <nd lat="44.3559360" lon="9.7193675"/>
      <nd lat="44.3558835" lon="9.7194158"/>
      <nd lat="44.3558531" lon="9.7194536"/>
    </member>
    <member type="way" ref="687040440" role="">
      <nd lat="44.3558531" lon="9.7194536"/>
      <nd lat="44.3558329" lon="9.7195193"/>
      <nd lat="44.3558703" lon="9.7196499"/>
      <nd lat="44.3559183" lon="9.7197152"/>
      <nd lat="44.3559577" lon="9.7197496"/>
    </member>
    <member type="way" ref="44360642" role="">
      <nd lat="44.3559577" lon="9.7197496"/>
      <nd lat="44.3559741" lon="9.7197589"/>
      <nd lat="44.3560130" lon="9.7197654"/>
      <nd lat="44.3560441" lon="9.7197512"/>
      <nd lat="44.3560986" lon="9.7197123"/>
      <nd lat="44.3561911" lon="9.7196424"/>
      <nd lat="44.3562350" lon="9.7196097"/>
      <nd lat="44.3563058" lon="9.7195898"/>
      <nd lat="44.3564020" lon="9.7196008"/>
      <nd lat="44.3565468" lon="9.7196330"/>
      <nd lat="44.3565769" lon="9.7196382"/>
      <nd lat="44.3566183" lon="9.7196453"/>
      <nd lat="44.3566643" lon="9.7196900"/>
      <nd lat="44.3567005" lon="9.7197093"/>
      <nd lat="44.3567647" lon="9.7197469"/>
      <nd lat="44.3567911" lon="9.7197656"/>
      <nd lat="44.3568191" lon="9.7197783"/>
      <nd lat="44.3568590" lon="9.7198020"/>
      <nd lat="44.3568920" lon="9.7198078"/>
      <nd lat="44.3569608" lon="9.7198045"/>
      <nd lat="44.3570436" lon="9.7197970"/>
      <nd lat="44.3571285" lon="9.7197977"/>
      <nd lat="44.3571696" lon="9.7198154"/>
      <nd lat="44.3572187" lon="9.7198633"/>
      <nd lat="44.3572817" lon="9.7199427"/>
      <nd lat="44.3573360" lon="9.7200716"/>
      <nd lat="44.3573710" lon="9.7201728"/>
      <nd lat="44.3574049" lon="9.7202521"/>
      <nd lat="44.3574611" lon="9.7203537"/>
      <nd lat="44.3575605" lon="9.7204857"/>
      <nd lat="44.3576194" lon="9.7205557"/>
      <nd lat="44.3576740" lon="9.7205951"/>
      <nd lat="44.3578093" lon="9.7206629"/>
      <nd lat="44.3578889" lon="9.7207247"/>
      <nd lat="44.3579182" lon="9.7207474"/>
      <nd lat="44.3579827" lon="9.7208466"/>
      <nd lat="44.3580261" lon="9.7209293"/>
      <nd lat="44.3580473" lon="9.7209698"/>
      <nd lat="44.3580803" lon="9.7211094"/>
      <nd lat="44.3581118" lon="9.7213378"/>
      <nd lat="44.3581273" lon="9.7216351"/>
      <nd lat="44.3581588" lon="9.7218482"/>
      <nd lat="44.3584533" lon="9.7223117"/>
      <nd lat="44.3585176" lon="9.7223660"/>
      <nd lat="44.3585810" lon="9.7224969"/>
      <nd lat="44.3586089" lon="9.7226396"/>
      <nd lat="44.3586512" lon="9.7227273"/>
      <nd lat="44.3587906" lon="9.7228523"/>
      <nd lat="44.3588640" lon="9.7229286"/>
      <nd lat="44.3589052" lon="9.7229963"/>
      <nd lat="44.3589268" lon="9.7231217"/>
      <nd lat="44.3589274" lon="9.7231615"/>
      <nd lat="44.3589076" lon="9.7232773"/>
      <nd lat="44.3588674" lon="9.7233980"/>
      <nd lat="44.3587149" lon="9.7237487"/>
      <nd lat="44.3586270" lon="9.7239594"/>
      <nd lat="44.3586085" lon="9.7240148"/>
      <nd lat="44.3586050" lon="9.7240849"/>
      <nd lat="44.3586161" lon="9.7241510"/>
      <nd lat="44.3586358" lon="9.7242087"/>
      <nd lat="44.3586830" lon="9.7242777"/>
      <nd lat="44.3587734" lon="9.7243736"/>
      <nd lat="44.3588740" lon="9.7244822"/>
      <nd lat="44.3589330" lon="9.7245688"/>
      <nd lat="44.3590064" lon="9.7247176"/>
    </member>
    <member type="way" ref="71621835" role="">
      <nd lat="44.3590064" lon="9.7247176"/>
      <nd lat="44.3590783" lon="9.7246733"/>
      <nd lat="44.3591407" lon="9.7246143"/>
      <nd lat="44.3592471" lon="9.7245336"/>
      <nd lat="44.3593827" lon="9.7244342"/>
      <nd lat="44.3594570" lon="9.7243863"/>
      <nd lat="44.3595123" lon="9.7243853"/>
      <nd lat="44.3596436" lon="9.7244072"/>
      <nd lat="44.3598205" lon="9.7244224"/>
      <nd lat="44.3599365" lon="9.7244548"/>
      <nd lat="44.3600131" lon="9.7245567"/>
    </member>
    <member type="way" ref="136126349" role="">
      <nd lat="44.3600131" lon="9.7245567"/>
      <nd lat="44.3600477" lon="9.7246586"/>
      <nd lat="44.3600688" lon="9.7248262"/>
      <nd lat="44.3600448" lon="9.7249416"/>
    </member>
    <member type="way" ref="136126350" role="">
      <nd lat="44.3600448" lon="9.7249416"/>
      <nd lat="44.3599997" lon="9.7250287"/>
      <nd lat="44.3598674" lon="9.7251883"/>
      <nd lat="44.3597197" lon="9.7253506"/>
      <nd lat="44.3595463" lon="9.7256021"/>
      <nd lat="44.3594043" lon="9.7258374"/>
      <nd lat="44.3592413" lon="9.7260962"/>
      <nd lat="44.3590888" lon="9.7262250"/>
      <nd lat="44.3589210" lon="9.7262987"/>
      <nd lat="44.3588501" lon="9.7263309"/>
      <nd lat="44.3587671" lon="9.7264022"/>
      <nd lat="44.3586928" lon="9.7265267"/>
      <nd lat="44.3585902" lon="9.7267681"/>
      <nd lat="44.3584084" lon="9.7271417"/>
      <nd lat="44.3583558" lon="9.7273493"/>
      <nd lat="44.3583217" lon="9.7274709"/>
      <nd lat="44.3582873" lon="9.7275266"/>
      <nd lat="44.3582287" lon="9.7275688"/>
      <nd lat="44.3581031" lon="9.7276090"/>
      <nd lat="44.3580245" lon="9.7276533"/>
      <nd lat="44.3579804" lon="9.7277230"/>
      <nd lat="44.3579478" lon="9.7278571"/>
      <nd lat="44.3579477" lon="9.7279807"/>
      <nd lat="44.3579469" lon="9.7280958"/>
      <nd lat="44.3579461" lon="9.7281993"/>
      <nd lat="44.3579295" lon="9.7282830"/>
      <nd lat="44.3578979" lon="9.7283480"/>
      <nd lat="44.3578567" lon="9.7283895"/>
      <nd lat="44.3577819" lon="9.7283909"/>
      <nd lat="44.3577091" lon="9.7283033"/>
      <nd lat="44.3576191" lon="9.7281953"/>
      <nd lat="44.3575734" lon="9.7281595"/>
      <nd lat="44.3575202" lon="9.7281548"/>
      <nd lat="44.3573923" lon="9.7281680"/>
      <nd lat="44.3572502" lon="9.7282194"/>
      <nd lat="44.3571231" lon="9.7282742"/>
      <nd lat="44.3570072" lon="9.7284023"/>
      <nd lat="44.3569424" lon="9.7284619"/>
      <nd lat="44.3569083" lon="9.7284807"/>
      <nd lat="44.3568518" lon="9.7284834"/>
      <nd lat="44.3567875" lon="9.7284700"/>
      <nd lat="44.3566581" lon="9.7284338"/>
      <nd lat="44.3565900" lon="9.7284083"/>
      <nd lat="44.3564951" lon="9.7283895"/>
      <nd lat="44.3564221" lon="9.7283815"/>
      <nd lat="44.3563230" lon="9.7284056"/>
      <nd lat="44.3562352" lon="9.7284378"/>
      <nd lat="44.3561575" lon="9.7285236"/>
      <nd lat="44.3561115" lon="9.7285813"/>
      <nd lat="44.3560929" lon="9.7286563"/>
      <nd lat="44.3561149" lon="9.7287665"/>
      <nd lat="44.3561537" lon="9.7288696"/>
      <nd lat="44.3561662" lon="9.7289488"/>
      <nd lat="44.3561623" lon="9.7290520"/>
      <nd lat="44.3561426" lon="9.7292273"/>
      <nd lat="44.3561233" lon="9.7293597"/>
      <nd lat="44.3560962" lon="9.7295198"/>
      <nd lat="44.3560425" lon="9.7296153"/>
      <nd lat="44.3559494" lon="9.7297038"/>
      <nd lat="44.3558267" lon="9.7298111"/>
      <nd lat="44.3557155" lon="9.7298513"/>
      <nd lat="44.3556397" lon="9.7298862"/>
      <nd lat="44.3556090" lon="9.7299439"/>
      <nd lat="44.3556071" lon="9.7300431"/>
      <nd lat="44.3556371" lon="9.7300789"/>
      <nd lat="44.3556848" lon="9.7300901"/>
      <nd lat="44.3557205" lon="9.7300579"/>
      <nd lat="44.3558612" lon="9.7299707"/>
      <nd lat="44.3560942" lon="9.7298464"/>
      <nd lat="44.3562336" lon="9.7298153"/>
      <nd lat="44.3566113" lon="9.7298869"/>
      <nd lat="44.3568286" lon="9.7299867"/>
      <nd lat="44.3569127" lon="9.7300181"/>
      <nd lat="44.3570080" lon="9.7300259"/>
      <nd lat="44.3571509" lon="9.7299492"/>
      <nd lat="44.3573494" lon="9.7298527"/>
      <nd lat="44.3574677" lon="9.7297750"/>
      <nd lat="44.3575574" lon="9.7297515"/>
      <nd lat="44.3576639" lon="9.7297828"/>
      <nd lat="44.3577312" lon="9.7298456"/>
      <nd lat="44.3577817" lon="9.7300102"/>
      <nd lat="44.3577873" lon="9.7301200"/>
      <nd lat="44.3577685" lon="9.7302134"/>
      <nd lat="44.3577426" lon="9.7302832"/>
      <nd lat="44.3576920" lon="9.7303317"/>
      <nd lat="44.3575831" lon="9.7303728"/>
      <nd lat="44.3571872" lon="9.7305798"/>
      <nd lat="44.3569892" lon="9.7306338"/>
      <nd lat="44.3568363" lon="9.7305618"/>
      <nd lat="44.3566959" lon="9.7304747"/>
      <nd lat="44.3566379" lon="9.7304337"/>
      <nd lat="44.3565594" lon="9.7303788"/>
      <nd lat="44.3564641" lon="9.7303866"/>
      <nd lat="44.3563733" lon="9.7304481"/>
      <nd lat="44.3563148" lon="9.7305259"/>
      <nd lat="44.3562515" lon="9.7306506"/>
      <nd lat="44.3561959" lon="9.7307271"/>
      <nd lat="44.3559932" lon="9.7309590"/>
      <nd lat="44.3559259" lon="9.7310296"/>
      <nd lat="44.3558977" lon="9.7310691"/>
      <nd lat="44.3558754" lon="9.7311472"/>
      <nd lat="44.3558756" lon="9.7311965"/>
      <nd lat="44.3558881" lon="9.7312541"/>
      <nd lat="44.3559360" lon="9.7313400"/>
      <nd lat="44.3560166" lon="9.7314365"/>
      <nd lat="44.3560773" lon="9.7315236"/>
      <nd lat="44.3561165" lon="9.7315628"/>
      <nd lat="44.3562174" lon="9.7316412"/>
      <nd lat="44.3563337" lon="9.7316566"/>
      <nd lat="44.3564669" lon="9.7317202"/>
      <nd lat="44.3565353" lon="9.7317700"/>
      <nd lat="44.3565987" lon="9.7318373"/>
      <nd lat="44.3566341" lon="9.7318981"/>
      <nd lat="44.3566548" lon="9.7319627"/>
      <nd lat="44.3566548" lon="9.7320803"/>
      <nd lat="44.3566379" lon="9.7321431"/>
      <nd lat="44.3566120" lon="9.7321835"/>
      <nd lat="44.3565699" lon="9.7322050"/>
      <nd lat="44.3565152" lon="9.7322197"/>
      <nd lat="44.3564302" lon="9.7322067"/>
      <nd lat="44.3564020" lon="9.7321969"/>
      <nd lat="44.3563570" lon="9.7321983"/>
      <nd lat="44.3562966" lon="9.7322211"/>
      <nd lat="44.3562505" lon="9.7322667"/>
      <nd lat="44.3561882" lon="9.7323310"/>
      <nd lat="44.3561336" lon="9.7324464"/>
      <nd lat="44.3560003" lon="9.7329761"/>
      <nd lat="44.3559259" lon="9.7332801"/>
      <nd lat="44.3558866" lon="9.7333921"/>
      <nd lat="44.3558468" lon="9.7334670"/>
      <nd lat="44.3557850" lon="9.7335342"/>
      <nd lat="44.3557128" lon="9.7335702"/>
      <nd lat="44.3555351" lon="9.7336408"/>
      <nd lat="44.3553108" lon="9.7337305"/>
      <nd lat="44.3548526" lon="9.7338561"/>
      <nd lat="44.3547249" lon="9.7338917"/>
      <nd lat="44.3546727" lon="9.7339263"/>
      <nd lat="44.3546716" lon="9.7339270"/>
      <nd lat="44.3546296" lon="9.7339740"/>
    </member>
    <tag k="ascent" v="785"/>
    <tag k="cai_scale" v="E"/>
    <tag k="descent" v="570"/>
    <tag k="description" v="High Way of the Ligurian Mountains - Stage 38"/>
    <tag k="description:de" v="Ligurische Grenzkammstraße"/>
    <tag k="description:it" v="Alta Via dei Monti Liguri - Tappa 38"/>
    <tag k="distance" v="13"/>
    <tag k="duration:backward" v="04:45"/>
    <tag k="duration:forward" v="05:15"/>
    <tag k="from" v="Passo della Cappelletta"/>
    <tag k="name" v="Passo della Cappelletta - Passo Calzavitello"/>
    <tag k="network" v="lwn"/>
    <tag k="note" v="relation mantained by AlfredoSP (CAI-SP)"/>
    <tag k="note:it" v="relazione mantenuta da AlfredoSP (CAI-SP)"/>
    <tag k="note:project_page" v="http://wiki.openstreetmap.org/wiki/Liguria/Sentieri"/>
    <tag k="operator" v="Club Alpino Italiano"/>
    <tag k="osmc:symbol" v="red:red:white_stripe:AV:black"/>
    <tag k="ref" v="AV38"/>
    <tag k="ref:REI" v="GSPA1990"/>
    <tag k="reg_ref" v="GSPA19901PE"/>
    <tag k="route" v="hiking"/>
    <tag k="rwn:name" v="Rete Escursionistica Ligure (REL)"/>
    <tag k="source" v="survey:CAI"/>
    <tag k="survey:date" v="2017-12-31"/>
    <tag k="symbol" v="AV on white red flag"/>
    <tag k="symbol:it" v="AV su segnavia bianco e rosso"/>
    <tag k="to" v="Passo Calzavitello"/>
    <tag k="type" v="route"/>
  </relation>
</new>
</action>
<action type="modify">
<old>
  <relation id="1117896" version="31" timestamp="2025-12-05T18:14:27Z" changeset="175559258" uid="3215770" user="Andrea Del Sarto">
    <bounds minlat="44.2786969" minlon="9.7334322" maxlat="44.3288503" maxlon="9.8092260"/>
    <member type="way" ref="71630671" role="">
      <nd lat="44.3273167" lon="9.7374856"/>
      <nd lat="44.3274032" lon="9.7371919"/>
      <nd lat="44.3276025" lon="9.7367050"/>
      <nd lat="44.3276875" lon="9.7365126"/>
      <nd lat="44.3278630" lon="9.7361782"/>
      <nd lat="44.3280346" lon="9.7359276"/>
      <nd lat="44.3281906" lon="9.7357047"/>
      <nd lat="44.3283247" lon="9.7355553"/>
      <nd lat="44.3284115" lon="9.7354311"/>
      <nd lat="44.3285163" lon="9.7352451"/>
      <nd lat="44.3287122" lon="9.7348130"/>
      <nd lat="44.3288034" lon="9.7345946"/>
      <nd lat="44.3288427" lon="9.7344405"/>
      <nd lat="44.3288503" lon="9.7342974"/>
      <nd lat="44.3288426" lon="9.7342073"/>
      <nd lat="44.3288194" lon="9.7340819"/>
      <nd lat="44.3287831" lon="9.7339149"/>
      <nd lat="44.3287294" lon="9.7337312"/>
      <nd lat="44.3286987" lon="9.7334322"/>
    </member>
    <member type="way" ref="810890447" role="">
      <nd lat="44.3270260" lon="9.7394986"/>
      <nd lat="44.3270441" lon="9.7393807"/>
      <nd lat="44.3271088" lon="9.7391510"/>
      <nd lat="44.3272417" lon="9.7387795"/>
      <nd lat="44.3272724" lon="9.7385714"/>
      <nd lat="44.3273071" lon="9.7383457"/>
      <nd lat="44.3273038" lon="9.7380737"/>
      <nd lat="44.3272907" lon="9.7378037"/>
      <nd lat="44.3272963" lon="9.7376305"/>
      <nd lat="44.3273167" lon="9.7374856"/>
    </member>
    <member type="way" ref="810890450" role="">
      <nd lat="44.3270260" lon="9.7394986"/>
      <nd lat="44.3270182" lon="9.7396937"/>
      <nd lat="44.3270672" lon="9.7399055"/>
      <nd lat="44.3271113" lon="9.7402957"/>
      <nd lat="44.3271281" lon="9.7407344"/>
      <nd lat="44.3271191" lon="9.7411342"/>
      <nd lat="44.3270856" lon="9.7413967"/>
      <nd lat="44.3269652" lon="9.7417038"/>
      <nd lat="44.3268755" lon="9.7418686"/>
      <nd lat="44.3268437" lon="9.7420185"/>
      <nd lat="44.3268088" lon="9.7422847"/>
      <nd lat="44.3267450" lon="9.7425599"/>
      <nd lat="44.3267020" lon="9.7428264"/>
    </member>
    <member type="way" ref="810890449" role="">
      <nd lat="44.3267020" lon="9.7428264"/>
      <nd lat="44.3266736" lon="9.7429898"/>
    </member>
    <member type="way" ref="853862045" role="">
      <nd lat="44.3266736" lon="9.7429898"/>
      <nd lat="44.3266399" lon="9.7432791"/>
      <nd lat="44.3266554" lon="9.7436260"/>
      <nd lat="44.3266582" lon="9.7437750"/>
      <nd lat="44.3266099" lon="9.7439284"/>
      <nd lat="44.3265291" lon="9.7440958"/>
      <nd lat="44.3264357" lon="9.7442423"/>
      <nd lat="44.3264013" lon="9.7443357"/>
      <nd lat="44.3263460" lon="9.7444842"/>
      <nd lat="44.3263292" lon="9.7446623"/>
    </member>
    <member type="way" ref="226141303" role="">
      <nd lat="44.3263292" lon="9.7446623"/>
      <nd lat="44.3263273" lon="9.7447504"/>
      <nd lat="44.3263411" lon="9.7448565"/>
      <nd lat="44.3264078" lon="9.7450763"/>
      <nd lat="44.3264408" lon="9.7451876"/>
      <nd lat="44.3264423" lon="9.7452895"/>
      <nd lat="44.3264284" lon="9.7454083"/>
      <nd lat="44.3263689" lon="9.7455563"/>
      <nd lat="44.3262983" lon="9.7456123"/>
      <nd lat="44.3262306" lon="9.7456072"/>
      <nd lat="44.3260883" lon="9.7454599"/>
      <nd lat="44.3259343" lon="9.7452991"/>
    </member>
    <member type="way" ref="810890451" role="">
      <nd lat="44.3259343" lon="9.7452991"/>
      <nd lat="44.3258389" lon="9.7452602"/>
      <nd lat="44.3257371" lon="9.7452596"/>
      <nd lat="44.3256374" lon="9.7453337"/>
      <nd lat="44.3254950" lon="9.7454842"/>
      <nd lat="44.3254309" lon="9.7455934"/>
      <nd lat="44.3253400" lon="9.7456717"/>
      <nd lat="44.3252189" lon="9.7457920"/>
      <nd lat="44.3251788" lon="9.7458568"/>
      <nd lat="44.3251289" lon="9.7459869"/>
      <nd lat="44.3251137" lon="9.7461088"/>
      <nd lat="44.3250233" lon="9.7462914"/>
      <nd lat="44.3249203" lon="9.7464492"/>
      <nd lat="44.3248365" lon="9.7466143"/>
      <nd lat="44.3247442" lon="9.7468183"/>
      <nd lat="44.3246175" lon="9.7470474"/>
      <nd lat="44.3245240" lon="9.7473580"/>
      <nd lat="44.3245170" lon="9.7475818"/>
      <nd lat="44.3245034" lon="9.7477357"/>
      <nd lat="44.3244584" lon="9.7478655"/>
      <nd lat="44.3243547" lon="9.7481165"/>
      <nd lat="44.3243451" lon="9.7482943"/>
      <nd lat="44.3243659" lon="9.7485179"/>
      <nd lat="44.3243767" lon="9.7486731"/>
      <nd lat="44.3243467" lon="9.7488376"/>
      <nd lat="44.3242990" lon="9.7489386"/>
      <nd lat="44.3242165" lon="9.7490157"/>
      <nd lat="44.3241161" lon="9.7490696"/>
      <nd lat="44.3240160" lon="9.7490634"/>
      <nd lat="44.3239058" lon="9.7490197"/>
    </member>
    <member type="way" ref="810890452" role="">
      <nd lat="44.3239058" lon="9.7490197"/>
      <nd lat="44.3238347" lon="9.7490057"/>
      <nd lat="44.3237215" lon="9.7490363"/>
      <nd lat="44.3236159" lon="9.7491385"/>
      <nd lat="44.3235308" lon="9.7492653"/>
      <nd lat="44.3234950" lon="9.7494107"/>
      <nd lat="44.3234998" lon="9.7495931"/>
      <nd lat="44.3235225" lon="9.7497193"/>
      <nd lat="44.3236243" lon="9.7501821"/>
      <nd lat="44.3236234" lon="9.7503683"/>
      <nd lat="44.3235890" lon="9.7505521"/>
      <nd lat="44.3235385" lon="9.7507848"/>
      <nd lat="44.3234974" lon="9.7509762"/>
      <nd lat="44.3235200" lon="9.7511501"/>
      <nd lat="44.3235128" lon="9.7512719"/>
      <nd lat="44.3234898" lon="9.7514132"/>
      <nd lat="44.3234218" lon="9.7515888"/>
    </member>
    <member type="way" ref="810890453" role="">
      <nd lat="44.3234218" lon="9.7515888"/>
      <nd lat="44.3233092" lon="9.7517600"/>
      <nd lat="44.3232429" lon="9.7519314"/>
      <nd lat="44.3232302" lon="9.7520460"/>
      <nd lat="44.3232519" lon="9.7522027"/>
      <nd lat="44.3233783" lon="9.7525991"/>
      <nd lat="44.3234752" lon="9.7530146"/>
      <nd lat="44.3236159" lon="9.7533603"/>
      <nd lat="44.3236636" lon="9.7535209"/>
      <nd lat="44.3236870" lon="9.7537630"/>
      <nd lat="44.3236693" lon="9.7540343"/>
      <nd lat="44.3236083" lon="9.7542793"/>
      <nd lat="44.3235519" lon="9.7544674"/>
      <nd lat="44.3234748" lon="9.7546414"/>
      <nd lat="44.3234179" lon="9.7547637"/>
      <nd lat="44.3233152" lon="9.7549778"/>
      <nd lat="44.3232465" lon="9.7552351"/>
      <nd lat="44.3232098" lon="9.7554146"/>
      <nd lat="44.3231195" lon="9.7557547"/>
      <nd lat="44.3230338" lon="9.7560264"/>
      <nd lat="44.3229865" lon="9.7561457"/>
      <nd lat="44.3229225" lon="9.7563243"/>
      <nd lat="44.3228858" lon="9.7565279"/>
      <nd lat="44.3228951" lon="9.7566533"/>
      <nd lat="44.3229356" lon="9.7569537"/>
      <nd lat="44.3229549" lon="9.7570751"/>
      <nd lat="44.3229968" lon="9.7572304"/>
      <nd lat="44.3231186" lon="9.7574510"/>
      <nd lat="44.3232808" lon="9.7577680"/>
      <nd lat="44.3233352" lon="9.7578913"/>
      <nd lat="44.3233711" lon="9.7580088"/>
      <nd lat="44.3233548" lon="9.7582501"/>
      <nd lat="44.3233241" lon="9.7585092"/>
      <nd lat="44.3232907" lon="9.7586134"/>
      <nd lat="44.3232224" lon="9.7587142"/>
      <nd lat="44.3231505" lon="9.7588094"/>
      <nd lat="44.3230705" lon="9.7589758"/>
      <nd lat="44.3230508" lon="9.7591297"/>
      <nd lat="44.3230359" lon="9.7593461"/>
      <nd lat="44.3229900" lon="9.7595262"/>
      <nd lat="44.3229501" lon="9.7596339"/>
      <nd lat="44.3229501" lon="9.7597622"/>
      <nd lat="44.3229865" lon="9.7598485"/>
      <nd lat="44.3230278" lon="9.7599048"/>
      <nd lat="44.3230665" lon="9.7600134"/>
      <nd lat="44.3230809" lon="9.7601011"/>
      <nd lat="44.3230394" lon="9.7602816"/>
    </member>
    <member type="way" ref="810890454" role="">
      <nd lat="44.3230394" lon="9.7602816"/>
      <nd lat="44.3229606" lon="9.7604942"/>
      <nd lat="44.3229080" lon="9.7606756"/>
      <nd lat="44.3228656" lon="9.7607189"/>
      <nd lat="44.3227773" lon="9.7607385"/>
      <nd lat="44.3225805" lon="9.7607771"/>
      <nd lat="44.3223658" lon="9.7608262"/>
      <nd lat="44.3221922" lon="9.7608876"/>
      <nd lat="44.3220942" lon="9.7609657"/>
      <nd lat="44.3220480" lon="9.7610475"/>
      <nd lat="44.3219897" lon="9.7611588"/>
      <nd lat="44.3219635" lon="9.7613023"/>
      <nd lat="44.3219402" lon="9.7614531"/>
      <nd lat="44.3219283" lon="9.7616308"/>
      <nd lat="44.3219311" lon="9.7617395"/>
      <nd lat="44.3218705" lon="9.7618052"/>
      <nd lat="44.3218320" lon="9.7618015"/>
      <nd lat="44.3217504" lon="9.7617758"/>
      <nd lat="44.3216846" lon="9.7617247"/>
      <nd lat="44.3216014" lon="9.7616961"/>
      <nd lat="44.3215550" lon="9.7616845"/>
      <nd lat="44.3215147" lon="9.7617006"/>
      <nd lat="44.3213706" lon="9.7617004"/>
      <nd lat="44.3213190" lon="9.7616483"/>
      <nd lat="44.3212545" lon="9.7615164"/>
      <nd lat="44.3212384" lon="9.7614431"/>
      <nd lat="44.3212112" lon="9.7613621"/>
      <nd lat="44.3208895" lon="9.7611002"/>
      <nd lat="44.3208840" lon="9.7608583"/>
      <nd lat="44.3208265" lon="9.7606410"/>
      <nd lat="44.3207263" lon="9.7604290"/>
      <nd lat="44.3206148" lon="9.7602777"/>
      <nd lat="44.3204941" lon="9.7602420"/>
      <nd lat="44.3204511" lon="9.7603195"/>
      <nd lat="44.3204832" lon="9.7605948"/>
      <nd lat="44.3204716" lon="9.7608019"/>
      <nd lat="44.3203708" lon="9.7610619"/>
      <nd lat="44.3202329" lon="9.7612710"/>
      <nd lat="44.3200044" lon="9.7613809"/>
      <nd lat="44.3197974" lon="9.7614426"/>
      <nd lat="44.3196631" lon="9.7614661"/>
      <nd lat="44.3193627" lon="9.7615073"/>
      <nd lat="44.3188437" lon="9.7612221"/>
      <nd lat="44.3182439" lon="9.7609942"/>
      <nd lat="44.3181830" lon="9.7609580"/>
      <nd lat="44.3181084" lon="9.7608955"/>
      <nd lat="44.3179742" lon="9.7606870"/>
      <nd lat="44.3178129" lon="9.7602952"/>
      <nd lat="44.3176424" lon="9.7601195"/>
      <nd lat="44.3175490" lon="9.7600615"/>
      <nd lat="44.3174577" lon="9.7600706"/>
      <nd lat="44.3173402" lon="9.7600928"/>
      <nd lat="44.3172582" lon="9.7601658"/>
      <nd lat="44.3171314" lon="9.7602283"/>
      <nd lat="44.3170373" lon="9.7602770"/>
      <nd lat="44.3169673" lon="9.7602804"/>
      <nd lat="44.3169076" lon="9.7602328"/>
      <nd lat="44.3167359" lon="9.7600511"/>
      <nd lat="44.3165710" lon="9.7598937"/>
      <nd lat="44.3164551" lon="9.7598518"/>
      <nd lat="44.3163353" lon="9.7598378"/>
      <nd lat="44.3162539" lon="9.7598397"/>
      <nd lat="44.3158632" lon="9.7599353"/>
      <nd lat="44.3157412" lon="9.7599605"/>
      <nd lat="44.3155019" lon="9.7600234"/>
      <nd lat="44.3154026" lon="9.7600644"/>
      <nd lat="44.3153463" lon="9.7601244"/>
      <nd lat="44.3152679" lon="9.7601908"/>
      <nd lat="44.3152175" lon="9.7602373"/>
      <nd lat="44.3151633" lon="9.7602687"/>
    </member>
    <member type="way" ref="810890455" role="">
      <nd lat="44.3151633" lon="9.7602687"/>
      <nd lat="44.3150209" lon="9.7602673"/>
      <nd lat="44.3149261" lon="9.7602626"/>
      <nd lat="44.3148119" lon="9.7603065"/>
      <nd lat="44.3146399" lon="9.7607386"/>
      <nd lat="44.3144284" lon="9.7609836"/>
      <nd lat="44.3142409" lon="9.7612786"/>
      <nd lat="44.3140929" lon="9.7614368"/>
      <nd lat="44.3139475" lon="9.7615031"/>
      <nd lat="44.3138124" lon="9.7615433"/>
      <nd lat="44.3135828" lon="9.7616832"/>
      <nd lat="44.3131850" lon="9.7618900"/>
      <nd lat="44.3129895" lon="9.7619259"/>
      <nd lat="44.3128323" lon="9.7620247"/>
      <nd lat="44.3126188" lon="9.7622329"/>
      <nd lat="44.3123967" lon="9.7625489"/>
      <nd lat="44.3122995" lon="9.7626452"/>
      <nd lat="44.3120762" lon="9.7627566"/>
      <nd lat="44.3119447" lon="9.7627795"/>
      <nd lat="44.3118139" lon="9.7627715"/>
      <nd lat="44.3115272" lon="9.7627122"/>
      <nd lat="44.3113181" lon="9.7627520"/>
      <nd lat="44.3111306" lon="9.7628164"/>
      <nd lat="44.3109646" lon="9.7628410"/>
      <nd lat="44.3108631" lon="9.7628194"/>
      <nd lat="44.3108315" lon="9.7628127"/>
      <nd lat="44.3107157" lon="9.7628156"/>
      <nd lat="44.3106325" lon="9.7628632"/>
      <nd lat="44.3102073" lon="9.7631653"/>
      <nd lat="44.3101149" lon="9.7633033"/>
      <nd lat="44.3100592" lon="9.7634688"/>
      <nd lat="44.3100147" lon="9.7636489"/>
      <nd lat="44.3099982" lon="9.7638196"/>
      <nd lat="44.3099530" lon="9.7639951"/>
      <nd lat="44.3098964" lon="9.7640582"/>
      <nd lat="44.3098316" lon="9.7640764"/>
      <nd lat="44.3097128" lon="9.7640370"/>
      <nd lat="44.3095584" lon="9.7639157"/>
      <nd lat="44.3094928" lon="9.7638461"/>
    </member>
    <member type="way" ref="810890456" role="">
      <nd lat="44.3094928" lon="9.7638461"/>
      <nd lat="44.3093775" lon="9.7638534"/>
      <nd lat="44.3092364" lon="9.7639394"/>
      <nd lat="44.3090765" lon="9.7640325"/>
      <nd lat="44.3089726" lon="9.7640880"/>
      <nd lat="44.3088415" lon="9.7641184"/>
      <nd lat="44.3086719" lon="9.7641345"/>
      <nd lat="44.3085016" lon="9.7641146"/>
      <nd lat="44.3083199" lon="9.7640963"/>
    </member>
    <member type="way" ref="810890457" role="">
      <nd lat="44.3083199" lon="9.7640963"/>
      <nd lat="44.3081755" lon="9.7641241"/>
    </member>
    <member type="way" ref="810890458" role="">
      <nd lat="44.3075500" lon="9.7643101"/>
      <nd lat="44.3075215" lon="9.7643541"/>
      <nd lat="44.3074288" lon="9.7644943"/>
      <nd lat="44.3073495" lon="9.7646723"/>
      <nd lat="44.3072561" lon="9.7649467"/>
      <nd lat="44.3070888" lon="9.7651151"/>
      <nd lat="44.3068455" lon="9.7652506"/>
      <nd lat="44.3066516" lon="9.7653341"/>
      <nd lat="44.3064655" lon="9.7653475"/>
      <nd lat="44.3064002" lon="9.7653752"/>
      <nd lat="44.3062939" lon="9.7654361"/>
      <nd lat="44.3061502" lon="9.7655613"/>
      <nd lat="44.3060221" lon="9.7656509"/>
      <nd lat="44.3058298" lon="9.7656907"/>
      <nd lat="44.3056805" lon="9.7657604"/>
      <nd lat="44.3055948" lon="9.7658499"/>
      <nd lat="44.3054927" lon="9.7659767"/>
      <nd lat="44.3054452" lon="9.7660191"/>
      <nd lat="44.3053883" lon="9.7660589"/>
      <nd lat="44.3052814" lon="9.7660589"/>
      <nd lat="44.3051888" lon="9.7659892"/>
      <nd lat="44.3050891" lon="9.7658698"/>
      <nd lat="44.3050037" lon="9.7657703"/>
      <nd lat="44.3049325" lon="9.7656509"/>
      <nd lat="44.3048816" lon="9.7656340"/>
      <nd lat="44.3047586" lon="9.7656404"/>
      <nd lat="44.3046650" lon="9.7656380"/>
      <nd lat="44.3046191" lon="9.7656210"/>
      <nd lat="44.3045739" lon="9.7656078"/>
      <nd lat="44.3045095" lon="9.7656008"/>
      <nd lat="44.3044831" lon="9.7656185"/>
      <nd lat="44.3044572" lon="9.7656373"/>
      <nd lat="44.3044251" lon="9.7656782"/>
      <nd lat="44.3043808" lon="9.7658050"/>
      <nd lat="44.3043144" lon="9.7659920"/>
      <nd lat="44.3041918" lon="9.7662181"/>
      <nd lat="44.3040908" lon="9.7663410"/>
      <nd lat="44.3039924" lon="9.7664669"/>
      <nd lat="44.3038952" lon="9.7666373"/>
      <nd lat="44.3038144" lon="9.7668749"/>
      <nd lat="44.3037289" lon="9.7671535"/>
      <nd lat="44.3036791" lon="9.7673725"/>
      <nd lat="44.3036363" lon="9.7675417"/>
      <nd lat="44.3035722" lon="9.7677307"/>
      <nd lat="44.3034725" lon="9.7679198"/>
      <nd lat="44.3034013" lon="9.7681487"/>
      <nd lat="44.3033443" lon="9.7682482"/>
      <nd lat="44.3032518" lon="9.7683378"/>
      <nd lat="44.3030583" lon="9.7684811"/>
      <nd lat="44.3028346" lon="9.7687026"/>
      <nd lat="44.3025172" lon="9.7689636"/>
      <nd lat="44.3023283" lon="9.7690212"/>
      <nd lat="44.3022091" lon="9.7690469"/>
      <nd lat="44.3021408" lon="9.7690841"/>
      <nd lat="44.3020482" lon="9.7692035"/>
      <nd lat="44.3019698" lon="9.7694324"/>
      <nd lat="44.3018559" lon="9.7696713"/>
      <nd lat="44.3017635" lon="9.7699558"/>
      <nd lat="44.3016992" lon="9.7701091"/>
      <nd lat="44.3015635" lon="9.7703852"/>
      <nd lat="44.3015069" lon="9.7705072"/>
    </member>
    <member type="way" ref="229339965" role="">
      <nd lat="44.3015069" lon="9.7705072"/>
      <nd lat="44.3013289" lon="9.7707361"/>
      <nd lat="44.3012505" lon="9.7709052"/>
      <nd lat="44.3009747" lon="9.7714074"/>
      <nd lat="44.3008255" lon="9.7716529"/>
      <nd lat="44.3007947" lon="9.7717611"/>
      <nd lat="44.3007680" lon="9.7720844"/>
      <nd lat="44.3007235" lon="9.7724178"/>
      <nd lat="44.3007235" lon="9.7726965"/>
      <nd lat="44.3007377" lon="9.7730348"/>
      <nd lat="44.3007309" lon="9.7733702"/>
      <nd lat="44.3007021" lon="9.7735225"/>
      <nd lat="44.3006652" lon="9.7738564"/>
      <nd lat="44.3006805" lon="9.7742312"/>
      <nd lat="44.3006950" lon="9.7745375"/>
      <nd lat="44.3006950" lon="9.7750251"/>
      <nd lat="44.3006594" lon="9.7753137"/>
      <nd lat="44.3006380" lon="9.7755227"/>
      <nd lat="44.3005988" lon="9.7756885"/>
      <nd lat="44.3005380" lon="9.7758277"/>
      <nd lat="44.3004757" lon="9.7759096"/>
      <nd lat="44.3003858" lon="9.7759981"/>
      <nd lat="44.3003224" lon="9.7760373"/>
      <nd lat="44.3002510" lon="9.7760732"/>
      <nd lat="44.3001822" lon="9.7761297"/>
      <nd lat="44.3001323" lon="9.7762591"/>
      <nd lat="44.3001110" lon="9.7764581"/>
      <nd lat="44.3000993" lon="9.7766455"/>
      <nd lat="44.3000556" lon="9.7767529"/>
      <nd lat="44.2998761" lon="9.7768853"/>
      <nd lat="44.2997271" lon="9.7771134"/>
      <nd lat="44.2996214" lon="9.7772857"/>
      <nd lat="44.2995130" lon="9.7775025"/>
      <nd lat="44.2993605" lon="9.7778074"/>
      <nd lat="44.2992620" lon="9.7780044"/>
      <nd lat="44.2991352" lon="9.7783290"/>
      <nd lat="44.2988931" lon="9.7786972"/>
      <nd lat="44.2987578" lon="9.7789261"/>
      <nd lat="44.2986509" lon="9.7791550"/>
      <nd lat="44.2985655" lon="9.7795132"/>
      <nd lat="44.2984088" lon="9.7800207"/>
      <nd lat="44.2983945" lon="9.7801401"/>
      <nd lat="44.2984088" lon="9.7802596"/>
      <nd lat="44.2984515" lon="9.7804287"/>
      <nd lat="44.2984373" lon="9.7805681"/>
      <nd lat="44.2983945" lon="9.7807770"/>
      <nd lat="44.2984016" lon="9.7808965"/>
      <nd lat="44.2984230" lon="9.7810557"/>
      <nd lat="44.2985085" lon="9.7812249"/>
      <nd lat="44.2985607" lon="9.7813566"/>
      <nd lat="44.2985621" lon="9.7814160"/>
      <nd lat="44.2985475" lon="9.7814892"/>
      <nd lat="44.2984675" lon="9.7816296"/>
      <nd lat="44.2982849" lon="9.7819647"/>
      <nd lat="44.2982047" lon="9.7821185"/>
      <nd lat="44.2980571" lon="9.7824423"/>
      <nd lat="44.2980083" lon="9.7825573"/>
      <nd lat="44.2979218" lon="9.7826704"/>
      <nd lat="44.2978934" lon="9.7827091"/>
      <nd lat="44.2977962" lon="9.7827673"/>
      <nd lat="44.2976680" lon="9.7828171"/>
      <nd lat="44.2975380" lon="9.7828295"/>
      <nd lat="44.2973929" lon="9.7829081"/>
      <nd lat="44.2972404" lon="9.7830467"/>
      <nd lat="44.2971288" lon="9.7831532"/>
      <nd lat="44.2970452" lon="9.7832507"/>
      <nd lat="44.2969462" lon="9.7835446"/>
      <nd lat="44.2968796" lon="9.7837889"/>
      <nd lat="44.2968631" lon="9.7839453"/>
      <nd lat="44.2968984" lon="9.7840931"/>
      <nd lat="44.2968951" lon="9.7841865"/>
    </member>
    <member type="way" ref="853373458" role="">
      <nd lat="44.2968951" lon="9.7841865"/>
      <nd lat="44.2968293" lon="9.7842579"/>
      <nd lat="44.2967144" lon="9.7843290"/>
      <nd lat="44.2965415" lon="9.7844858"/>
    </member>
    <member type="way" ref="810890459" role="">
      <nd lat="44.2965415" lon="9.7844858"/>
      <nd lat="44.2963602" lon="9.7846520"/>
      <nd lat="44.2959651" lon="9.7849592"/>
      <nd lat="44.2957200" lon="9.7852019"/>
      <nd lat="44.2954099" lon="9.7854782"/>
      <nd lat="44.2952648" lon="9.7856936"/>
      <nd lat="44.2951086" lon="9.7861698"/>
      <nd lat="44.2949512" lon="9.7864688"/>
      <nd lat="44.2947189" lon="9.7868471"/>
    </member>
    <member type="way" ref="810890460" role="">
      <nd lat="44.2947189" lon="9.7868471"/>
      <nd lat="44.2945950" lon="9.7870741"/>
      <nd lat="44.2945542" lon="9.7872185"/>
      <nd lat="44.2944996" lon="9.7876316"/>
      <nd lat="44.2944342" lon="9.7878502"/>
      <nd lat="44.2943655" lon="9.7880317"/>
      <nd lat="44.2943182" lon="9.7881178"/>
      <nd lat="44.2941462" lon="9.7881690"/>
      <nd lat="44.2939673" lon="9.7883319"/>
      <nd lat="44.2938832" lon="9.7884004"/>
      <nd lat="44.2938571" lon="9.7884440"/>
      <nd lat="44.2938441" lon="9.7885154"/>
      <nd lat="44.2938887" lon="9.7886521"/>
      <nd lat="44.2940023" lon="9.7888421"/>
      <nd lat="44.2940157" lon="9.7889379"/>
    </member>
    <member type="way" ref="810890461" role="">
      <nd lat="44.2940157" lon="9.7889379"/>
      <nd lat="44.2939896" lon="9.7890057"/>
      <nd lat="44.2939512" lon="9.7890463"/>
      <nd lat="44.2937896" lon="9.7890957"/>
      <nd lat="44.2937190" lon="9.7892046"/>
      <nd lat="44.2936859" lon="9.7892690"/>
      <nd lat="44.2936226" lon="9.7892842"/>
      <nd lat="44.2935689" lon="9.7892502"/>
      <nd lat="44.2934620" lon="9.7892275"/>
      <nd lat="44.2932842" lon="9.7893135"/>
      <nd lat="44.2931380" lon="9.7894382"/>
      <nd lat="44.2928938" lon="9.7896664"/>
      <nd lat="44.2920725" lon="9.7904352"/>
      <nd lat="44.2917423" lon="9.7907232"/>
      <nd lat="44.2914335" lon="9.7911645"/>
      <nd lat="44.2912925" lon="9.7913565"/>
      <nd lat="44.2912813" lon="9.7914360"/>
      <nd lat="44.2912714" lon="9.7915066"/>
      <nd lat="44.2912795" lon="9.7915863"/>
      <nd lat="44.2912539" lon="9.7917033"/>
      <nd lat="44.2911864" lon="9.7917576"/>
      <nd lat="44.2910662" lon="9.7917957"/>
      <nd lat="44.2909671" lon="9.7918555"/>
      <nd lat="44.2909134" lon="9.7919442"/>
      <nd lat="44.2908768" lon="9.7920545"/>
      <nd lat="44.2908630" lon="9.7921662"/>
      <nd lat="44.2908422" lon="9.7923028"/>
      <nd lat="44.2908137" lon="9.7923575"/>
      <nd lat="44.2907864" lon="9.7924059"/>
      <nd lat="44.2907130" lon="9.7924141"/>
      <nd lat="44.2906112" lon="9.7924364"/>
    </member>
    <member type="way" ref="810890462" role="">
      <nd lat="44.2906112" lon="9.7924364"/>
      <nd lat="44.2905552" lon="9.7924723"/>
      <nd lat="44.2905114" lon="9.7925520"/>
      <nd lat="44.2904666" lon="9.7927313"/>
      <nd lat="44.2904172" lon="9.7929039"/>
      <nd lat="44.2903060" lon="9.7931653"/>
      <nd lat="44.2902813" lon="9.7933293"/>
      <nd lat="44.2902935" lon="9.7935170"/>
      <nd lat="44.2904141" lon="9.7938644"/>
      <nd lat="44.2904051" lon="9.7939323"/>
      <nd lat="44.2903756" lon="9.7939890"/>
      <nd lat="44.2903043" lon="9.7940073"/>
      <nd lat="44.2902221" lon="9.7940058"/>
      <nd lat="44.2901501" lon="9.7940492"/>
      <nd lat="44.2900611" lon="9.7941191"/>
      <nd lat="44.2899215" lon="9.7942770"/>
      <nd lat="44.2897587" lon="9.7943961"/>
      <nd lat="44.2896886" lon="9.7944481"/>
      <nd lat="44.2896568" lon="9.7945270"/>
      <nd lat="44.2896054" lon="9.7946899"/>
      <nd lat="44.2895682" lon="9.7947958"/>
      <nd lat="44.2894991" lon="9.7948338"/>
      <nd lat="44.2894324" lon="9.7948585"/>
      <nd lat="44.2892990" lon="9.7949715"/>
      <nd lat="44.2890225" lon="9.7951266"/>
    </member>
    <member type="way" ref="810890463" role="">
      <nd lat="44.2890225" lon="9.7951266"/>
      <nd lat="44.2889502" lon="9.7952210"/>
      <nd lat="44.2889109" lon="9.7953573"/>
      <nd lat="44.2888810" lon="9.7956293"/>
      <nd lat="44.2888242" lon="9.7958087"/>
      <nd lat="44.2887654" lon="9.7959579"/>
      <nd lat="44.2885954" lon="9.7962560"/>
      <nd lat="44.2884359" lon="9.7964564"/>
      <nd lat="44.2882392" lon="9.7967509"/>
      <nd lat="44.2881101" lon="9.7970683"/>
      <nd lat="44.2880152" lon="9.7973983"/>
      <nd lat="44.2879291" lon="9.7975948"/>
      <nd lat="44.2878593" lon="9.7977992"/>
      <nd lat="44.2878349" lon="9.7979285"/>
      <nd lat="44.2878303" lon="9.7980486"/>
      <nd lat="44.2877659" lon="9.7983671"/>
      <nd lat="44.2876461" lon="9.7987473"/>
      <nd lat="44.2874836" lon="9.7991325"/>
      <nd lat="44.2874120" lon="9.7992646"/>
      <nd lat="44.2873267" lon="9.7993870"/>
      <nd lat="44.2871237" lon="9.7997191"/>
      <nd lat="44.2870001" lon="9.7999518"/>
      <nd lat="44.2868942" lon="9.8001642"/>
      <nd lat="44.2868302" lon="9.8003757"/>
      <nd lat="44.2867696" lon="9.8005418"/>
      <nd lat="44.2866283" lon="9.8007688"/>
      <nd lat="44.2865804" lon="9.8009068"/>
      <nd lat="44.2865436" lon="9.8010219"/>
    </member>
    <member type="way" ref="810890464" role="">
      <nd lat="44.2865436" lon="9.8010219"/>
      <nd lat="44.2864588" lon="9.8011012"/>
      <nd lat="44.2862900" lon="9.8012710"/>
      <nd lat="44.2860967" lon="9.8015775"/>
      <nd lat="44.2859767" lon="9.8017700"/>
      <nd lat="44.2858915" lon="9.8019689"/>
      <nd lat="44.2858442" lon="9.8021358"/>
      <nd lat="44.2858162" lon="9.8023051"/>
      <nd lat="44.2857530" lon="9.8024619"/>
      <nd lat="44.2856312" lon="9.8026249"/>
      <nd lat="44.2854576" lon="9.8028584"/>
      <nd lat="44.2853285" lon="9.8030465"/>
      <nd lat="44.2852539" lon="9.8030754"/>
      <nd lat="44.2850442" lon="9.8031752"/>
      <nd lat="44.2847681" lon="9.8032676"/>
    </member>
    <member type="way" ref="810890465" role="">
      <nd lat="44.2847681" lon="9.8032676"/>
      <nd lat="44.2846290" lon="9.8033702"/>
      <nd lat="44.2844801" lon="9.8035791"/>
      <nd lat="44.2843449" lon="9.8037641"/>
      <nd lat="44.2842015" lon="9.8038996"/>
      <nd lat="44.2841361" lon="9.8040108"/>
      <nd lat="44.2839520" lon="9.8042234"/>
      <nd lat="44.2837496" lon="9.8044628"/>
      <nd lat="44.2835460" lon="9.8047443"/>
      <nd lat="44.2833846" lon="9.8049819"/>
      <nd lat="44.2832840" lon="9.8052609"/>
      <nd lat="44.2831807" lon="9.8053578"/>
      <nd lat="44.2831394" lon="9.8053796"/>
      <nd lat="44.2830853" lon="9.8053972"/>
      <nd lat="44.2829802" lon="9.8053731"/>
    </member>
    <member type="way" ref="77388187" role="">
      <nd lat="44.2829802" lon="9.8053731"/>
      <nd lat="44.2829227" lon="9.8053888"/>
      <nd lat="44.2828602" lon="9.8054158"/>
      <nd lat="44.2827402" lon="9.8054983"/>
      <nd lat="44.2826652" lon="9.8055471"/>
      <nd lat="44.2826186" lon="9.8056097"/>
      <nd lat="44.2824566" lon="9.8058003"/>
      <nd lat="44.2823798" lon="9.8059071"/>
      <nd lat="44.2823206" lon="9.8060352"/>
      <nd lat="44.2823146" lon="9.8060673"/>
      <nd lat="44.2823144" lon="9.8061016"/>
      <nd lat="44.2823249" lon="9.8061501"/>
      <nd lat="44.2823409" lon="9.8061954"/>
      <nd lat="44.2823551" lon="9.8062425"/>
      <nd lat="44.2823607" lon="9.8062823"/>
      <nd lat="44.2823544" lon="9.8063678"/>
      <nd lat="44.2823332" lon="9.8064423"/>
      <nd lat="44.2822877" lon="9.8065661"/>
      <nd lat="44.2822493" lon="9.8066230"/>
      <nd lat="44.2822085" lon="9.8066482"/>
      <nd lat="44.2821622" lon="9.8066515"/>
      <nd lat="44.2821190" lon="9.8066250"/>
      <nd lat="44.2820632" lon="9.8066067"/>
      <nd lat="44.2820017" lon="9.8066011"/>
      <nd lat="44.2818984" lon="9.8066173"/>
      <nd lat="44.2817873" lon="9.8066637"/>
      <nd lat="44.2816909" lon="9.8067435"/>
      <nd lat="44.2815773" lon="9.8068987"/>
      <nd lat="44.2813985" lon="9.8071607"/>
      <nd lat="44.2811339" lon="9.8076289"/>
      <nd lat="44.2808538" lon="9.8080419"/>
      <nd lat="44.2807515" lon="9.8082610"/>
      <nd lat="44.2806711" lon="9.8083936"/>
      <nd lat="44.2805883" lon="9.8084799"/>
      <nd lat="44.2804755" lon="9.8085263"/>
      <nd lat="44.2804244" lon="9.8085359"/>
      <nd lat="44.2803771" lon="9.8085421"/>
      <nd lat="44.2802866" lon="9.8085365"/>
      <nd lat="44.2802097" lon="9.8084988"/>
      <nd lat="44.2801300" lon="9.8084837"/>
      <nd lat="44.2800341" lon="9.8084799"/>
      <nd lat="44.2798478" lon="9.8084403"/>
      <nd lat="44.2797884" lon="9.8083913"/>
      <nd lat="44.2797384" lon="9.8083743"/>
      <nd lat="44.2797033" lon="9.8084120"/>
      <nd lat="44.2796931" lon="9.8084494"/>
      <nd lat="44.2796952" lon="9.8084969"/>
      <nd lat="44.2797224" lon="9.8085417"/>
      <nd lat="44.2798028" lon="9.8086192"/>
      <nd lat="44.2799036" lon="9.8087025"/>
      <nd lat="44.2799231" lon="9.8087512"/>
    </member>
    <member type="way" ref="45406155" role="">
      <nd lat="44.2786969" lon="9.8092260"/>
      <nd lat="44.2788107" lon="9.8091004"/>
      <nd lat="44.2789164" lon="9.8089836"/>
      <nd lat="44.2789894" lon="9.8089066"/>
      <nd lat="44.2790688" lon="9.8088260"/>
      <nd lat="44.2791481" lon="9.8087625"/>
      <nd lat="44.2792920" lon="9.8087015"/>
      <nd lat="44.2794853" lon="9.8086835"/>
      <nd lat="44.2795558" lon="9.8086982"/>
      <nd lat="44.2797286" lon="9.8087642"/>
      <nd lat="44.2798739" lon="9.8088134"/>
      <nd lat="44.2799231" lon="9.8087512"/>
    </member>
    <member type="way" ref="229339966" role="">
      <nd lat="44.3081755" lon="9.7641241"/>
      <nd lat="44.3081409" lon="9.7641404"/>
      <nd lat="44.3081029" lon="9.7641524"/>
      <nd lat="44.3079090" lon="9.7641739"/>
      <nd lat="44.3076883" lon="9.7642329"/>
      <nd lat="44.3075500" lon="9.7643101"/>
    </member>
    <tag k="ascent" v="265"/>
    <tag k="cai_scale" v="T"/>
    <tag k="descent" v="205"/>
    <tag k="description" v="High Way of the Ligurian Mountains - Stage 40"/>
    <tag k="description:de" v="Ligurische Grenzkammstraße"/>
    <tag k="description:it" v="Alta Via dei Monti Liguri - Tappa 40"/>
    <tag k="distance" v="10.1"/>
    <tag k="duration:backward" v="03:00"/>
    <tag k="duration:forward" v="03:15"/>
    <tag k="from" v="Passo del Rastrello"/>
    <tag k="name" v="Passo di Rastello - Passo dei Casoni"/>
    <tag k="network" v="lwn"/>
    <tag k="note" v="relation mantained by AlfredoSP (CAI-SP)"/>
    <tag k="note:it" v="relazione mantenuta da AlfredoSP (CAI-SP)"/>
    <tag k="note:project_page" v="http://wiki.openstreetmap.org/wiki/Liguria/Sentieri"/>
    <tag k="operator" v="Club Alpino Italiano"/>
    <tag k="osmc:symbol" v="red:red:white_stripe:AV:black"/>
    <tag k="ref" v="AV40"/>
    <tag k="ref:REI" v="GSPA1990"/>
    <tag k="reg_ref" v="GSPA19901PE"/>
    <tag k="route" v="hiking"/>
    <tag k="rwn:name" v="Rete Escursionistica Ligure (REL)"/>
    <tag k="source" v="survey:CAI"/>
    <tag k="survey:date" v="2017-12-31"/>
    <tag k="symbol" v="AV on white red flag"/>
    <tag k="symbol:it" v="AV su segnavia bianco e rosso"/>
    <tag k="to" v="Passo dei Casoni"/>
    <tag k="type" v="route"/>
  </relation>
</old>
<new>
  <relation id="1117896" version="32" timestamp="2026-10-05T14:32:45Z" changeset="190039716" uid="10269073" user="granpasso811">
    <bounds minlat="44.2786969" minlon="9.7334322" maxlat="44.3288503" maxlon="9.8092260"/>
    <member type="way" ref="71630671" role="">
      <nd lat="44.3273167" lon="9.7374856"/>
      <nd lat="44.3274032" lon="9.7371919"/>
      <nd lat="44.3276025" lon="9.7367050"/>
      <nd lat="44.3276875" lon="9.7365126"/>
      <nd lat="44.3278630" lon="9.7361782"/>
      <nd lat="44.3280346" lon="9.7359276"/>
      <nd lat="44.3281906" lon="9.7357047"/>
      <nd lat="44.3283247" lon="9.7355553"/>
      <nd lat="44.3284115" lon="9.7354311"/>
      <nd lat="44.3285163" lon="9.7352451"/>
      <nd lat="44.3287122" lon="9.7348130"/>
      <nd lat="44.3288034" lon="9.7345946"/>
      <nd lat="44.3288427" lon="9.7344405"/>
      <nd lat="44.3288503" lon="9.7342974"/>
      <nd lat="44.3288426" lon="9.7342073"/>
      <nd lat="44.3288194" lon="9.7340819"/>
      <nd lat="44.3287831" lon="9.7339149"/>
      <nd lat="44.3287294" lon="9.7337312"/>
      <nd lat="44.3286987" lon="9.7334322"/>
    </member>
    <member type="way" ref="810890447" role="">
      <nd lat="44.3270260" lon="9.7394986"/>
      <nd lat="44.3270441" lon="9.7393807"/>
      <nd lat="44.3271088" lon="9.7391510"/>
      <nd lat="44.3272417" lon="9.7387795"/>
      <nd lat="44.3272724" lon="9.7385714"/>
      <nd lat="44.3273071" lon="9.7383457"/>
      <nd lat="44.3273038" lon="9.7380737"/>
      <nd lat="44.3272907" lon="9.7378037"/>
      <nd lat="44.3272963" lon="9.7376305"/>
      <nd lat="44.3273167" lon="9.7374856"/>
    </member>
    <member type="way" ref="810890450" role="">
      <nd lat="44.3270260" lon="9.7394986"/>
      <nd lat="44.3270182" lon="9.7396937"/>
      <nd lat="44.3270672" lon="9.7399055"/>
      <nd lat="44.3271113" lon="9.7402957"/>
      <nd lat="44.3271281" lon="9.7407344"/>
      <nd lat="44.3271191" lon="9.7411342"/>
      <nd lat="44.3270856" lon="9.7413967"/>
      <nd lat="44.3269652" lon="9.7417038"/>
      <nd lat="44.3268755" lon="9.7418686"/>
      <nd lat="44.3268437" lon="9.7420185"/>
      <nd lat="44.3268088" lon="9.7422847"/>
      <nd lat="44.3267450" lon="9.7425599"/>
      <nd lat="44.3267020" lon="9.7428264"/>
    </member>
    <member type="way" ref="810890449" role="">
      <nd lat="44.3267020" lon="9.7428264"/>
      <nd lat="44.3266736" lon="9.7429898"/>
    </member>
    <member type="way" ref="853862045" role="">
      <nd lat="44.3266736" lon="9.7429898"/>
      <nd lat="44.3266399" lon="9.7432791"/>
      <nd lat="44.3266554" lon="9.7436260"/>
      <nd lat="44.3266582" lon="9.7437750"/>
      <nd lat="44.3266099" lon="9.7439284"/>
      <nd lat="44.3265291" lon="9.7440958"/>
      <nd lat="44.3264357" lon="9.7442423"/>
      <nd lat="44.3264013" lon="9.7443357"/>
      <nd lat="44.3263460" lon="9.7444842"/>
      <nd lat="44.3263292" lon="9.7446623"/>
    </member>
    <member type="way" ref="226141303" role="">
      <nd lat="44.3263292" lon="9.7446623"/>
      <nd lat="44.3263273" lon="9.7447504"/>
      <nd lat="44.3263411" lon="9.7448565"/>
      <nd lat="44.3264078" lon="9.7450763"/>
      <nd lat="44.3264408" lon="9.7451876"/>
      <nd lat="44.3264423" lon="9.7452895"/>
      <nd lat="44.3264284" lon="9.7454083"/>
      <nd lat="44.3263689" lon="9.7455563"/>
      <nd lat="44.3262983" lon="9.7456123"/>
      <nd lat="44.3262306" lon="9.7456072"/>
      <nd lat="44.3260883" lon="9.7454599"/>
      <nd lat="44.3259343" lon="9.7452991"/>
    </member>
    <member type="way" ref="810890451" role="">
      <nd lat="44.3259343" lon="9.7452991"/>
      <nd lat="44.3258389" lon="9.7452602"/>
      <nd lat="44.3257371" lon="9.7452596"/>
      <nd lat="44.3256374" lon="9.7453337"/>
      <nd lat="44.3254950" lon="9.7454842"/>
      <nd lat="44.3254309" lon="9.7455934"/>
      <nd lat="44.3253400" lon="9.7456717"/>
      <nd lat="44.3252189" lon="9.7457920"/>
      <nd lat="44.3251788" lon="9.7458568"/>
      <nd lat="44.3251289" lon="9.7459869"/>
      <nd lat="44.3251137" lon="9.7461088"/>
      <nd lat="44.3250233" lon="9.7462914"/>
      <nd lat="44.3249203" lon="9.7464492"/>
      <nd lat="44.3248365" lon="9.7466143"/>
      <nd lat="44.3247442" lon="9.7468183"/>
      <nd lat="44.3246175" lon="9.7470474"/>
      <nd lat="44.3245240" lon="9.7473580"/>
      <nd lat="44.3245170" lon="9.7475818"/>
      <nd lat="44.3245034" lon="9.7477357"/>
      <nd lat="44.3244584" lon="9.7478655"/>
      <nd lat="44.3243547" lon="9.7481165"/>
      <nd lat="44.3243451" lon="9.7482943"/>
      <nd lat="44.3243659" lon="9.7485179"/>
      <nd lat="44.3243767" lon="9.7486731"/>
      <nd lat="44.3243467" lon="9.7488376"/>
      <nd lat="44.3242990" lon="9.7489386"/>
      <nd lat="44.3242165" lon="9.7490157"/>
      <nd lat="44.3241161" lon="9.7490696"/>
      <nd lat="44.3240160" lon="9.7490634"/>
      <nd lat="44.3239058" lon="9.7490197"/>
    </member>
    <member type="way" ref="810890452" role="">
      <nd lat="44.3239058" lon="9.7490197"/>
      <nd lat="44.3238347" lon="9.7490057"/>
      <nd lat="44.3237215" lon="9.7490363"/>
      <nd lat="44.3236159" lon="9.7491385"/>
      <nd lat="44.3235308" lon="9.7492653"/>
      <nd lat="44.3234950" lon="9.7494107"/>
      <nd lat="44.3234998" lon="9.7495931"/>
      <nd lat="44.3235225" lon="9.7497193"/>
      <nd lat="44.3236243" lon="9.7501821"/>
      <nd lat="44.3236234" lon="9.7503683"/>
      <nd lat="44.3235890" lon="9.7505521"/>
      <nd lat="44.3235385" lon="9.7507848"/>
      <nd lat="44.3234974" lon="9.7509762"/>
      <nd lat="44.3235200" lon="9.7511501"/>
      <nd lat="44.3235128" lon="9.7512719"/>
      <nd lat="44.3234898" lon="9.7514132"/>
      <nd lat="44.3234218" lon="9.7515888"/>
    </member>
    <member type="way" ref="810890453" role="">
      <nd lat="44.3234218" lon="9.7515888"/>
      <nd lat="44.3233092" lon="9.7517600"/>
      <nd lat="44.3232429" lon="9.7519314"/>
      <nd lat="44.3232302" lon="9.7520460"/>
      <nd lat="44.3232519" lon="9.7522027"/>
      <nd lat="44.3233783" lon="9.7525991"/>
      <nd lat="44.3234752" lon="9.7530146"/>
      <nd lat="44.3236159" lon="9.7533603"/>
      <nd lat="44.3236636" lon="9.7535209"/>
      <nd lat="44.3236870" lon="9.7537630"/>
      <nd lat="44.3236693" lon="9.7540343"/>
      <nd lat="44.3236083" lon="9.7542793"/>
      <nd lat="44.3235519" lon="9.7544674"/>
      <nd lat="44.3234748" lon="9.7546414"/>
      <nd lat="44.3234179" lon="9.7547637"/>
      <nd lat="44.3233152" lon="9.7549778"/>
      <nd lat="44.3232465" lon="9.7552351"/>
      <nd lat="44.3232098" lon="9.7554146"/>
      <nd lat="44.3231195" lon="9.7557547"/>
      <nd lat="44.3230338" lon="9.7560264"/>
      <nd lat="44.3229865" lon="9.7561457"/>
      <nd lat="44.3229225" lon="9.7563243"/>
      <nd lat="44.3228858" lon="9.7565279"/>
      <nd lat="44.3228951" lon="9.7566533"/>
      <nd lat="44.3229356" lon="9.7569537"/>
      <nd lat="44.3229549" lon="9.7570751"/>
      <nd lat="44.3229968" lon="9.7572304"/>
      <nd lat="44.3231186" lon="9.7574510"/>
      <nd lat="44.3232808" lon="9.7577680"/>
      <nd lat="44.3233352" lon="9.7578913"/>
      <nd lat="44.3233711" lon="9.7580088"/>
      <nd lat="44.3233548" lon="9.7582501"/>
      <nd lat="44.3233241" lon="9.7585092"/>
      <nd lat="44.3232907" lon="9.7586134"/>
      <nd lat="44.3232224" lon="9.7587142"/>
      <nd lat="44.3231505" lon="9.7588094"/>
      <nd lat="44.3230705" lon="9.7589758"/>
      <nd lat="44.3230508" lon="9.7591297"/>
      <nd lat="44.3230359" lon="9.7593461"/>
      <nd lat="44.3229900" lon="9.7595262"/>
      <nd lat="44.3229501" lon="9.7596339"/>
      <nd lat="44.3229501" lon="9.7597622"/>
      <nd lat="44.3229865" lon="9.7598485"/>
      <nd lat="44.3230278" lon="9.7599048"/>
      <nd lat="44.3230665" lon="9.7600134"/>
      <nd lat="44.3230809" lon="9.7601011"/>
      <nd lat="44.3230394" lon="9.7602816"/>
    </member>
    <member type="way" ref="810890454" role="">
      <nd lat="44.3230394" lon="9.7602816"/>
      <nd lat="44.3229606" lon="9.7604942"/>
      <nd lat="44.3229080" lon="9.7606756"/>
      <nd lat="44.3228656" lon="9.7607189"/>
      <nd lat="44.3227773" lon="9.7607385"/>
      <nd lat="44.3225805" lon="9.7607771"/>
      <nd lat="44.3223658" lon="9.7608262"/>
      <nd lat="44.3221922" lon="9.7608876"/>
      <nd lat="44.3220942" lon="9.7609657"/>
      <nd lat="44.3220480" lon="9.7610475"/>
      <nd lat="44.3219897" lon="9.7611588"/>
      <nd lat="44.3219635" lon="9.7613023"/>
      <nd lat="44.3219402" lon="9.7614531"/>
      <nd lat="44.3219283" lon="9.7616308"/>
      <nd lat="44.3219311" lon="9.7617395"/>
      <nd lat="44.3218705" lon="9.7618052"/>
      <nd lat="44.3218320" lon="9.7618015"/>
      <nd lat="44.3217504" lon="9.7617758"/>
      <nd lat="44.3216846" lon="9.7617247"/>
      <nd lat="44.3216014" lon="9.7616961"/>
      <nd lat="44.3215550" lon="9.7616845"/>
      <nd lat="44.3215147" lon="9.7617006"/>
      <nd lat="44.3213706" lon="9.7617004"/>
      <nd lat="44.3213190" lon="9.7616483"/>
      <nd lat="44.3212545" lon="9.7615164"/>
      <nd lat="44.3212384" lon="9.7614431"/>
      <nd lat="44.3212112" lon="9.7613621"/>
      <nd lat="44.3208895" lon="9.7611002"/>
      <nd lat="44.3208840" lon="9.7608583"/>
      <nd lat="44.3208265" lon="9.7606410"/>
      <nd lat="44.3207263" lon="9.7604290"/>
      <nd lat="44.3206148" lon="9.7602777"/>
      <nd lat="44.3204941" lon="9.7602420"/>
      <nd lat="44.3204511" lon="9.7603195"/>
      <nd lat="44.3204832" lon="9.7605948"/>
      <nd lat="44.3204716" lon="9.7608019"/>
      <nd lat="44.3203708" lon="9.7610619"/>
      <nd lat="44.3202329" lon="9.7612710"/>
      <nd lat="44.3200044" lon="9.7613809"/>
      <nd lat="44.3197974" lon="9.7614426"/>
      <nd lat="44.3196631" lon="9.7614661"/>
      <nd lat="44.3193627" lon="9.7615073"/>
      <nd lat="44.3188437" lon="9.7612221"/>
      <nd lat="44.3182439" lon="9.7609942"/>
      <nd lat="44.3181830" lon="9.7609580"/>
      <nd lat="44.3181084" lon="9.7608955"/>
      <nd lat="44.3179742" lon="9.7606870"/>
      <nd lat="44.3178129" lon="9.7602952"/>
      <nd lat="44.3176424" lon="9.7601195"/>
      <nd lat="44.3175490" lon="9.7600615"/>
      <nd lat="44.3174577" lon="9.7600706"/>
      <nd lat="44.3173402" lon="9.7600928"/>
      <nd lat="44.3172582" lon="9.7601658"/>
      <nd lat="44.3171314" lon="9.7602283"/>
      <nd lat="44.3170373" lon="9.7602770"/>
      <nd lat="44.3169673" lon="9.7602804"/>
      <nd lat="44.3169076" lon="9.7602328"/>
      <nd lat="44.3167359" lon="9.7600511"/>
      <nd lat="44.3165710" lon="9.7598937"/>
      <nd lat="44.3164551" lon="9.7598518"/>
      <nd lat="44.3163353" lon="9.7598378"/>
      <nd lat="44.3162539" lon="9.7598397"/>
      <nd lat="44.3158632" lon="9.7599353"/>
      <nd lat="44.3157412" lon="9.7599605"/>
      <nd lat="44.3155019" lon="9.7600234"/>
      <nd lat="44.3154026" lon="9.7600644"/>
      <nd lat="44.3153463" lon="9.7601244"/>
      <nd lat="44.3152679" lon="9.7601908"/>
      <nd lat="44.3152175" lon="9.7602373"/>
      <nd lat="44.3151633" lon="9.7602687"/>
    </member>
    <member type="way" ref="810890455" role="">
      <nd lat="44.3151633" lon="9.7602687"/>
      <nd lat="44.3150209" lon="9.7602673"/>
      <nd lat="44.3149261" lon="9.7602626"/>
      <nd lat="44.3148119" lon="9.7603065"/>
      <nd lat="44.3146399" lon="9.7607386"/>
      <nd lat="44.3144284" lon="9.7609836"/>
      <nd lat="44.3142409" lon="9.7612786"/>
      <nd lat="44.3140929" lon="9.7614368"/>
      <nd lat="44.3139475" lon="9.7615031"/>
      <nd lat="44.3138124" lon="9.7615433"/>
      <nd lat="44.3135828" lon="9.7616832"/>
      <nd lat="44.3131850" lon="9.7618900"/>
      <nd lat="44.3129895" lon="9.7619259"/>
      <nd lat="44.3128323" lon="9.7620247"/>
      <nd lat="44.3126188" lon="9.7622329"/>
      <nd lat="44.3123967" lon="9.7625489"/>
      <nd lat="44.3122995" lon="9.7626452"/>
      <nd lat="44.3120762" lon="9.7627566"/>
      <nd lat="44.3119447" lon="9.7627795"/>
      <nd lat="44.3118139" lon="9.7627715"/>
      <nd lat="44.3115272" lon="9.7627122"/>
      <nd lat="44.3113181" lon="9.7627520"/>
      <nd lat="44.3111306" lon="9.7628164"/>
      <nd lat="44.3109646" lon="9.7628410"/>
      <nd lat="44.3108631" lon="9.7628194"/>
      <nd lat="44.3108315" lon="9.7628127"/>
      <nd lat="44.3107157" lon="9.7628156"/>
      <nd lat="44.3106325" lon="9.7628632"/>
      <nd lat="44.3102073" lon="9.7631653"/>
      <nd lat="44.3101149" lon="9.7633033"/>
      <nd lat="44.3100592" lon="9.7634688"/>
      <nd lat="44.3100147" lon="9.7636489"/>
      <nd lat="44.3099982" lon="9.7638196"/>
      <nd lat="44.3099530" lon="9.7639951"/>
      <nd lat="44.3098964" lon="9.7640582"/>
      <nd lat="44.3098316" lon="9.7640764"/>
      <nd lat="44.3097128" lon="9.7640370"/>
      <nd lat="44.3095584" lon="9.7639157"/>
      <nd lat="44.3094928" lon="9.7638461"/>
    </member>
    <member type="way" ref="810890456" role="">
      <nd lat="44.3094928" lon="9.7638461"/>
      <nd lat="44.3093775" lon="9.7638534"/>
      <nd lat="44.3092364" lon="9.7639394"/>
      <nd lat="44.3090765" lon="9.7640325"/>
      <nd lat="44.3089726" lon="9.7640880"/>
      <nd lat="44.3088415" lon="9.7641184"/>
      <nd lat="44.3086719" lon="9.7641345"/>
      <nd lat="44.3085016" lon="9.7641146"/>
      <nd lat="44.3083199" lon="9.7640963"/>
    </member>
    <member type="way" ref="810890457" role="">
      <nd lat="44.3083199" lon="9.7640963"/>
      <nd lat="44.3081755" lon="9.7641241"/>
    </member>
    <member type="way" ref="229339966" role="">
      <nd lat="44.3081755" lon="9.7641241"/>
      <nd lat="44.3081409" lon="9.7641404"/>
      <nd lat="44.3081029" lon="9.7641524"/>
      <nd lat="44.3079090" lon="9.7641739"/>
      <nd lat="44.3076883" lon="9.7642329"/>
      <nd lat="44.3075500" lon="9.7643101"/>
    </member>
    <member type="way" ref="810890458" role="">
      <nd lat="44.3075500" lon="9.7643101"/>
      <nd lat="44.3075215" lon="9.7643541"/>
      <nd lat="44.3074288" lon="9.7644943"/>
      <nd lat="44.3073495" lon="9.7646723"/>
      <nd lat="44.3072561" lon="9.7649467"/>
      <nd lat="44.3070888" lon="9.7651151"/>
      <nd lat="44.3068455" lon="9.7652506"/>
      <nd lat="44.3066516" lon="9.7653341"/>
      <nd lat="44.3064655" lon="9.7653475"/>
      <nd lat="44.3064002" lon="9.7653752"/>
      <nd lat="44.3062939" lon="9.7654361"/>
      <nd lat="44.3061502" lon="9.7655613"/>
      <nd lat="44.3060221" lon="9.7656509"/>
      <nd lat="44.3058298" lon="9.7656907"/>
      <nd lat="44.3056805" lon="9.7657604"/>
      <nd lat="44.3055948" lon="9.7658499"/>
      <nd lat="44.3054927" lon="9.7659767"/>
      <nd lat="44.3054452" lon="9.7660191"/>
      <nd lat="44.3053883" lon="9.7660589"/>
      <nd lat="44.3052814" lon="9.7660589"/>
      <nd lat="44.3051888" lon="9.7659892"/>
      <nd lat="44.3050891" lon="9.7658698"/>
      <nd lat="44.3050037" lon="9.7657703"/>
      <nd lat="44.3049325" lon="9.7656509"/>
      <nd lat="44.3048816" lon="9.7656340"/>
      <nd lat="44.3047586" lon="9.7656404"/>
      <nd lat="44.3046650" lon="9.7656380"/>
      <nd lat="44.3046191" lon="9.7656210"/>
      <nd lat="44.3045739" lon="9.7656078"/>
      <nd lat="44.3045095" lon="9.7656008"/>
      <nd lat="44.3044831" lon="9.7656185"/>
      <nd lat="44.3044572" lon="9.7656373"/>
      <nd lat="44.3044251" lon="9.7656782"/>
      <nd lat="44.3043808" lon="9.7658050"/>
      <nd lat="44.3043144" lon="9.7659920"/>
      <nd lat="44.3041918" lon="9.7662181"/>
      <nd lat="44.3040908" lon="9.7663410"/>
      <nd lat="44.3039924" lon="9.7664669"/>
      <nd lat="44.3038952" lon="9.7666373"/>
      <nd lat="44.3038144" lon="9.7668749"/>
      <nd lat="44.3037289" lon="9.7671535"/>
      <nd lat="44.3036791" lon="9.7673725"/>
      <nd lat="44.3036363" lon="9.7675417"/>
      <nd lat="44.3035722" lon="9.7677307"/>
      <nd lat="44.3034725" lon="9.7679198"/>
      <nd lat="44.3034013" lon="9.7681487"/>
      <nd lat="44.3033443" lon="9.7682482"/>
      <nd lat="44.3032518" lon="9.7683378"/>
      <nd lat="44.3030583" lon="9.7684811"/>
      <nd lat="44.3028346" lon="9.7687026"/>
      <nd lat="44.3025172" lon="9.7689636"/>
      <nd lat="44.3023283" lon="9.7690212"/>
      <nd lat="44.3022091" lon="9.7690469"/>
      <nd lat="44.3021408" lon="9.7690841"/>
      <nd lat="44.3020482" lon="9.7692035"/>
      <nd lat="44.3019698" lon="9.7694324"/>
      <nd lat="44.3018559" lon="9.7696713"/>
      <nd lat="44.3017635" lon="9.7699558"/>
      <nd lat="44.3016992" lon="9.7701091"/>
      <nd lat="44.3015635" lon="9.7703852"/>
      <nd lat="44.3015069" lon="9.7705072"/>
    </member>
    <member type="way" ref="229339965" role="">
      <nd lat="44.3015069" lon="9.7705072"/>
      <nd lat="44.3013289" lon="9.7707361"/>
      <nd lat="44.3012505" lon="9.7709052"/>
      <nd lat="44.3009747" lon="9.7714074"/>
      <nd lat="44.3008255" lon="9.7716529"/>
      <nd lat="44.3007947" lon="9.7717611"/>
      <nd lat="44.3007680" lon="9.7720844"/>
      <nd lat="44.3007235" lon="9.7724178"/>
      <nd lat="44.3007235" lon="9.7726965"/>
      <nd lat="44.3007377" lon="9.7730348"/>
      <nd lat="44.3007309" lon="9.7733702"/>
      <nd lat="44.3007021" lon="9.7735225"/>
      <nd lat="44.3006652" lon="9.7738564"/>
      <nd lat="44.3006805" lon="9.7742312"/>
      <nd lat="44.3006950" lon="9.7745375"/>
      <nd lat="44.3006950" lon="9.7750251"/>
      <nd lat="44.3006594" lon="9.7753137"/>
      <nd lat="44.3006380" lon="9.7755227"/>
      <nd lat="44.3005988" lon="9.7756885"/>
      <nd lat="44.3005380" lon="9.7758277"/>
      <nd lat="44.3004757" lon="9.7759096"/>
      <nd lat="44.3003858" lon="9.7759981"/>
      <nd lat="44.3003224" lon="9.7760373"/>
      <nd lat="44.3002510" lon="9.7760732"/>
      <nd lat="44.3001822" lon="9.7761297"/>
      <nd lat="44.3001323" lon="9.7762591"/>
      <nd lat="44.3001110" lon="9.7764581"/>
      <nd lat="44.3000993" lon="9.7766455"/>
      <nd lat="44.3000556" lon="9.7767529"/>
      <nd lat="44.2998761" lon="9.7768853"/>
      <nd lat="44.2997271" lon="9.7771134"/>
      <nd lat="44.2996214" lon="9.7772857"/>
      <nd lat="44.2995130" lon="9.7775025"/>
      <nd lat="44.2993605" lon="9.7778074"/>
      <nd lat="44.2992620" lon="9.7780044"/>
      <nd lat="44.2991352" lon="9.7783290"/>
      <nd lat="44.2988931" lon="9.7786972"/>
      <nd lat="44.2987578" lon="9.7789261"/>
      <nd lat="44.2986509" lon="9.7791550"/>
      <nd lat="44.2985655" lon="9.7795132"/>
      <nd lat="44.2984088" lon="9.7800207"/>
      <nd lat="44.2983945" lon="9.7801401"/>
      <nd lat="44.2984088" lon="9.7802596"/>
      <nd lat="44.2984515" lon="9.7804287"/>
      <nd lat="44.2984373" lon="9.7805681"/>
      <nd lat="44.2983945" lon="9.7807770"/>
      <nd lat="44.2984016" lon="9.7808965"/>
      <nd lat="44.2984230" lon="9.7810557"/>
      <nd lat="44.2985085" lon="9.7812249"/>
      <nd lat="44.2985607" lon="9.7813566"/>
      <nd lat="44.2985621" lon="9.7814160"/>
      <nd lat="44.2985475" lon="9.7814892"/>
      <nd lat="44.2984675" lon="9.7816296"/>
      <nd lat="44.2982849" lon="9.7819647"/>
      <nd lat="44.2982047" lon="9.7821185"/>
      <nd lat="44.2980571" lon="9.7824423"/>
      <nd lat="44.2980083" lon="9.7825573"/>
      <nd lat="44.2979218" lon="9.7826704"/>
      <nd lat="44.2978934" lon="9.7827091"/>
      <nd lat="44.2977962" lon="9.7827673"/>
      <nd lat="44.2976680" lon="9.7828171"/>
      <nd lat="44.2975380" lon="9.7828295"/>
      <nd lat="44.2973929" lon="9.7829081"/>
      <nd lat="44.2972404" lon="9.7830467"/>
      <nd lat="44.2971288" lon="9.7831532"/>
      <nd lat="44.2970452" lon="9.7832507"/>
      <nd lat="44.2969462" lon="9.7835446"/>
      <nd lat="44.2968796" lon="9.7837889"/>
      <nd lat="44.2968631" lon="9.7839453"/>
      <nd lat="44.2968984" lon="9.7840931"/>
      <nd lat="44.2968951" lon="9.7841865"/>
    </member>
    <member type="way" ref="853373458" role="">
      <nd lat="44.2968951" lon="9.7841865"/>
      <nd lat="44.2968293" lon="9.7842579"/>
      <nd lat="44.2967144" lon="9.7843290"/>
      <nd lat="44.2965415" lon="9.7844858"/>
    </member>
    <member type="way" ref="810890459" role="">
      <nd lat="44.2965415" lon="9.7844858"/>
      <nd lat="44.2963602" lon="9.7846520"/>
      <nd lat="44.2959651" lon="9.7849592"/>
      <nd lat="44.2957200" lon="9.7852019"/>
      <nd lat="44.2954099" lon="9.7854782"/>
      <nd lat="44.2952648" lon="9.7856936"/>
      <nd lat="44.2951086" lon="9.7861698"/>
      <nd lat="44.2949512" lon="9.7864688"/>
      <nd lat="44.2947189" lon="9.7868471"/>
    </member>
    <member type="way" ref="810890460" role="">
      <nd lat="44.2947189" lon="9.7868471"/>
      <nd lat="44.2945950" lon="9.7870741"/>
      <nd lat="44.2945542" lon="9.7872185"/>
      <nd lat="44.2944996" lon="9.7876316"/>
      <nd lat="44.2944342" lon="9.7878502"/>
      <nd lat="44.2943655" lon="9.7880317"/>
      <nd lat="44.2943182" lon="9.7881178"/>
      <nd lat="44.2941462" lon="9.7881690"/>
      <nd lat="44.2939673" lon="9.7883319"/>
      <nd lat="44.2938832" lon="9.7884004"/>
      <nd lat="44.2938571" lon="9.7884440"/>
      <nd lat="44.2938441" lon="9.7885154"/>
      <nd lat="44.2938887" lon="9.7886521"/>
      <nd lat="44.2940023" lon="9.7888421"/>
      <nd lat="44.2940157" lon="9.7889379"/>
    </member>
    <member type="way" ref="810890461" role="">
      <nd lat="44.2940157" lon="9.7889379"/>
      <nd lat="44.2939896" lon="9.7890057"/>
      <nd lat="44.2939512" lon="9.7890463"/>
      <nd lat="44.2937896" lon="9.7890957"/>
      <nd lat="44.2937190" lon="9.7892046"/>
      <nd lat="44.2936859" lon="9.7892690"/>
      <nd lat="44.2936226" lon="9.7892842"/>
      <nd lat="44.2935689" lon="9.7892502"/>
      <nd lat="44.2934620" lon="9.7892275"/>
      <nd lat="44.2932842" lon="9.7893135"/>
      <nd lat="44.2931380" lon="9.7894382"/>
      <nd lat="44.2928938" lon="9.7896664"/>
      <nd lat="44.2920725" lon="9.7904352"/>
      <nd lat="44.2917423" lon="9.7907232"/>
      <nd lat="44.2914335" lon="9.7911645"/>
      <nd lat="44.2912925" lon="9.7913565"/>
      <nd lat="44.2912813" lon="9.7914360"/>
      <nd lat="44.2912714" lon="9.7915066"/>
      <nd lat="44.2912795" lon="9.7915863"/>
      <nd lat="44.2912539" lon="9.7917033"/>
      <nd lat="44.2911864" lon="9.7917576"/>
      <nd lat="44.2910662" lon="9.7917957"/>
      <nd lat="44.2909671" lon="9.7918555"/>
      <nd lat="44.2909134" lon="9.7919442"/>
      <nd lat="44.2908768" lon="9.7920545"/>
      <nd lat="44.2908630" lon="9.7921662"/>
      <nd lat="44.2908422" lon="9.7923028"/>
      <nd lat="44.2908137" lon="9.7923575"/>
      <nd lat="44.2907864" lon="9.7924059"/>
      <nd lat="44.2907130" lon="9.7924141"/>
      <nd lat="44.2906112" lon="9.7924364"/>
    </member>
    <member type="way" ref="810890462" role="">
      <nd lat="44.2906112" lon="9.7924364"/>
      <nd lat="44.2905552" lon="9.7924723"/>
      <nd lat="44.2905114" lon="9.7925520"/>
      <nd lat="44.2904666" lon="9.7927313"/>
      <nd lat="44.2904172" lon="9.7929039"/>
      <nd lat="44.2903060" lon="9.7931653"/>
      <nd lat="44.2902813" lon="9.7933293"/>
      <nd lat="44.2902935" lon="9.7935170"/>
      <nd lat="44.2904141" lon="9.7938644"/>
      <nd lat="44.2904051" lon="9.7939323"/>
      <nd lat="44.2903756" lon="9.7939890"/>
      <nd lat="44.2903043" lon="9.7940073"/>
      <nd lat="44.2902221" lon="9.7940058"/>
      <nd lat="44.2901501" lon="9.7940492"/>
      <nd lat="44.2900611" lon="9.7941191"/>
      <nd lat="44.2899215" lon="9.7942770"/>
      <nd lat="44.2897587" lon="9.7943961"/>
      <nd lat="44.2896886" lon="9.7944481"/>
      <nd lat="44.2896568" lon="9.7945270"/>
      <nd lat="44.2896054" lon="9.7946899"/>
      <nd lat="44.2895682" lon="9.7947958"/>
      <nd lat="44.2894991" lon="9.7948338"/>
      <nd lat="44.2894324" lon="9.7948585"/>
      <nd lat="44.2892990" lon="9.7949715"/>
      <nd lat="44.2890225" lon="9.7951266"/>
    </member>
    <member type="way" ref="810890463" role="">
      <nd lat="44.2890225" lon="9.7951266"/>
      <nd lat="44.2889502" lon="9.7952210"/>
      <nd lat="44.2889109" lon="9.7953573"/>
      <nd lat="44.2888810" lon="9.7956293"/>
      <nd lat="44.2888242" lon="9.7958087"/>
      <nd lat="44.2887654" lon="9.7959579"/>
      <nd lat="44.2885954" lon="9.7962560"/>
      <nd lat="44.2884359" lon="9.7964564"/>
      <nd lat="44.2882392" lon="9.7967509"/>
      <nd lat="44.2881101" lon="9.7970683"/>
      <nd lat="44.2880152" lon="9.7973983"/>
      <nd lat="44.2879291" lon="9.7975948"/>
      <nd lat="44.2878593" lon="9.7977992"/>
      <nd lat="44.2878349" lon="9.7979285"/>
      <nd lat="44.2878303" lon="9.7980486"/>
      <nd lat="44.2877659" lon="9.7983671"/>
      <nd lat="44.2876461" lon="9.7987473"/>
      <nd lat="44.2874836" lon="9.7991325"/>
      <nd lat="44.2874120" lon="9.7992646"/>
      <nd lat="44.2873267" lon="9.7993870"/>
      <nd lat="44.2871237" lon="9.7997191"/>
      <nd lat="44.2870001" lon="9.7999518"/>
      <nd lat="44.2868942" lon="9.8001642"/>
      <nd lat="44.2868302" lon="9.8003757"/>
      <nd lat="44.2867696" lon="9.8005418"/>
      <nd lat="44.2866283" lon="9.8007688"/>
      <nd lat="44.2865804" lon="9.8009068"/>
      <nd lat="44.2865436" lon="9.8010219"/>
    </member>
    <member type="way" ref="810890464" role="">
      <nd lat="44.2865436" lon="9.8010219"/>
      <nd lat="44.2864588" lon="9.8011012"/>
      <nd lat="44.2862900" lon="9.8012710"/>
      <nd lat="44.2860967" lon="9.8015775"/>
      <nd lat="44.2859767" lon="9.8017700"/>
      <nd lat="44.2858915" lon="9.8019689"/>
      <nd lat="44.2858442" lon="9.8021358"/>
      <nd lat="44.2858162" lon="9.8023051"/>
      <nd lat="44.2857530" lon="9.8024619"/>
      <nd lat="44.2856312" lon="9.8026249"/>
      <nd lat="44.2854576" lon="9.8028584"/>
      <nd lat="44.2853285" lon="9.8030465"/>
      <nd lat="44.2852539" lon="9.8030754"/>
      <nd lat="44.2850442" lon="9.8031752"/>
      <nd lat="44.2847681" lon="9.8032676"/>
    </member>
    <member type="way" ref="810890465" role="">
      <nd lat="44.2847681" lon="9.8032676"/>
      <nd lat="44.2846290" lon="9.8033702"/>
      <nd lat="44.2844801" lon="9.8035791"/>
      <nd lat="44.2843449" lon="9.8037641"/>
      <nd lat="44.2842015" lon="9.8038996"/>
      <nd lat="44.2841361" lon="9.8040108"/>
      <nd lat="44.2839520" lon="9.8042234"/>
      <nd lat="44.2837496" lon="9.8044628"/>
      <nd lat="44.2835460" lon="9.8047443"/>
      <nd lat="44.2833846" lon="9.8049819"/>
      <nd lat="44.2832840" lon="9.8052609"/>
      <nd lat="44.2831807" lon="9.8053578"/>
      <nd lat="44.2831394" lon="9.8053796"/>
      <nd lat="44.2830853" lon="9.8053972"/>
      <nd lat="44.2829802" lon="9.8053731"/>
    </member>
    <member type="way" ref="77388187" role="">
      <nd lat="44.2829802" lon="9.8053731"/>
      <nd lat="44.2829227" lon="9.8053888"/>
      <nd lat="44.2828602" lon="9.8054158"/>
      <nd lat="44.2827402" lon="9.8054983"/>
      <nd lat="44.2826652" lon="9.8055471"/>
      <nd lat="44.2826186" lon="9.8056097"/>
      <nd lat="44.2824566" lon="9.8058003"/>
      <nd lat="44.2823798" lon="9.8059071"/>
      <nd lat="44.2823206" lon="9.8060352"/>
      <nd lat="44.2823146" lon="9.8060673"/>
      <nd lat="44.2823144" lon="9.8061016"/>
      <nd lat="44.2823249" lon="9.8061501"/>
      <nd lat="44.2823409" lon="9.8061954"/>
      <nd lat="44.2823551" lon="9.8062425"/>
      <nd lat="44.2823607" lon="9.8062823"/>
      <nd lat="44.2823544" lon="9.8063678"/>
      <nd lat="44.2823332" lon="9.8064423"/>
      <nd lat="44.2822877" lon="9.8065661"/>
      <nd lat="44.2822493" lon="9.8066230"/>
      <nd lat="44.2822085" lon="9.8066482"/>
      <nd lat="44.2821622" lon="9.8066515"/>
      <nd lat="44.2821190" lon="9.8066250"/>
      <nd lat="44.2820632" lon="9.8066067"/>
      <nd lat="44.2820017" lon="9.8066011"/>
      <nd lat="44.2818984" lon="9.8066173"/>
      <nd lat="44.2817873" lon="9.8066637"/>
      <nd lat="44.2816909" lon="9.8067435"/>
      <nd lat="44.2815773" lon="9.8068987"/>
      <nd lat="44.2813985" lon="9.8071607"/>
      <nd lat="44.2811339" lon="9.8076289"/>
      <nd lat="44.2808538" lon="9.8080419"/>
      <nd lat="44.2807515" lon="9.8082610"/>
      <nd lat="44.2806711" lon="9.8083936"/>
      <nd lat="44.2805883" lon="9.8084799"/>
      <nd lat="44.2804755" lon="9.8085263"/>
      <nd lat="44.2804244" lon="9.8085359"/>
      <nd lat="44.2803771" lon="9.8085421"/>
      <nd lat="44.2802866" lon="9.8085365"/>
      <nd lat="44.2802097" lon="9.8084988"/>
      <nd lat="44.2801300" lon="9.8084837"/>
      <nd lat="44.2800341" lon="9.8084799"/>
      <nd lat="44.2798478" lon="9.8084403"/>
      <nd lat="44.2797884" lon="9.8083913"/>
      <nd lat="44.2797384" lon="9.8083743"/>
      <nd lat="44.2797033" lon="9.8084120"/>
      <nd lat="44.2796931" lon="9.8084494"/>
      <nd lat="44.2796952" lon="9.8084969"/>
      <nd lat="44.2797224" lon="9.8085417"/>
      <nd lat="44.2798028" lon="9.8086192"/>
      <nd lat="44.2799036" lon="9.8087025"/>
      <nd lat="44.2799231" lon="9.8087512"/>
    </member>
    <member type="way" ref="45406155" role="">
      <nd lat="44.2786969" lon="9.8092260"/>
      <nd lat="44.2788107" lon="9.8091004"/>
      <nd lat="44.2789164" lon="9.8089836"/>
      <nd lat="44.2789894" lon="9.8089066"/>
      <nd lat="44.2790688" lon="9.8088260"/>
      <nd lat="44.2791481" lon="9.8087625"/>
      <nd lat="44.2792920" lon="9.8087015"/>
      <nd lat="44.2794853" lon="9.8086835"/>
      <nd lat="44.2795558" lon="9.8086982"/>
      <nd lat="44.2797286" lon="9.8087642"/>
      <nd lat="44.2798739" lon="9.8088134"/>
      <nd lat="44.2799231" lon="9.8087512"/>
    </member>
    <tag k="ascent" v="265"/>
    <tag k="cai_scale" v="T"/>
    <tag k="descent" v="205"/>
    <tag k="description" v="High Way of the Ligurian Mountains - Stage 40"/>
    <tag k="description:de" v="Ligurische Grenzkammstraße"/>
    <tag k="description:it" v="Alta Via dei Monti Liguri - Tappa 40"/>
    <tag k="distance" v="10.1"/>
    <tag k="duration:backward" v="03:00"/>
    <tag k="duration:forward" v="03:15"/>
    <tag k="from" v="Passo del Rastrello"/>
    <tag k="name" v="Passo di Rastello - Passo dei Casoni"/>
    <tag k="network" v="lwn"/>
    <tag k="note" v="relation mantained by AlfredoSP (CAI-SP)"/>
    <tag k="note:it" v="relazione mantenuta da AlfredoSP (CAI-SP)"/>
    <tag k="note:project_page" v="http://wiki.openstreetmap.org/wiki/Liguria/Sentieri"/>
    <tag k="operator" v="Club Alpino Italiano"/>
    <tag k="osmc:symbol" v="red:red:white_stripe:AV:black"/>
    <tag k="ref" v="AV40"/>
    <tag k="ref:REI" v="GSPA1990"/>
    <tag k="reg_ref" v="GSPA19901PE"/>
    <tag k="route" v="hiking"/>
    <tag k="rwn:name" v="Rete Escursionistica Ligure (REL)"/>
    <tag k="source" v="survey:CAI"/>
    <tag k="survey:date" v="2017-12-31"/>
    <tag k="symbol" v="AV on white red flag"/>
    <tag k="symbol:it" v="AV su segnavia bianco e rosso"/>
    <tag k="to" v="Passo dei Casoni"/>
    <tag k="type" v="route"/>
  </relation>
</new>
</action>
<action type="modify">
<old>
  <relation id="1143785" version="32" timestamp="2023-11-04T23:14:42Z" changeset="143633154" uid="3215770" user="Andrea Del Sarto">
    <bounds minlat="43.7904939" minlon="7.6019254" maxlat="43.8566427" maxlon="7.6224008"/>
    <member type="way" ref="246140060" role="">
      <nd lat="43.7908733" lon="7.6127555"/>
      <nd lat="43.7908521" lon="7.6127017"/>
      <nd lat="43.7906764" lon="7.6126019"/>
      <nd lat="43.7905862" lon="7.6125483"/>
    </member>
    <member type="way" ref="115907870" role="">
      <nd lat="43.7907490" lon="7.6144846"/>
      <nd lat="43.7907262" lon="7.6144820"/>
      <nd lat="43.7907035" lon="7.6144702"/>
      <nd lat="43.7905619" lon="7.6143380"/>
      <nd lat="43.7905415" lon="7.6143097"/>
      <nd lat="43.7905238" lon="7.6142718"/>
      <nd lat="43.7905083" lon="7.6142300"/>
      <nd lat="43.7905004" lon="7.6141994"/>
      <nd lat="43.7904939" lon="7.6141649"/>
      <nd lat="43.7904961" lon="7.6141183"/>
      <nd lat="43.7905018" lon="7.6140770"/>
      <nd lat="43.7905290" lon="7.6139916"/>
      <nd lat="43.7905740" lon="7.6138701"/>
      <nd lat="43.7906214" lon="7.6137375"/>
      <nd lat="43.7906915" lon="7.6134985"/>
      <nd lat="43.7907502" lon="7.6132835"/>
      <nd lat="43.7908135" lon="7.6130318"/>
      <nd lat="43.7908733" lon="7.6127555"/>
    </member>
    <member type="way" ref="264896943" role="">
      <nd lat="43.7907490" lon="7.6144846"/>
      <nd lat="43.7907703" lon="7.6144785"/>
      <nd lat="43.7907915" lon="7.6144671"/>
      <nd lat="43.7908311" lon="7.6144294"/>
    </member>
    <member type="way" ref="115907877" role="">
      <nd lat="43.7908311" lon="7.6144294"/>
      <nd lat="43.7908662" lon="7.6144620"/>
      <nd lat="43.7908895" lon="7.6144744"/>
      <nd lat="43.7909548" lon="7.6144861"/>
      <nd lat="43.7911604" lon="7.6145194"/>
      <nd lat="43.7914126" lon="7.6145553"/>
      <nd lat="43.7916610" lon="7.6145732"/>
      <nd lat="43.7918896" lon="7.6145656"/>
      <nd lat="43.7919667" lon="7.6145950"/>
      <nd lat="43.7919982" lon="7.6146235"/>
      <nd lat="43.7920251" lon="7.6146825"/>
      <nd lat="43.7920160" lon="7.6147309"/>
      <nd lat="43.7919805" lon="7.6147712"/>
      <nd lat="43.7919172" lon="7.6147872"/>
      <nd lat="43.7917897" lon="7.6148153"/>
      <nd lat="43.7917253" lon="7.6148527"/>
      <nd lat="43.7916635" lon="7.6148809"/>
      <nd lat="43.7915118" lon="7.6149639"/>
      <nd lat="43.7913416" lon="7.6150847"/>
      <nd lat="43.7911109" lon="7.6152612"/>
      <nd lat="43.7909056" lon="7.6154822"/>
      <nd lat="43.7907649" lon="7.6157027"/>
      <nd lat="43.7906325" lon="7.6159528"/>
      <nd lat="43.7905666" lon="7.6161293"/>
      <nd lat="43.7905302" lon="7.6163836"/>
      <nd lat="43.7905285" lon="7.6166242"/>
      <nd lat="43.7905278" lon="7.6167296"/>
      <nd lat="43.7905305" lon="7.6167866"/>
      <nd lat="43.7905332" lon="7.6168437"/>
    </member>
    <member type="way" ref="58665945" role="">
      <nd lat="43.7905332" lon="7.6168437"/>
      <nd lat="43.7905672" lon="7.6170511"/>
      <nd lat="43.7906070" lon="7.6175520"/>
      <nd lat="43.7906722" lon="7.6178717"/>
      <nd lat="43.7907374" lon="7.6181614"/>
      <nd lat="43.7907672" lon="7.6183419"/>
      <nd lat="43.7908394" lon="7.6186218"/>
      <nd lat="43.7908821" lon="7.6187579"/>
      <nd lat="43.7909446" lon="7.6190501"/>
      <nd lat="43.7909744" lon="7.6192538"/>
      <nd lat="43.7910288" lon="7.6194475"/>
      <nd lat="43.7911121" lon="7.6196386"/>
      <nd lat="43.7911237" lon="7.6195178"/>
      <nd lat="43.7911596" lon="7.6192298"/>
      <nd lat="43.7911867" lon="7.6190474"/>
      <nd lat="43.7912370" lon="7.6188140"/>
      <nd lat="43.7912699" lon="7.6187876"/>
      <nd lat="43.7912951" lon="7.6188462"/>
      <nd lat="43.7913435" lon="7.6189991"/>
      <nd lat="43.7914306" lon="7.6192271"/>
      <nd lat="43.7914945" lon="7.6193558"/>
      <nd lat="43.7915261" lon="7.6195123"/>
      <nd lat="43.7915361" lon="7.6195624"/>
      <nd lat="43.7915476" lon="7.6195787"/>
      <nd lat="43.7915618" lon="7.6195797"/>
      <nd lat="43.7915787" lon="7.6195719"/>
      <nd lat="43.7916006" lon="7.6195021"/>
      <nd lat="43.7916386" lon="7.6193849"/>
      <nd lat="43.7916658" lon="7.6192937"/>
      <nd lat="43.7916841" lon="7.6192930"/>
      <nd lat="43.7916951" lon="7.6193154"/>
      <nd lat="43.7917092" lon="7.6193251"/>
      <nd lat="43.7917212" lon="7.6192928"/>
      <nd lat="43.7917285" lon="7.6191243"/>
      <nd lat="43.7917828" lon="7.6189738"/>
      <nd lat="43.7918154" lon="7.6190340"/>
      <nd lat="43.7919174" lon="7.6191853"/>
      <nd lat="43.7920027" lon="7.6193839"/>
      <nd lat="43.7920597" lon="7.6195569"/>
      <nd lat="43.7920938" lon="7.6196869"/>
      <nd lat="43.7921005" lon="7.6198390"/>
      <nd lat="43.7921684" lon="7.6201211"/>
      <nd lat="43.7922644" lon="7.6203245"/>
      <nd lat="43.7923246" lon="7.6203978"/>
      <nd lat="43.7924408" lon="7.6204860"/>
      <nd lat="43.7924979" lon="7.6204966"/>
      <nd lat="43.7925107" lon="7.6205319"/>
      <nd lat="43.7924969" lon="7.6205960"/>
      <nd lat="43.7924654" lon="7.6206712"/>
      <nd lat="43.7924535" lon="7.6207606"/>
      <nd lat="43.7924644" lon="7.6208205"/>
      <nd lat="43.7924902" lon="7.6208371"/>
      <nd lat="43.7925163" lon="7.6208417"/>
      <nd lat="43.7925703" lon="7.6207732"/>
      <nd lat="43.7926519" lon="7.6206896"/>
      <nd lat="43.7927878" lon="7.6206044"/>
      <nd lat="43.7928950" lon="7.6206189"/>
      <nd lat="43.7929546" lon="7.6205810"/>
      <nd lat="43.7932107" lon="7.6204504"/>
      <nd lat="43.7933406" lon="7.6204385"/>
      <nd lat="43.7935455" lon="7.6204654"/>
      <nd lat="43.7936402" lon="7.6205081"/>
      <nd lat="43.7937375" lon="7.6205546"/>
      <nd lat="43.7937479" lon="7.6205983"/>
      <nd lat="43.7937972" lon="7.6206117"/>
      <nd lat="43.7938365" lon="7.6206830"/>
      <nd lat="43.7938351" lon="7.6207873"/>
      <nd lat="43.7938142" lon="7.6208964"/>
      <nd lat="43.7938375" lon="7.6209665"/>
    </member>
    <member type="way" ref="115954047" role="">
      <nd lat="43.7938375" lon="7.6209665"/>
      <nd lat="43.7938925" lon="7.6210841"/>
      <nd lat="43.7940419" lon="7.6213060"/>
      <nd lat="43.7941286" lon="7.6215372"/>
    </member>
    <member type="way" ref="225835443" role="">
      <nd lat="43.7941286" lon="7.6215372"/>
      <nd lat="43.7941327" lon="7.6216259"/>
      <nd lat="43.7942097" lon="7.6218180"/>
      <nd lat="43.7944341" lon="7.6221744"/>
      <nd lat="43.7946071" lon="7.6223774"/>
      <nd lat="43.7946615" lon="7.6224008"/>
      <nd lat="43.7947040" lon="7.6223907"/>
      <nd lat="43.7947363" lon="7.6223505"/>
      <nd lat="43.7947777" lon="7.6222589"/>
      <nd lat="43.7948116" lon="7.6221341"/>
      <nd lat="43.7948290" lon="7.6221004"/>
      <nd lat="43.7948561" lon="7.6220803"/>
      <nd lat="43.7950330" lon="7.6220436"/>
      <nd lat="43.7952392" lon="7.6219879"/>
      <nd lat="43.7954667" lon="7.6218269"/>
      <nd lat="43.7956109" lon="7.6216594"/>
      <nd lat="43.7957809" lon="7.6214582"/>
      <nd lat="43.7959476" lon="7.6212395"/>
      <nd lat="43.7960683" lon="7.6210395"/>
      <nd lat="43.7961572" lon="7.6209101"/>
      <nd lat="43.7965211" lon="7.6203805"/>
      <nd lat="43.7968676" lon="7.6199500"/>
      <nd lat="43.7969167" lon="7.6198891"/>
      <nd lat="43.7970241" lon="7.6197557"/>
      <nd lat="43.7974062" lon="7.6193747"/>
      <nd lat="43.7974635" lon="7.6193176"/>
      <nd lat="43.7976767" lon="7.6191198"/>
      <nd lat="43.7977327" lon="7.6190978"/>
      <nd lat="43.7978613" lon="7.6190733"/>
      <nd lat="43.7979703" lon="7.6190330"/>
      <nd lat="43.7981218" lon="7.6189031"/>
      <nd lat="43.7982670" lon="7.6187521"/>
      <nd lat="43.7985749" lon="7.6184468"/>
      <nd lat="43.7986939" lon="7.6183719"/>
      <nd lat="43.7988128" lon="7.6182969"/>
      <nd lat="43.7989710" lon="7.6182113"/>
      <nd lat="43.7991045" lon="7.6181523"/>
      <nd lat="43.7995129" lon="7.6179869"/>
      <nd lat="43.7995918" lon="7.6179549"/>
      <nd lat="43.7996733" lon="7.6178816"/>
    </member>
    <member type="way" ref="196629122" role="">
      <nd lat="43.7996733" lon="7.6178816"/>
      <nd lat="43.7997489" lon="7.6177767"/>
      <nd lat="43.7997936" lon="7.6176990"/>
      <nd lat="43.7998898" lon="7.6175573"/>
      <nd lat="43.7999052" lon="7.6175426"/>
      <nd lat="43.8000528" lon="7.6174017"/>
      <nd lat="43.8002770" lon="7.6171404"/>
      <nd lat="43.8004674" lon="7.6168487"/>
      <nd lat="43.8005668" lon="7.6166646"/>
      <nd lat="43.8006257" lon="7.6165376"/>
      <nd lat="43.8008791" lon="7.6161457"/>
      <nd lat="43.8009830" lon="7.6159790"/>
      <nd lat="43.8011075" lon="7.6156673"/>
      <nd lat="43.8011872" lon="7.6155435"/>
      <nd lat="43.8016376" lon="7.6148440"/>
      <nd lat="43.8020083" lon="7.6142431"/>
      <nd lat="43.8021318" lon="7.6140908"/>
      <nd lat="43.8025393" lon="7.6137438"/>
      <nd lat="43.8030025" lon="7.6135573"/>
      <nd lat="43.8033317" lon="7.6134017"/>
      <nd lat="43.8034759" lon="7.6133211"/>
      <nd lat="43.8035538" lon="7.6132278"/>
    </member>
    <member type="way" ref="115954041" role="">
      <nd lat="43.8035538" lon="7.6132278"/>
      <nd lat="43.8038084" lon="7.6130732"/>
      <nd lat="43.8042210" lon="7.6129529"/>
      <nd lat="43.8046200" lon="7.6127717"/>
      <nd lat="43.8048517" lon="7.6125963"/>
      <nd lat="43.8056260" lon="7.6120747"/>
      <nd lat="43.8057504" lon="7.6120018"/>
    </member>
    <member type="way" ref="115954049" role="">
      <nd lat="43.8057504" lon="7.6120018"/>
      <nd lat="43.8059868" lon="7.6116952"/>
      <nd lat="43.8063584" lon="7.6114731"/>
      <nd lat="43.8064553" lon="7.6113753"/>
      <nd lat="43.8067713" lon="7.6108829"/>
      <nd lat="43.8068121" lon="7.6108003"/>
    </member>
    <member type="way" ref="225835442" role="">
      <nd lat="43.8068121" lon="7.6108003"/>
      <nd lat="43.8068896" lon="7.6107154"/>
      <nd lat="43.8076280" lon="7.6097345"/>
      <nd lat="43.8080103" lon="7.6094717"/>
      <nd lat="43.8080744" lon="7.6093835"/>
      <nd lat="43.8083838" lon="7.6089752"/>
      <nd lat="43.8088923" lon="7.6084510"/>
      <nd lat="43.8090254" lon="7.6081692"/>
      <nd lat="43.8092679" lon="7.6074863"/>
      <nd lat="43.8098542" lon="7.6065156"/>
      <nd lat="43.8099623" lon="7.6061200"/>
      <nd lat="43.8102659" lon="7.6055582"/>
      <nd lat="43.8105134" lon="7.6050636"/>
      <nd lat="43.8106325" lon="7.6047424"/>
      <nd lat="43.8108661" lon="7.6043787"/>
      <nd lat="43.8109955" lon="7.6041110"/>
      <nd lat="43.8110677" lon="7.6039515"/>
      <nd lat="43.8111705" lon="7.6037735"/>
      <nd lat="43.8112873" lon="7.6036649"/>
      <nd lat="43.8113228" lon="7.6036151"/>
      <nd lat="43.8113454" lon="7.6035593"/>
      <nd lat="43.8113556" lon="7.6034855"/>
      <nd lat="43.8113371" lon="7.6033970"/>
    </member>
    <member type="way" ref="115956188" role="">
      <nd lat="43.8113371" lon="7.6033970"/>
      <nd lat="43.8113889" lon="7.6032013"/>
      <nd lat="43.8114689" lon="7.6030810"/>
      <nd lat="43.8115932" lon="7.6029800"/>
      <nd lat="43.8117598" lon="7.6027521"/>
      <nd lat="43.8119031" lon="7.6025115"/>
      <nd lat="43.8121086" lon="7.6022788"/>
      <nd lat="43.8125357" lon="7.6023476"/>
      <nd lat="43.8129003" lon="7.6023001"/>
      <nd lat="43.8132541" lon="7.6021175"/>
      <nd lat="43.8134151" lon="7.6019523"/>
      <nd lat="43.8135734" lon="7.6019545"/>
      <nd lat="43.8136992" lon="7.6020263"/>
      <nd lat="43.8138372" lon="7.6019947"/>
      <nd lat="43.8139566" lon="7.6019254"/>
      <nd lat="43.8140498" lon="7.6019266"/>
      <nd lat="43.8142413" lon="7.6019835"/>
      <nd lat="43.8143176" lon="7.6020062"/>
      <nd lat="43.8143803" lon="7.6019845"/>
      <nd lat="43.8154186" lon="7.6019485"/>
      <nd lat="43.8160342" lon="7.6021991"/>
      <nd lat="43.8164737" lon="7.6021893"/>
      <nd lat="43.8168174" lon="7.6021791"/>
      <nd lat="43.8170376" lon="7.6021726"/>
      <nd lat="43.8171564" lon="7.6022126"/>
      <nd lat="43.8172710" lon="7.6023236"/>
      <nd lat="43.8173404" lon="7.6024776"/>
    </member>
    <member type="way" ref="115954052" role="">
      <nd lat="43.8173404" lon="7.6024776"/>
      <nd lat="43.8173660" lon="7.6026414"/>
      <nd lat="43.8173328" lon="7.6027968"/>
      <nd lat="43.8171388" lon="7.6033641"/>
      <nd lat="43.8171087" lon="7.6036682"/>
      <nd lat="43.8171229" lon="7.6039117"/>
      <nd lat="43.8172794" lon="7.6041320"/>
      <nd lat="43.8174324" lon="7.6043913"/>
      <nd lat="43.8177354" lon="7.6049949"/>
      <nd lat="43.8179753" lon="7.6052769"/>
      <nd lat="43.8182647" lon="7.6058504"/>
      <nd lat="43.8186555" lon="7.6061328"/>
      <nd lat="43.8190001" lon="7.6063703"/>
      <nd lat="43.8193814" lon="7.6064481"/>
      <nd lat="43.8194289" lon="7.6064200"/>
      <nd lat="43.8195814" lon="7.6063298"/>
      <nd lat="43.8196277" lon="7.6062844"/>
      <nd lat="43.8199127" lon="7.6060052"/>
      <nd lat="43.8200859" lon="7.6058674"/>
      <nd lat="43.8202495" lon="7.6058025"/>
      <nd lat="43.8206285" lon="7.6057729"/>
      <nd lat="43.8209744" lon="7.6056383"/>
      <nd lat="43.8215222" lon="7.6054480"/>
      <nd lat="43.8217455" lon="7.6055518"/>
      <nd lat="43.8220153" lon="7.6058912"/>
      <nd lat="43.8221202" lon="7.6060359"/>
    </member>
    <member type="way" ref="58665946" role="">
      <nd lat="43.8221202" lon="7.6060359"/>
      <nd lat="43.8222784" lon="7.6061463"/>
      <nd lat="43.8224039" lon="7.6061716"/>
      <nd lat="43.8225174" lon="7.6061865"/>
      <nd lat="43.8225832" lon="7.6061967"/>
      <nd lat="43.8226360" lon="7.6062161"/>
      <nd lat="43.8226877" lon="7.6062482"/>
      <nd lat="43.8227506" lon="7.6062764"/>
      <nd lat="43.8228339" lon="7.6062906"/>
      <nd lat="43.8229160" lon="7.6063283"/>
      <nd lat="43.8229939" lon="7.6063639"/>
      <nd lat="43.8230361" lon="7.6064001"/>
      <nd lat="43.8230817" lon="7.6064351"/>
      <nd lat="43.8231275" lon="7.6064696"/>
      <nd lat="43.8231883" lon="7.6064842"/>
      <nd lat="43.8232625" lon="7.6065010"/>
      <nd lat="43.8233390" lon="7.6065065"/>
      <nd lat="43.8233850" lon="7.6065417"/>
      <nd lat="43.8234150" lon="7.6065474"/>
      <nd lat="43.8234960" lon="7.6065549"/>
      <nd lat="43.8235235" lon="7.6065658"/>
      <nd lat="43.8236593" lon="7.6066639"/>
      <nd lat="43.8237340" lon="7.6066721"/>
      <nd lat="43.8238062" lon="7.6067512"/>
      <nd lat="43.8239764" lon="7.6068720"/>
      <nd lat="43.8241182" lon="7.6069388"/>
      <nd lat="43.8242358" lon="7.6069497"/>
      <nd lat="43.8243078" lon="7.6069567"/>
      <nd lat="43.8244143" lon="7.6069762"/>
      <nd lat="43.8244588" lon="7.6069700"/>
      <nd lat="43.8245000" lon="7.6069347"/>
      <nd lat="43.8245443" lon="7.6069305"/>
      <nd lat="43.8246462" lon="7.6071225"/>
      <nd lat="43.8247283" lon="7.6073090"/>
      <nd lat="43.8247882" lon="7.6074197"/>
    </member>
    <member type="way" ref="402587393" role="">
      <nd lat="43.8250244" lon="7.6074213"/>
      <nd lat="43.8249962" lon="7.6074294"/>
      <nd lat="43.8249107" lon="7.6074240"/>
      <nd lat="43.8248521" lon="7.6074210"/>
      <nd lat="43.8247882" lon="7.6074197"/>
    </member>
    <member type="way" ref="115907867" role="">
      <nd lat="43.8256120" lon="7.6068858"/>
      <nd lat="43.8255343" lon="7.6069637"/>
      <nd lat="43.8254621" lon="7.6070223"/>
      <nd lat="43.8253729" lon="7.6070987"/>
      <nd lat="43.8252416" lon="7.6072561"/>
      <nd lat="43.8251313" lon="7.6073472"/>
      <nd lat="43.8250244" lon="7.6074213"/>
    </member>
    <member type="way" ref="402587395" role="">
      <nd lat="43.8269458" lon="7.6064960"/>
      <nd lat="43.8266858" lon="7.6065078"/>
      <nd lat="43.8265025" lon="7.6066094"/>
      <nd lat="43.8262681" lon="7.6067163"/>
      <nd lat="43.8260536" lon="7.6067745"/>
      <nd lat="43.8258952" lon="7.6067887"/>
      <nd lat="43.8257810" lon="7.6068249"/>
      <nd lat="43.8256120" lon="7.6068858"/>
    </member>
    <member type="way" ref="402587387" role="">
      <nd lat="43.8283651" lon="7.6074590"/>
      <nd lat="43.8282226" lon="7.6071527"/>
      <nd lat="43.8281084" lon="7.6069785"/>
      <nd lat="43.8278837" lon="7.6067960"/>
      <nd lat="43.8276796" lon="7.6064920"/>
      <nd lat="43.8276154" lon="7.6064404"/>
      <nd lat="43.8275610" lon="7.6064212"/>
      <nd lat="43.8274608" lon="7.6064649"/>
      <nd lat="43.8273352" lon="7.6065198"/>
      <nd lat="43.8271880" lon="7.6065301"/>
      <nd lat="43.8269963" lon="7.6064937"/>
      <nd lat="43.8269458" lon="7.6064960"/>
    </member>
    <member type="way" ref="115907866" role="">
      <nd lat="43.8341901" lon="7.6064710"/>
      <nd lat="43.8340115" lon="7.6065301"/>
      <nd lat="43.8338125" lon="7.6067259"/>
      <nd lat="43.8337068" lon="7.6068055"/>
      <nd lat="43.8334249" lon="7.6069017"/>
      <nd lat="43.8333040" lon="7.6069567"/>
      <nd lat="43.8331457" lon="7.6070301"/>
      <nd lat="43.8330154" lon="7.6070818"/>
      <nd lat="43.8328658" lon="7.6070670"/>
      <nd lat="43.8325349" lon="7.6069597"/>
      <nd lat="43.8324129" lon="7.6067662"/>
      <nd lat="43.8323351" lon="7.6067659"/>
      <nd lat="43.8322859" lon="7.6068009"/>
      <nd lat="43.8322137" lon="7.6069108"/>
      <nd lat="43.8320821" lon="7.6070950"/>
      <nd lat="43.8320134" lon="7.6071860"/>
      <nd lat="43.8319608" lon="7.6072923"/>
      <nd lat="43.8318964" lon="7.6075709"/>
      <nd lat="43.8318364" lon="7.6078635"/>
      <nd lat="43.8318645" lon="7.6081903"/>
      <nd lat="43.8318661" lon="7.6082894"/>
      <nd lat="43.8318396" lon="7.6083799"/>
      <nd lat="43.8315181" lon="7.6087488"/>
      <nd lat="43.8314809" lon="7.6087834"/>
      <nd lat="43.8314084" lon="7.6088181"/>
      <nd lat="43.8313619" lon="7.6088112"/>
      <nd lat="43.8313091" lon="7.6087865"/>
      <nd lat="43.8312430" lon="7.6087700"/>
      <nd lat="43.8311687" lon="7.6087699"/>
      <nd lat="43.8310905" lon="7.6087628"/>
      <nd lat="43.8310024" lon="7.6087301"/>
      <nd lat="43.8309259" lon="7.6086741"/>
      <nd lat="43.8307418" lon="7.6084758"/>
      <nd lat="43.8306331" lon="7.6083738"/>
      <nd lat="43.8304725" lon="7.6082970"/>
      <nd lat="43.8304073" lon="7.6081852"/>
      <nd lat="43.8303101" lon="7.6080322"/>
      <nd lat="43.8302406" lon="7.6079652"/>
      <nd lat="43.8301696" lon="7.6079249"/>
      <nd lat="43.8300703" lon="7.6079795"/>
      <nd lat="43.8299525" lon="7.6081154"/>
      <nd lat="43.8297993" lon="7.6082697"/>
      <nd lat="43.8297203" lon="7.6083712"/>
      <nd lat="43.8296869" lon="7.6084007"/>
      <nd lat="43.8295318" lon="7.6084032"/>
      <nd lat="43.8293937" lon="7.6083940"/>
      <nd lat="43.8291625" lon="7.6082924"/>
      <nd lat="43.8290804" lon="7.6081734"/>
      <nd lat="43.8288687" lon="7.6078261"/>
      <nd lat="43.8287624" lon="7.6077122"/>
      <nd lat="43.8286307" lon="7.6075929"/>
      <nd lat="43.8284862" lon="7.6074957"/>
      <nd lat="43.8283651" lon="7.6074590"/>
    </member>
    <member type="way" ref="175560379" role="">
      <nd lat="43.8414867" lon="7.6099484"/>
      <nd lat="43.8419419" lon="7.6100890"/>
      <nd lat="43.8424183" lon="7.6101585"/>
      <nd lat="43.8428874" lon="7.6102482"/>
      <nd lat="43.8431189" lon="7.6100755"/>
      <nd lat="43.8432761" lon="7.6099861"/>
      <nd lat="43.8438423" lon="7.6100898"/>
      <nd lat="43.8439076" lon="7.6101018"/>
      <nd lat="43.8442540" lon="7.6100601"/>
      <nd lat="43.8446040" lon="7.6099574"/>
      <nd lat="43.8450832" lon="7.6096943"/>
      <nd lat="43.8453292" lon="7.6096236"/>
      <nd lat="43.8455751" lon="7.6094985"/>
      <nd lat="43.8458879" lon="7.6093469"/>
      <nd lat="43.8462205" lon="7.6091471"/>
      <nd lat="43.8466461" lon="7.6088920"/>
      <nd lat="43.8471729" lon="7.6086452"/>
      <nd lat="43.8474089" lon="7.6084529"/>
      <nd lat="43.8474375" lon="7.6082926"/>
      <nd lat="43.8474486" lon="7.6080497"/>
      <nd lat="43.8474641" lon="7.6078130"/>
      <nd lat="43.8475157" lon="7.6076129"/>
      <nd lat="43.8476238" lon="7.6073858"/>
      <nd lat="43.8477380" lon="7.6071890"/>
      <nd lat="43.8479053" lon="7.6070384"/>
      <nd lat="43.8480974" lon="7.6068981"/>
      <nd lat="43.8485000" lon="7.6069249"/>
      <nd lat="43.8487477" lon="7.6067802"/>
      <nd lat="43.8489370" lon="7.6065881"/>
      <nd lat="43.8489384" lon="7.6064359"/>
      <nd lat="43.8489996" lon="7.6062974"/>
      <nd lat="43.8493301" lon="7.6058180"/>
      <nd lat="43.8496175" lon="7.6053875"/>
    </member>
    <member type="way" ref="58665941" role="">
      <nd lat="43.8496175" lon="7.6053875"/>
      <nd lat="43.8499887" lon="7.6052243"/>
      <nd lat="43.8500446" lon="7.6051974"/>
      <nd lat="43.8501271" lon="7.6051806"/>
      <nd lat="43.8501988" lon="7.6051183"/>
      <nd lat="43.8502619" lon="7.6050425"/>
      <nd lat="43.8503444" lon="7.6049651"/>
      <nd lat="43.8504355" lon="7.6049028"/>
      <nd lat="43.8505168" lon="7.6048977"/>
      <nd lat="43.8506018" lon="7.6048961"/>
      <nd lat="43.8506989" lon="7.6048186"/>
      <nd lat="43.8508190" lon="7.6046610"/>
      <nd lat="43.8509683" lon="7.6045838"/>
      <nd lat="43.8511372" lon="7.6045463"/>
      <nd lat="43.8512919" lon="7.6045197"/>
      <nd lat="43.8513998" lon="7.6045147"/>
      <nd lat="43.8515409" lon="7.6044342"/>
      <nd lat="43.8516428" lon="7.6044293"/>
      <nd lat="43.8517305" lon="7.6043635"/>
      <nd lat="43.8518052" lon="7.6043454"/>
      <nd lat="43.8519818" lon="7.6043734"/>
      <nd lat="43.8521264" lon="7.6044079"/>
      <nd lat="43.8522639" lon="7.6044062"/>
      <nd lat="43.8523872" lon="7.6044177"/>
      <nd lat="43.8525650" lon="7.6043734"/>
      <nd lat="43.8526349" lon="7.6043454"/>
      <nd lat="43.8527096" lon="7.6043356"/>
      <nd lat="43.8528862" lon="7.6043849"/>
      <nd lat="43.8529656" lon="7.6044243"/>
      <nd lat="43.8530476" lon="7.6044390"/>
      <nd lat="43.8531332" lon="7.6045209"/>
      <nd lat="43.8532023" lon="7.6045033"/>
      <nd lat="43.8532610" lon="7.6044963"/>
      <nd lat="43.8533776" lon="7.6044628"/>
      <nd lat="43.8534511" lon="7.6043768"/>
      <nd lat="43.8535246" lon="7.6043623"/>
      <nd lat="43.8536076" lon="7.6042764"/>
      <nd lat="43.8536832" lon="7.6041773"/>
      <nd lat="43.8537903" lon="7.6040346"/>
      <nd lat="43.8539699" lon="7.6040506"/>
      <nd lat="43.8540844" lon="7.6041613"/>
      <nd lat="43.8542724" lon="7.6043084"/>
      <nd lat="43.8543858" lon="7.6043681"/>
      <nd lat="43.8545381" lon="7.6043900"/>
      <nd lat="43.8546515" lon="7.6043987"/>
      <nd lat="43.8547418" lon="7.6043550"/>
      <nd lat="43.8548427" lon="7.6043157"/>
      <nd lat="43.8549655" lon="7.6043332"/>
      <nd lat="43.8551220" lon="7.6043681"/>
      <nd lat="43.8552470" lon="7.6044191"/>
      <nd lat="43.8553489" lon="7.6044628"/>
      <nd lat="43.8554297" lon="7.6045094"/>
      <nd lat="43.8555022" lon="7.6045691"/>
      <nd lat="43.8556618" lon="7.6045895"/>
      <nd lat="43.8558687" lon="7.6046346"/>
      <nd lat="43.8560252" lon="7.6046696"/>
      <nd lat="43.8561451" lon="7.6046517"/>
      <nd lat="43.8563043" lon="7.6046127"/>
      <nd lat="43.8564236" lon="7.6046210"/>
      <nd lat="43.8565279" lon="7.6045187"/>
      <nd lat="43.8566427" lon="7.6044606"/>
    </member>
    <member type="way" ref="402587388" role="">
      <nd lat="43.8343004" lon="7.6086254"/>
      <nd lat="43.8342806" lon="7.6085996"/>
      <nd lat="43.8342517" lon="7.6085606"/>
      <nd lat="43.8341909" lon="7.6084616"/>
      <nd lat="43.8341421" lon="7.6082863"/>
      <nd lat="43.8341344" lon="7.6081348"/>
      <nd lat="43.8341289" lon="7.6079721"/>
      <nd lat="43.8341180" lon="7.6077861"/>
      <nd lat="43.8341309" lon="7.6076945"/>
      <nd lat="43.8341548" lon="7.6075958"/>
      <nd lat="43.8342019" lon="7.6074762"/>
      <nd lat="43.8342284" lon="7.6073966"/>
      <nd lat="43.8342425" lon="7.6072935"/>
      <nd lat="43.8342355" lon="7.6072006"/>
      <nd lat="43.8342062" lon="7.6071192"/>
      <nd lat="43.8341810" lon="7.6070587"/>
      <nd lat="43.8341489" lon="7.6069703"/>
      <nd lat="43.8341414" lon="7.6068912"/>
      <nd lat="43.8341418" lon="7.6067972"/>
      <nd lat="43.8341734" lon="7.6067330"/>
      <nd lat="43.8341832" lon="7.6066861"/>
      <nd lat="43.8341973" lon="7.6065603"/>
      <nd lat="43.8341901" lon="7.6064710"/>
    </member>
    <member type="way" ref="402587389" role="">
      <nd lat="43.8343004" lon="7.6086254"/>
      <nd lat="43.8344670" lon="7.6087953"/>
      <nd lat="43.8344970" lon="7.6088193"/>
      <nd lat="43.8345657" lon="7.6088499"/>
      <nd lat="43.8346789" lon="7.6087637"/>
      <nd lat="43.8347845" lon="7.6087546"/>
      <nd lat="43.8349185" lon="7.6087275"/>
      <nd lat="43.8352624" lon="7.6087354"/>
      <nd lat="43.8353521" lon="7.6087656"/>
      <nd lat="43.8353883" lon="7.6088271"/>
      <nd lat="43.8354585" lon="7.6090887"/>
      <nd lat="43.8355476" lon="7.6092854"/>
      <nd lat="43.8355931" lon="7.6093080"/>
      <nd lat="43.8356653" lon="7.6093505"/>
      <nd lat="43.8357021" lon="7.6094269"/>
      <nd lat="43.8357301" lon="7.6094799"/>
      <nd lat="43.8358254" lon="7.6094960"/>
      <nd lat="43.8358846" lon="7.6094540"/>
    </member>
    <member type="way" ref="115956189" role="">
      <nd lat="43.8358846" lon="7.6094540"/>
      <nd lat="43.8359796" lon="7.6096094"/>
    </member>
    <member type="way" ref="115907869" role="">
      <nd lat="43.8359796" lon="7.6096094"/>
      <nd lat="43.8360832" lon="7.6096603"/>
      <nd lat="43.8362457" lon="7.6096837"/>
      <nd lat="43.8363349" lon="7.6097171"/>
      <nd lat="43.8363909" lon="7.6097377"/>
    </member>
    <member type="way" ref="1181082962" role="">
      <nd lat="43.8363909" lon="7.6097377"/>
      <nd lat="43.8367040" lon="7.6098535"/>
      <nd lat="43.8370951" lon="7.6100179"/>
    </member>
    <member type="way" ref="115954057" role="">
      <nd lat="43.8370951" lon="7.6100179"/>
      <nd lat="43.8372079" lon="7.6100109"/>
      <nd lat="43.8373487" lon="7.6099652"/>
      <nd lat="43.8374984" lon="7.6099095"/>
      <nd lat="43.8375941" lon="7.6097735"/>
      <nd lat="43.8377378" lon="7.6096175"/>
      <nd lat="43.8379682" lon="7.6095285"/>
      <nd lat="43.8380441" lon="7.6095423"/>
      <nd lat="43.8381267" lon="7.6095903"/>
      <nd lat="43.8382921" lon="7.6097681"/>
      <nd lat="43.8383411" lon="7.6098092"/>
      <nd lat="43.8384127" lon="7.6098475"/>
    </member>
    <member type="way" ref="175560382" role="">
      <nd lat="43.8384127" lon="7.6098475"/>
      <nd lat="43.8383548" lon="7.6098846"/>
      <nd lat="43.8382453" lon="7.6099000"/>
      <nd lat="43.8381989" lon="7.6099214"/>
      <nd lat="43.8381844" lon="7.6099607"/>
      <nd lat="43.8381868" lon="7.6100038"/>
      <nd lat="43.8382221" lon="7.6100824"/>
      <nd lat="43.8382724" lon="7.6102010"/>
      <nd lat="43.8383029" lon="7.6103138"/>
      <nd lat="43.8383324" lon="7.6103398"/>
      <nd lat="43.8383996" lon="7.6103204"/>
      <nd lat="43.8384664" lon="7.6102915"/>
      <nd lat="43.8385162" lon="7.6102862"/>
      <nd lat="43.8385466" lon="7.6103069"/>
      <nd lat="43.8385626" lon="7.6103506"/>
      <nd lat="43.8384871" lon="7.6104438"/>
      <nd lat="43.8385113" lon="7.6104712"/>
      <nd lat="43.8385607" lon="7.6104605"/>
      <nd lat="43.8386425" lon="7.6104464"/>
      <nd lat="43.8387638" lon="7.6104257"/>
      <nd lat="43.8388039" lon="7.6104709"/>
      <nd lat="43.8388132" lon="7.6105209"/>
      <nd lat="43.8387807" lon="7.6106868"/>
      <nd lat="43.8387870" lon="7.6107288"/>
      <nd lat="43.8387493" lon="7.6109085"/>
      <nd lat="43.8387691" lon="7.6110556"/>
      <nd lat="43.8388001" lon="7.6111562"/>
      <nd lat="43.8388615" lon="7.6112062"/>
      <nd lat="43.8389350" lon="7.6111968"/>
      <nd lat="43.8390110" lon="7.6111656"/>
      <nd lat="43.8391207" lon="7.6110654"/>
      <nd lat="43.8394603" lon="7.6106724"/>
      <nd lat="43.8397544" lon="7.6105008"/>
      <nd lat="43.8400639" lon="7.6104042"/>
      <nd lat="43.8402651" lon="7.6104150"/>
      <nd lat="43.8407294" lon="7.6102969"/>
      <nd lat="43.8412479" lon="7.6101146"/>
      <nd lat="43.8414413" lon="7.6100287"/>
      <nd lat="43.8414867" lon="7.6099484"/>
    </member>
    <tag k="cai_scale" v="E"/>
    <tag k="description" v="High Way of the Ligurian Mountains - Stage 01"/>
    <tag k="description:de" v="Ligurische Grenzkammstraße"/>
    <tag k="description:it" v="Alta Via dei Monti Liguri - Tappa 01"/>
    <tag k="distance" v="10.4"/>
    <tag k="name" v="Ventimiglia - La Colla"/>
    <tag k="network" v="lwn"/>
    <tag k="note:project_page" v="http://wiki.openstreetmap.org/wiki/Liguria/Sentieri"/>
    <tag k="operator" v="Club Alpino Italiano"/>
    <tag k="osmc:symbol" v="red:red:white_stripe:AV:black"/>
    <tag k="ref" v="AV01"/>
    <tag k="ref:REI" v="GIMA1990"/>
    <tag k="reg_ref" v="GIMA19901PE"/>
    <tag k="roundtrip" v="no"/>
    <tag k="route" v="hiking"/>
    <tag k="rwn:name" v="Rete Escursionistica Ligure (REL)"/>
    <tag k="source" v="survey:CAI"/>
    <tag k="symbol" v="AV on white red flag"/>
    <tag k="symbol:it" v="AV su segnavia bianco e rosso"/>
    <tag k="to" v="Ventimiglia"/>
    <tag k="type" v="route"/>
  </relation>
</old>
<new>
  <relation id="1143785" version="33" timestamp="2026-10-05T14:37:41Z" changeset="190040009" uid="10269073" user="granpasso811">
    <bounds minlat="43.7904939" minlon="7.6019254" maxlat="43.8566427" maxlon="7.6224008"/>
    <member type="way" ref="246140060" role="">
      <nd lat="43.7908733" lon="7.6127555"/>
      <nd lat="43.7908521" lon="7.6127017"/>
      <nd lat="43.7906764" lon="7.6126019"/>
      <nd lat="43.7905862" lon="7.6125483"/>
    </member>
    <member type="way" ref="115907870" role="">
      <nd lat="43.7907490" lon="7.6144846"/>
      <nd lat="43.7907262" lon="7.6144820"/>
      <nd lat="43.7907035" lon="7.6144702"/>
      <nd lat="43.7905619" lon="7.6143380"/>
      <nd lat="43.7905415" lon="7.6143097"/>
      <nd lat="43.7905238" lon="7.6142718"/>
      <nd lat="43.7905083" lon="7.6142300"/>
      <nd lat="43.7905004" lon="7.6141994"/>
      <nd lat="43.7904939" lon="7.6141649"/>
      <nd lat="43.7904961" lon="7.6141183"/>
      <nd lat="43.7905018" lon="7.6140770"/>
      <nd lat="43.7905290" lon="7.6139916"/>
      <nd lat="43.7905740" lon="7.6138701"/>
      <nd lat="43.7906214" lon="7.6137375"/>
      <nd lat="43.7906915" lon="7.6134985"/>
      <nd lat="43.7907502" lon="7.6132835"/>
      <nd lat="43.7908135" lon="7.6130318"/>
      <nd lat="43.7908733" lon="7.6127555"/>
    </member>
    <member type="way" ref="264896943" role="">
      <nd lat="43.7907490" lon="7.6144846"/>
      <nd lat="43.7907703" lon="7.6144785"/>
      <nd lat="43.7907915" lon="7.6144671"/>
      <nd lat="43.7908311" lon="7.6144294"/>
    </member>
    <member type="way" ref="115907877" role="">
      <nd lat="43.7908311" lon="7.6144294"/>
      <nd lat="43.7908662" lon="7.6144620"/>
      <nd lat="43.7908895" lon="7.6144744"/>
      <nd lat="43.7909548" lon="7.6144861"/>
      <nd lat="43.7911604" lon="7.6145194"/>
      <nd lat="43.7914126" lon="7.6145553"/>
      <nd lat="43.7916610" lon="7.6145732"/>
      <nd lat="43.7918896" lon="7.6145656"/>
      <nd lat="43.7919667" lon="7.6145950"/>
      <nd lat="43.7919982" lon="7.6146235"/>
      <nd lat="43.7920251" lon="7.6146825"/>
      <nd lat="43.7920160" lon="7.6147309"/>
      <nd lat="43.7919805" lon="7.6147712"/>
      <nd lat="43.7919172" lon="7.6147872"/>
      <nd lat="43.7917897" lon="7.6148153"/>
      <nd lat="43.7917253" lon="7.6148527"/>
      <nd lat="43.7916635" lon="7.6148809"/>
      <nd lat="43.7915118" lon="7.6149639"/>
      <nd lat="43.7913416" lon="7.6150847"/>
      <nd lat="43.7911109" lon="7.6152612"/>
      <nd lat="43.7909056" lon="7.6154822"/>
      <nd lat="43.7907649" lon="7.6157027"/>
      <nd lat="43.7906325" lon="7.6159528"/>
      <nd lat="43.7905666" lon="7.6161293"/>
      <nd lat="43.7905302" lon="7.6163836"/>
      <nd lat="43.7905285" lon="7.6166242"/>
      <nd lat="43.7905278" lon="7.6167296"/>
      <nd lat="43.7905305" lon="7.6167866"/>
      <nd lat="43.7905332" lon="7.6168437"/>
    </member>
    <member type="way" ref="58665945" role="">
      <nd lat="43.7905332" lon="7.6168437"/>
      <nd lat="43.7905672" lon="7.6170511"/>
      <nd lat="43.7906070" lon="7.6175520"/>
      <nd lat="43.7906722" lon="7.6178717"/>
      <nd lat="43.7907374" lon="7.6181614"/>
      <nd lat="43.7907672" lon="7.6183419"/>
      <nd lat="43.7908394" lon="7.6186218"/>
      <nd lat="43.7908821" lon="7.6187579"/>
      <nd lat="43.7909446" lon="7.6190501"/>
      <nd lat="43.7909744" lon="7.6192538"/>
      <nd lat="43.7910288" lon="7.6194475"/>
      <nd lat="43.7911121" lon="7.6196386"/>
      <nd lat="43.7911237" lon="7.6195178"/>
      <nd lat="43.7911596" lon="7.6192298"/>
      <nd lat="43.7911867" lon="7.6190474"/>
      <nd lat="43.7912370" lon="7.6188140"/>
      <nd lat="43.7912699" lon="7.6187876"/>
      <nd lat="43.7912951" lon="7.6188462"/>
      <nd lat="43.7913435" lon="7.6189991"/>
      <nd lat="43.7914306" lon="7.6192271"/>
      <nd lat="43.7914945" lon="7.6193558"/>
      <nd lat="43.7915261" lon="7.6195123"/>
      <nd lat="43.7915361" lon="7.6195624"/>
      <nd lat="43.7915476" lon="7.6195787"/>
      <nd lat="43.7915618" lon="7.6195797"/>
      <nd lat="43.7915787" lon="7.6195719"/>
      <nd lat="43.7916006" lon="7.6195021"/>
      <nd lat="43.7916386" lon="7.6193849"/>
      <nd lat="43.7916658" lon="7.6192937"/>
      <nd lat="43.7916841" lon="7.6192930"/>
      <nd lat="43.7916951" lon="7.6193154"/>
      <nd lat="43.7917092" lon="7.6193251"/>
      <nd lat="43.7917212" lon="7.6192928"/>
      <nd lat="43.7917285" lon="7.6191243"/>
      <nd lat="43.7917828" lon="7.6189738"/>
      <nd lat="43.7918154" lon="7.6190340"/>
      <nd lat="43.7919174" lon="7.6191853"/>
      <nd lat="43.7920027" lon="7.6193839"/>
      <nd lat="43.7920597" lon="7.6195569"/>
      <nd lat="43.7920938" lon="7.6196869"/>
      <nd lat="43.7921005" lon="7.6198390"/>
      <nd lat="43.7921684" lon="7.6201211"/>
      <nd lat="43.7922644" lon="7.6203245"/>
      <nd lat="43.7923246" lon="7.6203978"/>
      <nd lat="43.7924408" lon="7.6204860"/>
      <nd lat="43.7924979" lon="7.6204966"/>
      <nd lat="43.7925107" lon="7.6205319"/>
      <nd lat="43.7924969" lon="7.6205960"/>
      <nd lat="43.7924654" lon="7.6206712"/>
      <nd lat="43.7924535" lon="7.6207606"/>
      <nd lat="43.7924644" lon="7.6208205"/>
      <nd lat="43.7924902" lon="7.6208371"/>
      <nd lat="43.7925163" lon="7.6208417"/>
      <nd lat="43.7925703" lon="7.6207732"/>
      <nd lat="43.7926519" lon="7.6206896"/>
      <nd lat="43.7927878" lon="7.6206044"/>
      <nd lat="43.7928950" lon="7.6206189"/>
      <nd lat="43.7929546" lon="7.6205810"/>
      <nd lat="43.7932107" lon="7.6204504"/>
      <nd lat="43.7933406" lon="7.6204385"/>
      <nd lat="43.7935455" lon="7.6204654"/>
      <nd lat="43.7936402" lon="7.6205081"/>
      <nd lat="43.7937375" lon="7.6205546"/>
      <nd lat="43.7937479" lon="7.6205983"/>
      <nd lat="43.7937972" lon="7.6206117"/>
      <nd lat="43.7938365" lon="7.6206830"/>
      <nd lat="43.7938351" lon="7.6207873"/>
      <nd lat="43.7938142" lon="7.6208964"/>
      <nd lat="43.7938375" lon="7.6209665"/>
    </member>
    <member type="way" ref="115954047" role="">
      <nd lat="43.7938375" lon="7.6209665"/>
      <nd lat="43.7938925" lon="7.6210841"/>
      <nd lat="43.7940419" lon="7.6213060"/>
      <nd lat="43.7941286" lon="7.6215372"/>
    </member>
    <member type="way" ref="225835443" role="">
      <nd lat="43.7941286" lon="7.6215372"/>
      <nd lat="43.7941327" lon="7.6216259"/>
      <nd lat="43.7942097" lon="7.6218180"/>
      <nd lat="43.7944341" lon="7.6221744"/>
      <nd lat="43.7946071" lon="7.6223774"/>
      <nd lat="43.7946615" lon="7.6224008"/>
      <nd lat="43.7947040" lon="7.6223907"/>
      <nd lat="43.7947363" lon="7.6223505"/>
      <nd lat="43.7947777" lon="7.6222589"/>
      <nd lat="43.7948116" lon="7.6221341"/>
      <nd lat="43.7948290" lon="7.6221004"/>
      <nd lat="43.7948561" lon="7.6220803"/>
      <nd lat="43.7950330" lon="7.6220436"/>
      <nd lat="43.7952392" lon="7.6219879"/>
      <nd lat="43.7954667" lon="7.6218269"/>
      <nd lat="43.7956109" lon="7.6216594"/>
      <nd lat="43.7957809" lon="7.6214582"/>
      <nd lat="43.7959476" lon="7.6212395"/>
      <nd lat="43.7960683" lon="7.6210395"/>
      <nd lat="43.7961572" lon="7.6209101"/>
      <nd lat="43.7965211" lon="7.6203805"/>
      <nd lat="43.7968676" lon="7.6199500"/>
      <nd lat="43.7969167" lon="7.6198891"/>
      <nd lat="43.7970241" lon="7.6197557"/>
      <nd lat="43.7974062" lon="7.6193747"/>
      <nd lat="43.7974635" lon="7.6193176"/>
      <nd lat="43.7976767" lon="7.6191198"/>
      <nd lat="43.7977327" lon="7.6190978"/>
      <nd lat="43.7978613" lon="7.6190733"/>
      <nd lat="43.7979703" lon="7.6190330"/>
      <nd lat="43.7981218" lon="7.6189031"/>
      <nd lat="43.7982670" lon="7.6187521"/>
      <nd lat="43.7985749" lon="7.6184468"/>
      <nd lat="43.7986939" lon="7.6183719"/>
      <nd lat="43.7988128" lon="7.6182969"/>
      <nd lat="43.7989710" lon="7.6182113"/>
      <nd lat="43.7991045" lon="7.6181523"/>
      <nd lat="43.7995129" lon="7.6179869"/>
      <nd lat="43.7995918" lon="7.6179549"/>
      <nd lat="43.7996733" lon="7.6178816"/>
    </member>
    <member type="way" ref="196629122" role="">
      <nd lat="43.7996733" lon="7.6178816"/>
      <nd lat="43.7997489" lon="7.6177767"/>
      <nd lat="43.7997936" lon="7.6176990"/>
      <nd lat="43.7998898" lon="7.6175573"/>
      <nd lat="43.7999052" lon="7.6175426"/>
      <nd lat="43.8000528" lon="7.6174017"/>
      <nd lat="43.8002770" lon="7.6171404"/>
      <nd lat="43.8004674" lon="7.6168487"/>
      <nd lat="43.8005668" lon="7.6166646"/>
      <nd lat="43.8006257" lon="7.6165376"/>
      <nd lat="43.8008791" lon="7.6161457"/>
      <nd lat="43.8009830" lon="7.6159790"/>
      <nd lat="43.8011075" lon="7.6156673"/>
      <nd lat="43.8011872" lon="7.6155435"/>
      <nd lat="43.8016376" lon="7.6148440"/>
      <nd lat="43.8020083" lon="7.6142431"/>
      <nd lat="43.8021318" lon="7.6140908"/>
      <nd lat="43.8025393" lon="7.6137438"/>
      <nd lat="43.8030025" lon="7.6135573"/>
      <nd lat="43.8033317" lon="7.6134017"/>
      <nd lat="43.8034759" lon="7.6133211"/>
      <nd lat="43.8035538" lon="7.6132278"/>
    </member>
    <member type="way" ref="115954041" role="">
      <nd lat="43.8035538" lon="7.6132278"/>
      <nd lat="43.8038084" lon="7.6130732"/>
      <nd lat="43.8042210" lon="7.6129529"/>
      <nd lat="43.8046200" lon="7.6127717"/>
      <nd lat="43.8048517" lon="7.6125963"/>
      <nd lat="43.8056260" lon="7.6120747"/>
      <nd lat="43.8057504" lon="7.6120018"/>
    </member>
    <member type="way" ref="115954049" role="">
      <nd lat="43.8057504" lon="7.6120018"/>
      <nd lat="43.8059868" lon="7.6116952"/>
      <nd lat="43.8063584" lon="7.6114731"/>
      <nd lat="43.8064553" lon="7.6113753"/>
      <nd lat="43.8067713" lon="7.6108829"/>
      <nd lat="43.8068121" lon="7.6108003"/>
    </member>
    <member type="way" ref="225835442" role="">
      <nd lat="43.8068121" lon="7.6108003"/>
      <nd lat="43.8068896" lon="7.6107154"/>
      <nd lat="43.8076280" lon="7.6097345"/>
      <nd lat="43.8080103" lon="7.6094717"/>
      <nd lat="43.8080744" lon="7.6093835"/>
      <nd lat="43.8083838" lon="7.6089752"/>
      <nd lat="43.8088923" lon="7.6084510"/>
      <nd lat="43.8090254" lon="7.6081692"/>
      <nd lat="43.8092679" lon="7.6074863"/>
      <nd lat="43.8098542" lon="7.6065156"/>
      <nd lat="43.8099623" lon="7.6061200"/>
      <nd lat="43.8102659" lon="7.6055582"/>
      <nd lat="43.8105134" lon="7.6050636"/>
      <nd lat="43.8106325" lon="7.6047424"/>
      <nd lat="43.8108661" lon="7.6043787"/>
      <nd lat="43.8109955" lon="7.6041110"/>
      <nd lat="43.8110677" lon="7.6039515"/>
      <nd lat="43.8111705" lon="7.6037735"/>
      <nd lat="43.8112873" lon="7.6036649"/>
      <nd lat="43.8113228" lon="7.6036151"/>
      <nd lat="43.8113454" lon="7.6035593"/>
      <nd lat="43.8113556" lon="7.6034855"/>
      <nd lat="43.8113371" lon="7.6033970"/>
    </member>
    <member type="way" ref="115956188" role="">
      <nd lat="43.8113371" lon="7.6033970"/>
      <nd lat="43.8113889" lon="7.6032013"/>
      <nd lat="43.8114689" lon="7.6030810"/>
      <nd lat="43.8115932" lon="7.6029800"/>
      <nd lat="43.8117598" lon="7.6027521"/>
      <nd lat="43.8119031" lon="7.6025115"/>
      <nd lat="43.8121086" lon="7.6022788"/>
      <nd lat="43.8125357" lon="7.6023476"/>
      <nd lat="43.8129003" lon="7.6023001"/>
      <nd lat="43.8132541" lon="7.6021175"/>
      <nd lat="43.8134151" lon="7.6019523"/>
      <nd lat="43.8135734" lon="7.6019545"/>
      <nd lat="43.8136992" lon="7.6020263"/>
      <nd lat="43.8138372" lon="7.6019947"/>
      <nd lat="43.8139566" lon="7.6019254"/>
      <nd lat="43.8140498" lon="7.6019266"/>
      <nd lat="43.8142413" lon="7.6019835"/>
      <nd lat="43.8143176" lon="7.6020062"/>
      <nd lat="43.8143803" lon="7.6019845"/>
      <nd lat="43.8154186" lon="7.6019485"/>
      <nd lat="43.8160342" lon="7.6021991"/>
      <nd lat="43.8164737" lon="7.6021893"/>
      <nd lat="43.8168174" lon="7.6021791"/>
      <nd lat="43.8170376" lon="7.6021726"/>
      <nd lat="43.8171564" lon="7.6022126"/>
      <nd lat="43.8172710" lon="7.6023236"/>
      <nd lat="43.8173404" lon="7.6024776"/>
    </member>
    <member type="way" ref="115954052" role="">
      <nd lat="43.8173404" lon="7.6024776"/>
      <nd lat="43.8173660" lon="7.6026414"/>
      <nd lat="43.8173328" lon="7.6027968"/>
      <nd lat="43.8171388" lon="7.6033641"/>
      <nd lat="43.8171087" lon="7.6036682"/>
      <nd lat="43.8171229" lon="7.6039117"/>
      <nd lat="43.8172794" lon="7.6041320"/>
      <nd lat="43.8174324" lon="7.6043913"/>
      <nd lat="43.8177354" lon="7.6049949"/>
      <nd lat="43.8179753" lon="7.6052769"/>
      <nd lat="43.8182647" lon="7.6058504"/>
      <nd lat="43.8186555" lon="7.6061328"/>
      <nd lat="43.8190001" lon="7.6063703"/>
      <nd lat="43.8193814" lon="7.6064481"/>
      <nd lat="43.8194289" lon="7.6064200"/>
      <nd lat="43.8195814" lon="7.6063298"/>
      <nd lat="43.8196277" lon="7.6062844"/>
      <nd lat="43.8199127" lon="7.6060052"/>
      <nd lat="43.8200859" lon="7.6058674"/>
      <nd lat="43.8202495" lon="7.6058025"/>
      <nd lat="43.8206285" lon="7.6057729"/>
      <nd lat="43.8209744" lon="7.6056383"/>
      <nd lat="43.8215222" lon="7.6054480"/>
      <nd lat="43.8217455" lon="7.6055518"/>
      <nd lat="43.8220153" lon="7.6058912"/>
      <nd lat="43.8221202" lon="7.6060359"/>
    </member>
    <member type="way" ref="58665946" role="">
      <nd lat="43.8221202" lon="7.6060359"/>
      <nd lat="43.8222784" lon="7.6061463"/>
      <nd lat="43.8224039" lon="7.6061716"/>
      <nd lat="43.8225174" lon="7.6061865"/>
      <nd lat="43.8225832" lon="7.6061967"/>
      <nd lat="43.8226360" lon="7.6062161"/>
      <nd lat="43.8226877" lon="7.6062482"/>
      <nd lat="43.8227506" lon="7.6062764"/>
      <nd lat="43.8228339" lon="7.6062906"/>
      <nd lat="43.8229160" lon="7.6063283"/>
      <nd lat="43.8229939" lon="7.6063639"/>
      <nd lat="43.8230361" lon="7.6064001"/>
      <nd lat="43.8230817" lon="7.6064351"/>
      <nd lat="43.8231275" lon="7.6064696"/>
      <nd lat="43.8231883" lon="7.6064842"/>
      <nd lat="43.8232625" lon="7.6065010"/>
      <nd lat="43.8233390" lon="7.6065065"/>
      <nd lat="43.8233850" lon="7.6065417"/>
      <nd lat="43.8234150" lon="7.6065474"/>
      <nd lat="43.8234960" lon="7.6065549"/>
      <nd lat="43.8235235" lon="7.6065658"/>
      <nd lat="43.8236593" lon="7.6066639"/>
      <nd lat="43.8237340" lon="7.6066721"/>
      <nd lat="43.8238062" lon="7.6067512"/>
      <nd lat="43.8239764" lon="7.6068720"/>
      <nd lat="43.8241182" lon="7.6069388"/>
      <nd lat="43.8242358" lon="7.6069497"/>
      <nd lat="43.8243078" lon="7.6069567"/>
      <nd lat="43.8244143" lon="7.6069762"/>
      <nd lat="43.8244588" lon="7.6069700"/>
      <nd lat="43.8245000" lon="7.6069347"/>
      <nd lat="43.8245443" lon="7.6069305"/>
      <nd lat="43.8246462" lon="7.6071225"/>
      <nd lat="43.8247283" lon="7.6073090"/>
      <nd lat="43.8247882" lon="7.6074197"/>
    </member>
    <member type="way" ref="402587393" role="">
      <nd lat="43.8250244" lon="7.6074213"/>
      <nd lat="43.8249962" lon="7.6074294"/>
      <nd lat="43.8249107" lon="7.6074240"/>
      <nd lat="43.8248521" lon="7.6074210"/>
      <nd lat="43.8247882" lon="7.6074197"/>
    </member>
    <member type="way" ref="115907867" role="">
      <nd lat="43.8256120" lon="7.6068858"/>
      <nd lat="43.8255343" lon="7.6069637"/>
      <nd lat="43.8254621" lon="7.6070223"/>
      <nd lat="43.8253729" lon="7.6070987"/>
      <nd lat="43.8252416" lon="7.6072561"/>
      <nd lat="43.8251313" lon="7.6073472"/>
      <nd lat="43.8250244" lon="7.6074213"/>
    </member>
    <member type="way" ref="402587395" role="">
      <nd lat="43.8269458" lon="7.6064960"/>
      <nd lat="43.8266858" lon="7.6065078"/>
      <nd lat="43.8265025" lon="7.6066094"/>
      <nd lat="43.8262681" lon="7.6067163"/>
      <nd lat="43.8260536" lon="7.6067745"/>
      <nd lat="43.8258952" lon="7.6067887"/>
      <nd lat="43.8257810" lon="7.6068249"/>
      <nd lat="43.8256120" lon="7.6068858"/>
    </member>
    <member type="way" ref="402587387" role="">
      <nd lat="43.8283651" lon="7.6074590"/>
      <nd lat="43.8282226" lon="7.6071527"/>
      <nd lat="43.8281084" lon="7.6069785"/>
      <nd lat="43.8278837" lon="7.6067960"/>
      <nd lat="43.8276796" lon="7.6064920"/>
      <nd lat="43.8276154" lon="7.6064404"/>
      <nd lat="43.8275610" lon="7.6064212"/>
      <nd lat="43.8274608" lon="7.6064649"/>
      <nd lat="43.8273352" lon="7.6065198"/>
      <nd lat="43.8271880" lon="7.6065301"/>
      <nd lat="43.8269963" lon="7.6064937"/>
      <nd lat="43.8269458" lon="7.6064960"/>
    </member>
    <member type="way" ref="115907866" role="">
      <nd lat="43.8341901" lon="7.6064710"/>
      <nd lat="43.8340115" lon="7.6065301"/>
      <nd lat="43.8338125" lon="7.6067259"/>
      <nd lat="43.8337068" lon="7.6068055"/>
      <nd lat="43.8334249" lon="7.6069017"/>
      <nd lat="43.8333040" lon="7.6069567"/>
      <nd lat="43.8331457" lon="7.6070301"/>
      <nd lat="43.8330154" lon="7.6070818"/>
      <nd lat="43.8328658" lon="7.6070670"/>
      <nd lat="43.8325349" lon="7.6069597"/>
      <nd lat="43.8324129" lon="7.6067662"/>
      <nd lat="43.8323351" lon="7.6067659"/>
      <nd lat="43.8322859" lon="7.6068009"/>
      <nd lat="43.8322137" lon="7.6069108"/>
      <nd lat="43.8320821" lon="7.6070950"/>
      <nd lat="43.8320134" lon="7.6071860"/>
      <nd lat="43.8319608" lon="7.6072923"/>
      <nd lat="43.8318964" lon="7.6075709"/>
      <nd lat="43.8318364" lon="7.6078635"/>
      <nd lat="43.8318645" lon="7.6081903"/>
      <nd lat="43.8318661" lon="7.6082894"/>
      <nd lat="43.8318396" lon="7.6083799"/>
      <nd lat="43.8315181" lon="7.6087488"/>
      <nd lat="43.8314809" lon="7.6087834"/>
      <nd lat="43.8314084" lon="7.6088181"/>
      <nd lat="43.8313619" lon="7.6088112"/>
      <nd lat="43.8313091" lon="7.6087865"/>
      <nd lat="43.8312430" lon="7.6087700"/>
      <nd lat="43.8311687" lon="7.6087699"/>
      <nd lat="43.8310905" lon="7.6087628"/>
      <nd lat="43.8310024" lon="7.6087301"/>
      <nd lat="43.8309259" lon="7.6086741"/>
      <nd lat="43.8307418" lon="7.6084758"/>
      <nd lat="43.8306331" lon="7.6083738"/>
      <nd lat="43.8304725" lon="7.6082970"/>
      <nd lat="43.8304073" lon="7.6081852"/>
      <nd lat="43.8303101" lon="7.6080322"/>
      <nd lat="43.8302406" lon="7.6079652"/>
      <nd lat="43.8301696" lon="7.6079249"/>
      <nd lat="43.8300703" lon="7.6079795"/>
      <nd lat="43.8299525" lon="7.6081154"/>
      <nd lat="43.8297993" lon="7.6082697"/>
      <nd lat="43.8297203" lon="7.6083712"/>
      <nd lat="43.8296869" lon="7.6084007"/>
      <nd lat="43.8295318" lon="7.6084032"/>
      <nd lat="43.8293937" lon="7.6083940"/>
      <nd lat="43.8291625" lon="7.6082924"/>
      <nd lat="43.8290804" lon="7.6081734"/>
      <nd lat="43.8288687" lon="7.6078261"/>
      <nd lat="43.8287624" lon="7.6077122"/>
      <nd lat="43.8286307" lon="7.6075929"/>
      <nd lat="43.8284862" lon="7.6074957"/>
      <nd lat="43.8283651" lon="7.6074590"/>
    </member>
    <member type="way" ref="402587388" role="">
      <nd lat="43.8343004" lon="7.6086254"/>
      <nd lat="43.8342806" lon="7.6085996"/>
      <nd lat="43.8342517" lon="7.6085606"/>
      <nd lat="43.8341909" lon="7.6084616"/>
      <nd lat="43.8341421" lon="7.6082863"/>
      <nd lat="43.8341344" lon="7.6081348"/>
      <nd lat="43.8341289" lon="7.6079721"/>
      <nd lat="43.8341180" lon="7.6077861"/>
      <nd lat="43.8341309" lon="7.6076945"/>
      <nd lat="43.8341548" lon="7.6075958"/>
      <nd lat="43.8342019" lon="7.6074762"/>
      <nd lat="43.8342284" lon="7.6073966"/>
      <nd lat="43.8342425" lon="7.6072935"/>
      <nd lat="43.8342355" lon="7.6072006"/>
      <nd lat="43.8342062" lon="7.6071192"/>
      <nd lat="43.8341810" lon="7.6070587"/>
      <nd lat="43.8341489" lon="7.6069703"/>
      <nd lat="43.8341414" lon="7.6068912"/>
      <nd lat="43.8341418" lon="7.6067972"/>
      <nd lat="43.8341734" lon="7.6067330"/>
      <nd lat="43.8341832" lon="7.6066861"/>
      <nd lat="43.8341973" lon="7.6065603"/>
      <nd lat="43.8341901" lon="7.6064710"/>
    </member>
    <member type="way" ref="402587389" role="">
      <nd lat="43.8343004" lon="7.6086254"/>
      <nd lat="43.8344670" lon="7.6087953"/>
      <nd lat="43.8344970" lon="7.6088193"/>
      <nd lat="43.8345657" lon="7.6088499"/>
      <nd lat="43.8346789" lon="7.6087637"/>
      <nd lat="43.8347845" lon="7.6087546"/>
      <nd lat="43.8349185" lon="7.6087275"/>
      <nd lat="43.8352624" lon="7.6087354"/>
      <nd lat="43.8353521" lon="7.6087656"/>
      <nd lat="43.8353883" lon="7.6088271"/>
      <nd lat="43.8354585" lon="7.6090887"/>
      <nd lat="43.8355476" lon="7.6092854"/>
      <nd lat="43.8355931" lon="7.6093080"/>
      <nd lat="43.8356653" lon="7.6093505"/>
      <nd lat="43.8357021" lon="7.6094269"/>
      <nd lat="43.8357301" lon="7.6094799"/>
      <nd lat="43.8358254" lon="7.6094960"/>
      <nd lat="43.8358846" lon="7.6094540"/>
    </member>
    <member type="way" ref="115956189" role="">
      <nd lat="43.8358846" lon="7.6094540"/>
      <nd lat="43.8359796" lon="7.6096094"/>
    </member>
    <member type="way" ref="115907869" role="">
      <nd lat="43.8359796" lon="7.6096094"/>
      <nd lat="43.8360832" lon="7.6096603"/>
      <nd lat="43.8362457" lon="7.6096837"/>
      <nd lat="43.8363349" lon="7.6097171"/>
      <nd lat="43.8363909" lon="7.6097377"/>
    </member>
    <member type="way" ref="1181082962" role="">
      <nd lat="43.8363909" lon="7.6097377"/>
      <nd lat="43.8367040" lon="7.6098535"/>
      <nd lat="43.8370951" lon="7.6100179"/>
    </member>
    <member type="way" ref="115954057" role="">
      <nd lat="43.8370951" lon="7.6100179"/>
      <nd lat="43.8372079" lon="7.6100109"/>
      <nd lat="43.8373487" lon="7.6099652"/>
      <nd lat="43.8374984" lon="7.6099095"/>
      <nd lat="43.8375941" lon="7.6097735"/>
      <nd lat="43.8377378" lon="7.6096175"/>
      <nd lat="43.8379682" lon="7.6095285"/>
      <nd lat="43.8380441" lon="7.6095423"/>
      <nd lat="43.8381267" lon="7.6095903"/>
      <nd lat="43.8382921" lon="7.6097681"/>
      <nd lat="43.8383411" lon="7.6098092"/>
      <nd lat="43.8384127" lon="7.6098475"/>
    </member>
    <member type="way" ref="175560382" role="">
      <nd lat="43.8384127" lon="7.6098475"/>
      <nd lat="43.8383548" lon="7.6098846"/>
      <nd lat="43.8382453" lon="7.6099000"/>
      <nd lat="43.8381989" lon="7.6099214"/>
      <nd lat="43.8381844" lon="7.6099607"/>
      <nd lat="43.8381868" lon="7.6100038"/>
      <nd lat="43.8382221" lon="7.6100824"/>
      <nd lat="43.8382724" lon="7.6102010"/>
      <nd lat="43.8383029" lon="7.6103138"/>
      <nd lat="43.8383324" lon="7.6103398"/>
      <nd lat="43.8383996" lon="7.6103204"/>
      <nd lat="43.8384664" lon="7.6102915"/>
      <nd lat="43.8385162" lon="7.6102862"/>
      <nd lat="43.8385466" lon="7.6103069"/>
      <nd lat="43.8385626" lon="7.6103506"/>
      <nd lat="43.8384871" lon="7.6104438"/>
      <nd lat="43.8385113" lon="7.6104712"/>
      <nd lat="43.8385607" lon="7.6104605"/>
      <nd lat="43.8386425" lon="7.6104464"/>
      <nd lat="43.8387638" lon="7.6104257"/>
      <nd lat="43.8388039" lon="7.6104709"/>
      <nd lat="43.8388132" lon="7.6105209"/>
      <nd lat="43.8387807" lon="7.6106868"/>
      <nd lat="43.8387870" lon="7.6107288"/>
      <nd lat="43.8387493" lon="7.6109085"/>
      <nd lat="43.8387691" lon="7.6110556"/>
      <nd lat="43.8388001" lon="7.6111562"/>
      <nd lat="43.8388615" lon="7.6112062"/>
      <nd lat="43.8389350" lon="7.6111968"/>
      <nd lat="43.8390110" lon="7.6111656"/>
      <nd lat="43.8391207" lon="7.6110654"/>
      <nd lat="43.8394603" lon="7.6106724"/>
      <nd lat="43.8397544" lon="7.6105008"/>
      <nd lat="43.8400639" lon="7.6104042"/>
      <nd lat="43.8402651" lon="7.6104150"/>
      <nd lat="43.8407294" lon="7.6102969"/>
      <nd lat="43.8412479" lon="7.6101146"/>
      <nd lat="43.8414413" lon="7.6100287"/>
      <nd lat="43.8414867" lon="7.6099484"/>
    </member>
    <member type="way" ref="175560379" role="">
      <nd lat="43.8414867" lon="7.6099484"/>
      <nd lat="43.8419419" lon="7.6100890"/>
      <nd lat="43.8424183" lon="7.6101585"/>
      <nd lat="43.8428874" lon="7.6102482"/>
      <nd lat="43.8431189" lon="7.6100755"/>
      <nd lat="43.8432761" lon="7.6099861"/>
      <nd lat="43.8438423" lon="7.6100898"/>
      <nd lat="43.8439076" lon="7.6101018"/>
      <nd lat="43.8442540" lon="7.6100601"/>
      <nd lat="43.8446040" lon="7.6099574"/>
      <nd lat="43.8450832" lon="7.6096943"/>
      <nd lat="43.8453292" lon="7.6096236"/>
      <nd lat="43.8455751" lon="7.6094985"/>
      <nd lat="43.8458879" lon="7.6093469"/>
      <nd lat="43.8462205" lon="7.6091471"/>
      <nd lat="43.8466461" lon="7.6088920"/>
      <nd lat="43.8471729" lon="7.6086452"/>
      <nd lat="43.8474089" lon="7.6084529"/>
      <nd lat="43.8474375" lon="7.6082926"/>
      <nd lat="43.8474486" lon="7.6080497"/>
      <nd lat="43.8474641" lon="7.6078130"/>
      <nd lat="43.8475157" lon="7.6076129"/>
      <nd lat="43.8476238" lon="7.6073858"/>
      <nd lat="43.8477380" lon="7.6071890"/>
      <nd lat="43.8479053" lon="7.6070384"/>
      <nd lat="43.8480974" lon="7.6068981"/>
      <nd lat="43.8485000" lon="7.6069249"/>
      <nd lat="43.8487477" lon="7.6067802"/>
      <nd lat="43.8489370" lon="7.6065881"/>
      <nd lat="43.8489384" lon="7.6064359"/>
      <nd lat="43.8489996" lon="7.6062974"/>
      <nd lat="43.8493301" lon="7.6058180"/>
      <nd lat="43.8496175" lon="7.6053875"/>
    </member>
    <member type="way" ref="58665941" role="">
      <nd lat="43.8496175" lon="7.6053875"/>
      <nd lat="43.8499887" lon="7.6052243"/>
      <nd lat="43.8500446" lon="7.6051974"/>
      <nd lat="43.8501271" lon="7.6051806"/>
      <nd lat="43.8501988" lon="7.6051183"/>
      <nd lat="43.8502619" lon="7.6050425"/>
      <nd lat="43.8503444" lon="7.6049651"/>
      <nd lat="43.8504355" lon="7.6049028"/>
      <nd lat="43.8505168" lon="7.6048977"/>
      <nd lat="43.8506018" lon="7.6048961"/>
      <nd lat="43.8506989" lon="7.6048186"/>
      <nd lat="43.8508190" lon="7.6046610"/>
      <nd lat="43.8509683" lon="7.6045838"/>
      <nd lat="43.8511372" lon="7.6045463"/>
      <nd lat="43.8512919" lon="7.6045197"/>
      <nd lat="43.8513998" lon="7.6045147"/>
      <nd lat="43.8515409" lon="7.6044342"/>
      <nd lat="43.8516428" lon="7.6044293"/>
      <nd lat="43.8517305" lon="7.6043635"/>
      <nd lat="43.8518052" lon="7.6043454"/>
      <nd lat="43.8519818" lon="7.6043734"/>
      <nd lat="43.8521264" lon="7.6044079"/>
      <nd lat="43.8522639" lon="7.6044062"/>
      <nd lat="43.8523872" lon="7.6044177"/>
      <nd lat="43.8525650" lon="7.6043734"/>
      <nd lat="43.8526349" lon="7.6043454"/>
      <nd lat="43.8527096" lon="7.6043356"/>
      <nd lat="43.8528862" lon="7.6043849"/>
      <nd lat="43.8529656" lon="7.6044243"/>
      <nd lat="43.8530476" lon="7.6044390"/>
      <nd lat="43.8531332" lon="7.6045209"/>
      <nd lat="43.8532023" lon="7.6045033"/>
      <nd lat="43.8532610" lon="7.6044963"/>
      <nd lat="43.8533776" lon="7.6044628"/>
      <nd lat="43.8534511" lon="7.6043768"/>
      <nd lat="43.8535246" lon="7.6043623"/>
      <nd lat="43.8536076" lon="7.6042764"/>
      <nd lat="43.8536832" lon="7.6041773"/>
      <nd lat="43.8537903" lon="7.6040346"/>
      <nd lat="43.8539699" lon="7.6040506"/>
      <nd lat="43.8540844" lon="7.6041613"/>
      <nd lat="43.8542724" lon="7.6043084"/>
      <nd lat="43.8543858" lon="7.6043681"/>
      <nd lat="43.8545381" lon="7.6043900"/>
      <nd lat="43.8546515" lon="7.6043987"/>
      <nd lat="43.8547418" lon="7.6043550"/>
      <nd lat="43.8548427" lon="7.6043157"/>
      <nd lat="43.8549655" lon="7.6043332"/>
      <nd lat="43.8551220" lon="7.6043681"/>
      <nd lat="43.8552470" lon="7.6044191"/>
      <nd lat="43.8553489" lon="7.6044628"/>
      <nd lat="43.8554297" lon="7.6045094"/>
      <nd lat="43.8555022" lon="7.6045691"/>
      <nd lat="43.8556618" lon="7.6045895"/>
      <nd lat="43.8558687" lon="7.6046346"/>
      <nd lat="43.8560252" lon="7.6046696"/>
      <nd lat="43.8561451" lon="7.6046517"/>
      <nd lat="43.8563043" lon="7.6046127"/>
      <nd lat="43.8564236" lon="7.6046210"/>
      <nd lat="43.8565279" lon="7.6045187"/>
      <nd lat="43.8566427" lon="7.6044606"/>
    </member>
    <tag k="cai_scale" v="E"/>
    <tag k="description" v="High Way of the Ligurian Mountains - Stage 01"/>
    <tag k="description:de" v="Ligurische Grenzkammstraße"/>
    <tag k="description:it" v="Alta Via dei Monti Liguri - Tappa 01"/>
    <tag k="distance" v="10.4"/>
    <tag k="name" v="Ventimiglia - La Colla"/>
    <tag k="network" v="lwn"/>
    <tag k="note:project_page" v="http://wiki.openstreetmap.org/wiki/Liguria/Sentieri"/>
    <tag k="operator" v="Club Alpino Italiano"/>
    <tag k="osmc:symbol" v="red:red:white_stripe:AV:black"/>
    <tag k="ref" v="AV01"/>
    <tag k="ref:REI" v="GIMA1990"/>
    <tag k="reg_ref" v="GIMA19901PE"/>
    <tag k="roundtrip" v="no"/>
    <tag k="route" v="hiking"/>
    <tag k="rwn:name" v="Rete Escursionistica Ligure (REL)"/>
    <tag k="source" v="survey:CAI"/>
    <tag k="symbol" v="AV on white red flag"/>
    <tag k="symbol:it" v="AV su segnavia bianco e rosso"/>
    <tag k="to" v="Ventimiglia"/>
    <tag k="type" v="route"/>
  </relation>
</new>
</action>
<action type="modify">
<old>
  <relation id="1143788" version="31" timestamp="2023-11-04T23:14:42Z" changeset="143633154" uid="3215770" user="Andrea Del Sarto">
    <bounds minlat="43.8566427" minlon="7.5621522" maxlat="43.9045681" maxlon="7.6058891"/>
    <member type="way" ref="175560383" role="">
      <nd lat="43.8566427" lon="7.6044606"/>
      <nd lat="43.8567477" lon="7.6044074"/>
      <nd lat="43.8568610" lon="7.6043759"/>
      <nd lat="43.8569571" lon="7.6044163"/>
      <nd lat="43.8570982" lon="7.6045381"/>
      <nd lat="43.8573694" lon="7.6046826"/>
      <nd lat="43.8578364" lon="7.6048089"/>
      <nd lat="43.8579007" lon="7.6048169"/>
      <nd lat="43.8580832" lon="7.6048313"/>
      <nd lat="43.8582450" lon="7.6048611"/>
      <nd lat="43.8582782" lon="7.6047932"/>
    </member>
    <member type="way" ref="74024978" role="">
      <nd lat="43.8582782" lon="7.6047932"/>
      <nd lat="43.8584314" lon="7.6050550"/>
    </member>
    <member type="way" ref="115954370" role="">
      <nd lat="43.8584314" lon="7.6050550"/>
      <nd lat="43.8584926" lon="7.6050772"/>
      <nd lat="43.8585690" lon="7.6051470"/>
      <nd lat="43.8586670" lon="7.6052680"/>
      <nd lat="43.8587900" lon="7.6054650"/>
      <nd lat="43.8588700" lon="7.6055410"/>
      <nd lat="43.8589290" lon="7.6055660"/>
      <nd lat="43.8591292" lon="7.6055782"/>
      <nd lat="43.8592000" lon="7.6056056"/>
      <nd lat="43.8593754" lon="7.6058094"/>
      <nd lat="43.8594544" lon="7.6058550"/>
      <nd lat="43.8596506" lon="7.6058368"/>
      <nd lat="43.8597647" lon="7.6058891"/>
      <nd lat="43.8598130" lon="7.6058770"/>
      <nd lat="43.8599500" lon="7.6057180"/>
      <nd lat="43.8600487" lon="7.6056346"/>
    </member>
    <member type="way" ref="401924033" role="">
      <nd lat="43.8701289" lon="7.5905630"/>
      <nd lat="43.8701989" lon="7.5904219"/>
      <nd lat="43.8702947" lon="7.5900525"/>
      <nd lat="43.8703174" lon="7.5898442"/>
      <nd lat="43.8703184" lon="7.5896329"/>
      <nd lat="43.8703315" lon="7.5895645"/>
    </member>
    <member type="way" ref="388664121" role="">
      <nd lat="43.8703315" lon="7.5895645"/>
      <nd lat="43.8703392" lon="7.5895223"/>
      <nd lat="43.8703643" lon="7.5894774"/>
      <nd lat="43.8703948" lon="7.5894231"/>
      <nd lat="43.8704368" lon="7.5893352"/>
      <nd lat="43.8704615" lon="7.5892594"/>
      <nd lat="43.8704837" lon="7.5891736"/>
      <nd lat="43.8705292" lon="7.5890858"/>
      <nd lat="43.8705717" lon="7.5890066"/>
      <nd lat="43.8706017" lon="7.5889262"/>
      <nd lat="43.8706201" lon="7.5888035"/>
      <nd lat="43.8706292" lon="7.5887136"/>
      <nd lat="43.8706655" lon="7.5886405"/>
      <nd lat="43.8707298" lon="7.5884783"/>
      <nd lat="43.8707728" lon="7.5884092"/>
      <nd lat="43.8708004" lon="7.5883757"/>
      <nd lat="43.8708308" lon="7.5883401"/>
      <nd lat="43.8708526" lon="7.5883280"/>
      <nd lat="43.8708821" lon="7.5883280"/>
    </member>
    <member type="way" ref="388664124" role="">
      <nd lat="43.8705166" lon="7.5951281"/>
      <nd lat="43.8704634" lon="7.5951764"/>
      <nd lat="43.8703303" lon="7.5952864"/>
      <nd lat="43.8701892" lon="7.5954944"/>
      <nd lat="43.8700370" lon="7.5955464"/>
      <nd lat="43.8698496" lon="7.5956412"/>
      <nd lat="43.8696401" lon="7.5958522"/>
      <nd lat="43.8694593" lon="7.5960266"/>
      <nd lat="43.8693269" lon="7.5960235"/>
      <nd lat="43.8691572" lon="7.5959868"/>
      <nd lat="43.8690028" lon="7.5959991"/>
      <nd lat="43.8687911" lon="7.5959715"/>
      <nd lat="43.8685706" lon="7.5959868"/>
      <nd lat="43.8684341" lon="7.5960052"/>
      <nd lat="43.8683038" lon="7.5961061"/>
      <nd lat="43.8682320" lon="7.5961930"/>
      <nd lat="43.8681276" lon="7.5963190"/>
      <nd lat="43.8680754" lon="7.5964183"/>
      <nd lat="43.8680328" lon="7.5964639"/>
      <nd lat="43.8679708" lon="7.5964885"/>
      <nd lat="43.8678561" lon="7.5964976"/>
      <nd lat="43.8677039" lon="7.5964915"/>
      <nd lat="43.8676171" lon="7.5964719"/>
      <nd lat="43.8675160" lon="7.5964116"/>
      <nd lat="43.8674062" lon="7.5963722"/>
      <nd lat="43.8673285" lon="7.5963626"/>
      <nd lat="43.8672966" lon="7.5963418"/>
      <nd lat="43.8672337" lon="7.5963378"/>
      <nd lat="43.8671438" lon="7.5963673"/>
      <nd lat="43.8671041" lon="7.5963906"/>
      <nd lat="43.8670437" lon="7.5964518"/>
      <nd lat="43.8670026" lon="7.5965155"/>
      <nd lat="43.8669519" lon="7.5965671"/>
      <nd lat="43.8668557" lon="7.5966167"/>
      <nd lat="43.8667928" lon="7.5966666"/>
    </member>
    <member type="way" ref="401924046" role="">
      <nd lat="43.8701289" lon="7.5905630"/>
      <nd lat="43.8701434" lon="7.5906877"/>
      <nd lat="43.8701463" lon="7.5909787"/>
      <nd lat="43.8701274" lon="7.5911111"/>
      <nd lat="43.8701947" lon="7.5913784"/>
      <nd lat="43.8701840" lon="7.5915340"/>
      <nd lat="43.8701879" lon="7.5916439"/>
      <nd lat="43.8701781" lon="7.5918880"/>
      <nd lat="43.8702421" lon="7.5921847"/>
      <nd lat="43.8703929" lon="7.5926135"/>
      <nd lat="43.8703967" lon="7.5927222"/>
      <nd lat="43.8703842" lon="7.5927986"/>
      <nd lat="43.8703223" lon="7.5929770"/>
      <nd lat="43.8703058" lon="7.5930548"/>
      <nd lat="43.8702981" lon="7.5932063"/>
      <nd lat="43.8702942" lon="7.5933672"/>
      <nd lat="43.8702730" lon="7.5934960"/>
      <nd lat="43.8702391" lon="7.5935537"/>
      <nd lat="43.8702053" lon="7.5936006"/>
      <nd lat="43.8701260" lon="7.5937133"/>
      <nd lat="43.8700893" lon="7.5938983"/>
      <nd lat="43.8700806" lon="7.5940847"/>
      <nd lat="43.8700777" lon="7.5941987"/>
      <nd lat="43.8701086" lon="7.5943463"/>
      <nd lat="43.8701444" lon="7.5944696"/>
      <nd lat="43.8702875" lon="7.5947191"/>
      <nd lat="43.8704494" lon="7.5949529"/>
      <nd lat="43.8705060" lon="7.5950530"/>
      <nd lat="43.8705205" lon="7.5951040"/>
      <nd lat="43.8705166" lon="7.5951281"/>
    </member>
    <member type="way" ref="401924031" role="">
      <nd lat="43.8600487" lon="7.6056346"/>
      <nd lat="43.8602313" lon="7.6053348"/>
      <nd lat="43.8603379" lon="7.6052390"/>
      <nd lat="43.8604192" lon="7.6051599"/>
      <nd lat="43.8607743" lon="7.6048189"/>
      <nd lat="43.8608686" lon="7.6047255"/>
      <nd lat="43.8610327" lon="7.6046272"/>
      <nd lat="43.8611341" lon="7.6045538"/>
      <nd lat="43.8611848" lon="7.6044790"/>
      <nd lat="43.8612566" lon="7.6043873"/>
      <nd lat="43.8615113" lon="7.6042295"/>
      <nd lat="43.8616789" lon="7.6040949"/>
      <nd lat="43.8618113" lon="7.6039359"/>
      <nd lat="43.8619714" lon="7.6038709"/>
      <nd lat="43.8621711" lon="7.6036497"/>
      <nd lat="43.8623619" lon="7.6035315"/>
      <nd lat="43.8624509" lon="7.6034738"/>
    </member>
    <member type="way" ref="401924032" role="">
      <nd lat="43.8624509" lon="7.6034738"/>
      <nd lat="43.8625810" lon="7.6034644"/>
      <nd lat="43.8626554" lon="7.6034664"/>
    </member>
    <member type="way" ref="388652219" role="">
      <nd lat="43.8626554" lon="7.6034664"/>
      <nd lat="43.8626680" lon="7.6034222"/>
      <nd lat="43.8627058" lon="7.6033811"/>
      <nd lat="43.8627679" lon="7.6033061"/>
      <nd lat="43.8628339" lon="7.6032298"/>
      <nd lat="43.8628720" lon="7.6031985"/>
      <nd lat="43.8629700" lon="7.6032271"/>
      <nd lat="43.8630150" lon="7.6031900"/>
      <nd lat="43.8630845" lon="7.6031126"/>
      <nd lat="43.8631826" lon="7.6030385"/>
      <nd lat="43.8631857" lon="7.6029409"/>
      <nd lat="43.8631788" lon="7.6028721"/>
      <nd lat="43.8632032" lon="7.6028165"/>
      <nd lat="43.8632477" lon="7.6027630"/>
      <nd lat="43.8632666" lon="7.6027145"/>
      <nd lat="43.8633462" lon="7.6025850"/>
      <nd lat="43.8635436" lon="7.6022074"/>
      <nd lat="43.8635950" lon="7.6020746"/>
      <nd lat="43.8636141" lon="7.6019798"/>
      <nd lat="43.8636177" lon="7.6018894"/>
      <nd lat="43.8636547" lon="7.6018336"/>
      <nd lat="43.8637012" lon="7.6017793"/>
      <nd lat="43.8637530" lon="7.6016090"/>
      <nd lat="43.8637656" lon="7.6015444"/>
      <nd lat="43.8637640" lon="7.6014996"/>
      <nd lat="43.8637715" lon="7.6014324"/>
      <nd lat="43.8638356" lon="7.6011856"/>
      <nd lat="43.8639045" lon="7.6008131"/>
      <nd lat="43.8639927" lon="7.6004667"/>
      <nd lat="43.8640283" lon="7.6004159"/>
      <nd lat="43.8642909" lon="7.6002623"/>
      <nd lat="43.8643335" lon="7.6002176"/>
      <nd lat="43.8643568" lon="7.6001681"/>
      <nd lat="43.8644100" lon="7.6001090"/>
      <nd lat="43.8644803" lon="7.6000752"/>
      <nd lat="43.8645301" lon="7.6000587"/>
      <nd lat="43.8645883" lon="7.6000594"/>
      <nd lat="43.8646226" lon="7.6000573"/>
      <nd lat="43.8646658" lon="7.6000045"/>
      <nd lat="43.8647126" lon="7.5999616"/>
      <nd lat="43.8647852" lon="7.5999721"/>
      <nd lat="43.8648572" lon="7.6000126"/>
      <nd lat="43.8649016" lon="7.6000359"/>
      <nd lat="43.8649764" lon="7.6000439"/>
      <nd lat="43.8651021" lon="7.6000037"/>
      <nd lat="43.8651805" lon="7.5999662"/>
      <nd lat="43.8652541" lon="7.5999063"/>
      <nd lat="43.8653568" lon="7.5997472"/>
      <nd lat="43.8654218" lon="7.5996295"/>
      <nd lat="43.8654769" lon="7.5994679"/>
      <nd lat="43.8655484" lon="7.5993157"/>
      <nd lat="43.8655499" lon="7.5992353"/>
      <nd lat="43.8656306" lon="7.5989583"/>
      <nd lat="43.8657326" lon="7.5988095"/>
      <nd lat="43.8657950" lon="7.5986344"/>
      <nd lat="43.8658172" lon="7.5985385"/>
      <nd lat="43.8658796" lon="7.5983642"/>
      <nd lat="43.8659023" lon="7.5982931"/>
      <nd lat="43.8659178" lon="7.5982160"/>
      <nd lat="43.8659236" lon="7.5981557"/>
      <nd lat="43.8659482" lon="7.5981020"/>
      <nd lat="43.8660159" lon="7.5980390"/>
      <nd lat="43.8661595" lon="7.5978217"/>
      <nd lat="43.8662301" lon="7.5977547"/>
      <nd lat="43.8662596" lon="7.5977386"/>
      <nd lat="43.8662804" lon="7.5977211"/>
      <nd lat="43.8662944" lon="7.5976782"/>
      <nd lat="43.8663843" lon="7.5975099"/>
      <nd lat="43.8664356" lon="7.5974543"/>
      <nd lat="43.8665177" lon="7.5972665"/>
      <nd lat="43.8666647" lon="7.5969762"/>
      <nd lat="43.8666845" lon="7.5968910"/>
      <nd lat="43.8667445" lon="7.5967555"/>
      <nd lat="43.8667928" lon="7.5966666"/>
    </member>
    <member type="way" ref="503558531" role="">
      <nd lat="43.8708821" lon="7.5883280"/>
      <nd lat="43.8710200" lon="7.5880390"/>
      <nd lat="43.8712950" lon="7.5878280"/>
      <nd lat="43.8717770" lon="7.5873360"/>
      <nd lat="43.8719930" lon="7.5871450"/>
      <nd lat="43.8722950" lon="7.5869580"/>
      <nd lat="43.8726540" lon="7.5868180"/>
      <nd lat="43.8728380" lon="7.5867250"/>
      <nd lat="43.8729770" lon="7.5866100"/>
      <nd lat="43.8732240" lon="7.5863500"/>
      <nd lat="43.8733650" lon="7.5862290"/>
      <nd lat="43.8735420" lon="7.5861480"/>
      <nd lat="43.8736780" lon="7.5861500"/>
      <nd lat="43.8737590" lon="7.5861890"/>
      <nd lat="43.8739320" lon="7.5864360"/>
      <nd lat="43.8740130" lon="7.5865140"/>
      <nd lat="43.8740720" lon="7.5865380"/>
      <nd lat="43.8741660" lon="7.5865230"/>
      <nd lat="43.8744470" lon="7.5863100"/>
      <nd lat="43.8746630" lon="7.5861140"/>
      <nd lat="43.8750230" lon="7.5859860"/>
      <nd lat="43.8753300" lon="7.5857790"/>
      <nd lat="43.8754790" lon="7.5857480"/>
      <nd lat="43.8756660" lon="7.5857487"/>
      <nd lat="43.8758018" lon="7.5858242"/>
      <nd lat="43.8759330" lon="7.5858597"/>
      <nd lat="43.8764303" lon="7.5858045"/>
      <nd lat="43.8769366" lon="7.5857214"/>
      <nd lat="43.8771354" lon="7.5857014"/>
      <nd lat="43.8773442" lon="7.5856273"/>
      <nd lat="43.8775155" lon="7.5855069"/>
      <nd lat="43.8776142" lon="7.5854151"/>
      <nd lat="43.8777129" lon="7.5853161"/>
      <nd lat="43.8777732" lon="7.5852072"/>
      <nd lat="43.8778190" lon="7.5851238"/>
      <nd lat="43.8778789" lon="7.5849292"/>
      <nd lat="43.8779581" lon="7.5846198"/>
      <nd lat="43.8780531" lon="7.5844814"/>
      <nd lat="43.8781428" lon="7.5844020"/>
      <nd lat="43.8781976" lon="7.5843664"/>
      <nd lat="43.8784136" lon="7.5843128"/>
      <nd lat="43.8786308" lon="7.5841711"/>
      <nd lat="43.8787509" lon="7.5839561"/>
      <nd lat="43.8787944" lon="7.5837546"/>
      <nd lat="43.8788871" lon="7.5834850"/>
      <nd lat="43.8789912" lon="7.5832832"/>
      <nd lat="43.8791818" lon="7.5829258"/>
      <nd lat="43.8794005" lon="7.5825872"/>
      <nd lat="43.8796091" lon="7.5822499"/>
      <nd lat="43.8797894" lon="7.5819259"/>
      <nd lat="43.8799823" lon="7.5816032"/>
      <nd lat="43.8800848" lon="7.5814691"/>
      <nd lat="43.8802002" lon="7.5813264"/>
      <nd lat="43.8804107" lon="7.5810637"/>
      <nd lat="43.8805725" lon="7.5808872"/>
      <nd lat="43.8806318" lon="7.5808173"/>
      <nd lat="43.8807157" lon="7.5807508"/>
      <nd lat="43.8807861" lon="7.5807285"/>
      <nd lat="43.8808511" lon="7.5807351"/>
      <nd lat="43.8808995" lon="7.5807751"/>
      <nd lat="43.8809390" lon="7.5808459"/>
    </member>
    <member type="way" ref="77379562" role="">
      <nd lat="43.8809390" lon="7.5808459"/>
      <nd lat="43.8809209" lon="7.5818026"/>
      <nd lat="43.8809399" lon="7.5820845"/>
      <nd lat="43.8809789" lon="7.5822782"/>
      <nd lat="43.8810617" lon="7.5824574"/>
      <nd lat="43.8811467" lon="7.5825658"/>
      <nd lat="43.8812859" lon="7.5827014"/>
      <nd lat="43.8814561" lon="7.5827725"/>
      <nd lat="43.8816856" lon="7.5829700"/>
      <nd lat="43.8818982" lon="7.5833019"/>
      <nd lat="43.8819725" lon="7.5836351"/>
      <nd lat="43.8820093" lon="7.5843451"/>
      <nd lat="43.8820397" lon="7.5845820"/>
      <nd lat="43.8820965" lon="7.5846237"/>
      <nd lat="43.8823001" lon="7.5845907"/>
      <nd lat="43.8827252" lon="7.5842750"/>
      <nd lat="43.8829528" lon="7.5841888"/>
      <nd lat="43.8832716" lon="7.5841639"/>
      <nd lat="43.8834381" lon="7.5842032"/>
      <nd lat="43.8835536" lon="7.5842994"/>
      <nd lat="43.8836547" lon="7.5843450"/>
      <nd lat="43.8838584" lon="7.5843407"/>
      <nd lat="43.8840092" lon="7.5843489"/>
      <nd lat="43.8840736" lon="7.5844250"/>
      <nd lat="43.8841645" lon="7.5846136"/>
      <nd lat="43.8842104" lon="7.5847794"/>
      <nd lat="43.8842011" lon="7.5849580"/>
      <nd lat="43.8843184" lon="7.5851576"/>
      <nd lat="43.8845145" lon="7.5853418"/>
      <nd lat="43.8848158" lon="7.5855931"/>
      <nd lat="43.8850054" lon="7.5856925"/>
      <nd lat="43.8854161" lon="7.5858212"/>
      <nd lat="43.8855530" lon="7.5858035"/>
      <nd lat="43.8857774" lon="7.5856544"/>
      <nd lat="43.8861043" lon="7.5852098"/>
      <nd lat="43.8862643" lon="7.5850809"/>
      <nd lat="43.8864050" lon="7.5849960"/>
      <nd lat="43.8865420" lon="7.5849730"/>
      <nd lat="43.8872720" lon="7.5847240"/>
      <nd lat="43.8875290" lon="7.5846700"/>
      <nd lat="43.8876600" lon="7.5846800"/>
      <nd lat="43.8878110" lon="7.5847490"/>
      <nd lat="43.8880250" lon="7.5849080"/>
      <nd lat="43.8881920" lon="7.5850950"/>
      <nd lat="43.8883221" lon="7.5852328"/>
      <nd lat="43.8883741" lon="7.5852194"/>
      <nd lat="43.8884116" lon="7.5851640"/>
      <nd lat="43.8884648" lon="7.5846870"/>
      <nd lat="43.8884731" lon="7.5845514"/>
      <nd lat="43.8885255" lon="7.5844844"/>
      <nd lat="43.8886119" lon="7.5843861"/>
      <nd lat="43.8886935" lon="7.5843183"/>
      <nd lat="43.8887496" lon="7.5842920"/>
      <nd lat="43.8888813" lon="7.5842133"/>
      <nd lat="43.8891575" lon="7.5841086"/>
      <nd lat="43.8894279" lon="7.5840687"/>
      <nd lat="43.8896488" lon="7.5840401"/>
      <nd lat="43.8899427" lon="7.5839440"/>
      <nd lat="43.8902674" lon="7.5838457"/>
      <nd lat="43.8904036" lon="7.5837794"/>
      <nd lat="43.8905552" lon="7.5836647"/>
      <nd lat="43.8907915" lon="7.5834075"/>
      <nd lat="43.8908654" lon="7.5832768"/>
      <nd lat="43.8909340" lon="7.5831878"/>
      <nd lat="43.8909463" lon="7.5831122"/>
      <nd lat="43.8909629" lon="7.5829639"/>
      <nd lat="43.8909609" lon="7.5827864"/>
      <nd lat="43.8909725" lon="7.5826476"/>
      <nd lat="43.8910607" lon="7.5824924"/>
      <nd lat="43.8912011" lon="7.5821522"/>
      <nd lat="43.8912780" lon="7.5819673"/>
      <nd lat="43.8913565" lon="7.5817967"/>
      <nd lat="43.8916744" lon="7.5813669"/>
      <nd lat="43.8919073" lon="7.5810063"/>
      <nd lat="43.8919414" lon="7.5808151"/>
      <nd lat="43.8919887" lon="7.5805274"/>
      <nd lat="43.8919991" lon="7.5803439"/>
      <nd lat="43.8919871" lon="7.5801582"/>
      <nd lat="43.8919659" lon="7.5800209"/>
      <nd lat="43.8918669" lon="7.5797576"/>
      <nd lat="43.8917372" lon="7.5794466"/>
      <nd lat="43.8916533" lon="7.5790941"/>
      <nd lat="43.8915973" lon="7.5789273"/>
      <nd lat="43.8914638" lon="7.5786972"/>
      <nd lat="43.8913455" lon="7.5784973"/>
      <nd lat="43.8912654" lon="7.5783075"/>
      <nd lat="43.8912508" lon="7.5781460"/>
      <nd lat="43.8912909" lon="7.5777343"/>
      <nd lat="43.8912948" lon="7.5776506"/>
      <nd lat="43.8912596" lon="7.5775355"/>
      <nd lat="43.8911840" lon="7.5773542"/>
      <nd lat="43.8911609" lon="7.5771964"/>
      <nd lat="43.8911896" lon="7.5769013"/>
      <nd lat="43.8911604" lon="7.5768094"/>
      <nd lat="43.8910878" lon="7.5767038"/>
      <nd lat="43.8910166" lon="7.5765749"/>
      <nd lat="43.8910088" lon="7.5765173"/>
    </member>
    <member type="way" ref="148235887" role="">
      <nd lat="43.8910088" lon="7.5765173"/>
      <nd lat="43.8910725" lon="7.5763826"/>
      <nd lat="43.8911633" lon="7.5762238"/>
      <nd lat="43.8913249" lon="7.5760083"/>
      <nd lat="43.8915768" lon="7.5758420"/>
      <nd lat="43.8917998" lon="7.5757388"/>
      <nd lat="43.8919408" lon="7.5756814"/>
      <nd lat="43.8920618" lon="7.5756322"/>
      <nd lat="43.8921511" lon="7.5756301"/>
      <nd lat="43.8921905" lon="7.5756614"/>
      <nd lat="43.8923150" lon="7.5757732"/>
      <nd lat="43.8924364" lon="7.5758533"/>
      <nd lat="43.8929921" lon="7.5759443"/>
      <nd lat="43.8932380" lon="7.5759308"/>
      <nd lat="43.8934737" lon="7.5757826"/>
      <nd lat="43.8936691" lon="7.5757220"/>
      <nd lat="43.8941372" lon="7.5759173"/>
      <nd lat="43.8944269" lon="7.5760386"/>
      <nd lat="43.8945293" lon="7.5760609"/>
      <nd lat="43.8946593" lon="7.5760116"/>
      <nd lat="43.8951600" lon="7.5756952"/>
      <nd lat="43.8951971" lon="7.5756596"/>
      <nd lat="43.8952285" lon="7.5756108"/>
      <nd lat="43.8952345" lon="7.5755722"/>
      <nd lat="43.8952217" lon="7.5755266"/>
      <nd lat="43.8951696" lon="7.5754389"/>
      <nd lat="43.8950482" lon="7.5753099"/>
      <nd lat="43.8944707" lon="7.5747149"/>
      <nd lat="43.8938268" lon="7.5740822"/>
      <nd lat="43.8936600" lon="7.5739723"/>
      <nd lat="43.8933558" lon="7.5737798"/>
      <nd lat="43.8933101" lon="7.5736767"/>
      <nd lat="43.8932999" lon="7.5735221"/>
      <nd lat="43.8933032" lon="7.5734724"/>
      <nd lat="43.8933152" lon="7.5734199"/>
      <nd lat="43.8933647" lon="7.5733413"/>
      <nd lat="43.8934401" lon="7.5732797"/>
      <nd lat="43.8934598" lon="7.5732623"/>
    </member>
    <member type="way" ref="936848333" role="">
      <nd lat="43.8934627" lon="7.5731053"/>
      <nd lat="43.8934636" lon="7.5731207"/>
      <nd lat="43.8934634" lon="7.5731435"/>
      <nd lat="43.8934581" lon="7.5731975"/>
      <nd lat="43.8934598" lon="7.5732623"/>
    </member>
    <member type="way" ref="454535177" role="">
      <nd lat="43.8934627" lon="7.5731053"/>
      <nd lat="43.8934597" lon="7.5730888"/>
      <nd lat="43.8934261" lon="7.5730325"/>
      <nd lat="43.8934127" lon="7.5729809"/>
      <nd lat="43.8934131" lon="7.5729154"/>
      <nd lat="43.8934261" lon="7.5728636"/>
      <nd lat="43.8934402" lon="7.5728242"/>
      <nd lat="43.8934644" lon="7.5727884"/>
      <nd lat="43.8934784" lon="7.5727603"/>
      <nd lat="43.8934673" lon="7.5727309"/>
      <nd lat="43.8934479" lon="7.5727116"/>
      <nd lat="43.8934243" lon="7.5726794"/>
      <nd lat="43.8934243" lon="7.5726207"/>
      <nd lat="43.8937812" lon="7.5720976"/>
      <nd lat="43.8939484" lon="7.5718021"/>
      <nd lat="43.8941592" lon="7.5714911"/>
      <nd lat="43.8942051" lon="7.5714419"/>
      <nd lat="43.8942440" lon="7.5713976"/>
      <nd lat="43.8942979" lon="7.5713212"/>
      <nd lat="43.8943650" lon="7.5712435"/>
      <nd lat="43.8944064" lon="7.5711794"/>
      <nd lat="43.8945875" lon="7.5709732"/>
      <nd lat="43.8946308" lon="7.5709011"/>
      <nd lat="43.8946685" lon="7.5708521"/>
      <nd lat="43.8947156" lon="7.5707703"/>
      <nd lat="43.8948069" lon="7.5705858"/>
    </member>
    <member type="way" ref="229039741" role="">
      <nd lat="43.8948069" lon="7.5705858"/>
      <nd lat="43.8949113" lon="7.5703907"/>
      <nd lat="43.8949861" lon="7.5703144"/>
      <nd lat="43.8950813" lon="7.5702274"/>
      <nd lat="43.8951116" lon="7.5701537"/>
      <nd lat="43.8951504" lon="7.5700382"/>
      <nd lat="43.8952046" lon="7.5699164"/>
      <nd lat="43.8952746" lon="7.5698438"/>
      <nd lat="43.8952914" lon="7.5697740"/>
      <nd lat="43.8953017" lon="7.5696533"/>
      <nd lat="43.8953260" lon="7.5695807"/>
      <nd lat="43.8954136" lon="7.5693280"/>
      <nd lat="43.8954773" lon="7.5692398"/>
      <nd lat="43.8955315" lon="7.5691238"/>
      <nd lat="43.8955992" lon="7.5690061"/>
      <nd lat="43.8957684" lon="7.5689178"/>
      <nd lat="43.8960447" lon="7.5689508"/>
      <nd lat="43.8969679" lon="7.5687628"/>
      <nd lat="43.8970981" lon="7.5687054"/>
      <nd lat="43.8971983" lon="7.5686168"/>
      <nd lat="43.8975440" lon="7.5681636"/>
      <nd lat="43.8978973" lon="7.5678871"/>
      <nd lat="43.8982430" lon="7.5677412"/>
      <nd lat="43.8983350" lon="7.5676929"/>
      <nd lat="43.8985148" lon="7.5674032"/>
      <nd lat="43.8986902" lon="7.5672175"/>
      <nd lat="43.8987736" lon="7.5671106"/>
      <nd lat="43.8988600" lon="7.5669764"/>
      <nd lat="43.8989359" lon="7.5668369"/>
      <nd lat="43.8990265" lon="7.5667272"/>
      <nd lat="43.8991724" lon="7.5665736"/>
      <nd lat="43.8992048" lon="7.5665020"/>
      <nd lat="43.8992031" lon="7.5662971"/>
      <nd lat="43.8992931" lon="7.5660640"/>
      <nd lat="43.8993787" lon="7.5658019"/>
      <nd lat="43.8994837" lon="7.5654679"/>
      <nd lat="43.8996729" lon="7.5650238"/>
      <nd lat="43.9000983" lon="7.5645292"/>
      <nd lat="43.9002395" lon="7.5643865"/>
      <nd lat="43.9003245" lon="7.5643477"/>
      <nd lat="43.9004539" lon="7.5643235"/>
      <nd lat="43.9005064" lon="7.5642622"/>
      <nd lat="43.9005883" lon="7.5640772"/>
      <nd lat="43.9006211" lon="7.5639909"/>
      <nd lat="43.9006443" lon="7.5638130"/>
      <nd lat="43.9006658" lon="7.5636068"/>
    </member>
    <member type="way" ref="819497508" role="">
      <nd lat="43.9006658" lon="7.5636068"/>
      <nd lat="43.9006856" lon="7.5634781"/>
      <nd lat="43.9006569" lon="7.5633298"/>
      <nd lat="43.9005791" lon="7.5631618"/>
      <nd lat="43.9004705" lon="7.5627714"/>
      <nd lat="43.9004902" lon="7.5626668"/>
      <nd lat="43.9005086" lon="7.5625917"/>
      <nd lat="43.9005735" lon="7.5625303"/>
      <nd lat="43.9007217" lon="7.5625990"/>
      <nd lat="43.9014768" lon="7.5626178"/>
      <nd lat="43.9030015" lon="7.5623011"/>
      <nd lat="43.9032439" lon="7.5622335"/>
      <nd lat="43.9033590" lon="7.5622201"/>
      <nd lat="43.9035294" lon="7.5622405"/>
      <nd lat="43.9037859" lon="7.5622389"/>
      <nd lat="43.9039351" lon="7.5622157"/>
      <nd lat="43.9040749" lon="7.5621665"/>
      <nd lat="43.9042205" lon="7.5621522"/>
      <nd lat="43.9043677" lon="7.5621957"/>
      <nd lat="43.9045681" lon="7.5621805"/>
    </member>
    <tag k="cai_scale" v="E"/>
    <tag k="description" v="High Way of the Ligurian Mountains - Stage 02"/>
    <tag k="description:de" v="Ligurische Grenzkammstraße"/>
    <tag k="description:it" v="Alta Via dei Monti Liguri - Tappa 02"/>
    <tag k="distance" v="8.7"/>
    <tag k="from" v="La Colla"/>
    <tag k="name" v="La Colla - Colla Sgora"/>
    <tag k="network" v="lwn"/>
    <tag k="note:project_page" v="http://wiki.openstreetmap.org/wiki/Liguria/Sentieri"/>
    <tag k="operator" v="Club Alpino Italiano"/>
    <tag k="osmc:symbol" v="red:red:white_stripe:AV:black"/>
    <tag k="ref" v="AV02"/>
    <tag k="ref:REI" v="GIMA1990"/>
    <tag k="reg_ref" v="GIMA19901PE"/>
    <tag k="roundtrip" v="no"/>
    <tag k="route" v="hiking"/>
    <tag k="rwn:name" v="Rete Escursionistica Ligure (REL)"/>
    <tag k="source" v="survey:CAI"/>
    <tag k="symbol" v="AV on white red flag"/>
    <tag k="symbol:it" v="AV su segnavia bianco e rosso"/>
    <tag k="to" v="Colla Sgora"/>
    <tag k="type" v="route"/>
  </relation>
</old>
<new>
  <relation id="1143788" version="32" timestamp="2026-10-05T14:36:53Z" changeset="190039966" uid="10269073" user="granpasso811">
    <bounds minlat="43.8566427" minlon="7.5621522" maxlat="43.9045681" maxlon="7.6058891"/>
    <member type="way" ref="175560383" role="">
      <nd lat="43.8566427" lon="7.6044606"/>
      <nd lat="43.8567477" lon="7.6044074"/>
      <nd lat="43.8568610" lon="7.6043759"/>
      <nd lat="43.8569571" lon="7.6044163"/>
      <nd lat="43.8570982" lon="7.6045381"/>
      <nd lat="43.8573694" lon="7.6046826"/>
      <nd lat="43.8578364" lon="7.6048089"/>
      <nd lat="43.8579007" lon="7.6048169"/>
      <nd lat="43.8580832" lon="7.6048313"/>
      <nd lat="43.8582450" lon="7.6048611"/>
      <nd lat="43.8582782" lon="7.6047932"/>
    </member>
    <member type="way" ref="74024978" role="">
      <nd lat="43.8582782" lon="7.6047932"/>
      <nd lat="43.8584314" lon="7.6050550"/>
    </member>
    <member type="way" ref="115954370" role="">
      <nd lat="43.8584314" lon="7.6050550"/>
      <nd lat="43.8584926" lon="7.6050772"/>
      <nd lat="43.8585690" lon="7.6051470"/>
      <nd lat="43.8586670" lon="7.6052680"/>
      <nd lat="43.8587900" lon="7.6054650"/>
      <nd lat="43.8588700" lon="7.6055410"/>
      <nd lat="43.8589290" lon="7.6055660"/>
      <nd lat="43.8591292" lon="7.6055782"/>
      <nd lat="43.8592000" lon="7.6056056"/>
      <nd lat="43.8593754" lon="7.6058094"/>
      <nd lat="43.8594544" lon="7.6058550"/>
      <nd lat="43.8596506" lon="7.6058368"/>
      <nd lat="43.8597647" lon="7.6058891"/>
      <nd lat="43.8598130" lon="7.6058770"/>
      <nd lat="43.8599500" lon="7.6057180"/>
      <nd lat="43.8600487" lon="7.6056346"/>
    </member>
    <member type="way" ref="401924031" role="">
      <nd lat="43.8600487" lon="7.6056346"/>
      <nd lat="43.8602313" lon="7.6053348"/>
      <nd lat="43.8603379" lon="7.6052390"/>
      <nd lat="43.8604192" lon="7.6051599"/>
      <nd lat="43.8607743" lon="7.6048189"/>
      <nd lat="43.8608686" lon="7.6047255"/>
      <nd lat="43.8610327" lon="7.6046272"/>
      <nd lat="43.8611341" lon="7.6045538"/>
      <nd lat="43.8611848" lon="7.6044790"/>
      <nd lat="43.8612566" lon="7.6043873"/>
      <nd lat="43.8615113" lon="7.6042295"/>
      <nd lat="43.8616789" lon="7.6040949"/>
      <nd lat="43.8618113" lon="7.6039359"/>
      <nd lat="43.8619714" lon="7.6038709"/>
      <nd lat="43.8621711" lon="7.6036497"/>
      <nd lat="43.8623619" lon="7.6035315"/>
      <nd lat="43.8624509" lon="7.6034738"/>
    </member>
    <member type="way" ref="401924032" role="">
      <nd lat="43.8624509" lon="7.6034738"/>
      <nd lat="43.8625810" lon="7.6034644"/>
      <nd lat="43.8626554" lon="7.6034664"/>
    </member>
    <member type="way" ref="388652219" role="">
      <nd lat="43.8626554" lon="7.6034664"/>
      <nd lat="43.8626680" lon="7.6034222"/>
      <nd lat="43.8627058" lon="7.6033811"/>
      <nd lat="43.8627679" lon="7.6033061"/>
      <nd lat="43.8628339" lon="7.6032298"/>
      <nd lat="43.8628720" lon="7.6031985"/>
      <nd lat="43.8629700" lon="7.6032271"/>
      <nd lat="43.8630150" lon="7.6031900"/>
      <nd lat="43.8630845" lon="7.6031126"/>
      <nd lat="43.8631826" lon="7.6030385"/>
      <nd lat="43.8631857" lon="7.6029409"/>
      <nd lat="43.8631788" lon="7.6028721"/>
      <nd lat="43.8632032" lon="7.6028165"/>
      <nd lat="43.8632477" lon="7.6027630"/>
      <nd lat="43.8632666" lon="7.6027145"/>
      <nd lat="43.8633462" lon="7.6025850"/>
      <nd lat="43.8635436" lon="7.6022074"/>
      <nd lat="43.8635950" lon="7.6020746"/>
      <nd lat="43.8636141" lon="7.6019798"/>
      <nd lat="43.8636177" lon="7.6018894"/>
      <nd lat="43.8636547" lon="7.6018336"/>
      <nd lat="43.8637012" lon="7.6017793"/>
      <nd lat="43.8637530" lon="7.6016090"/>
      <nd lat="43.8637656" lon="7.6015444"/>
      <nd lat="43.8637640" lon="7.6014996"/>
      <nd lat="43.8637715" lon="7.6014324"/>
      <nd lat="43.8638356" lon="7.6011856"/>
      <nd lat="43.8639045" lon="7.6008131"/>
      <nd lat="43.8639927" lon="7.6004667"/>
      <nd lat="43.8640283" lon="7.6004159"/>
      <nd lat="43.8642909" lon="7.6002623"/>
      <nd lat="43.8643335" lon="7.6002176"/>
      <nd lat="43.8643568" lon="7.6001681"/>
      <nd lat="43.8644100" lon="7.6001090"/>
      <nd lat="43.8644803" lon="7.6000752"/>
      <nd lat="43.8645301" lon="7.6000587"/>
      <nd lat="43.8645883" lon="7.6000594"/>
      <nd lat="43.8646226" lon="7.6000573"/>
      <nd lat="43.8646658" lon="7.6000045"/>
      <nd lat="43.8647126" lon="7.5999616"/>
      <nd lat="43.8647852" lon="7.5999721"/>
      <nd lat="43.8648572" lon="7.6000126"/>
      <nd lat="43.8649016" lon="7.6000359"/>
      <nd lat="43.8649764" lon="7.6000439"/>
      <nd lat="43.8651021" lon="7.6000037"/>
      <nd lat="43.8651805" lon="7.5999662"/>
      <nd lat="43.8652541" lon="7.5999063"/>
      <nd lat="43.8653568" lon="7.5997472"/>
      <nd lat="43.8654218" lon="7.5996295"/>
      <nd lat="43.8654769" lon="7.5994679"/>
      <nd lat="43.8655484" lon="7.5993157"/>
      <nd lat="43.8655499" lon="7.5992353"/>
      <nd lat="43.8656306" lon="7.5989583"/>
      <nd lat="43.8657326" lon="7.5988095"/>
      <nd lat="43.8657950" lon="7.5986344"/>
      <nd lat="43.8658172" lon="7.5985385"/>
      <nd lat="43.8658796" lon="7.5983642"/>
      <nd lat="43.8659023" lon="7.5982931"/>
      <nd lat="43.8659178" lon="7.5982160"/>
      <nd lat="43.8659236" lon="7.5981557"/>
      <nd lat="43.8659482" lon="7.5981020"/>
      <nd lat="43.8660159" lon="7.5980390"/>
      <nd lat="43.8661595" lon="7.5978217"/>
      <nd lat="43.8662301" lon="7.5977547"/>
      <nd lat="43.8662596" lon="7.5977386"/>
      <nd lat="43.8662804" lon="7.5977211"/>
      <nd lat="43.8662944" lon="7.5976782"/>
      <nd lat="43.8663843" lon="7.5975099"/>
      <nd lat="43.8664356" lon="7.5974543"/>
      <nd lat="43.8665177" lon="7.5972665"/>
      <nd lat="43.8666647" lon="7.5969762"/>
      <nd lat="43.8666845" lon="7.5968910"/>
      <nd lat="43.8667445" lon="7.5967555"/>
      <nd lat="43.8667928" lon="7.5966666"/>
    </member>
    <member type="way" ref="388664124" role="">
      <nd lat="43.8705166" lon="7.5951281"/>
      <nd lat="43.8704634" lon="7.5951764"/>
      <nd lat="43.8703303" lon="7.5952864"/>
      <nd lat="43.8701892" lon="7.5954944"/>
      <nd lat="43.8700370" lon="7.5955464"/>
      <nd lat="43.8698496" lon="7.5956412"/>
      <nd lat="43.8696401" lon="7.5958522"/>
      <nd lat="43.8694593" lon="7.5960266"/>
      <nd lat="43.8693269" lon="7.5960235"/>
      <nd lat="43.8691572" lon="7.5959868"/>
      <nd lat="43.8690028" lon="7.5959991"/>
      <nd lat="43.8687911" lon="7.5959715"/>
      <nd lat="43.8685706" lon="7.5959868"/>
      <nd lat="43.8684341" lon="7.5960052"/>
      <nd lat="43.8683038" lon="7.5961061"/>
      <nd lat="43.8682320" lon="7.5961930"/>
      <nd lat="43.8681276" lon="7.5963190"/>
      <nd lat="43.8680754" lon="7.5964183"/>
      <nd lat="43.8680328" lon="7.5964639"/>
      <nd lat="43.8679708" lon="7.5964885"/>
      <nd lat="43.8678561" lon="7.5964976"/>
      <nd lat="43.8677039" lon="7.5964915"/>
      <nd lat="43.8676171" lon="7.5964719"/>
      <nd lat="43.8675160" lon="7.5964116"/>
      <nd lat="43.8674062" lon="7.5963722"/>
      <nd lat="43.8673285" lon="7.5963626"/>
      <nd lat="43.8672966" lon="7.5963418"/>
      <nd lat="43.8672337" lon="7.5963378"/>
      <nd lat="43.8671438" lon="7.5963673"/>
      <nd lat="43.8671041" lon="7.5963906"/>
      <nd lat="43.8670437" lon="7.5964518"/>
      <nd lat="43.8670026" lon="7.5965155"/>
      <nd lat="43.8669519" lon="7.5965671"/>
      <nd lat="43.8668557" lon="7.5966167"/>
      <nd lat="43.8667928" lon="7.5966666"/>
    </member>
    <member type="way" ref="401924046" role="">
      <nd lat="43.8701289" lon="7.5905630"/>
      <nd lat="43.8701434" lon="7.5906877"/>
      <nd lat="43.8701463" lon="7.5909787"/>
      <nd lat="43.8701274" lon="7.5911111"/>
      <nd lat="43.8701947" lon="7.5913784"/>
      <nd lat="43.8701840" lon="7.5915340"/>
      <nd lat="43.8701879" lon="7.5916439"/>
      <nd lat="43.8701781" lon="7.5918880"/>
      <nd lat="43.8702421" lon="7.5921847"/>
      <nd lat="43.8703929" lon="7.5926135"/>
      <nd lat="43.8703967" lon="7.5927222"/>
      <nd lat="43.8703842" lon="7.5927986"/>
      <nd lat="43.8703223" lon="7.5929770"/>
      <nd lat="43.8703058" lon="7.5930548"/>
      <nd lat="43.8702981" lon="7.5932063"/>
      <nd lat="43.8702942" lon="7.5933672"/>
      <nd lat="43.8702730" lon="7.5934960"/>
      <nd lat="43.8702391" lon="7.5935537"/>
      <nd lat="43.8702053" lon="7.5936006"/>
      <nd lat="43.8701260" lon="7.5937133"/>
      <nd lat="43.8700893" lon="7.5938983"/>
      <nd lat="43.8700806" lon="7.5940847"/>
      <nd lat="43.8700777" lon="7.5941987"/>
      <nd lat="43.8701086" lon="7.5943463"/>
      <nd lat="43.8701444" lon="7.5944696"/>
      <nd lat="43.8702875" lon="7.5947191"/>
      <nd lat="43.8704494" lon="7.5949529"/>
      <nd lat="43.8705060" lon="7.5950530"/>
      <nd lat="43.8705205" lon="7.5951040"/>
      <nd lat="43.8705166" lon="7.5951281"/>
    </member>
    <member type="way" ref="401924033" role="">
      <nd lat="43.8701289" lon="7.5905630"/>
      <nd lat="43.8701989" lon="7.5904219"/>
      <nd lat="43.8702947" lon="7.5900525"/>
      <nd lat="43.8703174" lon="7.5898442"/>
      <nd lat="43.8703184" lon="7.5896329"/>
      <nd lat="43.8703315" lon="7.5895645"/>
    </member>
    <member type="way" ref="388664121" role="">
      <nd lat="43.8703315" lon="7.5895645"/>
      <nd lat="43.8703392" lon="7.5895223"/>
      <nd lat="43.8703643" lon="7.5894774"/>
      <nd lat="43.8703948" lon="7.5894231"/>
      <nd lat="43.8704368" lon="7.5893352"/>
      <nd lat="43.8704615" lon="7.5892594"/>
      <nd lat="43.8704837" lon="7.5891736"/>
      <nd lat="43.8705292" lon="7.5890858"/>
      <nd lat="43.8705717" lon="7.5890066"/>
      <nd lat="43.8706017" lon="7.5889262"/>
      <nd lat="43.8706201" lon="7.5888035"/>
      <nd lat="43.8706292" lon="7.5887136"/>
      <nd lat="43.8706655" lon="7.5886405"/>
      <nd lat="43.8707298" lon="7.5884783"/>
      <nd lat="43.8707728" lon="7.5884092"/>
      <nd lat="43.8708004" lon="7.5883757"/>
      <nd lat="43.8708308" lon="7.5883401"/>
      <nd lat="43.8708526" lon="7.5883280"/>
      <nd lat="43.8708821" lon="7.5883280"/>
    </member>
    <member type="way" ref="503558531" role="">
      <nd lat="43.8708821" lon="7.5883280"/>
      <nd lat="43.8710200" lon="7.5880390"/>
      <nd lat="43.8712950" lon="7.5878280"/>
      <nd lat="43.8717770" lon="7.5873360"/>
      <nd lat="43.8719930" lon="7.5871450"/>
      <nd lat="43.8722950" lon="7.5869580"/>
      <nd lat="43.8726540" lon="7.5868180"/>
      <nd lat="43.8728380" lon="7.5867250"/>
      <nd lat="43.8729770" lon="7.5866100"/>
      <nd lat="43.8732240" lon="7.5863500"/>
      <nd lat="43.8733650" lon="7.5862290"/>
      <nd lat="43.8735420" lon="7.5861480"/>
      <nd lat="43.8736780" lon="7.5861500"/>
      <nd lat="43.8737590" lon="7.5861890"/>
      <nd lat="43.8739320" lon="7.5864360"/>
      <nd lat="43.8740130" lon="7.5865140"/>
      <nd lat="43.8740720" lon="7.5865380"/>
      <nd lat="43.8741660" lon="7.5865230"/>
      <nd lat="43.8744470" lon="7.5863100"/>
      <nd lat="43.8746630" lon="7.5861140"/>
      <nd lat="43.8750230" lon="7.5859860"/>
      <nd lat="43.8753300" lon="7.5857790"/>
      <nd lat="43.8754790" lon="7.5857480"/>
      <nd lat="43.8756660" lon="7.5857487"/>
      <nd lat="43.8758018" lon="7.5858242"/>
      <nd lat="43.8759330" lon="7.5858597"/>
      <nd lat="43.8764303" lon="7.5858045"/>
      <nd lat="43.8769366" lon="7.5857214"/>
      <nd lat="43.8771354" lon="7.5857014"/>
      <nd lat="43.8773442" lon="7.5856273"/>
      <nd lat="43.8775155" lon="7.5855069"/>
      <nd lat="43.8776142" lon="7.5854151"/>
      <nd lat="43.8777129" lon="7.5853161"/>
      <nd lat="43.8777732" lon="7.5852072"/>
      <nd lat="43.8778190" lon="7.5851238"/>
      <nd lat="43.8778789" lon="7.5849292"/>
      <nd lat="43.8779581" lon="7.5846198"/>
      <nd lat="43.8780531" lon="7.5844814"/>
      <nd lat="43.8781428" lon="7.5844020"/>
      <nd lat="43.8781976" lon="7.5843664"/>
      <nd lat="43.8784136" lon="7.5843128"/>
      <nd lat="43.8786308" lon="7.5841711"/>
      <nd lat="43.8787509" lon="7.5839561"/>
      <nd lat="43.8787944" lon="7.5837546"/>
      <nd lat="43.8788871" lon="7.5834850"/>
      <nd lat="43.8789912" lon="7.5832832"/>
      <nd lat="43.8791818" lon="7.5829258"/>
      <nd lat="43.8794005" lon="7.5825872"/>
      <nd lat="43.8796091" lon="7.5822499"/>
      <nd lat="43.8797894" lon="7.5819259"/>
      <nd lat="43.8799823" lon="7.5816032"/>
      <nd lat="43.8800848" lon="7.5814691"/>
      <nd lat="43.8802002" lon="7.5813264"/>
      <nd lat="43.8804107" lon="7.5810637"/>
      <nd lat="43.8805725" lon="7.5808872"/>
      <nd lat="43.8806318" lon="7.5808173"/>
      <nd lat="43.8807157" lon="7.5807508"/>
      <nd lat="43.8807861" lon="7.5807285"/>
      <nd lat="43.8808511" lon="7.5807351"/>
      <nd lat="43.8808995" lon="7.5807751"/>
      <nd lat="43.8809390" lon="7.5808459"/>
    </member>
    <member type="way" ref="77379562" role="">
      <nd lat="43.8809390" lon="7.5808459"/>
      <nd lat="43.8809209" lon="7.5818026"/>
      <nd lat="43.8809399" lon="7.5820845"/>
      <nd lat="43.8809789" lon="7.5822782"/>
      <nd lat="43.8810617" lon="7.5824574"/>
      <nd lat="43.8811467" lon="7.5825658"/>
      <nd lat="43.8812859" lon="7.5827014"/>
      <nd lat="43.8814561" lon="7.5827725"/>
      <nd lat="43.8816856" lon="7.5829700"/>
      <nd lat="43.8818982" lon="7.5833019"/>
      <nd lat="43.8819725" lon="7.5836351"/>
      <nd lat="43.8820093" lon="7.5843451"/>
      <nd lat="43.8820397" lon="7.5845820"/>
      <nd lat="43.8820965" lon="7.5846237"/>
      <nd lat="43.8823001" lon="7.5845907"/>
      <nd lat="43.8827252" lon="7.5842750"/>
      <nd lat="43.8829528" lon="7.5841888"/>
      <nd lat="43.8832716" lon="7.5841639"/>
      <nd lat="43.8834381" lon="7.5842032"/>
      <nd lat="43.8835536" lon="7.5842994"/>
      <nd lat="43.8836547" lon="7.5843450"/>
      <nd lat="43.8838584" lon="7.5843407"/>
      <nd lat="43.8840092" lon="7.5843489"/>
      <nd lat="43.8840736" lon="7.5844250"/>
      <nd lat="43.8841645" lon="7.5846136"/>
      <nd lat="43.8842104" lon="7.5847794"/>
      <nd lat="43.8842011" lon="7.5849580"/>
      <nd lat="43.8843184" lon="7.5851576"/>
      <nd lat="43.8845145" lon="7.5853418"/>
      <nd lat="43.8848158" lon="7.5855931"/>
      <nd lat="43.8850054" lon="7.5856925"/>
      <nd lat="43.8854161" lon="7.5858212"/>
      <nd lat="43.8855530" lon="7.5858035"/>
      <nd lat="43.8857774" lon="7.5856544"/>
      <nd lat="43.8861043" lon="7.5852098"/>
      <nd lat="43.8862643" lon="7.5850809"/>
      <nd lat="43.8864050" lon="7.5849960"/>
      <nd lat="43.8865420" lon="7.5849730"/>
      <nd lat="43.8872720" lon="7.5847240"/>
      <nd lat="43.8875290" lon="7.5846700"/>
      <nd lat="43.8876600" lon="7.5846800"/>
      <nd lat="43.8878110" lon="7.5847490"/>
      <nd lat="43.8880250" lon="7.5849080"/>
      <nd lat="43.8881920" lon="7.5850950"/>
      <nd lat="43.8883221" lon="7.5852328"/>
      <nd lat="43.8883741" lon="7.5852194"/>
      <nd lat="43.8884116" lon="7.5851640"/>
      <nd lat="43.8884648" lon="7.5846870"/>
      <nd lat="43.8884731" lon="7.5845514"/>
      <nd lat="43.8885255" lon="7.5844844"/>
      <nd lat="43.8886119" lon="7.5843861"/>
      <nd lat="43.8886935" lon="7.5843183"/>
      <nd lat="43.8887496" lon="7.5842920"/>
      <nd lat="43.8888813" lon="7.5842133"/>
      <nd lat="43.8891575" lon="7.5841086"/>
      <nd lat="43.8894279" lon="7.5840687"/>
      <nd lat="43.8896488" lon="7.5840401"/>
      <nd lat="43.8899427" lon="7.5839440"/>
      <nd lat="43.8902674" lon="7.5838457"/>
      <nd lat="43.8904036" lon="7.5837794"/>
      <nd lat="43.8905552" lon="7.5836647"/>
      <nd lat="43.8907915" lon="7.5834075"/>
      <nd lat="43.8908654" lon="7.5832768"/>
      <nd lat="43.8909340" lon="7.5831878"/>
      <nd lat="43.8909463" lon="7.5831122"/>
      <nd lat="43.8909629" lon="7.5829639"/>
      <nd lat="43.8909609" lon="7.5827864"/>
      <nd lat="43.8909725" lon="7.5826476"/>
      <nd lat="43.8910607" lon="7.5824924"/>
      <nd lat="43.8912011" lon="7.5821522"/>
      <nd lat="43.8912780" lon="7.5819673"/>
      <nd lat="43.8913565" lon="7.5817967"/>
      <nd lat="43.8916744" lon="7.5813669"/>
      <nd lat="43.8919073" lon="7.5810063"/>
      <nd lat="43.8919414" lon="7.5808151"/>
      <nd lat="43.8919887" lon="7.5805274"/>
      <nd lat="43.8919991" lon="7.5803439"/>
      <nd lat="43.8919871" lon="7.5801582"/>
      <nd lat="43.8919659" lon="7.5800209"/>
      <nd lat="43.8918669" lon="7.5797576"/>
      <nd lat="43.8917372" lon="7.5794466"/>
      <nd lat="43.8916533" lon="7.5790941"/>
      <nd lat="43.8915973" lon="7.5789273"/>
      <nd lat="43.8914638" lon="7.5786972"/>
      <nd lat="43.8913455" lon="7.5784973"/>
      <nd lat="43.8912654" lon="7.5783075"/>
      <nd lat="43.8912508" lon="7.5781460"/>
      <nd lat="43.8912909" lon="7.5777343"/>
      <nd lat="43.8912948" lon="7.5776506"/>
      <nd lat="43.8912596" lon="7.5775355"/>
      <nd lat="43.8911840" lon="7.5773542"/>
      <nd lat="43.8911609" lon="7.5771964"/>
      <nd lat="43.8911896" lon="7.5769013"/>
      <nd lat="43.8911604" lon="7.5768094"/>
      <nd lat="43.8910878" lon="7.5767038"/>
      <nd lat="43.8910166" lon="7.5765749"/>
      <nd lat="43.8910088" lon="7.5765173"/>
    </member>
    <member type="way" ref="148235887" role="">
      <nd lat="43.8910088" lon="7.5765173"/>
      <nd lat="43.8910725" lon="7.5763826"/>
      <nd lat="43.8911633" lon="7.5762238"/>
      <nd lat="43.8913249" lon="7.5760083"/>
      <nd lat="43.8915768" lon="7.5758420"/>
      <nd lat="43.8917998" lon="7.5757388"/>
      <nd lat="43.8919408" lon="7.5756814"/>
      <nd lat="43.8920618" lon="7.5756322"/>
      <nd lat="43.8921511" lon="7.5756301"/>
      <nd lat="43.8921905" lon="7.5756614"/>
      <nd lat="43.8923150" lon="7.5757732"/>
      <nd lat="43.8924364" lon="7.5758533"/>
      <nd lat="43.8929921" lon="7.5759443"/>
      <nd lat="43.8932380" lon="7.5759308"/>
      <nd lat="43.8934737" lon="7.5757826"/>
      <nd lat="43.8936691" lon="7.5757220"/>
      <nd lat="43.8941372" lon="7.5759173"/>
      <nd lat="43.8944269" lon="7.5760386"/>
      <nd lat="43.8945293" lon="7.5760609"/>
      <nd lat="43.8946593" lon="7.5760116"/>
      <nd lat="43.8951600" lon="7.5756952"/>
      <nd lat="43.8951971" lon="7.5756596"/>
      <nd lat="43.8952285" lon="7.5756108"/>
      <nd lat="43.8952345" lon="7.5755722"/>
      <nd lat="43.8952217" lon="7.5755266"/>
      <nd lat="43.8951696" lon="7.5754389"/>
      <nd lat="43.8950482" lon="7.5753099"/>
      <nd lat="43.8944707" lon="7.5747149"/>
      <nd lat="43.8938268" lon="7.5740822"/>
      <nd lat="43.8936600" lon="7.5739723"/>
      <nd lat="43.8933558" lon="7.5737798"/>
      <nd lat="43.8933101" lon="7.5736767"/>
      <nd lat="43.8932999" lon="7.5735221"/>
      <nd lat="43.8933032" lon="7.5734724"/>
      <nd lat="43.8933152" lon="7.5734199"/>
      <nd lat="43.8933647" lon="7.5733413"/>
      <nd lat="43.8934401" lon="7.5732797"/>
      <nd lat="43.8934598" lon="7.5732623"/>
    </member>
    <member type="way" ref="936848333" role="">
      <nd lat="43.8934627" lon="7.5731053"/>
      <nd lat="43.8934636" lon="7.5731207"/>
      <nd lat="43.8934634" lon="7.5731435"/>
      <nd lat="43.8934581" lon="7.5731975"/>
      <nd lat="43.8934598" lon="7.5732623"/>
    </member>
    <member type="way" ref="454535177" role="">
      <nd lat="43.8934627" lon="7.5731053"/>
      <nd lat="43.8934597" lon="7.5730888"/>
      <nd lat="43.8934261" lon="7.5730325"/>
      <nd lat="43.8934127" lon="7.5729809"/>
      <nd lat="43.8934131" lon="7.5729154"/>
      <nd lat="43.8934261" lon="7.5728636"/>
      <nd lat="43.8934402" lon="7.5728242"/>
      <nd lat="43.8934644" lon="7.5727884"/>
      <nd lat="43.8934784" lon="7.5727603"/>
      <nd lat="43.8934673" lon="7.5727309"/>
      <nd lat="43.8934479" lon="7.5727116"/>
      <nd lat="43.8934243" lon="7.5726794"/>
      <nd lat="43.8934243" lon="7.5726207"/>
      <nd lat="43.8937812" lon="7.5720976"/>
      <nd lat="43.8939484" lon="7.5718021"/>
      <nd lat="43.8941592" lon="7.5714911"/>
      <nd lat="43.8942051" lon="7.5714419"/>
      <nd lat="43.8942440" lon="7.5713976"/>
      <nd lat="43.8942979" lon="7.5713212"/>
      <nd lat="43.8943650" lon="7.5712435"/>
      <nd lat="43.8944064" lon="7.5711794"/>
      <nd lat="43.8945875" lon="7.5709732"/>
      <nd lat="43.8946308" lon="7.5709011"/>
      <nd lat="43.8946685" lon="7.5708521"/>
      <nd lat="43.8947156" lon="7.5707703"/>
      <nd lat="43.8948069" lon="7.5705858"/>
    </member>
    <member type="way" ref="229039741" role="">
      <nd lat="43.8948069" lon="7.5705858"/>
      <nd lat="43.8949113" lon="7.5703907"/>
      <nd lat="43.8949861" lon="7.5703144"/>
      <nd lat="43.8950813" lon="7.5702274"/>
      <nd lat="43.8951116" lon="7.5701537"/>
      <nd lat="43.8951504" lon="7.5700382"/>
      <nd lat="43.8952046" lon="7.5699164"/>
      <nd lat="43.8952746" lon="7.5698438"/>
      <nd lat="43.8952914" lon="7.5697740"/>
      <nd lat="43.8953017" lon="7.5696533"/>
      <nd lat="43.8953260" lon="7.5695807"/>
      <nd lat="43.8954136" lon="7.5693280"/>
      <nd lat="43.8954773" lon="7.5692398"/>
      <nd lat="43.8955315" lon="7.5691238"/>
      <nd lat="43.8955992" lon="7.5690061"/>
      <nd lat="43.8957684" lon="7.5689178"/>
      <nd lat="43.8960447" lon="7.5689508"/>
      <nd lat="43.8969679" lon="7.5687628"/>
      <nd lat="43.8970981" lon="7.5687054"/>
      <nd lat="43.8971983" lon="7.5686168"/>
      <nd lat="43.8975440" lon="7.5681636"/>
      <nd lat="43.8978973" lon="7.5678871"/>
      <nd lat="43.8982430" lon="7.5677412"/>
      <nd lat="43.8983350" lon="7.5676929"/>
      <nd lat="43.8985148" lon="7.5674032"/>
      <nd lat="43.8986902" lon="7.5672175"/>
      <nd lat="43.8987736" lon="7.5671106"/>
      <nd lat="43.8988600" lon="7.5669764"/>
      <nd lat="43.8989359" lon="7.5668369"/>
      <nd lat="43.8990265" lon="7.5667272"/>
      <nd lat="43.8991724" lon="7.5665736"/>
      <nd lat="43.8992048" lon="7.5665020"/>
      <nd lat="43.8992031" lon="7.5662971"/>
      <nd lat="43.8992931" lon="7.5660640"/>
      <nd lat="43.8993787" lon="7.5658019"/>
      <nd lat="43.8994837" lon="7.5654679"/>
      <nd lat="43.8996729" lon="7.5650238"/>
      <nd lat="43.9000983" lon="7.5645292"/>
      <nd lat="43.9002395" lon="7.5643865"/>
      <nd lat="43.9003245" lon="7.5643477"/>
      <nd lat="43.9004539" lon="7.5643235"/>
      <nd lat="43.9005064" lon="7.5642622"/>
      <nd lat="43.9005883" lon="7.5640772"/>
      <nd lat="43.9006211" lon="7.5639909"/>
      <nd lat="43.9006443" lon="7.5638130"/>
      <nd lat="43.9006658" lon="7.5636068"/>
    </member>
    <member type="way" ref="819497508" role="">
      <nd lat="43.9006658" lon="7.5636068"/>
      <nd lat="43.9006856" lon="7.5634781"/>
      <nd lat="43.9006569" lon="7.5633298"/>
      <nd lat="43.9005791" lon="7.5631618"/>
      <nd lat="43.9004705" lon="7.5627714"/>
      <nd lat="43.9004902" lon="7.5626668"/>
      <nd lat="43.9005086" lon="7.5625917"/>
      <nd lat="43.9005735" lon="7.5625303"/>
      <nd lat="43.9007217" lon="7.5625990"/>
      <nd lat="43.9014768" lon="7.5626178"/>
      <nd lat="43.9030015" lon="7.5623011"/>
      <nd lat="43.9032439" lon="7.5622335"/>
      <nd lat="43.9033590" lon="7.5622201"/>
      <nd lat="43.9035294" lon="7.5622405"/>
      <nd lat="43.9037859" lon="7.5622389"/>
      <nd lat="43.9039351" lon="7.5622157"/>
      <nd lat="43.9040749" lon="7.5621665"/>
      <nd lat="43.9042205" lon="7.5621522"/>
      <nd lat="43.9043677" lon="7.5621957"/>
      <nd lat="43.9045681" lon="7.5621805"/>
    </member>
    <tag k="cai_scale" v="E"/>
    <tag k="description" v="High Way of the Ligurian Mountains - Stage 02"/>
    <tag k="description:de" v="Ligurische Grenzkammstraße"/>
    <tag k="description:it" v="Alta Via dei Monti Liguri - Tappa 02"/>
    <tag k="distance" v="8.7"/>
    <tag k="from" v="La Colla"/>
    <tag k="name" v="La Colla - Colla Sgora"/>
    <tag k="network" v="lwn"/>
    <tag k="note:project_page" v="http://wiki.openstreetmap.org/wiki/Liguria/Sentieri"/>
    <tag k="operator" v="Club Alpino Italiano"/>
    <tag k="osmc:symbol" v="red:red:white_stripe:AV:black"/>
    <tag k="ref" v="AV02"/>
    <tag k="ref:REI" v="GIMA1990"/>
    <tag k="reg_ref" v="GIMA19901PE"/>
    <tag k="roundtrip" v="no"/>
    <tag k="route" v="hiking"/>
    <tag k="rwn:name" v="Rete Escursionistica Ligure (REL)"/>
    <tag k="source" v="survey:CAI"/>
    <tag k="symbol" v="AV on white red flag"/>
    <tag k="symbol:it" v="AV su segnavia bianco e rosso"/>
    <tag k="to" v="Colla Sgora"/>
    <tag k="type" v="route"/>
  </relation>
</new>
</action>
<action type="modify">
<old>
  <relation id="1143918" version="33" timestamp="2023-11-04T23:14:42Z" changeset="143633154" uid="3215770" user="Andrea Del Sarto">
    <bounds minlat="43.9530432" minlon="7.6115480" maxlat="43.9952531" maxlon="7.6666417"/>
    <member type="way" ref="525909379" role="">
      <nd lat="43.9592577" lon="7.6182662"/>
      <nd lat="43.9592559" lon="7.6182578"/>
      <nd lat="43.9591763" lon="7.6182169"/>
      <nd lat="43.9591182" lon="7.6182182"/>
      <nd lat="43.9590302" lon="7.6182635"/>
      <nd lat="43.9589262" lon="7.6183049"/>
      <nd lat="43.9588714" lon="7.6183205"/>
      <nd lat="43.9587902" lon="7.6182949"/>
      <nd lat="43.9587048" lon="7.6182427"/>
      <nd lat="43.9585861" lon="7.6181093"/>
      <nd lat="43.9583550" lon="7.6178229"/>
      <nd lat="43.9582772" lon="7.6173958"/>
      <nd lat="43.9581690" lon="7.6169961"/>
      <nd lat="43.9580686" lon="7.6167333"/>
      <nd lat="43.9579900" lon="7.6166200"/>
      <nd lat="43.9577694" lon="7.6161727"/>
      <nd lat="43.9575273" lon="7.6158406"/>
      <nd lat="43.9573987" lon="7.6156175"/>
      <nd lat="43.9572200" lon="7.6152400"/>
      <nd lat="43.9570762" lon="7.6150899"/>
      <nd lat="43.9569036" lon="7.6149166"/>
      <nd lat="43.9565625" lon="7.6147252"/>
      <nd lat="43.9563788" lon="7.6145373"/>
      <nd lat="43.9556600" lon="7.6137400"/>
      <nd lat="43.9555648" lon="7.6132124"/>
      <nd lat="43.9555355" lon="7.6130377"/>
      <nd lat="43.9554386" lon="7.6128574"/>
      <nd lat="43.9553529" lon="7.6125806"/>
      <nd lat="43.9551584" lon="7.6120956"/>
      <nd lat="43.9548549" lon="7.6121090"/>
      <nd lat="43.9544965" lon="7.6122502"/>
      <nd lat="43.9542687" lon="7.6122712"/>
      <nd lat="43.9539451" lon="7.6123173"/>
      <nd lat="43.9537533" lon="7.6122786"/>
      <nd lat="43.9535574" lon="7.6121138"/>
      <nd lat="43.9534175" lon="7.6119687"/>
      <nd lat="43.9531822" lon="7.6116371"/>
      <nd lat="43.9530432" lon="7.6115480"/>
    </member>
    <member type="way" ref="116066318" role="">
      <nd lat="43.9701197" lon="7.6401135"/>
      <nd lat="43.9699942" lon="7.6399591"/>
      <nd lat="43.9698911" lon="7.6396294"/>
      <nd lat="43.9697405" lon="7.6393698"/>
      <nd lat="43.9695863" lon="7.6392366"/>
      <nd lat="43.9694049" lon="7.6392181"/>
      <nd lat="43.9692735" lon="7.6392642"/>
      <nd lat="43.9691647" lon="7.6392027"/>
      <nd lat="43.9690667" lon="7.6391677"/>
    </member>
    <member type="way" ref="365836204" role="">
      <nd lat="43.9690667" lon="7.6391677"/>
      <nd lat="43.9690658" lon="7.6390009"/>
      <nd lat="43.9690895" lon="7.6387329"/>
      <nd lat="43.9690700" lon="7.6384400"/>
      <nd lat="43.9690397" lon="7.6382249"/>
      <nd lat="43.9689483" lon="7.6379586"/>
      <nd lat="43.9689595" lon="7.6377610"/>
      <nd lat="43.9689339" lon="7.6375601"/>
      <nd lat="43.9689132" lon="7.6374064"/>
      <nd lat="43.9688123" lon="7.6370982"/>
      <nd lat="43.9687526" lon="7.6369223"/>
      <nd lat="43.9686056" lon="7.6367193"/>
      <nd lat="43.9683907" lon="7.6365548"/>
      <nd lat="43.9682816" lon="7.6365190"/>
      <nd lat="43.9681152" lon="7.6365406"/>
      <nd lat="43.9679894" lon="7.6366499"/>
      <nd lat="43.9678685" lon="7.6366849"/>
      <nd lat="43.9677877" lon="7.6366578"/>
      <nd lat="43.9677403" lon="7.6365643"/>
      <nd lat="43.9676259" lon="7.6364352"/>
      <nd lat="43.9673363" lon="7.6363124"/>
      <nd lat="43.9671468" lon="7.6363571"/>
      <nd lat="43.9671069" lon="7.6363483"/>
      <nd lat="43.9668532" lon="7.6361632"/>
      <nd lat="43.9667749" lon="7.6361686"/>
      <nd lat="43.9666069" lon="7.6362316"/>
      <nd lat="43.9665159" lon="7.6363407"/>
      <nd lat="43.9664746" lon="7.6363689"/>
      <nd lat="43.9663959" lon="7.6364363"/>
      <nd lat="43.9663256" lon="7.6363897"/>
      <nd lat="43.9662720" lon="7.6362839"/>
      <nd lat="43.9662240" lon="7.6360991"/>
      <nd lat="43.9661851" lon="7.6357622"/>
      <nd lat="43.9660983" lon="7.6356550"/>
      <nd lat="43.9658566" lon="7.6355214"/>
      <nd lat="43.9655458" lon="7.6352645"/>
      <nd lat="43.9651474" lon="7.6351856"/>
      <nd lat="43.9649137" lon="7.6351656"/>
      <nd lat="43.9647490" lon="7.6352031"/>
    </member>
    <member type="way" ref="228964718" role="">
      <nd lat="43.9647490" lon="7.6352031"/>
      <nd lat="43.9646378" lon="7.6352526"/>
      <nd lat="43.9645509" lon="7.6352762"/>
      <nd lat="43.9644021" lon="7.6352289"/>
      <nd lat="43.9643109" lon="7.6351791"/>
      <nd lat="43.9642271" lon="7.6351740"/>
      <nd lat="43.9638881" lon="7.6353148"/>
      <nd lat="43.9635643" lon="7.6355531"/>
      <nd lat="43.9627672" lon="7.6350758"/>
      <nd lat="43.9626899" lon="7.6349589"/>
      <nd lat="43.9626082" lon="7.6348267"/>
      <nd lat="43.9624711" lon="7.6347517"/>
      <nd lat="43.9623774" lon="7.6347390"/>
      <nd lat="43.9622110" lon="7.6346598"/>
      <nd lat="43.9620641" lon="7.6344841"/>
      <nd lat="43.9619431" lon="7.6343951"/>
      <nd lat="43.9618528" lon="7.6343117"/>
      <nd lat="43.9617115" lon="7.6340322"/>
      <nd lat="43.9616422" lon="7.6339376"/>
      <nd lat="43.9614100" lon="7.6337100"/>
      <nd lat="43.9611885" lon="7.6335162"/>
      <nd lat="43.9609648" lon="7.6334356"/>
      <nd lat="43.9608539" lon="7.6333978"/>
      <nd lat="43.9607008" lon="7.6333162"/>
      <nd lat="43.9602765" lon="7.6331109"/>
      <nd lat="43.9601524" lon="7.6331142"/>
      <nd lat="43.9599789" lon="7.6331813"/>
      <nd lat="43.9599138" lon="7.6331786"/>
      <nd lat="43.9598339" lon="7.6331322"/>
      <nd lat="43.9597831" lon="7.6330271"/>
      <nd lat="43.9597329" lon="7.6327064"/>
      <nd lat="43.9596727" lon="7.6323461"/>
      <nd lat="43.9596065" lon="7.6320574"/>
      <nd lat="43.9595080" lon="7.6317691"/>
      <nd lat="43.9592891" lon="7.6312648"/>
      <nd lat="43.9589882" lon="7.6307398"/>
      <nd lat="43.9586161" lon="7.6300540"/>
      <nd lat="43.9583253" lon="7.6295606"/>
      <nd lat="43.9581919" lon="7.6293732"/>
      <nd lat="43.9579872" lon="7.6290832"/>
      <nd lat="43.9579032" lon="7.6289283"/>
      <nd lat="43.9578857" lon="7.6288348"/>
      <nd lat="43.9578623" lon="7.6286868"/>
      <nd lat="43.9578788" lon="7.6285061"/>
      <nd lat="43.9579100" lon="7.6281119"/>
      <nd lat="43.9578796" lon="7.6274389"/>
      <nd lat="43.9579050" lon="7.6272232"/>
      <nd lat="43.9580357" lon="7.6267564"/>
      <nd lat="43.9581928" lon="7.6259982"/>
      <nd lat="43.9582950" lon="7.6254933"/>
      <nd lat="43.9584157" lon="7.6251790"/>
      <nd lat="43.9586685" lon="7.6249203"/>
      <nd lat="43.9587402" lon="7.6245587"/>
      <nd lat="43.9588080" lon="7.6243638"/>
      <nd lat="43.9589562" lon="7.6240581"/>
      <nd lat="43.9591413" lon="7.6238054"/>
      <nd lat="43.9592000" lon="7.6236500"/>
      <nd lat="43.9591832" lon="7.6235548"/>
      <nd lat="43.9590070" lon="7.6229775"/>
      <nd lat="43.9588859" lon="7.6226849"/>
      <nd lat="43.9587009" lon="7.6223421"/>
      <nd lat="43.9586321" lon="7.6220990"/>
      <nd lat="43.9586431" lon="7.6216329"/>
      <nd lat="43.9586920" lon="7.6211656"/>
      <nd lat="43.9587763" lon="7.6207969"/>
      <nd lat="43.9588207" lon="7.6203476"/>
      <nd lat="43.9588854" lon="7.6199395"/>
      <nd lat="43.9589699" lon="7.6196836"/>
      <nd lat="43.9590678" lon="7.6194989"/>
      <nd lat="43.9591322" lon="7.6189081"/>
      <nd lat="43.9592225" lon="7.6186301"/>
      <nd lat="43.9592735" lon="7.6184045"/>
      <nd lat="43.9592720" lon="7.6183624"/>
    </member>
    <member type="way" ref="1179814106" role="">
      <nd lat="43.9592720" lon="7.6183624"/>
      <nd lat="43.9592699" lon="7.6183280"/>
      <nd lat="43.9592577" lon="7.6182662"/>
    </member>
    <member type="way" ref="238951829" role="">
      <nd lat="43.9699293" lon="7.6562686"/>
      <nd lat="43.9698580" lon="7.6562087"/>
      <nd lat="43.9697454" lon="7.6560858"/>
      <nd lat="43.9695580" lon="7.6558173"/>
      <nd lat="43.9694925" lon="7.6556987"/>
      <nd lat="43.9693651" lon="7.6555055"/>
      <nd lat="43.9691822" lon="7.6550860"/>
      <nd lat="43.9690750" lon="7.6548115"/>
      <nd lat="43.9689095" lon="7.6543293"/>
      <nd lat="43.9688422" lon="7.6542135"/>
      <nd lat="43.9687995" lon="7.6540995"/>
      <nd lat="43.9687223" lon="7.6538662"/>
      <nd lat="43.9686607" lon="7.6537171"/>
      <nd lat="43.9686244" lon="7.6535945"/>
      <nd lat="43.9686007" lon="7.6534323"/>
      <nd lat="43.9685599" lon="7.6531930"/>
      <nd lat="43.9685480" lon="7.6529857"/>
      <nd lat="43.9685257" lon="7.6529120"/>
      <nd lat="43.9685309" lon="7.6528287"/>
      <nd lat="43.9685024" lon="7.6527171"/>
      <nd lat="43.9684530" lon="7.6525691"/>
      <nd lat="43.9684474" lon="7.6524168"/>
      <nd lat="43.9684568" lon="7.6522915"/>
      <nd lat="43.9684618" lon="7.6521765"/>
      <nd lat="43.9684803" lon="7.6520850"/>
      <nd lat="43.9685517" lon="7.6519294"/>
      <nd lat="43.9685510" lon="7.6518858"/>
      <nd lat="43.9685340" lon="7.6518233"/>
      <nd lat="43.9685996" lon="7.6517205"/>
      <nd lat="43.9686471" lon="7.6515875"/>
      <nd lat="43.9687926" lon="7.6514308"/>
      <nd lat="43.9688971" lon="7.6514711"/>
      <nd lat="43.9690496" lon="7.6513544"/>
      <nd lat="43.9691418" lon="7.6512485"/>
      <nd lat="43.9694915" lon="7.6507412"/>
      <nd lat="43.9698948" lon="7.6504901"/>
      <nd lat="43.9701302" lon="7.6502154"/>
      <nd lat="43.9703035" lon="7.6498940"/>
      <nd lat="43.9704400" lon="7.6497842"/>
      <nd lat="43.9705165" lon="7.6497655"/>
      <nd lat="43.9706196" lon="7.6497652"/>
      <nd lat="43.9708927" lon="7.6496263"/>
      <nd lat="43.9710615" lon="7.6495741"/>
      <nd lat="43.9710613" lon="7.6490905"/>
      <nd lat="43.9711125" lon="7.6489950"/>
      <nd lat="43.9712051" lon="7.6487103"/>
      <nd lat="43.9712699" lon="7.6484246"/>
      <nd lat="43.9713571" lon="7.6483603"/>
      <nd lat="43.9714370" lon="7.6482450"/>
      <nd lat="43.9714485" lon="7.6481621"/>
      <nd lat="43.9714708" lon="7.6479039"/>
      <nd lat="43.9714964" lon="7.6478299"/>
      <nd lat="43.9716713" lon="7.6477484"/>
      <nd lat="43.9718763" lon="7.6476678"/>
      <nd lat="43.9719972" lon="7.6475655"/>
      <nd lat="43.9722192" lon="7.6475585"/>
      <nd lat="43.9723148" lon="7.6474961"/>
      <nd lat="43.9723703" lon="7.6474243"/>
      <nd lat="43.9724554" lon="7.6472062"/>
      <nd lat="43.9725505" lon="7.6470585"/>
      <nd lat="43.9725296" lon="7.6467893"/>
      <nd lat="43.9725766" lon="7.6465143"/>
      <nd lat="43.9726240" lon="7.6464233"/>
      <nd lat="43.9725842" lon="7.6462423"/>
      <nd lat="43.9725784" lon="7.6460539"/>
      <nd lat="43.9725765" lon="7.6459150"/>
      <nd lat="43.9725352" lon="7.6458545"/>
      <nd lat="43.9724174" lon="7.6457689"/>
      <nd lat="43.9722667" lon="7.6457086"/>
      <nd lat="43.9721854" lon="7.6452851"/>
      <nd lat="43.9722108" lon="7.6451003"/>
      <nd lat="43.9722162" lon="7.6449771"/>
      <nd lat="43.9721892" lon="7.6448905"/>
      <nd lat="43.9720136" lon="7.6446060"/>
      <nd lat="43.9718199" lon="7.6443558"/>
      <nd lat="43.9717019" lon="7.6442433"/>
      <nd lat="43.9716655" lon="7.6441486"/>
      <nd lat="43.9716884" lon="7.6440615"/>
      <nd lat="43.9717479" lon="7.6439380"/>
      <nd lat="43.9718640" lon="7.6437897"/>
      <nd lat="43.9718825" lon="7.6437148"/>
      <nd lat="43.9718146" lon="7.6434781"/>
      <nd lat="43.9718153" lon="7.6433957"/>
      <nd lat="43.9718350" lon="7.6431434"/>
      <nd lat="43.9716421" lon="7.6428927"/>
      <nd lat="43.9714889" lon="7.6427770"/>
      <nd lat="43.9714770" lon="7.6426320"/>
      <nd lat="43.9715340" lon="7.6424959"/>
      <nd lat="43.9716028" lon="7.6423664"/>
      <nd lat="43.9716720" lon="7.6422193"/>
      <nd lat="43.9718225" lon="7.6420983"/>
      <nd lat="43.9719103" lon="7.6418342"/>
      <nd lat="43.9719584" lon="7.6416102"/>
      <nd lat="43.9719533" lon="7.6415077"/>
      <nd lat="43.9719288" lon="7.6414201"/>
      <nd lat="43.9718421" lon="7.6411497"/>
      <nd lat="43.9717729" lon="7.6409562"/>
      <nd lat="43.9716997" lon="7.6407876"/>
      <nd lat="43.9714864" lon="7.6405943"/>
      <nd lat="43.9713751" lon="7.6405260"/>
      <nd lat="43.9712468" lon="7.6404917"/>
      <nd lat="43.9710890" lon="7.6404762"/>
      <nd lat="43.9710210" lon="7.6404645"/>
      <nd lat="43.9709320" lon="7.6404178"/>
      <nd lat="43.9708230" lon="7.6404198"/>
      <nd lat="43.9706406" lon="7.6403269"/>
      <nd lat="43.9705465" lon="7.6403502"/>
      <nd lat="43.9704293" lon="7.6404068"/>
      <nd lat="43.9703294" lon="7.6404749"/>
      <nd lat="43.9702764" lon="7.6404599"/>
      <nd lat="43.9702062" lon="7.6403004"/>
      <nd lat="43.9701197" lon="7.6401135"/>
    </member>
    <member type="way" ref="31727255" role="">
      <nd lat="43.9740102" lon="7.6527873"/>
      <nd lat="43.9739752" lon="7.6527872"/>
      <nd lat="43.9739392" lon="7.6527919"/>
      <nd lat="43.9739156" lon="7.6527928"/>
      <nd lat="43.9738568" lon="7.6527665"/>
      <nd lat="43.9738031" lon="7.6527645"/>
      <nd lat="43.9737464" lon="7.6527495"/>
      <nd lat="43.9735725" lon="7.6527155"/>
      <nd lat="43.9734946" lon="7.6527061"/>
      <nd lat="43.9733905" lon="7.6526742"/>
      <nd lat="43.9732864" lon="7.6526337"/>
      <nd lat="43.9731748" lon="7.6525802"/>
      <nd lat="43.9731551" lon="7.6525882"/>
      <nd lat="43.9731492" lon="7.6526170"/>
      <nd lat="43.9731836" lon="7.6526399"/>
      <nd lat="43.9734647" lon="7.6529572"/>
      <nd lat="43.9736245" lon="7.6531447"/>
      <nd lat="43.9736647" lon="7.6532180"/>
      <nd lat="43.9736921" lon="7.6532942"/>
      <nd lat="43.9737654" lon="7.6535080"/>
      <nd lat="43.9738201" lon="7.6537031"/>
      <nd lat="43.9738478" lon="7.6538114"/>
      <nd lat="43.9739331" lon="7.6542379"/>
      <nd lat="43.9739917" lon="7.6544863"/>
      <nd lat="43.9739961" lon="7.6545831"/>
      <nd lat="43.9740070" lon="7.6546618"/>
      <nd lat="43.9740167" lon="7.6548596"/>
      <nd lat="43.9740175" lon="7.6551645"/>
      <nd lat="43.9739884" lon="7.6553394"/>
      <nd lat="43.9739667" lon="7.6554457"/>
      <nd lat="43.9739115" lon="7.6556700"/>
      <nd lat="43.9738936" lon="7.6557600"/>
      <nd lat="43.9738627" lon="7.6558001"/>
      <nd lat="43.9738419" lon="7.6557877"/>
      <nd lat="43.9738610" lon="7.6557065"/>
      <nd lat="43.9738522" lon="7.6556113"/>
      <nd lat="43.9738408" lon="7.6553766"/>
      <nd lat="43.9738123" lon="7.6552542"/>
      <nd lat="43.9737839" lon="7.6551780"/>
      <nd lat="43.9737719" lon="7.6551032"/>
      <nd lat="43.9737254" lon="7.6550441"/>
      <nd lat="43.9736317" lon="7.6548305"/>
      <nd lat="43.9735645" lon="7.6547172"/>
      <nd lat="43.9735031" lon="7.6546341"/>
      <nd lat="43.9734221" lon="7.6545686"/>
      <nd lat="43.9733521" lon="7.6544947"/>
      <nd lat="43.9732381" lon="7.6543371"/>
      <nd lat="43.9731657" lon="7.6542232"/>
      <nd lat="43.9730822" lon="7.6540819"/>
      <nd lat="43.9729955" lon="7.6539908"/>
      <nd lat="43.9729500" lon="7.6539670"/>
      <nd lat="43.9728589" lon="7.6539372"/>
      <nd lat="43.9727706" lon="7.6538838"/>
      <nd lat="43.9726084" lon="7.6538400"/>
      <nd lat="43.9724720" lon="7.6538015"/>
      <nd lat="43.9724209" lon="7.6537756"/>
      <nd lat="43.9723175" lon="7.6537285"/>
      <nd lat="43.9722266" lon="7.6536597"/>
      <nd lat="43.9721042" lon="7.6535548"/>
      <nd lat="43.9720215" lon="7.6534897"/>
      <nd lat="43.9718818" lon="7.6533523"/>
      <nd lat="43.9717739" lon="7.6532259"/>
      <nd lat="43.9716402" lon="7.6530547"/>
      <nd lat="43.9715547" lon="7.6529469"/>
      <nd lat="43.9714481" lon="7.6527607"/>
      <nd lat="43.9714272" lon="7.6527548"/>
      <nd lat="43.9714248" lon="7.6527926"/>
      <nd lat="43.9714493" lon="7.6528773"/>
      <nd lat="43.9714497" lon="7.6529276"/>
      <nd lat="43.9714653" lon="7.6529851"/>
      <nd lat="43.9714949" lon="7.6531856"/>
      <nd lat="43.9715274" lon="7.6533256"/>
      <nd lat="43.9715655" lon="7.6534946"/>
      <nd lat="43.9715813" lon="7.6535818"/>
      <nd lat="43.9716072" lon="7.6536838"/>
      <nd lat="43.9716080" lon="7.6537871"/>
      <nd lat="43.9716367" lon="7.6538608"/>
      <nd lat="43.9716630" lon="7.6539751"/>
      <nd lat="43.9717901" lon="7.6543227"/>
      <nd lat="43.9718437" lon="7.6544175"/>
      <nd lat="43.9718935" lon="7.6545489"/>
      <nd lat="43.9720159" lon="7.6547229"/>
      <nd lat="43.9721444" lon="7.6549103"/>
      <nd lat="43.9722568" lon="7.6550214"/>
      <nd lat="43.9723341" lon="7.6551052"/>
      <nd lat="43.9723841" lon="7.6552873"/>
      <nd lat="43.9723925" lon="7.6554228"/>
      <nd lat="43.9724103" lon="7.6554971"/>
      <nd lat="43.9724187" lon="7.6555541"/>
      <nd lat="43.9724236" lon="7.6555933"/>
      <nd lat="43.9724250" lon="7.6556241"/>
      <nd lat="43.9724198" lon="7.6556417"/>
      <nd lat="43.9724074" lon="7.6556428"/>
      <nd lat="43.9723987" lon="7.6556220"/>
      <nd lat="43.9723487" lon="7.6554854"/>
      <nd lat="43.9722865" lon="7.6554033"/>
      <nd lat="43.9722201" lon="7.6553231"/>
      <nd lat="43.9719578" lon="7.6552578"/>
      <nd lat="43.9718368" lon="7.6552252"/>
      <nd lat="43.9717349" lon="7.6552206"/>
      <nd lat="43.9716593" lon="7.6552525"/>
      <nd lat="43.9716339" lon="7.6552525"/>
      <nd lat="43.9715842" lon="7.6552295"/>
      <nd lat="43.9715442" lon="7.6552113"/>
      <nd lat="43.9714987" lon="7.6552062"/>
      <nd lat="43.9714128" lon="7.6552255"/>
      <nd lat="43.9713258" lon="7.6552175"/>
      <nd lat="43.9712591" lon="7.6552354"/>
      <nd lat="43.9712089" lon="7.6552622"/>
      <nd lat="43.9711837" lon="7.6552619"/>
      <nd lat="43.9711587" lon="7.6552404"/>
      <nd lat="43.9710319" lon="7.6550841"/>
      <nd lat="43.9708994" lon="7.6548825"/>
      <nd lat="43.9708021" lon="7.6547371"/>
      <nd lat="43.9707862" lon="7.6546542"/>
      <nd lat="43.9707549" lon="7.6545739"/>
      <nd lat="43.9706961" lon="7.6544780"/>
      <nd lat="43.9706459" lon="7.6543782"/>
      <nd lat="43.9705227" lon="7.6541716"/>
      <nd lat="43.9704657" lon="7.6539927"/>
      <nd lat="43.9703346" lon="7.6537026"/>
      <nd lat="43.9703213" lon="7.6537227"/>
      <nd lat="43.9703708" lon="7.6538640"/>
      <nd lat="43.9703739" lon="7.6539199"/>
      <nd lat="43.9703764" lon="7.6539897"/>
      <nd lat="43.9703791" lon="7.6541322"/>
      <nd lat="43.9703851" lon="7.6543178"/>
      <nd lat="43.9703869" lon="7.6545560"/>
      <nd lat="43.9703839" lon="7.6546815"/>
      <nd lat="43.9703900" lon="7.6547537"/>
      <nd lat="43.9703994" lon="7.6548801"/>
      <nd lat="43.9703826" lon="7.6549546"/>
      <nd lat="43.9703962" lon="7.6550570"/>
      <nd lat="43.9704212" lon="7.6551542"/>
      <nd lat="43.9704610" lon="7.6552696"/>
      <nd lat="43.9704832" lon="7.6553478"/>
      <nd lat="43.9704609" lon="7.6553528"/>
      <nd lat="43.9704272" lon="7.6552702"/>
      <nd lat="43.9703847" lon="7.6552112"/>
      <nd lat="43.9703222" lon="7.6550952"/>
      <nd lat="43.9702787" lon="7.6549681"/>
      <nd lat="43.9702357" lon="7.6548868"/>
      <nd lat="43.9701879" lon="7.6548221"/>
      <nd lat="43.9701507" lon="7.6547243"/>
      <nd lat="43.9701087" lon="7.6546283"/>
      <nd lat="43.9698947" lon="7.6543366"/>
      <nd lat="43.9697069" lon="7.6541277"/>
      <nd lat="43.9696554" lon="7.6540326"/>
      <nd lat="43.9696039" lon="7.6539006"/>
      <nd lat="43.9695182" lon="7.6535654"/>
      <nd lat="43.9693745" lon="7.6532929"/>
      <nd lat="43.9693293" lon="7.6532459"/>
      <nd lat="43.9693139" lon="7.6532605"/>
      <nd lat="43.9692766" lon="7.6535820"/>
      <nd lat="43.9693141" lon="7.6537240"/>
      <nd lat="43.9693860" lon="7.6538859"/>
      <nd lat="43.9694210" lon="7.6540629"/>
      <nd lat="43.9694077" lon="7.6541719"/>
      <nd lat="43.9694670" lon="7.6545352"/>
      <nd lat="43.9694549" lon="7.6547210"/>
      <nd lat="43.9695045" lon="7.6548363"/>
      <nd lat="43.9694760" lon="7.6550102"/>
      <nd lat="43.9694890" lon="7.6552422"/>
      <nd lat="43.9694780" lon="7.6552800"/>
      <nd lat="43.9695440" lon="7.6553839"/>
      <nd lat="43.9695946" lon="7.6554170"/>
      <nd lat="43.9696261" lon="7.6556617"/>
      <nd lat="43.9697883" lon="7.6560243"/>
      <nd lat="43.9699026" lon="7.6561836"/>
      <nd lat="43.9699293" lon="7.6562686"/>
    </member>
    <member type="way" ref="517521027" role="">
      <nd lat="43.9740102" lon="7.6527873"/>
      <nd lat="43.9740841" lon="7.6527396"/>
      <nd lat="43.9741201" lon="7.6527006"/>
      <nd lat="43.9741599" lon="7.6526607"/>
    </member>
    <member type="way" ref="517521025" role="">
      <nd lat="43.9741599" lon="7.6526607"/>
      <nd lat="43.9741900" lon="7.6526111"/>
    </member>
    <member type="way" ref="30122693" role="">
      <nd lat="43.9741900" lon="7.6526111"/>
      <nd lat="43.9742247" lon="7.6525633"/>
      <nd lat="43.9742746" lon="7.6525429"/>
      <nd lat="43.9743427" lon="7.6525225"/>
      <nd lat="43.9744354" lon="7.6525336"/>
      <nd lat="43.9744737" lon="7.6525406"/>
      <nd lat="43.9745186" lon="7.6525184"/>
      <nd lat="43.9745592" lon="7.6524865"/>
      <nd lat="43.9745819" lon="7.6524394"/>
      <nd lat="43.9746138" lon="7.6524035"/>
      <nd lat="43.9747041" lon="7.6523663"/>
      <nd lat="43.9747553" lon="7.6523611"/>
      <nd lat="43.9748219" lon="7.6523487"/>
      <nd lat="43.9748628" lon="7.6523294"/>
      <nd lat="43.9748860" lon="7.6522654"/>
      <nd lat="43.9749234" lon="7.6522060"/>
      <nd lat="43.9749854" lon="7.6521646"/>
      <nd lat="43.9750723" lon="7.6521223"/>
      <nd lat="43.9751474" lon="7.6520974"/>
      <nd lat="43.9751944" lon="7.6520763"/>
      <nd lat="43.9752557" lon="7.6520206"/>
      <nd lat="43.9752962" lon="7.6519636"/>
      <nd lat="43.9753266" lon="7.6519412"/>
      <nd lat="43.9753540" lon="7.6519359"/>
      <nd lat="43.9754088" lon="7.6519426"/>
      <nd lat="43.9754509" lon="7.6519521"/>
      <nd lat="43.9754926" lon="7.6519393"/>
      <nd lat="43.9755874" lon="7.6518479"/>
      <nd lat="43.9756326" lon="7.6518041"/>
      <nd lat="43.9756704" lon="7.6517330"/>
      <nd lat="43.9757333" lon="7.6516609"/>
      <nd lat="43.9757880" lon="7.6516159"/>
      <nd lat="43.9758374" lon="7.6515462"/>
      <nd lat="43.9758958" lon="7.6514601"/>
      <nd lat="43.9759292" lon="7.6513971"/>
      <nd lat="43.9759631" lon="7.6513416"/>
      <nd lat="43.9759985" lon="7.6512747"/>
      <nd lat="43.9760120" lon="7.6512277"/>
      <nd lat="43.9760317" lon="7.6511661"/>
      <nd lat="43.9760488" lon="7.6511201"/>
      <nd lat="43.9760752" lon="7.6510848"/>
      <nd lat="43.9761015" lon="7.6510670"/>
      <nd lat="43.9761353" lon="7.6510304"/>
    </member>
    <member type="way" ref="718264085" role="">
      <nd lat="43.9761353" lon="7.6510304"/>
      <nd lat="43.9761663" lon="7.6509896"/>
      <nd lat="43.9762218" lon="7.6509639"/>
      <nd lat="43.9762694" lon="7.6509594"/>
      <nd lat="43.9763275" lon="7.6509318"/>
      <nd lat="43.9764285" lon="7.6508741"/>
      <nd lat="43.9765016" lon="7.6507997"/>
      <nd lat="43.9765902" lon="7.6507101"/>
      <nd lat="43.9766274" lon="7.6506587"/>
      <nd lat="43.9766677" lon="7.6505569"/>
      <nd lat="43.9766780" lon="7.6504617"/>
      <nd lat="43.9766960" lon="7.6503565"/>
      <nd lat="43.9767225" lon="7.6502537"/>
      <nd lat="43.9767644" lon="7.6501292"/>
      <nd lat="43.9767902" lon="7.6501061"/>
      <nd lat="43.9768186" lon="7.6501024"/>
      <nd lat="43.9768597" lon="7.6501104"/>
      <nd lat="43.9769175" lon="7.6501726"/>
      <nd lat="43.9769753" lon="7.6502559"/>
      <nd lat="43.9770238" lon="7.6503234"/>
      <nd lat="43.9770757" lon="7.6503565"/>
      <nd lat="43.9771120" lon="7.6503743"/>
      <nd lat="43.9771525" lon="7.6503743"/>
      <nd lat="43.9772455" lon="7.6503849"/>
      <nd lat="43.9773256" lon="7.6504187"/>
    </member>
    <member type="way" ref="608262860" role="">
      <nd lat="43.9773256" lon="7.6504187"/>
      <nd lat="43.9773597" lon="7.6504614"/>
      <nd lat="43.9773684" lon="7.6505152"/>
      <nd lat="43.9773662" lon="7.6505254"/>
      <nd lat="43.9773622" lon="7.6505951"/>
      <nd lat="43.9773426" lon="7.6507063"/>
      <nd lat="43.9773471" lon="7.6507593"/>
      <nd lat="43.9773668" lon="7.6507581"/>
      <nd lat="43.9773890" lon="7.6507071"/>
      <nd lat="43.9774111" lon="7.6506499"/>
      <nd lat="43.9774376" lon="7.6505884"/>
      <nd lat="43.9774537" lon="7.6505791"/>
      <nd lat="43.9774661" lon="7.6505850"/>
      <nd lat="43.9774716" lon="7.6506029"/>
      <nd lat="43.9774705" lon="7.6506281"/>
      <nd lat="43.9774508" lon="7.6507590"/>
      <nd lat="43.9774489" lon="7.6508857"/>
      <nd lat="43.9774689" lon="7.6510570"/>
      <nd lat="43.9774753" lon="7.6512765"/>
      <nd lat="43.9774905" lon="7.6515638"/>
      <nd lat="43.9775184" lon="7.6516893"/>
      <nd lat="43.9775728" lon="7.6518311"/>
      <nd lat="43.9776410" lon="7.6519451"/>
      <nd lat="43.9776695" lon="7.6522196"/>
      <nd lat="43.9776753" lon="7.6524957"/>
      <nd lat="43.9776810" lon="7.6527765"/>
      <nd lat="43.9777117" lon="7.6530453"/>
      <nd lat="43.9777814" lon="7.6531617"/>
      <nd lat="43.9778903" lon="7.6532425"/>
      <nd lat="43.9779692" lon="7.6534730"/>
      <nd lat="43.9779732" lon="7.6536871"/>
      <nd lat="43.9780278" lon="7.6538216"/>
      <nd lat="43.9781179" lon="7.6539051"/>
      <nd lat="43.9782232" lon="7.6539526"/>
      <nd lat="43.9785353" lon="7.6538567"/>
      <nd lat="43.9786417" lon="7.6538520"/>
      <nd lat="43.9787633" lon="7.6538619"/>
      <nd lat="43.9788823" lon="7.6538716"/>
      <nd lat="43.9789903" lon="7.6538990"/>
      <nd lat="43.9791048" lon="7.6539169"/>
      <nd lat="43.9792375" lon="7.6539536"/>
      <nd lat="43.9794150" lon="7.6539611"/>
      <nd lat="43.9795693" lon="7.6539584"/>
      <nd lat="43.9796319" lon="7.6540580"/>
      <nd lat="43.9796754" lon="7.6542114"/>
      <nd lat="43.9797702" lon="7.6543973"/>
      <nd lat="43.9798076" lon="7.6544602"/>
      <nd lat="43.9798625" lon="7.6544735"/>
      <nd lat="43.9799193" lon="7.6544732"/>
      <nd lat="43.9800096" lon="7.6545080"/>
      <nd lat="43.9801258" lon="7.6546162"/>
      <nd lat="43.9801987" lon="7.6547039"/>
      <nd lat="43.9802309" lon="7.6547526"/>
      <nd lat="43.9802862" lon="7.6547705"/>
      <nd lat="43.9803656" lon="7.6547837"/>
      <nd lat="43.9804197" lon="7.6548335"/>
      <nd lat="43.9804878" lon="7.6549653"/>
      <nd lat="43.9805524" lon="7.6550584"/>
      <nd lat="43.9806214" lon="7.6551366"/>
      <nd lat="43.9807544" lon="7.6551848"/>
      <nd lat="43.9808784" lon="7.6553837"/>
      <nd lat="43.9809354" lon="7.6554197"/>
      <nd lat="43.9809852" lon="7.6554204"/>
      <nd lat="43.9811158" lon="7.6555523"/>
      <nd lat="43.9811732" lon="7.6555893"/>
      <nd lat="43.9812420" lon="7.6555796"/>
      <nd lat="43.9813775" lon="7.6555233"/>
      <nd lat="43.9814820" lon="7.6554894"/>
      <nd lat="43.9816060" lon="7.6554363"/>
      <nd lat="43.9816835" lon="7.6554271"/>
      <nd lat="43.9817782" lon="7.6553854"/>
      <nd lat="43.9818988" lon="7.6553552"/>
      <nd lat="43.9820052" lon="7.6553377"/>
      <nd lat="43.9820902" lon="7.6553876"/>
      <nd lat="43.9822092" lon="7.6554806"/>
      <nd lat="43.9823357" lon="7.6554962"/>
      <nd lat="43.9824330" lon="7.6554635"/>
      <nd lat="43.9825624" lon="7.6554275"/>
      <nd lat="43.9827512" lon="7.6554521"/>
      <nd lat="43.9829057" lon="7.6554978"/>
      <nd lat="43.9829839" lon="7.6555026"/>
      <nd lat="43.9830114" lon="7.6555108"/>
      <nd lat="43.9831013" lon="7.6555113"/>
      <nd lat="43.9832238" lon="7.6555019"/>
      <nd lat="43.9832757" lon="7.6554706"/>
      <nd lat="43.9833312" lon="7.6554109"/>
      <nd lat="43.9833959" lon="7.6553373"/>
      <nd lat="43.9834677" lon="7.6552781"/>
      <nd lat="43.9835246" lon="7.6552586"/>
      <nd lat="43.9835939" lon="7.6552887"/>
      <nd lat="43.9836965" lon="7.6553417"/>
      <nd lat="43.9837691" lon="7.6553503"/>
      <nd lat="43.9838095" lon="7.6553238"/>
      <nd lat="43.9838442" lon="7.6552484"/>
      <nd lat="43.9838656" lon="7.6552311"/>
      <nd lat="43.9838828" lon="7.6552381"/>
      <nd lat="43.9839457" lon="7.6553401"/>
      <nd lat="43.9840075" lon="7.6554291"/>
      <nd lat="43.9840775" lon="7.6555240"/>
      <nd lat="43.9841274" lon="7.6555631"/>
      <nd lat="43.9841896" lon="7.6555761"/>
      <nd lat="43.9843133" lon="7.6555594"/>
      <nd lat="43.9844311" lon="7.6555366"/>
      <nd lat="43.9845436" lon="7.6554478"/>
      <nd lat="43.9846495" lon="7.6553888"/>
      <nd lat="43.9847628" lon="7.6553987"/>
      <nd lat="43.9848794" lon="7.6553467"/>
      <nd lat="43.9849770" lon="7.6553931"/>
    </member>
    <member type="way" ref="233618628" role="">
      <nd lat="43.9849770" lon="7.6553931"/>
      <nd lat="43.9849946" lon="7.6553967"/>
      <nd lat="43.9850080" lon="7.6553942"/>
      <nd lat="43.9850526" lon="7.6553718"/>
      <nd lat="43.9851267" lon="7.6552985"/>
      <nd lat="43.9851966" lon="7.6552156"/>
      <nd lat="43.9852314" lon="7.6551714"/>
      <nd lat="43.9852568" lon="7.6551641"/>
      <nd lat="43.9852945" lon="7.6551639"/>
      <nd lat="43.9853806" lon="7.6551789"/>
      <nd lat="43.9854500" lon="7.6552169"/>
      <nd lat="43.9855375" lon="7.6552542"/>
      <nd lat="43.9856331" lon="7.6552895"/>
      <nd lat="43.9857484" lon="7.6552804"/>
      <nd lat="43.9858962" lon="7.6552585"/>
      <nd lat="43.9859626" lon="7.6552659"/>
      <nd lat="43.9860363" lon="7.6552314"/>
      <nd lat="43.9860845" lon="7.6551863"/>
      <nd lat="43.9861442" lon="7.6551140"/>
      <nd lat="43.9861969" lon="7.6549453"/>
      <nd lat="43.9862474" lon="7.6548402"/>
      <nd lat="43.9863106" lon="7.6547203"/>
      <nd lat="43.9863626" lon="7.6546076"/>
      <nd lat="43.9864136" lon="7.6544798"/>
      <nd lat="43.9865092" lon="7.6543783"/>
      <nd lat="43.9866385" lon="7.6543152"/>
      <nd lat="43.9866919" lon="7.6543198"/>
      <nd lat="43.9867307" lon="7.6542873"/>
      <nd lat="43.9867656" lon="7.6542780"/>
      <nd lat="43.9867960" lon="7.6542579"/>
      <nd lat="43.9868786" lon="7.6541550"/>
      <nd lat="43.9869492" lon="7.6540496"/>
      <nd lat="43.9870147" lon="7.6539608"/>
      <nd lat="43.9870704" lon="7.6538192"/>
      <nd lat="43.9870942" lon="7.6537593"/>
      <nd lat="43.9871373" lon="7.6537138"/>
      <nd lat="43.9872026" lon="7.6536514"/>
      <nd lat="43.9872712" lon="7.6535247"/>
      <nd lat="43.9873017" lon="7.6533811"/>
      <nd lat="43.9873381" lon="7.6531909"/>
      <nd lat="43.9873760" lon="7.6530586"/>
      <nd lat="43.9874228" lon="7.6530173"/>
      <nd lat="43.9874853" lon="7.6529867"/>
      <nd lat="43.9876221" lon="7.6529605"/>
      <nd lat="43.9877545" lon="7.6529203"/>
      <nd lat="43.9879284" lon="7.6527838"/>
      <nd lat="43.9880560" lon="7.6526594"/>
      <nd lat="43.9881463" lon="7.6525595"/>
      <nd lat="43.9882191" lon="7.6524800"/>
      <nd lat="43.9883299" lon="7.6523384"/>
      <nd lat="43.9883656" lon="7.6522640"/>
      <nd lat="43.9884139" lon="7.6521629"/>
      <nd lat="43.9884518" lon="7.6521421"/>
      <nd lat="43.9884693" lon="7.6521653"/>
      <nd lat="43.9884797" lon="7.6521933"/>
      <nd lat="43.9884682" lon="7.6522557"/>
      <nd lat="43.9884593" lon="7.6522971"/>
      <nd lat="43.9883552" lon="7.6524789"/>
      <nd lat="43.9883175" lon="7.6525987"/>
      <nd lat="43.9882782" lon="7.6527313"/>
      <nd lat="43.9882690" lon="7.6528124"/>
      <nd lat="43.9882643" lon="7.6529448"/>
      <nd lat="43.9882603" lon="7.6531251"/>
      <nd lat="43.9882493" lon="7.6532556"/>
      <nd lat="43.9882369" lon="7.6533294"/>
      <nd lat="43.9882386" lon="7.6534167"/>
      <nd lat="43.9882391" lon="7.6534676"/>
      <nd lat="43.9882342" lon="7.6535244"/>
      <nd lat="43.9882175" lon="7.6535510"/>
      <nd lat="43.9882001" lon="7.6535009"/>
      <nd lat="43.9881854" lon="7.6534394"/>
      <nd lat="43.9881786" lon="7.6533106"/>
      <nd lat="43.9881705" lon="7.6532420"/>
      <nd lat="43.9881475" lon="7.6531939"/>
      <nd lat="43.9881286" lon="7.6531916"/>
      <nd lat="43.9881234" lon="7.6532271"/>
      <nd lat="43.9881311" lon="7.6533218"/>
      <nd lat="43.9881306" lon="7.6534106"/>
      <nd lat="43.9881306" lon="7.6535371"/>
      <nd lat="43.9881189" lon="7.6536560"/>
      <nd lat="43.9881097" lon="7.6538644"/>
      <nd lat="43.9881202" lon="7.6540393"/>
      <nd lat="43.9881462" lon="7.6542112"/>
      <nd lat="43.9882184" lon="7.6543586"/>
      <nd lat="43.9883017" lon="7.6544888"/>
      <nd lat="43.9883945" lon="7.6546159"/>
      <nd lat="43.9884780" lon="7.6548327"/>
      <nd lat="43.9885698" lon="7.6549500"/>
      <nd lat="43.9886548" lon="7.6550065"/>
      <nd lat="43.9887281" lon="7.6550274"/>
      <nd lat="43.9888712" lon="7.6550415"/>
      <nd lat="43.9889604" lon="7.6550499"/>
      <nd lat="43.9890042" lon="7.6550696"/>
      <nd lat="43.9890471" lon="7.6551198"/>
      <nd lat="43.9890708" lon="7.6552234"/>
      <nd lat="43.9890973" lon="7.6553798"/>
      <nd lat="43.9891039" lon="7.6554798"/>
      <nd lat="43.9891149" lon="7.6555801"/>
      <nd lat="43.9891632" lon="7.6557406"/>
      <nd lat="43.9892132" lon="7.6558012"/>
      <nd lat="43.9892936" lon="7.6558841"/>
      <nd lat="43.9893429" lon="7.6560066"/>
      <nd lat="43.9894171" lon="7.6560976"/>
      <nd lat="43.9895058" lon="7.6562185"/>
      <nd lat="43.9895576" lon="7.6562788"/>
      <nd lat="43.9896034" lon="7.6563354"/>
      <nd lat="43.9896530" lon="7.6564229"/>
      <nd lat="43.9897235" lon="7.6565082"/>
      <nd lat="43.9897960" lon="7.6566459"/>
      <nd lat="43.9898904" lon="7.6567787"/>
      <nd lat="43.9899681" lon="7.6568481"/>
      <nd lat="43.9900054" lon="7.6568917"/>
      <nd lat="43.9900272" lon="7.6569286"/>
      <nd lat="43.9900458" lon="7.6569513"/>
      <nd lat="43.9901022" lon="7.6570227"/>
      <nd lat="43.9901753" lon="7.6571663"/>
      <nd lat="43.9902188" lon="7.6572992"/>
      <nd lat="43.9902230" lon="7.6573540"/>
      <nd lat="43.9902445" lon="7.6574109"/>
      <nd lat="43.9902723" lon="7.6574182"/>
      <nd lat="43.9903046" lon="7.6574077"/>
      <nd lat="43.9903618" lon="7.6574075"/>
      <nd lat="43.9904388" lon="7.6574423"/>
      <nd lat="43.9905060" lon="7.6575310"/>
      <nd lat="43.9905422" lon="7.6576155"/>
      <nd lat="43.9906057" lon="7.6576901"/>
      <nd lat="43.9906606" lon="7.6577782"/>
      <nd lat="43.9907170" lon="7.6578912"/>
      <nd lat="43.9907417" lon="7.6579692"/>
      <nd lat="43.9907618" lon="7.6581253"/>
    </member>
    <member type="way" ref="58663236" role="">
      <nd lat="43.9907618" lon="7.6581253"/>
      <nd lat="43.9907670" lon="7.6583319"/>
      <nd lat="43.9907616" lon="7.6585076"/>
      <nd lat="43.9907504" lon="7.6587046"/>
      <nd lat="43.9907363" lon="7.6589208"/>
      <nd lat="43.9907228" lon="7.6590172"/>
      <nd lat="43.9907145" lon="7.6591725"/>
      <nd lat="43.9906721" lon="7.6594982"/>
      <nd lat="43.9905988" lon="7.6597679"/>
      <nd lat="43.9905323" lon="7.6599433"/>
      <nd lat="43.9904129" lon="7.6603485"/>
      <nd lat="43.9903233" lon="7.6605240"/>
      <nd lat="43.9902227" lon="7.6607556"/>
      <nd lat="43.9901207" lon="7.6609696"/>
      <nd lat="43.9900667" lon="7.6611172"/>
      <nd lat="43.9899585" lon="7.6613555"/>
      <nd lat="43.9898915" lon="7.6615818"/>
      <nd lat="43.9898421" lon="7.6618867"/>
      <nd lat="43.9898543" lon="7.6620302"/>
      <nd lat="43.9899858" lon="7.6622076"/>
      <nd lat="43.9901474" lon="7.6623916"/>
      <nd lat="43.9903379" lon="7.6625167"/>
      <nd lat="43.9906198" lon="7.6626180"/>
      <nd lat="43.9908133" lon="7.6626020"/>
      <nd lat="43.9911137" lon="7.6625707"/>
      <nd lat="43.9912740" lon="7.6625805"/>
      <nd lat="43.9913677" lon="7.6626175"/>
      <nd lat="43.9914194" lon="7.6626525"/>
      <nd lat="43.9913739" lon="7.6626837"/>
      <nd lat="43.9913295" lon="7.6627080"/>
      <nd lat="43.9912760" lon="7.6627244"/>
      <nd lat="43.9912232" lon="7.6627570"/>
    </member>
    <member type="way" ref="718260878" role="">
      <nd lat="43.9912232" lon="7.6627570"/>
      <nd lat="43.9911919" lon="7.6627916"/>
      <nd lat="43.9911484" lon="7.6628429"/>
      <nd lat="43.9911069" lon="7.6628939"/>
      <nd lat="43.9910604" lon="7.6629437"/>
      <nd lat="43.9909694" lon="7.6630440"/>
      <nd lat="43.9908782" lon="7.6631330"/>
      <nd lat="43.9907753" lon="7.6632179"/>
      <nd lat="43.9906491" lon="7.6633899"/>
      <nd lat="43.9905896" lon="7.6634648"/>
      <nd lat="43.9905493" lon="7.6635010"/>
      <nd lat="43.9905187" lon="7.6635265"/>
      <nd lat="43.9905008" lon="7.6635529"/>
    </member>
    <member type="way" ref="365813734" role="">
      <nd lat="43.9905008" lon="7.6635529"/>
      <nd lat="43.9905080" lon="7.6635761"/>
      <nd lat="43.9905258" lon="7.6635885"/>
      <nd lat="43.9905529" lon="7.6635801"/>
      <nd lat="43.9905840" lon="7.6635686"/>
      <nd lat="43.9906420" lon="7.6635413"/>
      <nd lat="43.9908015" lon="7.6634426"/>
      <nd lat="43.9909229" lon="7.6633744"/>
      <nd lat="43.9910418" lon="7.6633187"/>
      <nd lat="43.9912137" lon="7.6632586"/>
      <nd lat="43.9913035" lon="7.6632277"/>
      <nd lat="43.9913606" lon="7.6632197"/>
      <nd lat="43.9914491" lon="7.6632047"/>
      <nd lat="43.9915308" lon="7.6631959"/>
      <nd lat="43.9917199" lon="7.6632088"/>
      <nd lat="43.9917828" lon="7.6632463"/>
      <nd lat="43.9919441" lon="7.6633576"/>
      <nd lat="43.9920444" lon="7.6634266"/>
      <nd lat="43.9921102" lon="7.6634601"/>
      <nd lat="43.9922005" lon="7.6635064"/>
      <nd lat="43.9922769" lon="7.6635821"/>
      <nd lat="43.9923313" lon="7.6636558"/>
      <nd lat="43.9923709" lon="7.6637174"/>
      <nd lat="43.9924459" lon="7.6638099"/>
      <nd lat="43.9925222" lon="7.6639116"/>
      <nd lat="43.9926674" lon="7.6640755"/>
      <nd lat="43.9928086" lon="7.6642380"/>
      <nd lat="43.9929669" lon="7.6644203"/>
      <nd lat="43.9931178" lon="7.6646095"/>
      <nd lat="43.9932474" lon="7.6647853"/>
      <nd lat="43.9934069" lon="7.6650061"/>
      <nd lat="43.9937002" lon="7.6653644"/>
      <nd lat="43.9937888" lon="7.6655153"/>
      <nd lat="43.9938681" lon="7.6656433"/>
      <nd lat="43.9939507" lon="7.6658162"/>
      <nd lat="43.9940215" lon="7.6659775"/>
      <nd lat="43.9941337" lon="7.6662915"/>
      <nd lat="43.9942329" lon="7.6665417"/>
      <nd lat="43.9942998" lon="7.6666277"/>
      <nd lat="43.9943775" lon="7.6666417"/>
      <nd lat="43.9944636" lon="7.6666301"/>
      <nd lat="43.9945721" lon="7.6665934"/>
      <nd lat="43.9947787" lon="7.6664888"/>
      <nd lat="43.9948821" lon="7.6664628"/>
      <nd lat="43.9949735" lon="7.6664494"/>
      <nd lat="43.9951074" lon="7.6664444"/>
      <nd lat="43.9951793" lon="7.6664400"/>
      <nd lat="43.9952531" lon="7.6664881"/>
    </member>
    <tag k="cai_scale" v="E"/>
    <tag k="description" v="High Way of the Ligurian Mountains - Stage 04"/>
    <tag k="description:de" v="Ligurische Grenzkammstraße"/>
    <tag k="description:it" v="Alta Via dei Monti Liguri - Tappa 04"/>
    <tag k="distance" v="11.8"/>
    <tag k="from" v="Sella d'Agnaira"/>
    <tag k="name" v="Colle Scarassan - Sella d'Agnaira"/>
    <tag k="network" v="lwn"/>
    <tag k="note:project_page" v="http://wiki.openstreetmap.org/wiki/Liguria/Sentieri"/>
    <tag k="operator" v="Club Alpino Italiano"/>
    <tag k="osmc:symbol" v="red:red:white_stripe:AV:black"/>
    <tag k="ref" v="AV04"/>
    <tag k="ref:REI" v="GIMA1990"/>
    <tag k="reg_ref" v="GIMA19901PE"/>
    <tag k="roundtrip" v="no"/>
    <tag k="route" v="hiking"/>
    <tag k="rwn:name" v="Rete Escursionistica Ligure (REL)"/>
    <tag k="source" v="survey:CAI"/>
    <tag k="symbol" v="AV on white red flag"/>
    <tag k="symbol:it" v="AV su segnavia bianco e rosso"/>
    <tag k="to" v="Colle Scarassan"/>
    <tag k="type" v="route"/>
  </relation>
</old>
<new>
  <relation id="1143918" version="34" timestamp="2026-10-05T14:35:34Z" changeset="190039891" uid="10269073" user="granpasso811">
    <bounds minlat="43.9530432" minlon="7.6115480" maxlat="43.9952531" maxlon="7.6666417"/>
    <member type="way" ref="525909379" role="">
      <nd lat="43.9592577" lon="7.6182662"/>
      <nd lat="43.9592559" lon="7.6182578"/>
      <nd lat="43.9591763" lon="7.6182169"/>
      <nd lat="43.9591182" lon="7.6182182"/>
      <nd lat="43.9590302" lon="7.6182635"/>
      <nd lat="43.9589262" lon="7.6183049"/>
      <nd lat="43.9588714" lon="7.6183205"/>
      <nd lat="43.9587902" lon="7.6182949"/>
      <nd lat="43.9587048" lon="7.6182427"/>
      <nd lat="43.9585861" lon="7.6181093"/>
      <nd lat="43.9583550" lon="7.6178229"/>
      <nd lat="43.9582772" lon="7.6173958"/>
      <nd lat="43.9581690" lon="7.6169961"/>
      <nd lat="43.9580686" lon="7.6167333"/>
      <nd lat="43.9579900" lon="7.6166200"/>
      <nd lat="43.9577694" lon="7.6161727"/>
      <nd lat="43.9575273" lon="7.6158406"/>
      <nd lat="43.9573987" lon="7.6156175"/>
      <nd lat="43.9572200" lon="7.6152400"/>
      <nd lat="43.9570762" lon="7.6150899"/>
      <nd lat="43.9569036" lon="7.6149166"/>
      <nd lat="43.9565625" lon="7.6147252"/>
      <nd lat="43.9563788" lon="7.6145373"/>
      <nd lat="43.9556600" lon="7.6137400"/>
      <nd lat="43.9555648" lon="7.6132124"/>
      <nd lat="43.9555355" lon="7.6130377"/>
      <nd lat="43.9554386" lon="7.6128574"/>
      <nd lat="43.9553529" lon="7.6125806"/>
      <nd lat="43.9551584" lon="7.6120956"/>
      <nd lat="43.9548549" lon="7.6121090"/>
      <nd lat="43.9544965" lon="7.6122502"/>
      <nd lat="43.9542687" lon="7.6122712"/>
      <nd lat="43.9539451" lon="7.6123173"/>
      <nd lat="43.9537533" lon="7.6122786"/>
      <nd lat="43.9535574" lon="7.6121138"/>
      <nd lat="43.9534175" lon="7.6119687"/>
      <nd lat="43.9531822" lon="7.6116371"/>
      <nd lat="43.9530432" lon="7.6115480"/>
    </member>
    <member type="way" ref="1179814106" role="">
      <nd lat="43.9592720" lon="7.6183624"/>
      <nd lat="43.9592699" lon="7.6183280"/>
      <nd lat="43.9592577" lon="7.6182662"/>
    </member>
    <member type="way" ref="228964718" role="">
      <nd lat="43.9647490" lon="7.6352031"/>
      <nd lat="43.9646378" lon="7.6352526"/>
      <nd lat="43.9645509" lon="7.6352762"/>
      <nd lat="43.9644021" lon="7.6352289"/>
      <nd lat="43.9643109" lon="7.6351791"/>
      <nd lat="43.9642271" lon="7.6351740"/>
      <nd lat="43.9638881" lon="7.6353148"/>
      <nd lat="43.9635643" lon="7.6355531"/>
      <nd lat="43.9627672" lon="7.6350758"/>
      <nd lat="43.9626899" lon="7.6349589"/>
      <nd lat="43.9626082" lon="7.6348267"/>
      <nd lat="43.9624711" lon="7.6347517"/>
      <nd lat="43.9623774" lon="7.6347390"/>
      <nd lat="43.9622110" lon="7.6346598"/>
      <nd lat="43.9620641" lon="7.6344841"/>
      <nd lat="43.9619431" lon="7.6343951"/>
      <nd lat="43.9618528" lon="7.6343117"/>
      <nd lat="43.9617115" lon="7.6340322"/>
      <nd lat="43.9616422" lon="7.6339376"/>
      <nd lat="43.9614100" lon="7.6337100"/>
      <nd lat="43.9611885" lon="7.6335162"/>
      <nd lat="43.9609648" lon="7.6334356"/>
      <nd lat="43.9608539" lon="7.6333978"/>
      <nd lat="43.9607008" lon="7.6333162"/>
      <nd lat="43.9602765" lon="7.6331109"/>
      <nd lat="43.9601524" lon="7.6331142"/>
      <nd lat="43.9599789" lon="7.6331813"/>
      <nd lat="43.9599138" lon="7.6331786"/>
      <nd lat="43.9598339" lon="7.6331322"/>
      <nd lat="43.9597831" lon="7.6330271"/>
      <nd lat="43.9597329" lon="7.6327064"/>
      <nd lat="43.9596727" lon="7.6323461"/>
      <nd lat="43.9596065" lon="7.6320574"/>
      <nd lat="43.9595080" lon="7.6317691"/>
      <nd lat="43.9592891" lon="7.6312648"/>
      <nd lat="43.9589882" lon="7.6307398"/>
      <nd lat="43.9586161" lon="7.6300540"/>
      <nd lat="43.9583253" lon="7.6295606"/>
      <nd lat="43.9581919" lon="7.6293732"/>
      <nd lat="43.9579872" lon="7.6290832"/>
      <nd lat="43.9579032" lon="7.6289283"/>
      <nd lat="43.9578857" lon="7.6288348"/>
      <nd lat="43.9578623" lon="7.6286868"/>
      <nd lat="43.9578788" lon="7.6285061"/>
      <nd lat="43.9579100" lon="7.6281119"/>
      <nd lat="43.9578796" lon="7.6274389"/>
      <nd lat="43.9579050" lon="7.6272232"/>
      <nd lat="43.9580357" lon="7.6267564"/>
      <nd lat="43.9581928" lon="7.6259982"/>
      <nd lat="43.9582950" lon="7.6254933"/>
      <nd lat="43.9584157" lon="7.6251790"/>
      <nd lat="43.9586685" lon="7.6249203"/>
      <nd lat="43.9587402" lon="7.6245587"/>
      <nd lat="43.9588080" lon="7.6243638"/>
      <nd lat="43.9589562" lon="7.6240581"/>
      <nd lat="43.9591413" lon="7.6238054"/>
      <nd lat="43.9592000" lon="7.6236500"/>
      <nd lat="43.9591832" lon="7.6235548"/>
      <nd lat="43.9590070" lon="7.6229775"/>
      <nd lat="43.9588859" lon="7.6226849"/>
      <nd lat="43.9587009" lon="7.6223421"/>
      <nd lat="43.9586321" lon="7.6220990"/>
      <nd lat="43.9586431" lon="7.6216329"/>
      <nd lat="43.9586920" lon="7.6211656"/>
      <nd lat="43.9587763" lon="7.6207969"/>
      <nd lat="43.9588207" lon="7.6203476"/>
      <nd lat="43.9588854" lon="7.6199395"/>
      <nd lat="43.9589699" lon="7.6196836"/>
      <nd lat="43.9590678" lon="7.6194989"/>
      <nd lat="43.9591322" lon="7.6189081"/>
      <nd lat="43.9592225" lon="7.6186301"/>
      <nd lat="43.9592735" lon="7.6184045"/>
      <nd lat="43.9592720" lon="7.6183624"/>
    </member>
    <member type="way" ref="365836204" role="">
      <nd lat="43.9690667" lon="7.6391677"/>
      <nd lat="43.9690658" lon="7.6390009"/>
      <nd lat="43.9690895" lon="7.6387329"/>
      <nd lat="43.9690700" lon="7.6384400"/>
      <nd lat="43.9690397" lon="7.6382249"/>
      <nd lat="43.9689483" lon="7.6379586"/>
      <nd lat="43.9689595" lon="7.6377610"/>
      <nd lat="43.9689339" lon="7.6375601"/>
      <nd lat="43.9689132" lon="7.6374064"/>
      <nd lat="43.9688123" lon="7.6370982"/>
      <nd lat="43.9687526" lon="7.6369223"/>
      <nd lat="43.9686056" lon="7.6367193"/>
      <nd lat="43.9683907" lon="7.6365548"/>
      <nd lat="43.9682816" lon="7.6365190"/>
      <nd lat="43.9681152" lon="7.6365406"/>
      <nd lat="43.9679894" lon="7.6366499"/>
      <nd lat="43.9678685" lon="7.6366849"/>
      <nd lat="43.9677877" lon="7.6366578"/>
      <nd lat="43.9677403" lon="7.6365643"/>
      <nd lat="43.9676259" lon="7.6364352"/>
      <nd lat="43.9673363" lon="7.6363124"/>
      <nd lat="43.9671468" lon="7.6363571"/>
      <nd lat="43.9671069" lon="7.6363483"/>
      <nd lat="43.9668532" lon="7.6361632"/>
      <nd lat="43.9667749" lon="7.6361686"/>
      <nd lat="43.9666069" lon="7.6362316"/>
      <nd lat="43.9665159" lon="7.6363407"/>
      <nd lat="43.9664746" lon="7.6363689"/>
      <nd lat="43.9663959" lon="7.6364363"/>
      <nd lat="43.9663256" lon="7.6363897"/>
      <nd lat="43.9662720" lon="7.6362839"/>
      <nd lat="43.9662240" lon="7.6360991"/>
      <nd lat="43.9661851" lon="7.6357622"/>
      <nd lat="43.9660983" lon="7.6356550"/>
      <nd lat="43.9658566" lon="7.6355214"/>
      <nd lat="43.9655458" lon="7.6352645"/>
      <nd lat="43.9651474" lon="7.6351856"/>
      <nd lat="43.9649137" lon="7.6351656"/>
      <nd lat="43.9647490" lon="7.6352031"/>
    </member>
    <member type="way" ref="116066318" role="">
      <nd lat="43.9701197" lon="7.6401135"/>
      <nd lat="43.9699942" lon="7.6399591"/>
      <nd lat="43.9698911" lon="7.6396294"/>
      <nd lat="43.9697405" lon="7.6393698"/>
      <nd lat="43.9695863" lon="7.6392366"/>
      <nd lat="43.9694049" lon="7.6392181"/>
      <nd lat="43.9692735" lon="7.6392642"/>
      <nd lat="43.9691647" lon="7.6392027"/>
      <nd lat="43.9690667" lon="7.6391677"/>
    </member>
    <member type="way" ref="238951829" role="">
      <nd lat="43.9699293" lon="7.6562686"/>
      <nd lat="43.9698580" lon="7.6562087"/>
      <nd lat="43.9697454" lon="7.6560858"/>
      <nd lat="43.9695580" lon="7.6558173"/>
      <nd lat="43.9694925" lon="7.6556987"/>
      <nd lat="43.9693651" lon="7.6555055"/>
      <nd lat="43.9691822" lon="7.6550860"/>
      <nd lat="43.9690750" lon="7.6548115"/>
      <nd lat="43.9689095" lon="7.6543293"/>
      <nd lat="43.9688422" lon="7.6542135"/>
      <nd lat="43.9687995" lon="7.6540995"/>
      <nd lat="43.9687223" lon="7.6538662"/>
      <nd lat="43.9686607" lon="7.6537171"/>
      <nd lat="43.9686244" lon="7.6535945"/>
      <nd lat="43.9686007" lon="7.6534323"/>
      <nd lat="43.9685599" lon="7.6531930"/>
      <nd lat="43.9685480" lon="7.6529857"/>
      <nd lat="43.9685257" lon="7.6529120"/>
      <nd lat="43.9685309" lon="7.6528287"/>
      <nd lat="43.9685024" lon="7.6527171"/>
      <nd lat="43.9684530" lon="7.6525691"/>
      <nd lat="43.9684474" lon="7.6524168"/>
      <nd lat="43.9684568" lon="7.6522915"/>
      <nd lat="43.9684618" lon="7.6521765"/>
      <nd lat="43.9684803" lon="7.6520850"/>
      <nd lat="43.9685517" lon="7.6519294"/>
      <nd lat="43.9685510" lon="7.6518858"/>
      <nd lat="43.9685340" lon="7.6518233"/>
      <nd lat="43.9685996" lon="7.6517205"/>
      <nd lat="43.9686471" lon="7.6515875"/>
      <nd lat="43.9687926" lon="7.6514308"/>
      <nd lat="43.9688971" lon="7.6514711"/>
      <nd lat="43.9690496" lon="7.6513544"/>
      <nd lat="43.9691418" lon="7.6512485"/>
      <nd lat="43.9694915" lon="7.6507412"/>
      <nd lat="43.9698948" lon="7.6504901"/>
      <nd lat="43.9701302" lon="7.6502154"/>
      <nd lat="43.9703035" lon="7.6498940"/>
      <nd lat="43.9704400" lon="7.6497842"/>
      <nd lat="43.9705165" lon="7.6497655"/>
      <nd lat="43.9706196" lon="7.6497652"/>
      <nd lat="43.9708927" lon="7.6496263"/>
      <nd lat="43.9710615" lon="7.6495741"/>
      <nd lat="43.9710613" lon="7.6490905"/>
      <nd lat="43.9711125" lon="7.6489950"/>
      <nd lat="43.9712051" lon="7.6487103"/>
      <nd lat="43.9712699" lon="7.6484246"/>
      <nd lat="43.9713571" lon="7.6483603"/>
      <nd lat="43.9714370" lon="7.6482450"/>
      <nd lat="43.9714485" lon="7.6481621"/>
      <nd lat="43.9714708" lon="7.6479039"/>
      <nd lat="43.9714964" lon="7.6478299"/>
      <nd lat="43.9716713" lon="7.6477484"/>
      <nd lat="43.9718763" lon="7.6476678"/>
      <nd lat="43.9719972" lon="7.6475655"/>
      <nd lat="43.9722192" lon="7.6475585"/>
      <nd lat="43.9723148" lon="7.6474961"/>
      <nd lat="43.9723703" lon="7.6474243"/>
      <nd lat="43.9724554" lon="7.6472062"/>
      <nd lat="43.9725505" lon="7.6470585"/>
      <nd lat="43.9725296" lon="7.6467893"/>
      <nd lat="43.9725766" lon="7.6465143"/>
      <nd lat="43.9726240" lon="7.6464233"/>
      <nd lat="43.9725842" lon="7.6462423"/>
      <nd lat="43.9725784" lon="7.6460539"/>
      <nd lat="43.9725765" lon="7.6459150"/>
      <nd lat="43.9725352" lon="7.6458545"/>
      <nd lat="43.9724174" lon="7.6457689"/>
      <nd lat="43.9722667" lon="7.6457086"/>
      <nd lat="43.9721854" lon="7.6452851"/>
      <nd lat="43.9722108" lon="7.6451003"/>
      <nd lat="43.9722162" lon="7.6449771"/>
      <nd lat="43.9721892" lon="7.6448905"/>
      <nd lat="43.9720136" lon="7.6446060"/>
      <nd lat="43.9718199" lon="7.6443558"/>
      <nd lat="43.9717019" lon="7.6442433"/>
      <nd lat="43.9716655" lon="7.6441486"/>
      <nd lat="43.9716884" lon="7.6440615"/>
      <nd lat="43.9717479" lon="7.6439380"/>
      <nd lat="43.9718640" lon="7.6437897"/>
      <nd lat="43.9718825" lon="7.6437148"/>
      <nd lat="43.9718146" lon="7.6434781"/>
      <nd lat="43.9718153" lon="7.6433957"/>
      <nd lat="43.9718350" lon="7.6431434"/>
      <nd lat="43.9716421" lon="7.6428927"/>
      <nd lat="43.9714889" lon="7.6427770"/>
      <nd lat="43.9714770" lon="7.6426320"/>
      <nd lat="43.9715340" lon="7.6424959"/>
      <nd lat="43.9716028" lon="7.6423664"/>
      <nd lat="43.9716720" lon="7.6422193"/>
      <nd lat="43.9718225" lon="7.6420983"/>
      <nd lat="43.9719103" lon="7.6418342"/>
      <nd lat="43.9719584" lon="7.6416102"/>
      <nd lat="43.9719533" lon="7.6415077"/>
      <nd lat="43.9719288" lon="7.6414201"/>
      <nd lat="43.9718421" lon="7.6411497"/>
      <nd lat="43.9717729" lon="7.6409562"/>
      <nd lat="43.9716997" lon="7.6407876"/>
      <nd lat="43.9714864" lon="7.6405943"/>
      <nd lat="43.9713751" lon="7.6405260"/>
      <nd lat="43.9712468" lon="7.6404917"/>
      <nd lat="43.9710890" lon="7.6404762"/>
      <nd lat="43.9710210" lon="7.6404645"/>
      <nd lat="43.9709320" lon="7.6404178"/>
      <nd lat="43.9708230" lon="7.6404198"/>
      <nd lat="43.9706406" lon="7.6403269"/>
      <nd lat="43.9705465" lon="7.6403502"/>
      <nd lat="43.9704293" lon="7.6404068"/>
      <nd lat="43.9703294" lon="7.6404749"/>
      <nd lat="43.9702764" lon="7.6404599"/>
      <nd lat="43.9702062" lon="7.6403004"/>
      <nd lat="43.9701197" lon="7.6401135"/>
    </member>
    <member type="way" ref="31727255" role="">
      <nd lat="43.9740102" lon="7.6527873"/>
      <nd lat="43.9739752" lon="7.6527872"/>
      <nd lat="43.9739392" lon="7.6527919"/>
      <nd lat="43.9739156" lon="7.6527928"/>
      <nd lat="43.9738568" lon="7.6527665"/>
      <nd lat="43.9738031" lon="7.6527645"/>
      <nd lat="43.9737464" lon="7.6527495"/>
      <nd lat="43.9735725" lon="7.6527155"/>
      <nd lat="43.9734946" lon="7.6527061"/>
      <nd lat="43.9733905" lon="7.6526742"/>
      <nd lat="43.9732864" lon="7.6526337"/>
      <nd lat="43.9731748" lon="7.6525802"/>
      <nd lat="43.9731551" lon="7.6525882"/>
      <nd lat="43.9731492" lon="7.6526170"/>
      <nd lat="43.9731836" lon="7.6526399"/>
      <nd lat="43.9734647" lon="7.6529572"/>
      <nd lat="43.9736245" lon="7.6531447"/>
      <nd lat="43.9736647" lon="7.6532180"/>
      <nd lat="43.9736921" lon="7.6532942"/>
      <nd lat="43.9737654" lon="7.6535080"/>
      <nd lat="43.9738201" lon="7.6537031"/>
      <nd lat="43.9738478" lon="7.6538114"/>
      <nd lat="43.9739331" lon="7.6542379"/>
      <nd lat="43.9739917" lon="7.6544863"/>
      <nd lat="43.9739961" lon="7.6545831"/>
      <nd lat="43.9740070" lon="7.6546618"/>
      <nd lat="43.9740167" lon="7.6548596"/>
      <nd lat="43.9740175" lon="7.6551645"/>
      <nd lat="43.9739884" lon="7.6553394"/>
      <nd lat="43.9739667" lon="7.6554457"/>
      <nd lat="43.9739115" lon="7.6556700"/>
      <nd lat="43.9738936" lon="7.6557600"/>
      <nd lat="43.9738627" lon="7.6558001"/>
      <nd lat="43.9738419" lon="7.6557877"/>
      <nd lat="43.9738610" lon="7.6557065"/>
      <nd lat="43.9738522" lon="7.6556113"/>
      <nd lat="43.9738408" lon="7.6553766"/>
      <nd lat="43.9738123" lon="7.6552542"/>
      <nd lat="43.9737839" lon="7.6551780"/>
      <nd lat="43.9737719" lon="7.6551032"/>
      <nd lat="43.9737254" lon="7.6550441"/>
      <nd lat="43.9736317" lon="7.6548305"/>
      <nd lat="43.9735645" lon="7.6547172"/>
      <nd lat="43.9735031" lon="7.6546341"/>
      <nd lat="43.9734221" lon="7.6545686"/>
      <nd lat="43.9733521" lon="7.6544947"/>
      <nd lat="43.9732381" lon="7.6543371"/>
      <nd lat="43.9731657" lon="7.6542232"/>
      <nd lat="43.9730822" lon="7.6540819"/>
      <nd lat="43.9729955" lon="7.6539908"/>
      <nd lat="43.9729500" lon="7.6539670"/>
      <nd lat="43.9728589" lon="7.6539372"/>
      <nd lat="43.9727706" lon="7.6538838"/>
      <nd lat="43.9726084" lon="7.6538400"/>
      <nd lat="43.9724720" lon="7.6538015"/>
      <nd lat="43.9724209" lon="7.6537756"/>
      <nd lat="43.9723175" lon="7.6537285"/>
      <nd lat="43.9722266" lon="7.6536597"/>
      <nd lat="43.9721042" lon="7.6535548"/>
      <nd lat="43.9720215" lon="7.6534897"/>
      <nd lat="43.9718818" lon="7.6533523"/>
      <nd lat="43.9717739" lon="7.6532259"/>
      <nd lat="43.9716402" lon="7.6530547"/>
      <nd lat="43.9715547" lon="7.6529469"/>
      <nd lat="43.9714481" lon="7.6527607"/>
      <nd lat="43.9714272" lon="7.6527548"/>
      <nd lat="43.9714248" lon="7.6527926"/>
      <nd lat="43.9714493" lon="7.6528773"/>
      <nd lat="43.9714497" lon="7.6529276"/>
      <nd lat="43.9714653" lon="7.6529851"/>
      <nd lat="43.9714949" lon="7.6531856"/>
      <nd lat="43.9715274" lon="7.6533256"/>
      <nd lat="43.9715655" lon="7.6534946"/>
      <nd lat="43.9715813" lon="7.6535818"/>
      <nd lat="43.9716072" lon="7.6536838"/>
      <nd lat="43.9716080" lon="7.6537871"/>
      <nd lat="43.9716367" lon="7.6538608"/>
      <nd lat="43.9716630" lon="7.6539751"/>
      <nd lat="43.9717901" lon="7.6543227"/>
      <nd lat="43.9718437" lon="7.6544175"/>
      <nd lat="43.9718935" lon="7.6545489"/>
      <nd lat="43.9720159" lon="7.6547229"/>
      <nd lat="43.9721444" lon="7.6549103"/>
      <nd lat="43.9722568" lon="7.6550214"/>
      <nd lat="43.9723341" lon="7.6551052"/>
      <nd lat="43.9723841" lon="7.6552873"/>
      <nd lat="43.9723925" lon="7.6554228"/>
      <nd lat="43.9724103" lon="7.6554971"/>
      <nd lat="43.9724187" lon="7.6555541"/>
      <nd lat="43.9724236" lon="7.6555933"/>
      <nd lat="43.9724250" lon="7.6556241"/>
      <nd lat="43.9724198" lon="7.6556417"/>
      <nd lat="43.9724074" lon="7.6556428"/>
      <nd lat="43.9723987" lon="7.6556220"/>
      <nd lat="43.9723487" lon="7.6554854"/>
      <nd lat="43.9722865" lon="7.6554033"/>
      <nd lat="43.9722201" lon="7.6553231"/>
      <nd lat="43.9719578" lon="7.6552578"/>
      <nd lat="43.9718368" lon="7.6552252"/>
      <nd lat="43.9717349" lon="7.6552206"/>
      <nd lat="43.9716593" lon="7.6552525"/>
      <nd lat="43.9716339" lon="7.6552525"/>
      <nd lat="43.9715842" lon="7.6552295"/>
      <nd lat="43.9715442" lon="7.6552113"/>
      <nd lat="43.9714987" lon="7.6552062"/>
      <nd lat="43.9714128" lon="7.6552255"/>
      <nd lat="43.9713258" lon="7.6552175"/>
      <nd lat="43.9712591" lon="7.6552354"/>
      <nd lat="43.9712089" lon="7.6552622"/>
      <nd lat="43.9711837" lon="7.6552619"/>
      <nd lat="43.9711587" lon="7.6552404"/>
      <nd lat="43.9710319" lon="7.6550841"/>
      <nd lat="43.9708994" lon="7.6548825"/>
      <nd lat="43.9708021" lon="7.6547371"/>
      <nd lat="43.9707862" lon="7.6546542"/>
      <nd lat="43.9707549" lon="7.6545739"/>
      <nd lat="43.9706961" lon="7.6544780"/>
      <nd lat="43.9706459" lon="7.6543782"/>
      <nd lat="43.9705227" lon="7.6541716"/>
      <nd lat="43.9704657" lon="7.6539927"/>
      <nd lat="43.9703346" lon="7.6537026"/>
      <nd lat="43.9703213" lon="7.6537227"/>
      <nd lat="43.9703708" lon="7.6538640"/>
      <nd lat="43.9703739" lon="7.6539199"/>
      <nd lat="43.9703764" lon="7.6539897"/>
      <nd lat="43.9703791" lon="7.6541322"/>
      <nd lat="43.9703851" lon="7.6543178"/>
      <nd lat="43.9703869" lon="7.6545560"/>
      <nd lat="43.9703839" lon="7.6546815"/>
      <nd lat="43.9703900" lon="7.6547537"/>
      <nd lat="43.9703994" lon="7.6548801"/>
      <nd lat="43.9703826" lon="7.6549546"/>
      <nd lat="43.9703962" lon="7.6550570"/>
      <nd lat="43.9704212" lon="7.6551542"/>
      <nd lat="43.9704610" lon="7.6552696"/>
      <nd lat="43.9704832" lon="7.6553478"/>
      <nd lat="43.9704609" lon="7.6553528"/>
      <nd lat="43.9704272" lon="7.6552702"/>
      <nd lat="43.9703847" lon="7.6552112"/>
      <nd lat="43.9703222" lon="7.6550952"/>
      <nd lat="43.9702787" lon="7.6549681"/>
      <nd lat="43.9702357" lon="7.6548868"/>
      <nd lat="43.9701879" lon="7.6548221"/>
      <nd lat="43.9701507" lon="7.6547243"/>
      <nd lat="43.9701087" lon="7.6546283"/>
      <nd lat="43.9698947" lon="7.6543366"/>
      <nd lat="43.9697069" lon="7.6541277"/>
      <nd lat="43.9696554" lon="7.6540326"/>
      <nd lat="43.9696039" lon="7.6539006"/>
      <nd lat="43.9695182" lon="7.6535654"/>
      <nd lat="43.9693745" lon="7.6532929"/>
      <nd lat="43.9693293" lon="7.6532459"/>
      <nd lat="43.9693139" lon="7.6532605"/>
      <nd lat="43.9692766" lon="7.6535820"/>
      <nd lat="43.9693141" lon="7.6537240"/>
      <nd lat="43.9693860" lon="7.6538859"/>
      <nd lat="43.9694210" lon="7.6540629"/>
      <nd lat="43.9694077" lon="7.6541719"/>
      <nd lat="43.9694670" lon="7.6545352"/>
      <nd lat="43.9694549" lon="7.6547210"/>
      <nd lat="43.9695045" lon="7.6548363"/>
      <nd lat="43.9694760" lon="7.6550102"/>
      <nd lat="43.9694890" lon="7.6552422"/>
      <nd lat="43.9694780" lon="7.6552800"/>
      <nd lat="43.9695440" lon="7.6553839"/>
      <nd lat="43.9695946" lon="7.6554170"/>
      <nd lat="43.9696261" lon="7.6556617"/>
      <nd lat="43.9697883" lon="7.6560243"/>
      <nd lat="43.9699026" lon="7.6561836"/>
      <nd lat="43.9699293" lon="7.6562686"/>
    </member>
    <member type="way" ref="517521027" role="">
      <nd lat="43.9740102" lon="7.6527873"/>
      <nd lat="43.9740841" lon="7.6527396"/>
      <nd lat="43.9741201" lon="7.6527006"/>
      <nd lat="43.9741599" lon="7.6526607"/>
    </member>
    <member type="way" ref="517521025" role="">
      <nd lat="43.9741599" lon="7.6526607"/>
      <nd lat="43.9741900" lon="7.6526111"/>
    </member>
    <member type="way" ref="30122693" role="">
      <nd lat="43.9741900" lon="7.6526111"/>
      <nd lat="43.9742247" lon="7.6525633"/>
      <nd lat="43.9742746" lon="7.6525429"/>
      <nd lat="43.9743427" lon="7.6525225"/>
      <nd lat="43.9744354" lon="7.6525336"/>
      <nd lat="43.9744737" lon="7.6525406"/>
      <nd lat="43.9745186" lon="7.6525184"/>
      <nd lat="43.9745592" lon="7.6524865"/>
      <nd lat="43.9745819" lon="7.6524394"/>
      <nd lat="43.9746138" lon="7.6524035"/>
      <nd lat="43.9747041" lon="7.6523663"/>
      <nd lat="43.9747553" lon="7.6523611"/>
      <nd lat="43.9748219" lon="7.6523487"/>
      <nd lat="43.9748628" lon="7.6523294"/>
      <nd lat="43.9748860" lon="7.6522654"/>
      <nd lat="43.9749234" lon="7.6522060"/>
      <nd lat="43.9749854" lon="7.6521646"/>
      <nd lat="43.9750723" lon="7.6521223"/>
      <nd lat="43.9751474" lon="7.6520974"/>
      <nd lat="43.9751944" lon="7.6520763"/>
      <nd lat="43.9752557" lon="7.6520206"/>
      <nd lat="43.9752962" lon="7.6519636"/>
      <nd lat="43.9753266" lon="7.6519412"/>
      <nd lat="43.9753540" lon="7.6519359"/>
      <nd lat="43.9754088" lon="7.6519426"/>
      <nd lat="43.9754509" lon="7.6519521"/>
      <nd lat="43.9754926" lon="7.6519393"/>
      <nd lat="43.9755874" lon="7.6518479"/>
      <nd lat="43.9756326" lon="7.6518041"/>
      <nd lat="43.9756704" lon="7.6517330"/>
      <nd lat="43.9757333" lon="7.6516609"/>
      <nd lat="43.9757880" lon="7.6516159"/>
      <nd lat="43.9758374" lon="7.6515462"/>
      <nd lat="43.9758958" lon="7.6514601"/>
      <nd lat="43.9759292" lon="7.6513971"/>
      <nd lat="43.9759631" lon="7.6513416"/>
      <nd lat="43.9759985" lon="7.6512747"/>
      <nd lat="43.9760120" lon="7.6512277"/>
      <nd lat="43.9760317" lon="7.6511661"/>
      <nd lat="43.9760488" lon="7.6511201"/>
      <nd lat="43.9760752" lon="7.6510848"/>
      <nd lat="43.9761015" lon="7.6510670"/>
      <nd lat="43.9761353" lon="7.6510304"/>
    </member>
    <member type="way" ref="718264085" role="">
      <nd lat="43.9761353" lon="7.6510304"/>
      <nd lat="43.9761663" lon="7.6509896"/>
      <nd lat="43.9762218" lon="7.6509639"/>
      <nd lat="43.9762694" lon="7.6509594"/>
      <nd lat="43.9763275" lon="7.6509318"/>
      <nd lat="43.9764285" lon="7.6508741"/>
      <nd lat="43.9765016" lon="7.6507997"/>
      <nd lat="43.9765902" lon="7.6507101"/>
      <nd lat="43.9766274" lon="7.6506587"/>
      <nd lat="43.9766677" lon="7.6505569"/>
      <nd lat="43.9766780" lon="7.6504617"/>
      <nd lat="43.9766960" lon="7.6503565"/>
      <nd lat="43.9767225" lon="7.6502537"/>
      <nd lat="43.9767644" lon="7.6501292"/>
      <nd lat="43.9767902" lon="7.6501061"/>
      <nd lat="43.9768186" lon="7.6501024"/>
      <nd lat="43.9768597" lon="7.6501104"/>
      <nd lat="43.9769175" lon="7.6501726"/>
      <nd lat="43.9769753" lon="7.6502559"/>
      <nd lat="43.9770238" lon="7.6503234"/>
      <nd lat="43.9770757" lon="7.6503565"/>
      <nd lat="43.9771120" lon="7.6503743"/>
      <nd lat="43.9771525" lon="7.6503743"/>
      <nd lat="43.9772455" lon="7.6503849"/>
      <nd lat="43.9773256" lon="7.6504187"/>
    </member>
    <member type="way" ref="608262860" role="">
      <nd lat="43.9773256" lon="7.6504187"/>
      <nd lat="43.9773597" lon="7.6504614"/>
      <nd lat="43.9773684" lon="7.6505152"/>
      <nd lat="43.9773662" lon="7.6505254"/>
      <nd lat="43.9773622" lon="7.6505951"/>
      <nd lat="43.9773426" lon="7.6507063"/>
      <nd lat="43.9773471" lon="7.6507593"/>
      <nd lat="43.9773668" lon="7.6507581"/>
      <nd lat="43.9773890" lon="7.6507071"/>
      <nd lat="43.9774111" lon="7.6506499"/>
      <nd lat="43.9774376" lon="7.6505884"/>
      <nd lat="43.9774537" lon="7.6505791"/>
      <nd lat="43.9774661" lon="7.6505850"/>
      <nd lat="43.9774716" lon="7.6506029"/>
      <nd lat="43.9774705" lon="7.6506281"/>
      <nd lat="43.9774508" lon="7.6507590"/>
      <nd lat="43.9774489" lon="7.6508857"/>
      <nd lat="43.9774689" lon="7.6510570"/>
      <nd lat="43.9774753" lon="7.6512765"/>
      <nd lat="43.9774905" lon="7.6515638"/>
      <nd lat="43.9775184" lon="7.6516893"/>
      <nd lat="43.9775728" lon="7.6518311"/>
      <nd lat="43.9776410" lon="7.6519451"/>
      <nd lat="43.9776695" lon="7.6522196"/>
      <nd lat="43.9776753" lon="7.6524957"/>
      <nd lat="43.9776810" lon="7.6527765"/>
      <nd lat="43.9777117" lon="7.6530453"/>
      <nd lat="43.9777814" lon="7.6531617"/>
      <nd lat="43.9778903" lon="7.6532425"/>
      <nd lat="43.9779692" lon="7.6534730"/>
      <nd lat="43.9779732" lon="7.6536871"/>
      <nd lat="43.9780278" lon="7.6538216"/>
      <nd lat="43.9781179" lon="7.6539051"/>
      <nd lat="43.9782232" lon="7.6539526"/>
      <nd lat="43.9785353" lon="7.6538567"/>
      <nd lat="43.9786417" lon="7.6538520"/>
      <nd lat="43.9787633" lon="7.6538619"/>
      <nd lat="43.9788823" lon="7.6538716"/>
      <nd lat="43.9789903" lon="7.6538990"/>
      <nd lat="43.9791048" lon="7.6539169"/>
      <nd lat="43.9792375" lon="7.6539536"/>
      <nd lat="43.9794150" lon="7.6539611"/>
      <nd lat="43.9795693" lon="7.6539584"/>
      <nd lat="43.9796319" lon="7.6540580"/>
      <nd lat="43.9796754" lon="7.6542114"/>
      <nd lat="43.9797702" lon="7.6543973"/>
      <nd lat="43.9798076" lon="7.6544602"/>
      <nd lat="43.9798625" lon="7.6544735"/>
      <nd lat="43.9799193" lon="7.6544732"/>
      <nd lat="43.9800096" lon="7.6545080"/>
      <nd lat="43.9801258" lon="7.6546162"/>
      <nd lat="43.9801987" lon="7.6547039"/>
      <nd lat="43.9802309" lon="7.6547526"/>
      <nd lat="43.9802862" lon="7.6547705"/>
      <nd lat="43.9803656" lon="7.6547837"/>
      <nd lat="43.9804197" lon="7.6548335"/>
      <nd lat="43.9804878" lon="7.6549653"/>
      <nd lat="43.9805524" lon="7.6550584"/>
      <nd lat="43.9806214" lon="7.6551366"/>
      <nd lat="43.9807544" lon="7.6551848"/>
      <nd lat="43.9808784" lon="7.6553837"/>
      <nd lat="43.9809354" lon="7.6554197"/>
      <nd lat="43.9809852" lon="7.6554204"/>
      <nd lat="43.9811158" lon="7.6555523"/>
      <nd lat="43.9811732" lon="7.6555893"/>
      <nd lat="43.9812420" lon="7.6555796"/>
      <nd lat="43.9813775" lon="7.6555233"/>
      <nd lat="43.9814820" lon="7.6554894"/>
      <nd lat="43.9816060" lon="7.6554363"/>
      <nd lat="43.9816835" lon="7.6554271"/>
      <nd lat="43.9817782" lon="7.6553854"/>
      <nd lat="43.9818988" lon="7.6553552"/>
      <nd lat="43.9820052" lon="7.6553377"/>
      <nd lat="43.9820902" lon="7.6553876"/>
      <nd lat="43.9822092" lon="7.6554806"/>
      <nd lat="43.9823357" lon="7.6554962"/>
      <nd lat="43.9824330" lon="7.6554635"/>
      <nd lat="43.9825624" lon="7.6554275"/>
      <nd lat="43.9827512" lon="7.6554521"/>
      <nd lat="43.9829057" lon="7.6554978"/>
      <nd lat="43.9829839" lon="7.6555026"/>
      <nd lat="43.9830114" lon="7.6555108"/>
      <nd lat="43.9831013" lon="7.6555113"/>
      <nd lat="43.9832238" lon="7.6555019"/>
      <nd lat="43.9832757" lon="7.6554706"/>
      <nd lat="43.9833312" lon="7.6554109"/>
      <nd lat="43.9833959" lon="7.6553373"/>
      <nd lat="43.9834677" lon="7.6552781"/>
      <nd lat="43.9835246" lon="7.6552586"/>
      <nd lat="43.9835939" lon="7.6552887"/>
      <nd lat="43.9836965" lon="7.6553417"/>
      <nd lat="43.9837691" lon="7.6553503"/>
      <nd lat="43.9838095" lon="7.6553238"/>
      <nd lat="43.9838442" lon="7.6552484"/>
      <nd lat="43.9838656" lon="7.6552311"/>
      <nd lat="43.9838828" lon="7.6552381"/>
      <nd lat="43.9839457" lon="7.6553401"/>
      <nd lat="43.9840075" lon="7.6554291"/>
      <nd lat="43.9840775" lon="7.6555240"/>
      <nd lat="43.9841274" lon="7.6555631"/>
      <nd lat="43.9841896" lon="7.6555761"/>
      <nd lat="43.9843133" lon="7.6555594"/>
      <nd lat="43.9844311" lon="7.6555366"/>
      <nd lat="43.9845436" lon="7.6554478"/>
      <nd lat="43.9846495" lon="7.6553888"/>
      <nd lat="43.9847628" lon="7.6553987"/>
      <nd lat="43.9848794" lon="7.6553467"/>
      <nd lat="43.9849770" lon="7.6553931"/>
    </member>
    <member type="way" ref="233618628" role="">
      <nd lat="43.9849770" lon="7.6553931"/>
      <nd lat="43.9849946" lon="7.6553967"/>
      <nd lat="43.9850080" lon="7.6553942"/>
      <nd lat="43.9850526" lon="7.6553718"/>
      <nd lat="43.9851267" lon="7.6552985"/>
      <nd lat="43.9851966" lon="7.6552156"/>
      <nd lat="43.9852314" lon="7.6551714"/>
      <nd lat="43.9852568" lon="7.6551641"/>
      <nd lat="43.9852945" lon="7.6551639"/>
      <nd lat="43.9853806" lon="7.6551789"/>
      <nd lat="43.9854500" lon="7.6552169"/>
      <nd lat="43.9855375" lon="7.6552542"/>
      <nd lat="43.9856331" lon="7.6552895"/>
      <nd lat="43.9857484" lon="7.6552804"/>
      <nd lat="43.9858962" lon="7.6552585"/>
      <nd lat="43.9859626" lon="7.6552659"/>
      <nd lat="43.9860363" lon="7.6552314"/>
      <nd lat="43.9860845" lon="7.6551863"/>
      <nd lat="43.9861442" lon="7.6551140"/>
      <nd lat="43.9861969" lon="7.6549453"/>
      <nd lat="43.9862474" lon="7.6548402"/>
      <nd lat="43.9863106" lon="7.6547203"/>
      <nd lat="43.9863626" lon="7.6546076"/>
      <nd lat="43.9864136" lon="7.6544798"/>
      <nd lat="43.9865092" lon="7.6543783"/>
      <nd lat="43.9866385" lon="7.6543152"/>
      <nd lat="43.9866919" lon="7.6543198"/>
      <nd lat="43.9867307" lon="7.6542873"/>
      <nd lat="43.9867656" lon="7.6542780"/>
      <nd lat="43.9867960" lon="7.6542579"/>
      <nd lat="43.9868786" lon="7.6541550"/>
      <nd lat="43.9869492" lon="7.6540496"/>
      <nd lat="43.9870147" lon="7.6539608"/>
      <nd lat="43.9870704" lon="7.6538192"/>
      <nd lat="43.9870942" lon="7.6537593"/>
      <nd lat="43.9871373" lon="7.6537138"/>
      <nd lat="43.9872026" lon="7.6536514"/>
      <nd lat="43.9872712" lon="7.6535247"/>
      <nd lat="43.9873017" lon="7.6533811"/>
      <nd lat="43.9873381" lon="7.6531909"/>
      <nd lat="43.9873760" lon="7.6530586"/>
      <nd lat="43.9874228" lon="7.6530173"/>
      <nd lat="43.9874853" lon="7.6529867"/>
      <nd lat="43.9876221" lon="7.6529605"/>
      <nd lat="43.9877545" lon="7.6529203"/>
      <nd lat="43.9879284" lon="7.6527838"/>
      <nd lat="43.9880560" lon="7.6526594"/>
      <nd lat="43.9881463" lon="7.6525595"/>
      <nd lat="43.9882191" lon="7.6524800"/>
      <nd lat="43.9883299" lon="7.6523384"/>
      <nd lat="43.9883656" lon="7.6522640"/>
      <nd lat="43.9884139" lon="7.6521629"/>
      <nd lat="43.9884518" lon="7.6521421"/>
      <nd lat="43.9884693" lon="7.6521653"/>
      <nd lat="43.9884797" lon="7.6521933"/>
      <nd lat="43.9884682" lon="7.6522557"/>
      <nd lat="43.9884593" lon="7.6522971"/>
      <nd lat="43.9883552" lon="7.6524789"/>
      <nd lat="43.9883175" lon="7.6525987"/>
      <nd lat="43.9882782" lon="7.6527313"/>
      <nd lat="43.9882690" lon="7.6528124"/>
      <nd lat="43.9882643" lon="7.6529448"/>
      <nd lat="43.9882603" lon="7.6531251"/>
      <nd lat="43.9882493" lon="7.6532556"/>
      <nd lat="43.9882369" lon="7.6533294"/>
      <nd lat="43.9882386" lon="7.6534167"/>
      <nd lat="43.9882391" lon="7.6534676"/>
      <nd lat="43.9882342" lon="7.6535244"/>
      <nd lat="43.9882175" lon="7.6535510"/>
      <nd lat="43.9882001" lon="7.6535009"/>
      <nd lat="43.9881854" lon="7.6534394"/>
      <nd lat="43.9881786" lon="7.6533106"/>
      <nd lat="43.9881705" lon="7.6532420"/>
      <nd lat="43.9881475" lon="7.6531939"/>
      <nd lat="43.9881286" lon="7.6531916"/>
      <nd lat="43.9881234" lon="7.6532271"/>
      <nd lat="43.9881311" lon="7.6533218"/>
      <nd lat="43.9881306" lon="7.6534106"/>
      <nd lat="43.9881306" lon="7.6535371"/>
      <nd lat="43.9881189" lon="7.6536560"/>
      <nd lat="43.9881097" lon="7.6538644"/>
      <nd lat="43.9881202" lon="7.6540393"/>
      <nd lat="43.9881462" lon="7.6542112"/>
      <nd lat="43.9882184" lon="7.6543586"/>
      <nd lat="43.9883017" lon="7.6544888"/>
      <nd lat="43.9883945" lon="7.6546159"/>
      <nd lat="43.9884780" lon="7.6548327"/>
      <nd lat="43.9885698" lon="7.6549500"/>
      <nd lat="43.9886548" lon="7.6550065"/>
      <nd lat="43.9887281" lon="7.6550274"/>
      <nd lat="43.9888712" lon="7.6550415"/>
      <nd lat="43.9889604" lon="7.6550499"/>
      <nd lat="43.9890042" lon="7.6550696"/>
      <nd lat="43.9890471" lon="7.6551198"/>
      <nd lat="43.9890708" lon="7.6552234"/>
      <nd lat="43.9890973" lon="7.6553798"/>
      <nd lat="43.9891039" lon="7.6554798"/>
      <nd lat="43.9891149" lon="7.6555801"/>
      <nd lat="43.9891632" lon="7.6557406"/>
      <nd lat="43.9892132" lon="7.6558012"/>
      <nd lat="43.9892936" lon="7.6558841"/>
      <nd lat="43.9893429" lon="7.6560066"/>
      <nd lat="43.9894171" lon="7.6560976"/>
      <nd lat="43.9895058" lon="7.6562185"/>
      <nd lat="43.9895576" lon="7.6562788"/>
      <nd lat="43.9896034" lon="7.6563354"/>
      <nd lat="43.9896530" lon="7.6564229"/>
      <nd lat="43.9897235" lon="7.6565082"/>
      <nd lat="43.9897960" lon="7.6566459"/>
      <nd lat="43.9898904" lon="7.6567787"/>
      <nd lat="43.9899681" lon="7.6568481"/>
      <nd lat="43.9900054" lon="7.6568917"/>
      <nd lat="43.9900272" lon="7.6569286"/>
      <nd lat="43.9900458" lon="7.6569513"/>
      <nd lat="43.9901022" lon="7.6570227"/>
      <nd lat="43.9901753" lon="7.6571663"/>
      <nd lat="43.9902188" lon="7.6572992"/>
      <nd lat="43.9902230" lon="7.6573540"/>
      <nd lat="43.9902445" lon="7.6574109"/>
      <nd lat="43.9902723" lon="7.6574182"/>
      <nd lat="43.9903046" lon="7.6574077"/>
      <nd lat="43.9903618" lon="7.6574075"/>
      <nd lat="43.9904388" lon="7.6574423"/>
      <nd lat="43.9905060" lon="7.6575310"/>
      <nd lat="43.9905422" lon="7.6576155"/>
      <nd lat="43.9906057" lon="7.6576901"/>
      <nd lat="43.9906606" lon="7.6577782"/>
      <nd lat="43.9907170" lon="7.6578912"/>
      <nd lat="43.9907417" lon="7.6579692"/>
      <nd lat="43.9907618" lon="7.6581253"/>
    </member>
    <member type="way" ref="58663236" role="">
      <nd lat="43.9907618" lon="7.6581253"/>
      <nd lat="43.9907670" lon="7.6583319"/>
      <nd lat="43.9907616" lon="7.6585076"/>
      <nd lat="43.9907504" lon="7.6587046"/>
      <nd lat="43.9907363" lon="7.6589208"/>
      <nd lat="43.9907228" lon="7.6590172"/>
      <nd lat="43.9907145" lon="7.6591725"/>
      <nd lat="43.9906721" lon="7.6594982"/>
      <nd lat="43.9905988" lon="7.6597679"/>
      <nd lat="43.9905323" lon="7.6599433"/>
      <nd lat="43.9904129" lon="7.6603485"/>
      <nd lat="43.9903233" lon="7.6605240"/>
      <nd lat="43.9902227" lon="7.6607556"/>
      <nd lat="43.9901207" lon="7.6609696"/>
      <nd lat="43.9900667" lon="7.6611172"/>
      <nd lat="43.9899585" lon="7.6613555"/>
      <nd lat="43.9898915" lon="7.6615818"/>
      <nd lat="43.9898421" lon="7.6618867"/>
      <nd lat="43.9898543" lon="7.6620302"/>
      <nd lat="43.9899858" lon="7.6622076"/>
      <nd lat="43.9901474" lon="7.6623916"/>
      <nd lat="43.9903379" lon="7.6625167"/>
      <nd lat="43.9906198" lon="7.6626180"/>
      <nd lat="43.9908133" lon="7.6626020"/>
      <nd lat="43.9911137" lon="7.6625707"/>
      <nd lat="43.9912740" lon="7.6625805"/>
      <nd lat="43.9913677" lon="7.6626175"/>
      <nd lat="43.9914194" lon="7.6626525"/>
      <nd lat="43.9913739" lon="7.6626837"/>
      <nd lat="43.9913295" lon="7.6627080"/>
      <nd lat="43.9912760" lon="7.6627244"/>
      <nd lat="43.9912232" lon="7.6627570"/>
    </member>
    <member type="way" ref="718260878" role="">
      <nd lat="43.9912232" lon="7.6627570"/>
      <nd lat="43.9911919" lon="7.6627916"/>
      <nd lat="43.9911484" lon="7.6628429"/>
      <nd lat="43.9911069" lon="7.6628939"/>
      <nd lat="43.9910604" lon="7.6629437"/>
      <nd lat="43.9909694" lon="7.6630440"/>
      <nd lat="43.9908782" lon="7.6631330"/>
      <nd lat="43.9907753" lon="7.6632179"/>
      <nd lat="43.9906491" lon="7.6633899"/>
      <nd lat="43.9905896" lon="7.6634648"/>
      <nd lat="43.9905493" lon="7.6635010"/>
      <nd lat="43.9905187" lon="7.6635265"/>
      <nd lat="43.9905008" lon="7.6635529"/>
    </member>
    <member type="way" ref="365813734" role="">
      <nd lat="43.9905008" lon="7.6635529"/>
      <nd lat="43.9905080" lon="7.6635761"/>
      <nd lat="43.9905258" lon="7.6635885"/>
      <nd lat="43.9905529" lon="7.6635801"/>
      <nd lat="43.9905840" lon="7.6635686"/>
      <nd lat="43.9906420" lon="7.6635413"/>
      <nd lat="43.9908015" lon="7.6634426"/>
      <nd lat="43.9909229" lon="7.6633744"/>
      <nd lat="43.9910418" lon="7.6633187"/>
      <nd lat="43.9912137" lon="7.6632586"/>
      <nd lat="43.9913035" lon="7.6632277"/>
      <nd lat="43.9913606" lon="7.6632197"/>
      <nd lat="43.9914491" lon="7.6632047"/>
      <nd lat="43.9915308" lon="7.6631959"/>
      <nd lat="43.9917199" lon="7.6632088"/>
      <nd lat="43.9917828" lon="7.6632463"/>
      <nd lat="43.9919441" lon="7.6633576"/>
      <nd lat="43.9920444" lon="7.6634266"/>
      <nd lat="43.9921102" lon="7.6634601"/>
      <nd lat="43.9922005" lon="7.6635064"/>
      <nd lat="43.9922769" lon="7.6635821"/>
      <nd lat="43.9923313" lon="7.6636558"/>
      <nd lat="43.9923709" lon="7.6637174"/>
      <nd lat="43.9924459" lon="7.6638099"/>
      <nd lat="43.9925222" lon="7.6639116"/>
      <nd lat="43.9926674" lon="7.6640755"/>
      <nd lat="43.9928086" lon="7.6642380"/>
      <nd lat="43.9929669" lon="7.6644203"/>
      <nd lat="43.9931178" lon="7.6646095"/>
      <nd lat="43.9932474" lon="7.6647853"/>
      <nd lat="43.9934069" lon="7.6650061"/>
      <nd lat="43.9937002" lon="7.6653644"/>
      <nd lat="43.9937888" lon="7.6655153"/>
      <nd lat="43.9938681" lon="7.6656433"/>
      <nd lat="43.9939507" lon="7.6658162"/>
      <nd lat="43.9940215" lon="7.6659775"/>
      <nd lat="43.9941337" lon="7.6662915"/>
      <nd lat="43.9942329" lon="7.6665417"/>
      <nd lat="43.9942998" lon="7.6666277"/>
      <nd lat="43.9943775" lon="7.6666417"/>
      <nd lat="43.9944636" lon="7.6666301"/>
      <nd lat="43.9945721" lon="7.6665934"/>
      <nd lat="43.9947787" lon="7.6664888"/>
      <nd lat="43.9948821" lon="7.6664628"/>
      <nd lat="43.9949735" lon="7.6664494"/>
      <nd lat="43.9951074" lon="7.6664444"/>
      <nd lat="43.9951793" lon="7.6664400"/>
      <nd lat="43.9952531" lon="7.6664881"/>
    </member>
    <tag k="cai_scale" v="E"/>
    <tag k="description" v="High Way of the Ligurian Mountains - Stage 04"/>
    <tag k="description:de" v="Ligurische Grenzkammstraße"/>
    <tag k="description:it" v="Alta Via dei Monti Liguri - Tappa 04"/>
    <tag k="distance" v="11.8"/>
    <tag k="from" v="Sella d'Agnaira"/>
    <tag k="name" v="Colle Scarassan - Sella d'Agnaira"/>
    <tag k="network" v="lwn"/>
    <tag k="note:project_page" v="http://wiki.openstreetmap.org/wiki/Liguria/Sentieri"/>
    <tag k="operator" v="Club Alpino Italiano"/>
    <tag k="osmc:symbol" v="red:red:white_stripe:AV:black"/>
    <tag k="ref" v="AV04"/>
    <tag k="ref:REI" v="GIMA1990"/>
    <tag k="reg_ref" v="GIMA19901PE"/>
    <tag k="roundtrip" v="no"/>
    <tag k="route" v="hiking"/>
    <tag k="rwn:name" v="Rete Escursionistica Ligure (REL)"/>
    <tag k="source" v="survey:CAI"/>
    <tag k="symbol" v="AV on white red flag"/>
    <tag k="symbol:it" v="AV su segnavia bianco e rosso"/>
    <tag k="to" v="Colle Scarassan"/>
    <tag k="type" v="route"/>
  </relation>
</new>
</action>

</osm>
