<?xml version="1.0" encoding="UTF-8"?>
<osm version="0.6" generator="Overpass API 0.7.62.11 87bfad18">
<note>The data included in this document is from www.openstreetmap.org. The data is made available under ODbL.</note>
<meta osm_base="2026-10-10T03:43:26Z" areas="2026-10-09T02:17:21Z"/>

<action type="delete">
<old>
  <node id="2447888723" lat="45.8797765" lon="9.8381773" version="2" timestamp="2021-02-03T19:29:34Z" changeset="98663561" uid="6408564" user="amadvance"/>
</old>
<new>
  <node id="2447888723" visible="false" version="3" timestamp="2026-10-09T07:44:07Z" changeset="190237468" uid="21266811" user="Marcopera"/>
</new>
</action>
<action type="modify">
<old>
  <node id="2447889413" lat="45.8798003" lon="9.8381689" version="1" timestamp="2013-09-06T08:40:11Z" changeset="17699659" uid="1667676" user="Steelsaviour"/>
</old>
<new>
  <node id="2447889413" lat="45.8797790" lon="9.8381958" version="2" timestamp="2026-10-09T07:44:07Z" changeset="190237468" uid="21266811" user="Marcopera"/>
</new>
</action>
<action type="modify">
<old>
  <node id="8391912787" lat="45.8796418" lon="9.8382905" version="1" timestamp="2021-02-03T19:29:34Z" changeset="98663561" uid="6408564" user="amadvance"/>
</old>
<new>
  <node id="8391912787" lat="45.8797631" lon="9.8382089" version="2" timestamp="2026-10-09T07:44:07Z" changeset="190237468" uid="21266811" user="Marcopera"/>
</new>
</action>
<action type="modify">
<old>
  <way id="231091500" version="5" timestamp="2024-04-18T07:18:08Z" changeset="150159506" uid="21266811" user="Marcopera">
    <bounds minlat="45.8785226" minlon="9.8504601" maxlat="45.8815702" maxlon="9.8512800"/>
    <nd ref="2394996754" lat="45.8815702" lon="9.8508630"/>
    <nd ref="2394996755" lat="45.8810757" lon="9.8507659"/>
    <nd ref="2394996756" lat="45.8809436" lon="9.8506362"/>
    <nd ref="2394996757" lat="45.8808672" lon="9.8505068"/>
    <nd ref="2394996758" lat="45.8807782" lon="9.8504601"/>
    <nd ref="2394996759" lat="45.8805714" lon="9.8505086"/>
    <nd ref="2394996760" lat="45.8804194" lon="9.8506206"/>
    <nd ref="2394996761" lat="45.8803649" lon="9.8506743"/>
    <nd ref="2394996762" lat="45.8797263" lon="9.8510150"/>
    <nd ref="2394996763" lat="45.8795469" lon="9.8510832"/>
    <nd ref="2394996764" lat="45.8794550" lon="9.8510797"/>
    <nd ref="2394996765" lat="45.8792827" lon="9.8510668"/>
    <nd ref="2394996766" lat="45.8788942" lon="9.8511124"/>
    <nd ref="2394996767" lat="45.8787967" lon="9.8511334"/>
    <nd ref="8263842493" lat="45.8785974" lon="9.8512400"/>
    <nd ref="11827024287" lat="45.8785326" lon="9.8512747"/>
    <nd ref="2394693743" lat="45.8785226" lon="9.8512800"/>
    <tag k="name" v="Strada di Forsei"/>
    <tag k="highway" v="track"/>
  </way>
</old>
<new>
  <way id="231091500" version="6" timestamp="2026-10-09T07:44:07Z" changeset="190237468" uid="21266811" user="Marcopera">
    <bounds minlat="45.8785226" minlon="9.8504601" maxlat="45.8815702" maxlon="9.8512800"/>
    <nd ref="2394996754" lat="45.8815702" lon="9.8508630"/>
    <nd ref="2394996755" lat="45.8810757" lon="9.8507659"/>
    <nd ref="2394996756" lat="45.8809436" lon="9.8506362"/>
    <nd ref="2394996757" lat="45.8808672" lon="9.8505068"/>
    <nd ref="2394996758" lat="45.8807782" lon="9.8504601"/>
    <nd ref="2394996759" lat="45.8805714" lon="9.8505086"/>
    <nd ref="2394996760" lat="45.8804194" lon="9.8506206"/>
    <nd ref="2394996761" lat="45.8803649" lon="9.8506743"/>
    <nd ref="2394996762" lat="45.8797263" lon="9.8510150"/>
    <nd ref="2394996763" lat="45.8795469" lon="9.8510832"/>
    <nd ref="2394996764" lat="45.8794550" lon="9.8510797"/>
    <nd ref="2394996765" lat="45.8792827" lon="9.8510668"/>
    <nd ref="2394996766" lat="45.8788942" lon="9.8511124"/>
    <nd ref="2394996767" lat="45.8787967" lon="9.8511334"/>
    <nd ref="8263842493" lat="45.8785974" lon="9.8512400"/>
    <nd ref="11827024287" lat="45.8785326" lon="9.8512747"/>
    <nd ref="2394693743" lat="45.8785226" lon="9.8512800"/>
    <tag k="highway" v="track"/>
    <tag k="name" v="Strada di Forsei"/>
    <tag k="surface" v="paved"/>
    <tag k="tracktype" v="grade1"/>
    <tag k="width" v="2"/>
  </way>
</new>
</action>
<action type="modify">
<old>
  <way id="236816811" version="8" timestamp="2026-07-14T12:38:18Z" changeset="185714999" uid="21266811" user="Marcopera">
    <bounds minlat="45.8758550" minlon="9.8466499" maxlat="45.8784652" maxlon="9.8513389"/>
    <nd ref="2447873781" lat="45.8784652" lon="9.8513389"/>
    <nd ref="2447873782" lat="45.8783933" lon="9.8512324"/>
    <nd ref="2447873783" lat="45.8783120" lon="9.8511390"/>
    <nd ref="2447873784" lat="45.8781698" lon="9.8510572"/>
    <nd ref="2447873785" lat="45.8779924" lon="9.8509720"/>
    <nd ref="2447873786" lat="45.8777609" lon="9.8509076"/>
    <nd ref="2447873787" lat="45.8775163" lon="9.8507923"/>
    <nd ref="2447873788" lat="45.8773081" lon="9.8507015"/>
    <nd ref="2447873789" lat="45.8772512" lon="9.8507026"/>
    <nd ref="2447873790" lat="45.8770204" lon="9.8505835"/>
    <nd ref="2447873791" lat="45.8768310" lon="9.8504808"/>
    <nd ref="2447873792" lat="45.8766351" lon="9.8503337"/>
    <nd ref="2447873793" lat="45.8764457" lon="9.8500856"/>
    <nd ref="2447873794" lat="45.8763717" lon="9.8499557"/>
    <nd ref="2447873795" lat="45.8762969" lon="9.8498904"/>
    <nd ref="2447873796" lat="45.8762441" lon="9.8498168"/>
    <nd ref="2447873797" lat="45.8762010" lon="9.8497024"/>
    <nd ref="2447873798" lat="45.8761897" lon="9.8495775"/>
    <nd ref="2447873799" lat="45.8762048" lon="9.8494575"/>
    <nd ref="2447873800" lat="45.8762166" lon="9.8493691"/>
    <nd ref="2447873801" lat="45.8762086" lon="9.8492844"/>
    <nd ref="2447873802" lat="45.8762051" lon="9.8491758"/>
    <nd ref="2447873803" lat="45.8762209" lon="9.8490831"/>
    <nd ref="2447873804" lat="45.8762136" lon="9.8490296"/>
    <nd ref="2447873805" lat="45.8762027" lon="9.8489711"/>
    <nd ref="2447873806" lat="45.8761856" lon="9.8489003"/>
    <nd ref="2447873807" lat="45.8761648" lon="9.8488433"/>
    <nd ref="2447873808" lat="45.8761411" lon="9.8487780"/>
    <nd ref="2447873809" lat="45.8761019" lon="9.8486902"/>
    <nd ref="2447873810" lat="45.8760758" lon="9.8486138"/>
    <nd ref="2447873811" lat="45.8760425" lon="9.8485069"/>
    <nd ref="2447873812" lat="45.8760165" lon="9.8483633"/>
    <nd ref="2447873813" lat="45.8760131" lon="9.8483034"/>
    <nd ref="2447873816" lat="45.8760033" lon="9.8482432"/>
    <nd ref="2447873817" lat="45.8759889" lon="9.8481660"/>
    <nd ref="2447873818" lat="45.8759653" lon="9.8480235"/>
    <nd ref="2447873819" lat="45.8759536" lon="9.8479150"/>
    <nd ref="2447873820" lat="45.8759188" lon="9.8477778"/>
    <nd ref="2447873821" lat="45.8758655" lon="9.8476342"/>
    <nd ref="2447873822" lat="45.8758550" lon="9.8475384"/>
    <nd ref="2447873823" lat="45.8758576" lon="9.8474662"/>
    <nd ref="2447873824" lat="45.8758582" lon="9.8473808"/>
    <nd ref="2447873825" lat="45.8758726" lon="9.8472816"/>
    <nd ref="2447873826" lat="45.8758968" lon="9.8472153"/>
    <nd ref="2447873827" lat="45.8759297" lon="9.8471345"/>
    <nd ref="2447873828" lat="45.8759671" lon="9.8470691"/>
    <nd ref="2447873829" lat="45.8760078" lon="9.8470224"/>
    <nd ref="2447873830" lat="45.8760143" lon="9.8469979"/>
    <nd ref="2447873831" lat="45.8760216" lon="9.8468414"/>
    <nd ref="7626653045" lat="45.8760549" lon="9.8466499"/>
    <tag k="surface" v="ground"/>
    <tag k="mtb:scale" v="1"/>
    <tag k="access" v="no"/>
    <tag k="bicycle" v="yes"/>
    <tag k="foot" v="yes"/>
    <tag k="highway" v="track"/>
    <tag k="horse" v="yes"/>
  </way>
</old>
<new>
  <way id="236816811" version="9" timestamp="2026-10-09T07:44:07Z" changeset="190237468" uid="21266811" user="Marcopera">
    <bounds minlat="45.8758550" minlon="9.8466499" maxlat="45.8784652" maxlon="9.8513389"/>
    <nd ref="2447873781" lat="45.8784652" lon="9.8513389"/>
    <nd ref="2447873782" lat="45.8783933" lon="9.8512324"/>
    <nd ref="2447873783" lat="45.8783120" lon="9.8511390"/>
    <nd ref="2447873784" lat="45.8781698" lon="9.8510572"/>
    <nd ref="2447873785" lat="45.8779924" lon="9.8509720"/>
    <nd ref="2447873786" lat="45.8777609" lon="9.8509076"/>
    <nd ref="2447873787" lat="45.8775163" lon="9.8507923"/>
    <nd ref="2447873788" lat="45.8773081" lon="9.8507015"/>
    <nd ref="2447873789" lat="45.8772512" lon="9.8507026"/>
    <nd ref="2447873790" lat="45.8770204" lon="9.8505835"/>
    <nd ref="2447873791" lat="45.8768310" lon="9.8504808"/>
    <nd ref="2447873792" lat="45.8766351" lon="9.8503337"/>
    <nd ref="2447873793" lat="45.8764457" lon="9.8500856"/>
    <nd ref="2447873794" lat="45.8763717" lon="9.8499557"/>
    <nd ref="2447873795" lat="45.8762969" lon="9.8498904"/>
    <nd ref="2447873796" lat="45.8762441" lon="9.8498168"/>
    <nd ref="2447873797" lat="45.8762010" lon="9.8497024"/>
    <nd ref="2447873798" lat="45.8761897" lon="9.8495775"/>
    <nd ref="2447873799" lat="45.8762048" lon="9.8494575"/>
    <nd ref="2447873800" lat="45.8762166" lon="9.8493691"/>
    <nd ref="2447873801" lat="45.8762086" lon="9.8492844"/>
    <nd ref="2447873802" lat="45.8762051" lon="9.8491758"/>
    <nd ref="2447873803" lat="45.8762209" lon="9.8490831"/>
    <nd ref="2447873804" lat="45.8762136" lon="9.8490296"/>
    <nd ref="2447873805" lat="45.8762027" lon="9.8489711"/>
    <nd ref="2447873806" lat="45.8761856" lon="9.8489003"/>
    <nd ref="2447873807" lat="45.8761648" lon="9.8488433"/>
    <nd ref="2447873808" lat="45.8761411" lon="9.8487780"/>
    <nd ref="2447873809" lat="45.8761019" lon="9.8486902"/>
    <nd ref="2447873810" lat="45.8760758" lon="9.8486138"/>
    <nd ref="2447873811" lat="45.8760425" lon="9.8485069"/>
    <nd ref="2447873812" lat="45.8760165" lon="9.8483633"/>
    <nd ref="2447873813" lat="45.8760131" lon="9.8483034"/>
    <nd ref="2447873816" lat="45.8760033" lon="9.8482432"/>
    <nd ref="2447873817" lat="45.8759889" lon="9.8481660"/>
    <nd ref="2447873818" lat="45.8759653" lon="9.8480235"/>
    <nd ref="2447873819" lat="45.8759536" lon="9.8479150"/>
    <nd ref="2447873820" lat="45.8759188" lon="9.8477778"/>
    <nd ref="2447873821" lat="45.8758655" lon="9.8476342"/>
    <nd ref="2447873822" lat="45.8758550" lon="9.8475384"/>
    <nd ref="2447873823" lat="45.8758576" lon="9.8474662"/>
    <nd ref="2447873824" lat="45.8758582" lon="9.8473808"/>
    <nd ref="2447873825" lat="45.8758726" lon="9.8472816"/>
    <nd ref="2447873826" lat="45.8758968" lon="9.8472153"/>
    <nd ref="2447873827" lat="45.8759297" lon="9.8471345"/>
    <nd ref="2447873828" lat="45.8759671" lon="9.8470691"/>
    <nd ref="2447873829" lat="45.8760078" lon="9.8470224"/>
    <nd ref="2447873830" lat="45.8760143" lon="9.8469979"/>
    <nd ref="2447873831" lat="45.8760216" lon="9.8468414"/>
    <nd ref="7626653045" lat="45.8760549" lon="9.8466499"/>
    <tag k="access" v="no"/>
    <tag k="bicycle" v="yes"/>
    <tag k="foot" v="yes"/>
    <tag k="highway" v="track"/>
    <tag k="horse" v="yes"/>
    <tag k="mtb:scale" v="1"/>
    <tag k="surface" v="unpaved"/>
    <tag k="tracktype" v="grade3"/>
  </way>
</new>
</action>
<action type="modify">
<old>
  <way id="236818464" version="5" timestamp="2021-02-03T19:29:34Z" changeset="98663561" uid="6408564" user="amadvance">
    <bounds minlat="45.8810288" minlon="9.8335304" maxlat="45.8831986" maxlon="9.8364717"/>
    <nd ref="4578044687" lat="45.8831986" lon="9.8335304"/>
    <nd ref="4578044688" lat="45.8831432" lon="9.8336125"/>
    <nd ref="4578044989" lat="45.8830399" lon="9.8337857"/>
    <nd ref="4578044990" lat="45.8827385" lon="9.8339898"/>
    <nd ref="4578044991" lat="45.8826394" lon="9.8341506"/>
    <nd ref="4578044992" lat="45.8824887" lon="9.8342681"/>
    <nd ref="4578044993" lat="45.8823337" lon="9.8346021"/>
    <nd ref="4578044994" lat="45.8819505" lon="9.8350846"/>
    <nd ref="4578044995" lat="45.8815122" lon="9.8355662"/>
    <nd ref="4578044996" lat="45.8813089" lon="9.8360310"/>
    <nd ref="8391912790" lat="45.8812310" lon="9.8361850"/>
    <nd ref="2447889429" lat="45.8810288" lon="9.8364717"/>
    <tag k="highway" v="path"/>
    <tag k="mtb:scale" v="2"/>
    <tag k="sac_scale" v="hiking"/>
    <tag k="trail_visibility" v="good"/>
  </way>
</old>
<new>
  <way id="236818464" version="6" timestamp="2026-10-09T07:44:07Z" changeset="190237468" uid="21266811" user="Marcopera">
    <bounds minlat="45.8815122" minlon="9.8335304" maxlat="45.8831986" maxlon="9.8355662"/>
    <nd ref="4578044687" lat="45.8831986" lon="9.8335304"/>
    <nd ref="4578044688" lat="45.8831432" lon="9.8336125"/>
    <nd ref="4578044989" lat="45.8830399" lon="9.8337857"/>
    <nd ref="4578044990" lat="45.8827385" lon="9.8339898"/>
    <nd ref="4578044991" lat="45.8826394" lon="9.8341506"/>
    <nd ref="4578044992" lat="45.8824887" lon="9.8342681"/>
    <nd ref="4578044993" lat="45.8823337" lon="9.8346021"/>
    <nd ref="4578044994" lat="45.8819505" lon="9.8350846"/>
    <nd ref="4578044995" lat="45.8815122" lon="9.8355662"/>
    <tag k="highway" v="path"/>
    <tag k="mtb:scale" v="2"/>
    <tag k="sac_scale" v="hiking"/>
    <tag k="trail_visibility" v="good"/>
  </way>
</new>
</action>
<action type="modify">
<old>
  <way id="342745884" version="6" timestamp="2022-09-08T15:25:40Z" changeset="125948089" uid="11331073" user="ecomuseogorno">
    <bounds minlat="45.8815702" minlon="9.8477047" maxlat="45.8846376" maxlon="9.8508630"/>
    <nd ref="3497052872" lat="45.8846376" lon="9.8477047"/>
    <nd ref="7689103646" lat="45.8846071" lon="9.8477988"/>
    <nd ref="3497052873" lat="45.8845668" lon="9.8478942"/>
    <nd ref="7689104219" lat="45.8845303" lon="9.8479600"/>
    <nd ref="7689103645" lat="45.8845246" lon="9.8479999"/>
    <nd ref="3497052874" lat="45.8845333" lon="9.8480432"/>
    <nd ref="3497052875" lat="45.8845141" lon="9.8482698"/>
    <nd ref="7685099745" lat="45.8845011" lon="9.8484582"/>
    <nd ref="7689104220" lat="45.8844209" lon="9.8488274"/>
    <nd ref="3959341812" lat="45.8843142" lon="9.8491376"/>
    <nd ref="3959341813" lat="45.8841457" lon="9.8496839"/>
    <nd ref="7685099744" lat="45.8838329" lon="9.8500533"/>
    <nd ref="7685099743" lat="45.8835987" lon="9.8503300"/>
    <nd ref="7689104221" lat="45.8834345" lon="9.8504487"/>
    <nd ref="7685099742" lat="45.8831700" lon="9.8505012"/>
    <nd ref="7685099741" lat="45.8829244" lon="9.8504740"/>
    <nd ref="7685099740" lat="45.8827033" lon="9.8505542"/>
    <nd ref="7685099739" lat="45.8825541" lon="9.8505677"/>
    <nd ref="7685099738" lat="45.8824253" lon="9.8506847"/>
    <nd ref="3959341814" lat="45.8821925" lon="9.8506732"/>
    <nd ref="2394996754" lat="45.8815702" lon="9.8508630"/>
    <tag k="surface" v="unpaved"/>
    <tag k="highway" v="track"/>
  </way>
</old>
<new>
  <way id="342745884" version="7" timestamp="2026-10-09T07:44:07Z" changeset="190237468" uid="21266811" user="Marcopera">
    <bounds minlat="45.8815702" minlon="9.8477047" maxlat="45.8846376" maxlon="9.8508630"/>
    <nd ref="3497052872" lat="45.8846376" lon="9.8477047"/>
    <nd ref="7689103646" lat="45.8846071" lon="9.8477988"/>
    <nd ref="3497052873" lat="45.8845668" lon="9.8478942"/>
    <nd ref="7689104219" lat="45.8845303" lon="9.8479600"/>
    <nd ref="7689103645" lat="45.8845246" lon="9.8479999"/>
    <nd ref="3497052874" lat="45.8845333" lon="9.8480432"/>
    <nd ref="3497052875" lat="45.8845141" lon="9.8482698"/>
    <nd ref="7685099745" lat="45.8845011" lon="9.8484582"/>
    <nd ref="7689104220" lat="45.8844209" lon="9.8488274"/>
    <nd ref="3959341812" lat="45.8843142" lon="9.8491376"/>
    <nd ref="3959341813" lat="45.8841457" lon="9.8496839"/>
    <nd ref="7685099744" lat="45.8838329" lon="9.8500533"/>
    <nd ref="7685099743" lat="45.8835987" lon="9.8503300"/>
    <nd ref="7689104221" lat="45.8834345" lon="9.8504487"/>
    <nd ref="7685099742" lat="45.8831700" lon="9.8505012"/>
    <nd ref="7685099741" lat="45.8829244" lon="9.8504740"/>
    <nd ref="7685099740" lat="45.8827033" lon="9.8505542"/>
    <nd ref="7685099739" lat="45.8825541" lon="9.8505677"/>
    <nd ref="7685099738" lat="45.8824253" lon="9.8506847"/>
    <nd ref="3959341814" lat="45.8821925" lon="9.8506732"/>
    <nd ref="2394996754" lat="45.8815702" lon="9.8508630"/>
    <tag k="highway" v="track"/>
    <tag k="surface" v="gravel"/>
    <tag k="tracktype" v="grade2"/>
  </way>
</new>
</action>
<action type="modify">
<old>
  <way id="816586085" version="3" timestamp="2021-02-03T19:40:35Z" changeset="98663958" uid="6408564" user="amadvance">
    <bounds minlat="45.8773609" minlon="9.8381773" maxlat="45.8797765" maxlon="9.8410799"/>
    <nd ref="2447888723" lat="45.8797765" lon="9.8381773"/>
    <nd ref="8391912787" lat="45.8796418" lon="9.8382905"/>
    <nd ref="2447889412" lat="45.8795984" lon="9.8383711"/>
    <nd ref="2447889411" lat="45.8794500" lon="9.8385706"/>
    <nd ref="2447889410" lat="45.8793436" lon="9.8385997"/>
    <nd ref="2447889409" lat="45.8792216" lon="9.8387256"/>
    <nd ref="2447889408" lat="45.8789269" lon="9.8390387"/>
    <nd ref="2447882194" lat="45.8788150" lon="9.8391390"/>
    <nd ref="2447889407" lat="45.8784113" lon="9.8396388"/>
    <nd ref="2447889406" lat="45.8783771" lon="9.8397630"/>
    <nd ref="2447889405" lat="45.8782929" lon="9.8398708"/>
    <nd ref="2447889404" lat="45.8781561" lon="9.8401191"/>
    <nd ref="2447889403" lat="45.8781011" lon="9.8402328"/>
    <nd ref="2447889402" lat="45.8779130" lon="9.8405278"/>
    <nd ref="2447889401" lat="45.8778259" lon="9.8406304"/>
    <nd ref="2447889400" lat="45.8776822" lon="9.8408059"/>
    <nd ref="2447889399" lat="45.8775337" lon="9.8409748"/>
    <nd ref="2447889398" lat="45.8775052" lon="9.8410426"/>
    <nd ref="2447889397" lat="45.8773609" lon="9.8410799"/>
    <tag k="highway" v="path"/>
    <tag k="mtb:scale" v="2"/>
    <tag k="sac_scale" v="hiking"/>
    <tag k="trail_visibility" v="good"/>
  </way>
</old>
<new>
  <way id="816586085" version="4" timestamp="2026-10-09T07:44:07Z" changeset="190237468" uid="21266811" user="Marcopera">
    <bounds minlat="45.8773609" minlon="9.8382089" maxlat="45.8797631" maxlon="9.8410799"/>
    <nd ref="8391912787" lat="45.8797631" lon="9.8382089"/>
    <nd ref="2447889412" lat="45.8795984" lon="9.8383711"/>
    <nd ref="2447889411" lat="45.8794500" lon="9.8385706"/>
    <nd ref="2447889410" lat="45.8793436" lon="9.8385997"/>
    <nd ref="2447889409" lat="45.8792216" lon="9.8387256"/>
    <nd ref="2447889408" lat="45.8789269" lon="9.8390387"/>
    <nd ref="2447882194" lat="45.8788150" lon="9.8391390"/>
    <nd ref="2447889407" lat="45.8784113" lon="9.8396388"/>
    <nd ref="2447889406" lat="45.8783771" lon="9.8397630"/>
    <nd ref="2447889405" lat="45.8782929" lon="9.8398708"/>
    <nd ref="2447889404" lat="45.8781561" lon="9.8401191"/>
    <nd ref="2447889403" lat="45.8781011" lon="9.8402328"/>
    <nd ref="2447889402" lat="45.8779130" lon="9.8405278"/>
    <nd ref="2447889401" lat="45.8778259" lon="9.8406304"/>
    <nd ref="2447889400" lat="45.8776822" lon="9.8408059"/>
    <nd ref="2447889399" lat="45.8775337" lon="9.8409748"/>
    <nd ref="2447889398" lat="45.8775052" lon="9.8410426"/>
    <nd ref="2447889397" lat="45.8773609" lon="9.8410799"/>
    <tag k="highway" v="path"/>
    <tag k="mtb:scale" v="2"/>
    <tag k="sac_scale" v="hiking"/>
    <tag k="trail_visibility" v="good"/>
  </way>
</new>
</action>
<action type="modify">
<old>
  <way id="903554651" version="1" timestamp="2021-02-03T19:29:34Z" changeset="98663561" uid="6408564" user="amadvance">
    <bounds minlat="45.8797765" minlon="9.8364717" maxlat="45.8810288" maxlon="9.8381773"/>
    <nd ref="2447889429" lat="45.8810288" lon="9.8364717"/>
    <nd ref="2447889428" lat="45.8809406" lon="9.8365928"/>
    <nd ref="2447889427" lat="45.8809115" lon="9.8366980"/>
    <nd ref="2447889426" lat="45.8808387" lon="9.8367893"/>
    <nd ref="2447889425" lat="45.8807974" lon="9.8369145"/>
    <nd ref="2447889424" lat="45.8807387" lon="9.8370006"/>
    <nd ref="2447889423" lat="45.8807257" lon="9.8369947"/>
    <nd ref="2447889422" lat="45.8806924" lon="9.8370204"/>
    <nd ref="8391912789" lat="45.8806820" lon="9.8370838"/>
    <nd ref="2447889421" lat="45.8806501" lon="9.8371348"/>
    <nd ref="2447889420" lat="45.8806192" lon="9.8371629"/>
    <nd ref="2447889419" lat="45.8806022" lon="9.8371956"/>
    <nd ref="2447889418" lat="45.8805997" lon="9.8372330"/>
    <nd ref="2447889417" lat="45.8804410" lon="9.8374851"/>
    <nd ref="2447889416" lat="45.8803756" lon="9.8375307"/>
    <nd ref="8391912788" lat="45.8803005" lon="9.8377032"/>
    <nd ref="2447889415" lat="45.8801889" lon="9.8378633"/>
    <nd ref="2447889414" lat="45.8800109" lon="9.8380408"/>
    <nd ref="2447889413" lat="45.8798003" lon="9.8381689"/>
    <nd ref="2447888723" lat="45.8797765" lon="9.8381773"/>
    <tag k="mtb:scale" v="2"/>
    <tag k="trail_visibility" v="good"/>
    <tag k="highway" v="path"/>
    <tag k="sac_scale" v="hiking"/>
  </way>
</old>
<new>
  <way id="903554651" version="2" timestamp="2026-10-09T07:44:07Z" changeset="190237468" uid="21266811" user="Marcopera">
    <bounds minlat="45.8797790" minlon="9.8364717" maxlat="45.8810288" maxlon="9.8381958"/>
    <nd ref="2447889429" lat="45.8810288" lon="9.8364717"/>
    <nd ref="2447889428" lat="45.8809406" lon="9.8365928"/>
    <nd ref="2447889427" lat="45.8809115" lon="9.8366980"/>
    <nd ref="2447889426" lat="45.8808387" lon="9.8367893"/>
    <nd ref="2447889425" lat="45.8807974" lon="9.8369145"/>
    <nd ref="2447889424" lat="45.8807387" lon="9.8370006"/>
    <nd ref="2447889423" lat="45.8807257" lon="9.8369947"/>
    <nd ref="2447889422" lat="45.8806924" lon="9.8370204"/>
    <nd ref="8391912789" lat="45.8806820" lon="9.8370838"/>
    <nd ref="2447889421" lat="45.8806501" lon="9.8371348"/>
    <nd ref="2447889420" lat="45.8806192" lon="9.8371629"/>
    <nd ref="2447889419" lat="45.8806022" lon="9.8371956"/>
    <nd ref="2447889418" lat="45.8805997" lon="9.8372330"/>
    <nd ref="2447889417" lat="45.8804410" lon="9.8374851"/>
    <nd ref="2447889416" lat="45.8803756" lon="9.8375307"/>
    <nd ref="8391912788" lat="45.8803005" lon="9.8377032"/>
    <nd ref="2447889415" lat="45.8801889" lon="9.8378633"/>
    <nd ref="2447889414" lat="45.8800109" lon="9.8380408"/>
    <nd ref="2447889413" lat="45.8797790" lon="9.8381958"/>
    <tag k="bicycle" v="yes"/>
    <tag k="foot" v="yes"/>
    <tag k="highway" v="track"/>
    <tag k="horse" v="yes"/>
    <tag k="motor_vehicle" v="no"/>
    <tag k="mtb:scale" v="2"/>
    <tag k="surface" v="paved"/>
    <tag k="tracktype" v="grade1"/>
    <tag k="width" v="2"/>
  </way>
</new>
</action>
<action type="create">
  <way id="1566724134" version="1" timestamp="2026-10-09T07:44:07Z" changeset="190237468" uid="21266811" user="Marcopera">
    <bounds minlat="45.8810288" minlon="9.8355662" maxlat="45.8815122" maxlon="9.8364717"/>
    <nd ref="4578044995" lat="45.8815122" lon="9.8355662"/>
    <nd ref="4578044996" lat="45.8813089" lon="9.8360310"/>
    <nd ref="8391912790" lat="45.8812310" lon="9.8361850"/>
    <nd ref="2447889429" lat="45.8810288" lon="9.8364717"/>
    <tag k="bicycle" v="yes"/>
    <tag k="foot" v="yes"/>
    <tag k="highway" v="track"/>
    <tag k="horse" v="yes"/>
    <tag k="motor_vehicle" v="no"/>
    <tag k="mtb:scale" v="2"/>
    <tag k="surface" v="paved"/>
    <tag k="tracktype" v="grade1"/>
  </way>
</action>
<action type="modify">
<old>
  <relation id="12271868" version="16" timestamp="2024-05-14T12:28:17Z" changeset="151311319" uid="396864" user="Ardiccio">
    <bounds minlat="45.8802573" minlon="9.8223214" maxlat="45.9091232" maxlon="9.8364717"/>
    <member type="way" ref="236818540" role="">
      <nd lat="45.8802573" lon="9.8332480"/>
      <nd lat="45.8802837" lon="9.8332955"/>
      <nd lat="45.8802682" lon="9.8333644"/>
      <nd lat="45.8802633" lon="9.8335255"/>
      <nd lat="45.8803113" lon="9.8336936"/>
      <nd lat="45.8804616" lon="9.8339154"/>
      <nd lat="45.8805639" lon="9.8339862"/>
      <nd lat="45.8805949" lon="9.8340077"/>
      <nd lat="45.8806315" lon="9.8340380"/>
      <nd lat="45.8806388" lon="9.8340812"/>
      <nd lat="45.8806258" lon="9.8341221"/>
      <nd lat="45.8805925" lon="9.8341606"/>
      <nd lat="45.8805819" lon="9.8342493"/>
      <nd lat="45.8805478" lon="9.8343544"/>
      <nd lat="45.8805023" lon="9.8347374"/>
      <nd lat="45.8805291" lon="9.8348214"/>
      <nd lat="45.8805559" lon="9.8348459"/>
      <nd lat="45.8805454" lon="9.8349148"/>
      <nd lat="45.8805673" lon="9.8349347"/>
      <nd lat="45.8805714" lon="9.8350106"/>
      <nd lat="45.8805941" lon="9.8350514"/>
      <nd lat="45.8805990" lon="9.8350958"/>
      <nd lat="45.8806502" lon="9.8352604"/>
      <nd lat="45.8806434" lon="9.8353636"/>
      <nd lat="45.8806686" lon="9.8354511"/>
      <nd lat="45.8807043" lon="9.8354990"/>
      <nd lat="45.8807255" lon="9.8356017"/>
      <nd lat="45.8807172" lon="9.8356995"/>
      <nd lat="45.8808759" lon="9.8359892"/>
      <nd lat="45.8809043" lon="9.8359987"/>
      <nd lat="45.8809360" lon="9.8360349"/>
      <nd lat="45.8809587" lon="9.8360921"/>
      <nd lat="45.8809335" lon="9.8361528"/>
      <nd lat="45.8809482" lon="9.8361925"/>
      <nd lat="45.8809677" lon="9.8362007"/>
      <nd lat="45.8809790" lon="9.8363092"/>
      <nd lat="45.8810116" lon="9.8363839"/>
      <nd lat="45.8810288" lon="9.8364717"/>
    </member>
    <member type="way" ref="236818464" role="">
      <nd lat="45.8831986" lon="9.8335304"/>
      <nd lat="45.8831432" lon="9.8336125"/>
      <nd lat="45.8830399" lon="9.8337857"/>
      <nd lat="45.8827385" lon="9.8339898"/>
      <nd lat="45.8826394" lon="9.8341506"/>
      <nd lat="45.8824887" lon="9.8342681"/>
      <nd lat="45.8823337" lon="9.8346021"/>
      <nd lat="45.8819505" lon="9.8350846"/>
      <nd lat="45.8815122" lon="9.8355662"/>
      <nd lat="45.8813089" lon="9.8360310"/>
      <nd lat="45.8812310" lon="9.8361850"/>
      <nd lat="45.8810288" lon="9.8364717"/>
    </member>
    <member type="way" ref="230979930" role="">
      <nd lat="45.8867593" lon="9.8349191"/>
      <nd lat="45.8864465" lon="9.8349142"/>
      <nd lat="45.8864096" lon="9.8348788"/>
      <nd lat="45.8863618" lon="9.8348329"/>
      <nd lat="45.8862042" lon="9.8347686"/>
      <nd lat="45.8861103" lon="9.8346123"/>
      <nd lat="45.8860547" lon="9.8345641"/>
      <nd lat="45.8859590" lon="9.8345546"/>
      <nd lat="45.8859131" lon="9.8345954"/>
      <nd lat="45.8858184" lon="9.8347045"/>
      <nd lat="45.8857685" lon="9.8347659"/>
      <nd lat="45.8857274" lon="9.8347691"/>
      <nd lat="45.8856136" lon="9.8348941"/>
      <nd lat="45.8855306" lon="9.8349415"/>
      <nd lat="45.8855439" lon="9.8348357"/>
      <nd lat="45.8855852" lon="9.8346751"/>
      <nd lat="45.8856021" lon="9.8345357"/>
      <nd lat="45.8856147" lon="9.8343800"/>
      <nd lat="45.8856058" lon="9.8341643"/>
      <nd lat="45.8856594" lon="9.8338323"/>
      <nd lat="45.8856365" lon="9.8337648"/>
      <nd lat="45.8856410" lon="9.8332612"/>
      <nd lat="45.8855348" lon="9.8333068"/>
      <nd lat="45.8854827" lon="9.8334042"/>
      <nd lat="45.8854051" lon="9.8334335"/>
      <nd lat="45.8853048" lon="9.8335405"/>
      <nd lat="45.8852737" lon="9.8335520"/>
      <nd lat="45.8852213" lon="9.8336270"/>
      <nd lat="45.8850664" lon="9.8337140"/>
      <nd lat="45.8850130" lon="9.8337429"/>
      <nd lat="45.8849294" lon="9.8338095"/>
      <nd lat="45.8848996" lon="9.8338812"/>
      <nd lat="45.8847569" lon="9.8339416"/>
      <nd lat="45.8847161" lon="9.8339886"/>
      <nd lat="45.8843940" lon="9.8340543"/>
      <nd lat="45.8841804" lon="9.8339841"/>
      <nd lat="45.8840917" lon="9.8339977"/>
      <nd lat="45.8840140" lon="9.8340193"/>
      <nd lat="45.8839245" lon="9.8339960"/>
      <nd lat="45.8838386" lon="9.8339665"/>
      <nd lat="45.8836981" lon="9.8339462"/>
      <nd lat="45.8836464" lon="9.8339112"/>
      <nd lat="45.8836192" lon="9.8338989"/>
      <nd lat="45.8835897" lon="9.8337469"/>
      <nd lat="45.8835667" lon="9.8336881"/>
      <nd lat="45.8835070" lon="9.8336791"/>
      <nd lat="45.8834033" lon="9.8337148"/>
      <nd lat="45.8833414" lon="9.8336697"/>
      <nd lat="45.8832743" lon="9.8335671"/>
      <nd lat="45.8831986" lon="9.8335304"/>
    </member>
    <member type="way" ref="1190035916" role="">
      <nd lat="45.8884459" lon="9.8330811"/>
      <nd lat="45.8883185" lon="9.8331321"/>
      <nd lat="45.8882341" lon="9.8331433"/>
      <nd lat="45.8881954" lon="9.8331967"/>
      <nd lat="45.8880866" lon="9.8335477"/>
      <nd lat="45.8880413" lon="9.8337245"/>
      <nd lat="45.8879402" lon="9.8338984"/>
      <nd lat="45.8878102" lon="9.8341702"/>
      <nd lat="45.8875881" lon="9.8344415"/>
      <nd lat="45.8873465" lon="9.8346945"/>
      <nd lat="45.8871682" lon="9.8347881"/>
      <nd lat="45.8870252" lon="9.8348083"/>
      <nd lat="45.8869084" lon="9.8349061"/>
      <nd lat="45.8867593" lon="9.8349191"/>
    </member>
    <member type="way" ref="1190035915" role="">
      <nd lat="45.8900807" lon="9.8347825"/>
      <nd lat="45.8899992" lon="9.8346822"/>
      <nd lat="45.8899531" lon="9.8344939"/>
      <nd lat="45.8899069" lon="9.8344305"/>
      <nd lat="45.8898003" lon="9.8342452"/>
      <nd lat="45.8895760" lon="9.8339289"/>
      <nd lat="45.8895208" lon="9.8338563"/>
      <nd lat="45.8894624" lon="9.8337361"/>
      <nd lat="45.8894269" lon="9.8337916"/>
      <nd lat="45.8893358" lon="9.8334420"/>
      <nd lat="45.8891606" lon="9.8331183"/>
      <nd lat="45.8890835" lon="9.8331089"/>
      <nd lat="45.8890173" lon="9.8331296"/>
      <nd lat="45.8889765" lon="9.8332062"/>
      <nd lat="45.8889069" lon="9.8332311"/>
      <nd lat="45.8888028" lon="9.8334184"/>
      <nd lat="45.8887580" lon="9.8334052"/>
      <nd lat="45.8886287" lon="9.8331906"/>
      <nd lat="45.8884459" lon="9.8330811"/>
    </member>
    <member type="way" ref="1190035914" role="">
      <nd lat="45.8912326" lon="9.8338733"/>
      <nd lat="45.8911775" lon="9.8341266"/>
      <nd lat="45.8911643" lon="9.8343308"/>
      <nd lat="45.8911166" lon="9.8344111"/>
      <nd lat="45.8910524" lon="9.8345164"/>
      <nd lat="45.8909881" lon="9.8345453"/>
      <nd lat="45.8909896" lon="9.8346748"/>
      <nd lat="45.8909960" lon="9.8347857"/>
      <nd lat="45.8909863" lon="9.8348156"/>
      <nd lat="45.8909176" lon="9.8347986"/>
      <nd lat="45.8908774" lon="9.8348566"/>
      <nd lat="45.8908529" lon="9.8349293"/>
      <nd lat="45.8908346" lon="9.8349793"/>
      <nd lat="45.8908052" lon="9.8350042"/>
      <nd lat="45.8907626" lon="9.8350419"/>
      <nd lat="45.8907056" lon="9.8350297"/>
      <nd lat="45.8906118" lon="9.8349200"/>
      <nd lat="45.8905381" lon="9.8348158"/>
      <nd lat="45.8904453" lon="9.8347851"/>
      <nd lat="45.8903710" lon="9.8348031"/>
      <nd lat="45.8903099" lon="9.8348756"/>
      <nd lat="45.8902588" lon="9.8348757"/>
      <nd lat="45.8901651" lon="9.8348713"/>
      <nd lat="45.8901040" lon="9.8348375"/>
      <nd lat="45.8900807" lon="9.8347825"/>
    </member>
    <member type="way" ref="1190035912" role="">
      <nd lat="45.8917764" lon="9.8329340"/>
      <nd lat="45.8917628" lon="9.8329530"/>
      <nd lat="45.8917548" lon="9.8330211"/>
      <nd lat="45.8917575" lon="9.8331019"/>
      <nd lat="45.8917447" lon="9.8331693"/>
      <nd lat="45.8917100" lon="9.8331957"/>
      <nd lat="45.8916879" lon="9.8333120"/>
      <nd lat="45.8917094" lon="9.8333743"/>
      <nd lat="45.8917011" lon="9.8334294"/>
      <nd lat="45.8916433" lon="9.8334937"/>
      <nd lat="45.8915597" lon="9.8335664"/>
      <nd lat="45.8915395" lon="9.8335758"/>
      <nd lat="45.8914932" lon="9.8335623"/>
      <nd lat="45.8914549" lon="9.8335679"/>
      <nd lat="45.8914311" lon="9.8335893"/>
      <nd lat="45.8914099" lon="9.8336423"/>
      <nd lat="45.8913286" lon="9.8337121"/>
      <nd lat="45.8912910" lon="9.8338010"/>
      <nd lat="45.8912326" lon="9.8338733"/>
    </member>
    <member type="way" ref="1190035911" role="">
      <nd lat="45.8945760" lon="9.8287006"/>
      <nd lat="45.8944367" lon="9.8287518"/>
      <nd lat="45.8943073" lon="9.8289264"/>
      <nd lat="45.8942511" lon="9.8290144"/>
      <nd lat="45.8942239" lon="9.8291164"/>
      <nd lat="45.8941811" lon="9.8291602"/>
      <nd lat="45.8941250" lon="9.8292727"/>
      <nd lat="45.8939835" lon="9.8295978"/>
      <nd lat="45.8939049" lon="9.8296815"/>
      <nd lat="45.8937378" lon="9.8300466"/>
      <nd lat="45.8936666" lon="9.8302411"/>
      <nd lat="45.8936092" lon="9.8304412"/>
      <nd lat="45.8934772" lon="9.8307674"/>
      <nd lat="45.8934093" lon="9.8309631"/>
      <nd lat="45.8933262" lon="9.8311198"/>
      <nd lat="45.8932289" lon="9.8312502"/>
      <nd lat="45.8931269" lon="9.8314195"/>
      <nd lat="45.8930692" lon="9.8314867"/>
      <nd lat="45.8929610" lon="9.8315688"/>
      <nd lat="45.8928889" lon="9.8316116"/>
      <nd lat="45.8926969" lon="9.8317826"/>
      <nd lat="45.8926642" lon="9.8318233"/>
      <nd lat="45.8926098" lon="9.8319306"/>
      <nd lat="45.8925289" lon="9.8320227"/>
      <nd lat="45.8924259" lon="9.8321853"/>
      <nd lat="45.8923269" lon="9.8323616"/>
      <nd lat="45.8922622" lon="9.8324614"/>
      <nd lat="45.8920456" lon="9.8327880"/>
      <nd lat="45.8919555" lon="9.8328558"/>
      <nd lat="45.8918740" lon="9.8328897"/>
      <nd lat="45.8917764" lon="9.8329340"/>
    </member>
    <member type="way" ref="236703781" role="">
      <nd lat="45.8945760" lon="9.8287006"/>
      <nd lat="45.8946965" lon="9.8287483"/>
      <nd lat="45.8948284" lon="9.8288045"/>
      <nd lat="45.8949549" lon="9.8288388"/>
      <nd lat="45.8952333" lon="9.8288408"/>
      <nd lat="45.8955736" lon="9.8290500"/>
      <nd lat="45.8957717" lon="9.8290844"/>
      <nd lat="45.8958781" lon="9.8290937"/>
      <nd lat="45.8959900" lon="9.8290412"/>
      <nd lat="45.8960986" lon="9.8289599"/>
      <nd lat="45.8961979" lon="9.8289244"/>
      <nd lat="45.8962564" lon="9.8288795"/>
      <nd lat="45.8963378" lon="9.8288562"/>
      <nd lat="45.8964048" lon="9.8288097"/>
      <nd lat="45.8968155" lon="9.8288097"/>
      <nd lat="45.8969312" lon="9.8287795"/>
      <nd lat="45.8970469" lon="9.8286300"/>
      <nd lat="45.8971532" lon="9.8284942"/>
      <nd lat="45.8971867" lon="9.8283763"/>
      <nd lat="45.8972485" lon="9.8282760"/>
      <nd lat="45.8973120" lon="9.8282250"/>
      <nd lat="45.8974089" lon="9.8282073"/>
      <nd lat="45.8976079" lon="9.8281045"/>
      <nd lat="45.8976756" lon="9.8280935"/>
      <nd lat="45.8977664" lon="9.8280033"/>
      <nd lat="45.8978103" lon="9.8279914"/>
      <nd lat="45.8978784" lon="9.8279548"/>
      <nd lat="45.8979179" lon="9.8278673"/>
      <nd lat="45.8979448" lon="9.8278307"/>
      <nd lat="45.8980195" lon="9.8278012"/>
      <nd lat="45.8981297" lon="9.8277861"/>
      <nd lat="45.8981981" lon="9.8277756"/>
      <nd lat="45.8982466" lon="9.8277288"/>
    </member>
    <member type="way" ref="1190035910" role="">
      <nd lat="45.8982466" lon="9.8277288"/>
      <nd lat="45.8983282" lon="9.8276833"/>
      <nd lat="45.8983968" lon="9.8276902"/>
      <nd lat="45.8985553" lon="9.8276760"/>
      <nd lat="45.8986156" lon="9.8276509"/>
      <nd lat="45.8986616" lon="9.8276112"/>
      <nd lat="45.8987259" lon="9.8276009"/>
      <nd lat="45.8987794" lon="9.8275882"/>
      <nd lat="45.8988815" lon="9.8275028"/>
      <nd lat="45.8989560" lon="9.8274592"/>
      <nd lat="45.8990321" lon="9.8273682"/>
      <nd lat="45.8990938" lon="9.8272476"/>
      <nd lat="45.8991229" lon="9.8271762"/>
      <nd lat="45.8991433" lon="9.8271700"/>
      <nd lat="45.8991671" lon="9.8271876"/>
      <nd lat="45.8991993" lon="9.8272029"/>
      <nd lat="45.8992438" lon="9.8271985"/>
      <nd lat="45.8992938" lon="9.8271481"/>
      <nd lat="45.8993184" lon="9.8270972"/>
      <nd lat="45.8993593" lon="9.8270319"/>
      <nd lat="45.8994709" lon="9.8269576"/>
      <nd lat="45.8995107" lon="9.8269343"/>
      <nd lat="45.8995384" lon="9.8269273"/>
      <nd lat="45.8996342" lon="9.8269319"/>
      <nd lat="45.8997122" lon="9.8269133"/>
      <nd lat="45.8998707" lon="9.8268992"/>
      <nd lat="45.9000649" lon="9.8268444"/>
      <nd lat="45.9001039" lon="9.8268269"/>
      <nd lat="45.9002558" lon="9.8268070"/>
    </member>
    <member type="way" ref="1109083669" role="">
      <nd lat="45.9002558" lon="9.8268070"/>
      <nd lat="45.9003261" lon="9.8268787"/>
      <nd lat="45.9005258" lon="9.8269619"/>
      <nd lat="45.9006340" lon="9.8270182"/>
      <nd lat="45.9006750" lon="9.8270125"/>
      <nd lat="45.9007026" lon="9.8270218"/>
      <nd lat="45.9007221" lon="9.8270370"/>
      <nd lat="45.9007465" lon="9.8270358"/>
      <nd lat="45.9007760" lon="9.8270088"/>
      <nd lat="45.9008097" lon="9.8269844"/>
      <nd lat="45.9008228" lon="9.8270008"/>
      <nd lat="45.9008903" lon="9.8270440"/>
      <nd lat="45.9009317" lon="9.8270218"/>
      <nd lat="45.9009616" lon="9.8269801"/>
      <nd lat="45.9010056" lon="9.8268981"/>
      <nd lat="45.9010262" lon="9.8268700"/>
      <nd lat="45.9010738" lon="9.8268212"/>
      <nd lat="45.9010916" lon="9.8267995"/>
      <nd lat="45.9010991" lon="9.8267011"/>
      <nd lat="45.9011044" lon="9.8266418"/>
    </member>
    <member type="way" ref="1190035907" role="">
      <nd lat="45.9011044" lon="9.8266418"/>
      <nd lat="45.9012463" lon="9.8265137"/>
      <nd lat="45.9012951" lon="9.8264433"/>
      <nd lat="45.9013638" lon="9.8263556"/>
    </member>
    <member type="way" ref="903552015" role="">
      <nd lat="45.9013638" lon="9.8263556"/>
      <nd lat="45.9013893" lon="9.8263323"/>
      <nd lat="45.9014275" lon="9.8263183"/>
      <nd lat="45.9014990" lon="9.8263346"/>
      <nd lat="45.9015940" lon="9.8263143"/>
      <nd lat="45.9016549" lon="9.8263117"/>
      <nd lat="45.9017118" lon="9.8262702"/>
      <nd lat="45.9017702" lon="9.8261929"/>
      <nd lat="45.9018368" lon="9.8260918"/>
      <nd lat="45.9018997" lon="9.8260484"/>
      <nd lat="45.9020222" lon="9.8260638"/>
      <nd lat="45.9021725" lon="9.8260724"/>
      <nd lat="45.9022402" lon="9.8260563"/>
    </member>
    <member type="way" ref="816592158" role="">
      <nd lat="45.9022402" lon="9.8260563"/>
      <nd lat="45.9023333" lon="9.8259691"/>
      <nd lat="45.9024296" lon="9.8259454"/>
      <nd lat="45.9024764" lon="9.8259405"/>
      <nd lat="45.9025305" lon="9.8259325"/>
      <nd lat="45.9025875" lon="9.8259015"/>
      <nd lat="45.9026836" lon="9.8258332"/>
      <nd lat="45.9027288" lon="9.8257940"/>
      <nd lat="45.9027562" lon="9.8257499"/>
      <nd lat="45.9028028" lon="9.8256588"/>
      <nd lat="45.9028656" lon="9.8256023"/>
      <nd lat="45.9029034" lon="9.8255845"/>
      <nd lat="45.9029781" lon="9.8255630"/>
      <nd lat="45.9031359" lon="9.8254358"/>
      <nd lat="45.9031984" lon="9.8254596"/>
      <nd lat="45.9032292" lon="9.8254502"/>
      <nd lat="45.9032544" lon="9.8254607"/>
      <nd lat="45.9033199" lon="9.8254930"/>
      <nd lat="45.9033453" lon="9.8254901"/>
      <nd lat="45.9033828" lon="9.8255154"/>
      <nd lat="45.9034413" lon="9.8255285"/>
      <nd lat="45.9035228" lon="9.8255854"/>
      <nd lat="45.9035662" lon="9.8256098"/>
      <nd lat="45.9035810" lon="9.8256317"/>
      <nd lat="45.9036265" lon="9.8256872"/>
      <nd lat="45.9036647" lon="9.8256814"/>
      <nd lat="45.9037420" lon="9.8257015"/>
      <nd lat="45.9037792" lon="9.8256898"/>
      <nd lat="45.9038101" lon="9.8256905"/>
      <nd lat="45.9038243" lon="9.8256945"/>
      <nd lat="45.9038415" lon="9.8257282"/>
      <nd lat="45.9038342" lon="9.8257878"/>
      <nd lat="45.9038564" lon="9.8258660"/>
      <nd lat="45.9038991" lon="9.8259039"/>
      <nd lat="45.9039396" lon="9.8258975"/>
      <nd lat="45.9040742" lon="9.8258054"/>
      <nd lat="45.9040856" lon="9.8257584"/>
      <nd lat="45.9041087" lon="9.8257067"/>
      <nd lat="45.9041899" lon="9.8256439"/>
      <nd lat="45.9042718" lon="9.8255225"/>
    </member>
    <member type="way" ref="1190035909" role="">
      <nd lat="45.9042718" lon="9.8255225"/>
      <nd lat="45.9044005" lon="9.8255280"/>
      <nd lat="45.9044288" lon="9.8255021"/>
      <nd lat="45.9045055" lon="9.8254432"/>
      <nd lat="45.9046681" lon="9.8253596"/>
      <nd lat="45.9047880" lon="9.8253465"/>
      <nd lat="45.9048339" lon="9.8253335"/>
      <nd lat="45.9048655" lon="9.8253472"/>
      <nd lat="45.9048917" lon="9.8254438"/>
      <nd lat="45.9048826" lon="9.8255006"/>
      <nd lat="45.9048939" lon="9.8255169"/>
      <nd lat="45.9049290" lon="9.8255212"/>
      <nd lat="45.9050521" lon="9.8254700"/>
      <nd lat="45.9051157" lon="9.8254444"/>
      <nd lat="45.9051738" lon="9.8254107"/>
      <nd lat="45.9052186" lon="9.8254113"/>
      <nd lat="45.9052545" lon="9.8253622"/>
      <nd lat="45.9053131" lon="9.8253568"/>
      <nd lat="45.9054794" lon="9.8252409"/>
      <nd lat="45.9055061" lon="9.8251787"/>
      <nd lat="45.9055272" lon="9.8251550"/>
    </member>
    <member type="way" ref="1190035908" role="">
      <nd lat="45.9055272" lon="9.8251550"/>
      <nd lat="45.9056421" lon="9.8251280"/>
      <nd lat="45.9056632" lon="9.8251444"/>
      <nd lat="45.9058088" lon="9.8251419"/>
      <nd lat="45.9058388" lon="9.8251686"/>
      <nd lat="45.9058927" lon="9.8251720"/>
      <nd lat="45.9059345" lon="9.8251924"/>
      <nd lat="45.9059922" lon="9.8252156"/>
      <nd lat="45.9060998" lon="9.8252135"/>
      <nd lat="45.9061666" lon="9.8252252"/>
      <nd lat="45.9062327" lon="9.8252214"/>
      <nd lat="45.9062993" lon="9.8252282"/>
      <nd lat="45.9063551" lon="9.8252480"/>
      <nd lat="45.9064034" lon="9.8252817"/>
      <nd lat="45.9064667" lon="9.8252990"/>
      <nd lat="45.9065253" lon="9.8252882"/>
      <nd lat="45.9066265" lon="9.8252873"/>
      <nd lat="45.9066708" lon="9.8253086"/>
      <nd lat="45.9067358" lon="9.8253144"/>
      <nd lat="45.9068237" lon="9.8253911"/>
      <nd lat="45.9068419" lon="9.8254306"/>
      <nd lat="45.9068842" lon="9.8254409"/>
      <nd lat="45.9070122" lon="9.8254683"/>
      <nd lat="45.9070895" lon="9.8254412"/>
      <nd lat="45.9071516" lon="9.8254456"/>
      <nd lat="45.9071841" lon="9.8254810"/>
      <nd lat="45.9072382" lon="9.8255068"/>
      <nd lat="45.9072910" lon="9.8255425"/>
      <nd lat="45.9073732" lon="9.8255808"/>
      <nd lat="45.9074267" lon="9.8255788"/>
      <nd lat="45.9074669" lon="9.8255846"/>
      <nd lat="45.9075187" lon="9.8256127"/>
      <nd lat="45.9075565" lon="9.8256499"/>
      <nd lat="45.9076035" lon="9.8256904"/>
      <nd lat="45.9076577" lon="9.8257462"/>
      <nd lat="45.9076742" lon="9.8257776"/>
      <nd lat="45.9076752" lon="9.8258059"/>
      <nd lat="45.9076643" lon="9.8258719"/>
      <nd lat="45.9076570" lon="9.8259341"/>
      <nd lat="45.9076416" lon="9.8259883"/>
      <nd lat="45.9076430" lon="9.8260212"/>
      <nd lat="45.9076581" lon="9.8260392"/>
      <nd lat="45.9076759" lon="9.8260447"/>
      <nd lat="45.9077705" lon="9.8260810"/>
      <nd lat="45.9078135" lon="9.8260808"/>
      <nd lat="45.9078643" lon="9.8260799"/>
      <nd lat="45.9079214" lon="9.8260580"/>
      <nd lat="45.9079603" lon="9.8260455"/>
      <nd lat="45.9080903" lon="9.8260208"/>
      <nd lat="45.9081581" lon="9.8259762"/>
      <nd lat="45.9082003" lon="9.8259499"/>
      <nd lat="45.9082251" lon="9.8259134"/>
      <nd lat="45.9082452" lon="9.8258932"/>
      <nd lat="45.9082617" lon="9.8258980"/>
      <nd lat="45.9082634" lon="9.8259275"/>
      <nd lat="45.9082762" lon="9.8259457"/>
      <nd lat="45.9083022" lon="9.8259890"/>
      <nd lat="45.9083351" lon="9.8259925"/>
      <nd lat="45.9083614" lon="9.8259952"/>
      <nd lat="45.9083757" lon="9.8260098"/>
    </member>
    <member type="way" ref="1108004143" role="">
      <nd lat="45.9083757" lon="9.8260098"/>
      <nd lat="45.9083591" lon="9.8260605"/>
      <nd lat="45.9083379" lon="9.8261020"/>
      <nd lat="45.9083127" lon="9.8261385"/>
      <nd lat="45.9082984" lon="9.8261708"/>
      <nd lat="45.9082793" lon="9.8262365"/>
      <nd lat="45.9082560" lon="9.8262824"/>
      <nd lat="45.9082197" lon="9.8262818"/>
      <nd lat="45.9081987" lon="9.8262994"/>
      <nd lat="45.9081706" lon="9.8263333"/>
      <nd lat="45.9081577" lon="9.8263637"/>
      <nd lat="45.9081445" lon="9.8264263"/>
      <nd lat="45.9081530" lon="9.8265339"/>
      <nd lat="45.9081700" lon="9.8265844"/>
      <nd lat="45.9081784" lon="9.8266597"/>
      <nd lat="45.9081535" lon="9.8267016"/>
      <nd lat="45.9081716" lon="9.8267747"/>
      <nd lat="45.9081761" lon="9.8268438"/>
      <nd lat="45.9081934" lon="9.8268991"/>
      <nd lat="45.9082008" lon="9.8269695"/>
      <nd lat="45.9082225" lon="9.8269954"/>
      <nd lat="45.9082444" lon="9.8269970"/>
    </member>
    <member type="way" ref="1108004142" role="">
      <nd lat="45.9082444" lon="9.8269970"/>
      <nd lat="45.9082487" lon="9.8269461"/>
      <nd lat="45.9082755" lon="9.8268761"/>
      <nd lat="45.9083463" lon="9.8268014"/>
      <nd lat="45.9084166" lon="9.8267220"/>
      <nd lat="45.9084451" lon="9.8267035"/>
      <nd lat="45.9084748" lon="9.8266496"/>
      <nd lat="45.9085195" lon="9.8266574"/>
      <nd lat="45.9085652" lon="9.8266600"/>
      <nd lat="45.9086303" lon="9.8266559"/>
      <nd lat="45.9086711" lon="9.8266533"/>
      <nd lat="45.9086893" lon="9.8266718"/>
      <nd lat="45.9087287" lon="9.8266925"/>
      <nd lat="45.9087579" lon="9.8267072"/>
      <nd lat="45.9087619" lon="9.8266807"/>
      <nd lat="45.9087534" lon="9.8266033"/>
      <nd lat="45.9087781" lon="9.8265197"/>
      <nd lat="45.9087711" lon="9.8264745"/>
      <nd lat="45.9087771" lon="9.8264357"/>
      <nd lat="45.9088140" lon="9.8263587"/>
      <nd lat="45.9088511" lon="9.8262890"/>
      <nd lat="45.9088708" lon="9.8262231"/>
      <nd lat="45.9088980" lon="9.8261005"/>
      <nd lat="45.9089015" lon="9.8259143"/>
      <nd lat="45.9089265" lon="9.8258409"/>
      <nd lat="45.9089725" lon="9.8256695"/>
      <nd lat="45.9090220" lon="9.8254896"/>
      <nd lat="45.9090826" lon="9.8252926"/>
      <nd lat="45.9091232" lon="9.8251098"/>
    </member>
    <member type="way" ref="1108004141" role="">
      <nd lat="45.9088098" lon="9.8243733"/>
      <nd lat="45.9088942" lon="9.8244552"/>
      <nd lat="45.9089276" lon="9.8244908"/>
      <nd lat="45.9089439" lon="9.8245319"/>
      <nd lat="45.9089909" lon="9.8245786"/>
      <nd lat="45.9090386" lon="9.8246266"/>
      <nd lat="45.9090614" lon="9.8246774"/>
      <nd lat="45.9090794" lon="9.8247289"/>
      <nd lat="45.9090954" lon="9.8247605"/>
      <nd lat="45.9091057" lon="9.8247854"/>
      <nd lat="45.9090994" lon="9.8248389"/>
      <nd lat="45.9090985" lon="9.8249229"/>
      <nd lat="45.9091099" lon="9.8249716"/>
      <nd lat="45.9091082" lon="9.8250379"/>
      <nd lat="45.9091232" lon="9.8251098"/>
    </member>
    <member type="way" ref="903552017" role="">
      <nd lat="45.9088098" lon="9.8243733"/>
      <nd lat="45.9087682" lon="9.8243366"/>
      <nd lat="45.9087188" lon="9.8243225"/>
      <nd lat="45.9086763" lon="9.8242805"/>
      <nd lat="45.9086785" lon="9.8242178"/>
      <nd lat="45.9086814" lon="9.8241921"/>
      <nd lat="45.9086455" lon="9.8241721"/>
      <nd lat="45.9086108" lon="9.8241170"/>
      <nd lat="45.9086004" lon="9.8240786"/>
      <nd lat="45.9086044" lon="9.8239905"/>
      <nd lat="45.9085847" lon="9.8239488"/>
      <nd lat="45.9085484" lon="9.8239260"/>
      <nd lat="45.9085137" lon="9.8238449"/>
      <nd lat="45.9084945" lon="9.8237937"/>
      <nd lat="45.9084784" lon="9.8237310"/>
      <nd lat="45.9084360" lon="9.8236334"/>
      <nd lat="45.9083981" lon="9.8235413"/>
      <nd lat="45.9083714" lon="9.8234899"/>
      <nd lat="45.9083326" lon="9.8234260"/>
      <nd lat="45.9083344" lon="9.8234035"/>
      <nd lat="45.9083108" lon="9.8233777"/>
      <nd lat="45.9083128" lon="9.8233559"/>
      <nd lat="45.9082933" lon="9.8233377"/>
      <nd lat="45.9083000" lon="9.8233096"/>
      <nd lat="45.9082888" lon="9.8232899"/>
      <nd lat="45.9082706" lon="9.8233083"/>
      <nd lat="45.9082577" lon="9.8232726"/>
      <nd lat="45.9082773" lon="9.8232125"/>
      <nd lat="45.9082740" lon="9.8231875"/>
      <nd lat="45.9082863" lon="9.8231535"/>
      <nd lat="45.9082817" lon="9.8231297"/>
      <nd lat="45.9082557" lon="9.8231265"/>
      <nd lat="45.9082446" lon="9.8230756"/>
      <nd lat="45.9082239" lon="9.8230742"/>
      <nd lat="45.9081893" lon="9.8230652"/>
      <nd lat="45.9082046" lon="9.8230258"/>
      <nd lat="45.9081976" lon="9.8229758"/>
      <nd lat="45.9081776" lon="9.8229710"/>
      <nd lat="45.9081565" lon="9.8229585"/>
      <nd lat="45.9081713" lon="9.8229396"/>
      <nd lat="45.9081795" lon="9.8228860"/>
      <nd lat="45.9081697" lon="9.8228752"/>
      <nd lat="45.9081376" lon="9.8228678"/>
      <nd lat="45.9081469" lon="9.8228022"/>
      <nd lat="45.9081355" lon="9.8227820"/>
      <nd lat="45.9080554" lon="9.8227690"/>
      <nd lat="45.9080835" lon="9.8227112"/>
      <nd lat="45.9081021" lon="9.8226834"/>
      <nd lat="45.9081019" lon="9.8226614"/>
      <nd lat="45.9080910" lon="9.8226486"/>
      <nd lat="45.9080530" lon="9.8226528"/>
      <nd lat="45.9080268" lon="9.8226361"/>
      <nd lat="45.9079964" lon="9.8226114"/>
      <nd lat="45.9079827" lon="9.8225930"/>
      <nd lat="45.9080130" lon="9.8225665"/>
      <nd lat="45.9080230" lon="9.8225439"/>
      <nd lat="45.9079837" lon="9.8225268"/>
      <nd lat="45.9079530" lon="9.8224977"/>
      <nd lat="45.9079499" lon="9.8224460"/>
      <nd lat="45.9079314" lon="9.8223923"/>
      <nd lat="45.9079134" lon="9.8223591"/>
      <nd lat="45.9078768" lon="9.8223225"/>
      <nd lat="45.9078583" lon="9.8223275"/>
      <nd lat="45.9078121" lon="9.8223214"/>
    </member>
    <member type="node" ref="11052450025" role="" lat="45.9013806" lon="9.8263707"/>
    <member type="node" ref="11052450026" role="" lat="45.8945452" lon="9.8286580"/>
    <member type="node" ref="11052450027" role="" lat="45.8909767" lon="9.8348465"/>
    <tag k="cai_scale" v="E"/>
    <tag k="duration:backward" v="01:45"/>
    <tag k="duration:forward" v="03:00"/>
    <tag k="from" v="Alpe Grina (Gorno)"/>
    <tag k="lwn:name" v="Bergamo - Valle del Riso"/>
    <tag k="network" v="lwn"/>
    <tag k="note:project_page" v="https://wiki.openstreetmap.org/wiki/Lombardia/Sentieri"/>
    <tag k="operator" v="Club Alpino Italiano"/>
    <tag k="osmc:symbol" v="red:red:white_stripe:263:black"/>
    <tag k="ref" v="263"/>
    <tag k="ref:REI" v="DBGA2630"/>
    <tag k="route" v="hiking"/>
    <tag k="rwn:name" v="Rete Escursionistica Lombarda (REL)"/>
    <tag k="source" v="survey:CAI"/>
    <tag k="source:ref" v="9216002"/>
    <tag k="survey:date" v="2023-08-01"/>
    <tag k="symbol:it" v="segnavia bianco e rosso"/>
    <tag k="to" v="Cima di Grem"/>
    <tag k="type" v="route"/>
    <tag k="website" v="https://www.caibergamo.it/geoportale/sentieri/263"/>
  </relation>
</old>
<new>
  <relation id="12271868" version="17" timestamp="2026-10-09T07:44:07Z" changeset="190237468" uid="21266811" user="Marcopera">
    <bounds minlat="45.8802573" minlon="9.8223214" maxlat="45.9091232" maxlon="9.8364717"/>
    <member type="way" ref="236818540" role="">
      <nd lat="45.8802573" lon="9.8332480"/>
      <nd lat="45.8802837" lon="9.8332955"/>
      <nd lat="45.8802682" lon="9.8333644"/>
      <nd lat="45.8802633" lon="9.8335255"/>
      <nd lat="45.8803113" lon="9.8336936"/>
      <nd lat="45.8804616" lon="9.8339154"/>
      <nd lat="45.8805639" lon="9.8339862"/>
      <nd lat="45.8805949" lon="9.8340077"/>
      <nd lat="45.8806315" lon="9.8340380"/>
      <nd lat="45.8806388" lon="9.8340812"/>
      <nd lat="45.8806258" lon="9.8341221"/>
      <nd lat="45.8805925" lon="9.8341606"/>
      <nd lat="45.8805819" lon="9.8342493"/>
      <nd lat="45.8805478" lon="9.8343544"/>
      <nd lat="45.8805023" lon="9.8347374"/>
      <nd lat="45.8805291" lon="9.8348214"/>
      <nd lat="45.8805559" lon="9.8348459"/>
      <nd lat="45.8805454" lon="9.8349148"/>
      <nd lat="45.8805673" lon="9.8349347"/>
      <nd lat="45.8805714" lon="9.8350106"/>
      <nd lat="45.8805941" lon="9.8350514"/>
      <nd lat="45.8805990" lon="9.8350958"/>
      <nd lat="45.8806502" lon="9.8352604"/>
      <nd lat="45.8806434" lon="9.8353636"/>
      <nd lat="45.8806686" lon="9.8354511"/>
      <nd lat="45.8807043" lon="9.8354990"/>
      <nd lat="45.8807255" lon="9.8356017"/>
      <nd lat="45.8807172" lon="9.8356995"/>
      <nd lat="45.8808759" lon="9.8359892"/>
      <nd lat="45.8809043" lon="9.8359987"/>
      <nd lat="45.8809360" lon="9.8360349"/>
      <nd lat="45.8809587" lon="9.8360921"/>
      <nd lat="45.8809335" lon="9.8361528"/>
      <nd lat="45.8809482" lon="9.8361925"/>
      <nd lat="45.8809677" lon="9.8362007"/>
      <nd lat="45.8809790" lon="9.8363092"/>
      <nd lat="45.8810116" lon="9.8363839"/>
      <nd lat="45.8810288" lon="9.8364717"/>
    </member>
    <member type="way" ref="1566724134" role="">
      <nd lat="45.8815122" lon="9.8355662"/>
      <nd lat="45.8813089" lon="9.8360310"/>
      <nd lat="45.8812310" lon="9.8361850"/>
      <nd lat="45.8810288" lon="9.8364717"/>
    </member>
    <member type="way" ref="236818464" role="">
      <nd lat="45.8831986" lon="9.8335304"/>
      <nd lat="45.8831432" lon="9.8336125"/>
      <nd lat="45.8830399" lon="9.8337857"/>
      <nd lat="45.8827385" lon="9.8339898"/>
      <nd lat="45.8826394" lon="9.8341506"/>
      <nd lat="45.8824887" lon="9.8342681"/>
      <nd lat="45.8823337" lon="9.8346021"/>
      <nd lat="45.8819505" lon="9.8350846"/>
      <nd lat="45.8815122" lon="9.8355662"/>
    </member>
    <member type="way" ref="230979930" role="">
      <nd lat="45.8867593" lon="9.8349191"/>
      <nd lat="45.8864465" lon="9.8349142"/>
      <nd lat="45.8864096" lon="9.8348788"/>
      <nd lat="45.8863618" lon="9.8348329"/>
      <nd lat="45.8862042" lon="9.8347686"/>
      <nd lat="45.8861103" lon="9.8346123"/>
      <nd lat="45.8860547" lon="9.8345641"/>
      <nd lat="45.8859590" lon="9.8345546"/>
      <nd lat="45.8859131" lon="9.8345954"/>
      <nd lat="45.8858184" lon="9.8347045"/>
      <nd lat="45.8857685" lon="9.8347659"/>
      <nd lat="45.8857274" lon="9.8347691"/>
      <nd lat="45.8856136" lon="9.8348941"/>
      <nd lat="45.8855306" lon="9.8349415"/>
      <nd lat="45.8855439" lon="9.8348357"/>
      <nd lat="45.8855852" lon="9.8346751"/>
      <nd lat="45.8856021" lon="9.8345357"/>
      <nd lat="45.8856147" lon="9.8343800"/>
      <nd lat="45.8856058" lon="9.8341643"/>
      <nd lat="45.8856594" lon="9.8338323"/>
      <nd lat="45.8856365" lon="9.8337648"/>
      <nd lat="45.8856410" lon="9.8332612"/>
      <nd lat="45.8855348" lon="9.8333068"/>
      <nd lat="45.8854827" lon="9.8334042"/>
      <nd lat="45.8854051" lon="9.8334335"/>
      <nd lat="45.8853048" lon="9.8335405"/>
      <nd lat="45.8852737" lon="9.8335520"/>
      <nd lat="45.8852213" lon="9.8336270"/>
      <nd lat="45.8850664" lon="9.8337140"/>
      <nd lat="45.8850130" lon="9.8337429"/>
      <nd lat="45.8849294" lon="9.8338095"/>
      <nd lat="45.8848996" lon="9.8338812"/>
      <nd lat="45.8847569" lon="9.8339416"/>
      <nd lat="45.8847161" lon="9.8339886"/>
      <nd lat="45.8843940" lon="9.8340543"/>
      <nd lat="45.8841804" lon="9.8339841"/>
      <nd lat="45.8840917" lon="9.8339977"/>
      <nd lat="45.8840140" lon="9.8340193"/>
      <nd lat="45.8839245" lon="9.8339960"/>
      <nd lat="45.8838386" lon="9.8339665"/>
      <nd lat="45.8836981" lon="9.8339462"/>
      <nd lat="45.8836464" lon="9.8339112"/>
      <nd lat="45.8836192" lon="9.8338989"/>
      <nd lat="45.8835897" lon="9.8337469"/>
      <nd lat="45.8835667" lon="9.8336881"/>
      <nd lat="45.8835070" lon="9.8336791"/>
      <nd lat="45.8834033" lon="9.8337148"/>
      <nd lat="45.8833414" lon="9.8336697"/>
      <nd lat="45.8832743" lon="9.8335671"/>
      <nd lat="45.8831986" lon="9.8335304"/>
    </member>
    <member type="way" ref="1190035916" role="">
      <nd lat="45.8884459" lon="9.8330811"/>
      <nd lat="45.8883185" lon="9.8331321"/>
      <nd lat="45.8882341" lon="9.8331433"/>
      <nd lat="45.8881954" lon="9.8331967"/>
      <nd lat="45.8880866" lon="9.8335477"/>
      <nd lat="45.8880413" lon="9.8337245"/>
      <nd lat="45.8879402" lon="9.8338984"/>
      <nd lat="45.8878102" lon="9.8341702"/>
      <nd lat="45.8875881" lon="9.8344415"/>
      <nd lat="45.8873465" lon="9.8346945"/>
      <nd lat="45.8871682" lon="9.8347881"/>
      <nd lat="45.8870252" lon="9.8348083"/>
      <nd lat="45.8869084" lon="9.8349061"/>
      <nd lat="45.8867593" lon="9.8349191"/>
    </member>
    <member type="way" ref="1190035915" role="">
      <nd lat="45.8900807" lon="9.8347825"/>
      <nd lat="45.8899992" lon="9.8346822"/>
      <nd lat="45.8899531" lon="9.8344939"/>
      <nd lat="45.8899069" lon="9.8344305"/>
      <nd lat="45.8898003" lon="9.8342452"/>
      <nd lat="45.8895760" lon="9.8339289"/>
      <nd lat="45.8895208" lon="9.8338563"/>
      <nd lat="45.8894624" lon="9.8337361"/>
      <nd lat="45.8894269" lon="9.8337916"/>
      <nd lat="45.8893358" lon="9.8334420"/>
      <nd lat="45.8891606" lon="9.8331183"/>
      <nd lat="45.8890835" lon="9.8331089"/>
      <nd lat="45.8890173" lon="9.8331296"/>
      <nd lat="45.8889765" lon="9.8332062"/>
      <nd lat="45.8889069" lon="9.8332311"/>
      <nd lat="45.8888028" lon="9.8334184"/>
      <nd lat="45.8887580" lon="9.8334052"/>
      <nd lat="45.8886287" lon="9.8331906"/>
      <nd lat="45.8884459" lon="9.8330811"/>
    </member>
    <member type="way" ref="1190035914" role="">
      <nd lat="45.8912326" lon="9.8338733"/>
      <nd lat="45.8911775" lon="9.8341266"/>
      <nd lat="45.8911643" lon="9.8343308"/>
      <nd lat="45.8911166" lon="9.8344111"/>
      <nd lat="45.8910524" lon="9.8345164"/>
      <nd lat="45.8909881" lon="9.8345453"/>
      <nd lat="45.8909896" lon="9.8346748"/>
      <nd lat="45.8909960" lon="9.8347857"/>
      <nd lat="45.8909863" lon="9.8348156"/>
      <nd lat="45.8909176" lon="9.8347986"/>
      <nd lat="45.8908774" lon="9.8348566"/>
      <nd lat="45.8908529" lon="9.8349293"/>
      <nd lat="45.8908346" lon="9.8349793"/>
      <nd lat="45.8908052" lon="9.8350042"/>
      <nd lat="45.8907626" lon="9.8350419"/>
      <nd lat="45.8907056" lon="9.8350297"/>
      <nd lat="45.8906118" lon="9.8349200"/>
      <nd lat="45.8905381" lon="9.8348158"/>
      <nd lat="45.8904453" lon="9.8347851"/>
      <nd lat="45.8903710" lon="9.8348031"/>
      <nd lat="45.8903099" lon="9.8348756"/>
      <nd lat="45.8902588" lon="9.8348757"/>
      <nd lat="45.8901651" lon="9.8348713"/>
      <nd lat="45.8901040" lon="9.8348375"/>
      <nd lat="45.8900807" lon="9.8347825"/>
    </member>
    <member type="way" ref="1190035912" role="">
      <nd lat="45.8917764" lon="9.8329340"/>
      <nd lat="45.8917628" lon="9.8329530"/>
      <nd lat="45.8917548" lon="9.8330211"/>
      <nd lat="45.8917575" lon="9.8331019"/>
      <nd lat="45.8917447" lon="9.8331693"/>
      <nd lat="45.8917100" lon="9.8331957"/>
      <nd lat="45.8916879" lon="9.8333120"/>
      <nd lat="45.8917094" lon="9.8333743"/>
      <nd lat="45.8917011" lon="9.8334294"/>
      <nd lat="45.8916433" lon="9.8334937"/>
      <nd lat="45.8915597" lon="9.8335664"/>
      <nd lat="45.8915395" lon="9.8335758"/>
      <nd lat="45.8914932" lon="9.8335623"/>
      <nd lat="45.8914549" lon="9.8335679"/>
      <nd lat="45.8914311" lon="9.8335893"/>
      <nd lat="45.8914099" lon="9.8336423"/>
      <nd lat="45.8913286" lon="9.8337121"/>
      <nd lat="45.8912910" lon="9.8338010"/>
      <nd lat="45.8912326" lon="9.8338733"/>
    </member>
    <member type="way" ref="1190035911" role="">
      <nd lat="45.8945760" lon="9.8287006"/>
      <nd lat="45.8944367" lon="9.8287518"/>
      <nd lat="45.8943073" lon="9.8289264"/>
      <nd lat="45.8942511" lon="9.8290144"/>
      <nd lat="45.8942239" lon="9.8291164"/>
      <nd lat="45.8941811" lon="9.8291602"/>
      <nd lat="45.8941250" lon="9.8292727"/>
      <nd lat="45.8939835" lon="9.8295978"/>
      <nd lat="45.8939049" lon="9.8296815"/>
      <nd lat="45.8937378" lon="9.8300466"/>
      <nd lat="45.8936666" lon="9.8302411"/>
      <nd lat="45.8936092" lon="9.8304412"/>
      <nd lat="45.8934772" lon="9.8307674"/>
      <nd lat="45.8934093" lon="9.8309631"/>
      <nd lat="45.8933262" lon="9.8311198"/>
      <nd lat="45.8932289" lon="9.8312502"/>
      <nd lat="45.8931269" lon="9.8314195"/>
      <nd lat="45.8930692" lon="9.8314867"/>
      <nd lat="45.8929610" lon="9.8315688"/>
      <nd lat="45.8928889" lon="9.8316116"/>
      <nd lat="45.8926969" lon="9.8317826"/>
      <nd lat="45.8926642" lon="9.8318233"/>
      <nd lat="45.8926098" lon="9.8319306"/>
      <nd lat="45.8925289" lon="9.8320227"/>
      <nd lat="45.8924259" lon="9.8321853"/>
      <nd lat="45.8923269" lon="9.8323616"/>
      <nd lat="45.8922622" lon="9.8324614"/>
      <nd lat="45.8920456" lon="9.8327880"/>
      <nd lat="45.8919555" lon="9.8328558"/>
      <nd lat="45.8918740" lon="9.8328897"/>
      <nd lat="45.8917764" lon="9.8329340"/>
    </member>
    <member type="way" ref="236703781" role="">
      <nd lat="45.8945760" lon="9.8287006"/>
      <nd lat="45.8946965" lon="9.8287483"/>
      <nd lat="45.8948284" lon="9.8288045"/>
      <nd lat="45.8949549" lon="9.8288388"/>
      <nd lat="45.8952333" lon="9.8288408"/>
      <nd lat="45.8955736" lon="9.8290500"/>
      <nd lat="45.8957717" lon="9.8290844"/>
      <nd lat="45.8958781" lon="9.8290937"/>
      <nd lat="45.8959900" lon="9.8290412"/>
      <nd lat="45.8960986" lon="9.8289599"/>
      <nd lat="45.8961979" lon="9.8289244"/>
      <nd lat="45.8962564" lon="9.8288795"/>
      <nd lat="45.8963378" lon="9.8288562"/>
      <nd lat="45.8964048" lon="9.8288097"/>
      <nd lat="45.8968155" lon="9.8288097"/>
      <nd lat="45.8969312" lon="9.8287795"/>
      <nd lat="45.8970469" lon="9.8286300"/>
      <nd lat="45.8971532" lon="9.8284942"/>
      <nd lat="45.8971867" lon="9.8283763"/>
      <nd lat="45.8972485" lon="9.8282760"/>
      <nd lat="45.8973120" lon="9.8282250"/>
      <nd lat="45.8974089" lon="9.8282073"/>
      <nd lat="45.8976079" lon="9.8281045"/>
      <nd lat="45.8976756" lon="9.8280935"/>
      <nd lat="45.8977664" lon="9.8280033"/>
      <nd lat="45.8978103" lon="9.8279914"/>
      <nd lat="45.8978784" lon="9.8279548"/>
      <nd lat="45.8979179" lon="9.8278673"/>
      <nd lat="45.8979448" lon="9.8278307"/>
      <nd lat="45.8980195" lon="9.8278012"/>
      <nd lat="45.8981297" lon="9.8277861"/>
      <nd lat="45.8981981" lon="9.8277756"/>
      <nd lat="45.8982466" lon="9.8277288"/>
    </member>
    <member type="way" ref="1190035910" role="">
      <nd lat="45.8982466" lon="9.8277288"/>
      <nd lat="45.8983282" lon="9.8276833"/>
      <nd lat="45.8983968" lon="9.8276902"/>
      <nd lat="45.8985553" lon="9.8276760"/>
      <nd lat="45.8986156" lon="9.8276509"/>
      <nd lat="45.8986616" lon="9.8276112"/>
      <nd lat="45.8987259" lon="9.8276009"/>
      <nd lat="45.8987794" lon="9.8275882"/>
      <nd lat="45.8988815" lon="9.8275028"/>
      <nd lat="45.8989560" lon="9.8274592"/>
      <nd lat="45.8990321" lon="9.8273682"/>
      <nd lat="45.8990938" lon="9.8272476"/>
      <nd lat="45.8991229" lon="9.8271762"/>
      <nd lat="45.8991433" lon="9.8271700"/>
      <nd lat="45.8991671" lon="9.8271876"/>
      <nd lat="45.8991993" lon="9.8272029"/>
      <nd lat="45.8992438" lon="9.8271985"/>
      <nd lat="45.8992938" lon="9.8271481"/>
      <nd lat="45.8993184" lon="9.8270972"/>
      <nd lat="45.8993593" lon="9.8270319"/>
      <nd lat="45.8994709" lon="9.8269576"/>
      <nd lat="45.8995107" lon="9.8269343"/>
      <nd lat="45.8995384" lon="9.8269273"/>
      <nd lat="45.8996342" lon="9.8269319"/>
      <nd lat="45.8997122" lon="9.8269133"/>
      <nd lat="45.8998707" lon="9.8268992"/>
      <nd lat="45.9000649" lon="9.8268444"/>
      <nd lat="45.9001039" lon="9.8268269"/>
      <nd lat="45.9002558" lon="9.8268070"/>
    </member>
    <member type="way" ref="1109083669" role="">
      <nd lat="45.9002558" lon="9.8268070"/>
      <nd lat="45.9003261" lon="9.8268787"/>
      <nd lat="45.9005258" lon="9.8269619"/>
      <nd lat="45.9006340" lon="9.8270182"/>
      <nd lat="45.9006750" lon="9.8270125"/>
      <nd lat="45.9007026" lon="9.8270218"/>
      <nd lat="45.9007221" lon="9.8270370"/>
      <nd lat="45.9007465" lon="9.8270358"/>
      <nd lat="45.9007760" lon="9.8270088"/>
      <nd lat="45.9008097" lon="9.8269844"/>
      <nd lat="45.9008228" lon="9.8270008"/>
      <nd lat="45.9008903" lon="9.8270440"/>
      <nd lat="45.9009317" lon="9.8270218"/>
      <nd lat="45.9009616" lon="9.8269801"/>
      <nd lat="45.9010056" lon="9.8268981"/>
      <nd lat="45.9010262" lon="9.8268700"/>
      <nd lat="45.9010738" lon="9.8268212"/>
      <nd lat="45.9010916" lon="9.8267995"/>
      <nd lat="45.9010991" lon="9.8267011"/>
      <nd lat="45.9011044" lon="9.8266418"/>
    </member>
    <member type="way" ref="1190035907" role="">
      <nd lat="45.9011044" lon="9.8266418"/>
      <nd lat="45.9012463" lon="9.8265137"/>
      <nd lat="45.9012951" lon="9.8264433"/>
      <nd lat="45.9013638" lon="9.8263556"/>
    </member>
    <member type="way" ref="903552015" role="">
      <nd lat="45.9013638" lon="9.8263556"/>
      <nd lat="45.9013893" lon="9.8263323"/>
      <nd lat="45.9014275" lon="9.8263183"/>
      <nd lat="45.9014990" lon="9.8263346"/>
      <nd lat="45.9015940" lon="9.8263143"/>
      <nd lat="45.9016549" lon="9.8263117"/>
      <nd lat="45.9017118" lon="9.8262702"/>
      <nd lat="45.9017702" lon="9.8261929"/>
      <nd lat="45.9018368" lon="9.8260918"/>
      <nd lat="45.9018997" lon="9.8260484"/>
      <nd lat="45.9020222" lon="9.8260638"/>
      <nd lat="45.9021725" lon="9.8260724"/>
      <nd lat="45.9022402" lon="9.8260563"/>
    </member>
    <member type="way" ref="816592158" role="">
      <nd lat="45.9022402" lon="9.8260563"/>
      <nd lat="45.9023333" lon="9.8259691"/>
      <nd lat="45.9024296" lon="9.8259454"/>
      <nd lat="45.9024764" lon="9.8259405"/>
      <nd lat="45.9025305" lon="9.8259325"/>
      <nd lat="45.9025875" lon="9.8259015"/>
      <nd lat="45.9026836" lon="9.8258332"/>
      <nd lat="45.9027288" lon="9.8257940"/>
      <nd lat="45.9027562" lon="9.8257499"/>
      <nd lat="45.9028028" lon="9.8256588"/>
      <nd lat="45.9028656" lon="9.8256023"/>
      <nd lat="45.9029034" lon="9.8255845"/>
      <nd lat="45.9029781" lon="9.8255630"/>
      <nd lat="45.9031359" lon="9.8254358"/>
      <nd lat="45.9031984" lon="9.8254596"/>
      <nd lat="45.9032292" lon="9.8254502"/>
      <nd lat="45.9032544" lon="9.8254607"/>
      <nd lat="45.9033199" lon="9.8254930"/>
      <nd lat="45.9033453" lon="9.8254901"/>
      <nd lat="45.9033828" lon="9.8255154"/>
      <nd lat="45.9034413" lon="9.8255285"/>
      <nd lat="45.9035228" lon="9.8255854"/>
      <nd lat="45.9035662" lon="9.8256098"/>
      <nd lat="45.9035810" lon="9.8256317"/>
      <nd lat="45.9036265" lon="9.8256872"/>
      <nd lat="45.9036647" lon="9.8256814"/>
      <nd lat="45.9037420" lon="9.8257015"/>
      <nd lat="45.9037792" lon="9.8256898"/>
      <nd lat="45.9038101" lon="9.8256905"/>
      <nd lat="45.9038243" lon="9.8256945"/>
      <nd lat="45.9038415" lon="9.8257282"/>
      <nd lat="45.9038342" lon="9.8257878"/>
      <nd lat="45.9038564" lon="9.8258660"/>
      <nd lat="45.9038991" lon="9.8259039"/>
      <nd lat="45.9039396" lon="9.8258975"/>
      <nd lat="45.9040742" lon="9.8258054"/>
      <nd lat="45.9040856" lon="9.8257584"/>
      <nd lat="45.9041087" lon="9.8257067"/>
      <nd lat="45.9041899" lon="9.8256439"/>
      <nd lat="45.9042718" lon="9.8255225"/>
    </member>
    <member type="way" ref="1190035909" role="">
      <nd lat="45.9042718" lon="9.8255225"/>
      <nd lat="45.9044005" lon="9.8255280"/>
      <nd lat="45.9044288" lon="9.8255021"/>
      <nd lat="45.9045055" lon="9.8254432"/>
      <nd lat="45.9046681" lon="9.8253596"/>
      <nd lat="45.9047880" lon="9.8253465"/>
      <nd lat="45.9048339" lon="9.8253335"/>
      <nd lat="45.9048655" lon="9.8253472"/>
      <nd lat="45.9048917" lon="9.8254438"/>
      <nd lat="45.9048826" lon="9.8255006"/>
      <nd lat="45.9048939" lon="9.8255169"/>
      <nd lat="45.9049290" lon="9.8255212"/>
      <nd lat="45.9050521" lon="9.8254700"/>
      <nd lat="45.9051157" lon="9.8254444"/>
      <nd lat="45.9051738" lon="9.8254107"/>
      <nd lat="45.9052186" lon="9.8254113"/>
      <nd lat="45.9052545" lon="9.8253622"/>
      <nd lat="45.9053131" lon="9.8253568"/>
      <nd lat="45.9054794" lon="9.8252409"/>
      <nd lat="45.9055061" lon="9.8251787"/>
      <nd lat="45.9055272" lon="9.8251550"/>
    </member>
    <member type="way" ref="1190035908" role="">
      <nd lat="45.9055272" lon="9.8251550"/>
      <nd lat="45.9056421" lon="9.8251280"/>
      <nd lat="45.9056632" lon="9.8251444"/>
      <nd lat="45.9058088" lon="9.8251419"/>
      <nd lat="45.9058388" lon="9.8251686"/>
      <nd lat="45.9058927" lon="9.8251720"/>
      <nd lat="45.9059345" lon="9.8251924"/>
      <nd lat="45.9059922" lon="9.8252156"/>
      <nd lat="45.9060998" lon="9.8252135"/>
      <nd lat="45.9061666" lon="9.8252252"/>
      <nd lat="45.9062327" lon="9.8252214"/>
      <nd lat="45.9062993" lon="9.8252282"/>
      <nd lat="45.9063551" lon="9.8252480"/>
      <nd lat="45.9064034" lon="9.8252817"/>
      <nd lat="45.9064667" lon="9.8252990"/>
      <nd lat="45.9065253" lon="9.8252882"/>
      <nd lat="45.9066265" lon="9.8252873"/>
      <nd lat="45.9066708" lon="9.8253086"/>
      <nd lat="45.9067358" lon="9.8253144"/>
      <nd lat="45.9068237" lon="9.8253911"/>
      <nd lat="45.9068419" lon="9.8254306"/>
      <nd lat="45.9068842" lon="9.8254409"/>
      <nd lat="45.9070122" lon="9.8254683"/>
      <nd lat="45.9070895" lon="9.8254412"/>
      <nd lat="45.9071516" lon="9.8254456"/>
      <nd lat="45.9071841" lon="9.8254810"/>
      <nd lat="45.9072382" lon="9.8255068"/>
      <nd lat="45.9072910" lon="9.8255425"/>
      <nd lat="45.9073732" lon="9.8255808"/>
      <nd lat="45.9074267" lon="9.8255788"/>
      <nd lat="45.9074669" lon="9.8255846"/>
      <nd lat="45.9075187" lon="9.8256127"/>
      <nd lat="45.9075565" lon="9.8256499"/>
      <nd lat="45.9076035" lon="9.8256904"/>
      <nd lat="45.9076577" lon="9.8257462"/>
      <nd lat="45.9076742" lon="9.8257776"/>
      <nd lat="45.9076752" lon="9.8258059"/>
      <nd lat="45.9076643" lon="9.8258719"/>
      <nd lat="45.9076570" lon="9.8259341"/>
      <nd lat="45.9076416" lon="9.8259883"/>
      <nd lat="45.9076430" lon="9.8260212"/>
      <nd lat="45.9076581" lon="9.8260392"/>
      <nd lat="45.9076759" lon="9.8260447"/>
      <nd lat="45.9077705" lon="9.8260810"/>
      <nd lat="45.9078135" lon="9.8260808"/>
      <nd lat="45.9078643" lon="9.8260799"/>
      <nd lat="45.9079214" lon="9.8260580"/>
      <nd lat="45.9079603" lon="9.8260455"/>
      <nd lat="45.9080903" lon="9.8260208"/>
      <nd lat="45.9081581" lon="9.8259762"/>
      <nd lat="45.9082003" lon="9.8259499"/>
      <nd lat="45.9082251" lon="9.8259134"/>
      <nd lat="45.9082452" lon="9.8258932"/>
      <nd lat="45.9082617" lon="9.8258980"/>
      <nd lat="45.9082634" lon="9.8259275"/>
      <nd lat="45.9082762" lon="9.8259457"/>
      <nd lat="45.9083022" lon="9.8259890"/>
      <nd lat="45.9083351" lon="9.8259925"/>
      <nd lat="45.9083614" lon="9.8259952"/>
      <nd lat="45.9083757" lon="9.8260098"/>
    </member>
    <member type="way" ref="1108004143" role="">
      <nd lat="45.9083757" lon="9.8260098"/>
      <nd lat="45.9083591" lon="9.8260605"/>
      <nd lat="45.9083379" lon="9.8261020"/>
      <nd lat="45.9083127" lon="9.8261385"/>
      <nd lat="45.9082984" lon="9.8261708"/>
      <nd lat="45.9082793" lon="9.8262365"/>
      <nd lat="45.9082560" lon="9.8262824"/>
      <nd lat="45.9082197" lon="9.8262818"/>
      <nd lat="45.9081987" lon="9.8262994"/>
      <nd lat="45.9081706" lon="9.8263333"/>
      <nd lat="45.9081577" lon="9.8263637"/>
      <nd lat="45.9081445" lon="9.8264263"/>
      <nd lat="45.9081530" lon="9.8265339"/>
      <nd lat="45.9081700" lon="9.8265844"/>
      <nd lat="45.9081784" lon="9.8266597"/>
      <nd lat="45.9081535" lon="9.8267016"/>
      <nd lat="45.9081716" lon="9.8267747"/>
      <nd lat="45.9081761" lon="9.8268438"/>
      <nd lat="45.9081934" lon="9.8268991"/>
      <nd lat="45.9082008" lon="9.8269695"/>
      <nd lat="45.9082225" lon="9.8269954"/>
      <nd lat="45.9082444" lon="9.8269970"/>
    </member>
    <member type="way" ref="1108004142" role="">
      <nd lat="45.9082444" lon="9.8269970"/>
      <nd lat="45.9082487" lon="9.8269461"/>
      <nd lat="45.9082755" lon="9.8268761"/>
      <nd lat="45.9083463" lon="9.8268014"/>
      <nd lat="45.9084166" lon="9.8267220"/>
      <nd lat="45.9084451" lon="9.8267035"/>
      <nd lat="45.9084748" lon="9.8266496"/>
      <nd lat="45.9085195" lon="9.8266574"/>
      <nd lat="45.9085652" lon="9.8266600"/>
      <nd lat="45.9086303" lon="9.8266559"/>
      <nd lat="45.9086711" lon="9.8266533"/>
      <nd lat="45.9086893" lon="9.8266718"/>
      <nd lat="45.9087287" lon="9.8266925"/>
      <nd lat="45.9087579" lon="9.8267072"/>
      <nd lat="45.9087619" lon="9.8266807"/>
      <nd lat="45.9087534" lon="9.8266033"/>
      <nd lat="45.9087781" lon="9.8265197"/>
      <nd lat="45.9087711" lon="9.8264745"/>
      <nd lat="45.9087771" lon="9.8264357"/>
      <nd lat="45.9088140" lon="9.8263587"/>
      <nd lat="45.9088511" lon="9.8262890"/>
      <nd lat="45.9088708" lon="9.8262231"/>
      <nd lat="45.9088980" lon="9.8261005"/>
      <nd lat="45.9089015" lon="9.8259143"/>
      <nd lat="45.9089265" lon="9.8258409"/>
      <nd lat="45.9089725" lon="9.8256695"/>
      <nd lat="45.9090220" lon="9.8254896"/>
      <nd lat="45.9090826" lon="9.8252926"/>
      <nd lat="45.9091232" lon="9.8251098"/>
    </member>
    <member type="way" ref="1108004141" role="">
      <nd lat="45.9088098" lon="9.8243733"/>
      <nd lat="45.9088942" lon="9.8244552"/>
      <nd lat="45.9089276" lon="9.8244908"/>
      <nd lat="45.9089439" lon="9.8245319"/>
      <nd lat="45.9089909" lon="9.8245786"/>
      <nd lat="45.9090386" lon="9.8246266"/>
      <nd lat="45.9090614" lon="9.8246774"/>
      <nd lat="45.9090794" lon="9.8247289"/>
      <nd lat="45.9090954" lon="9.8247605"/>
      <nd lat="45.9091057" lon="9.8247854"/>
      <nd lat="45.9090994" lon="9.8248389"/>
      <nd lat="45.9090985" lon="9.8249229"/>
      <nd lat="45.9091099" lon="9.8249716"/>
      <nd lat="45.9091082" lon="9.8250379"/>
      <nd lat="45.9091232" lon="9.8251098"/>
    </member>
    <member type="way" ref="903552017" role="">
      <nd lat="45.9088098" lon="9.8243733"/>
      <nd lat="45.9087682" lon="9.8243366"/>
      <nd lat="45.9087188" lon="9.8243225"/>
      <nd lat="45.9086763" lon="9.8242805"/>
      <nd lat="45.9086785" lon="9.8242178"/>
      <nd lat="45.9086814" lon="9.8241921"/>
      <nd lat="45.9086455" lon="9.8241721"/>
      <nd lat="45.9086108" lon="9.8241170"/>
      <nd lat="45.9086004" lon="9.8240786"/>
      <nd lat="45.9086044" lon="9.8239905"/>
      <nd lat="45.9085847" lon="9.8239488"/>
      <nd lat="45.9085484" lon="9.8239260"/>
      <nd lat="45.9085137" lon="9.8238449"/>
      <nd lat="45.9084945" lon="9.8237937"/>
      <nd lat="45.9084784" lon="9.8237310"/>
      <nd lat="45.9084360" lon="9.8236334"/>
      <nd lat="45.9083981" lon="9.8235413"/>
      <nd lat="45.9083714" lon="9.8234899"/>
      <nd lat="45.9083326" lon="9.8234260"/>
      <nd lat="45.9083344" lon="9.8234035"/>
      <nd lat="45.9083108" lon="9.8233777"/>
      <nd lat="45.9083128" lon="9.8233559"/>
      <nd lat="45.9082933" lon="9.8233377"/>
      <nd lat="45.9083000" lon="9.8233096"/>
      <nd lat="45.9082888" lon="9.8232899"/>
      <nd lat="45.9082706" lon="9.8233083"/>
      <nd lat="45.9082577" lon="9.8232726"/>
      <nd lat="45.9082773" lon="9.8232125"/>
      <nd lat="45.9082740" lon="9.8231875"/>
      <nd lat="45.9082863" lon="9.8231535"/>
      <nd lat="45.9082817" lon="9.8231297"/>
      <nd lat="45.9082557" lon="9.8231265"/>
      <nd lat="45.9082446" lon="9.8230756"/>
      <nd lat="45.9082239" lon="9.8230742"/>
      <nd lat="45.9081893" lon="9.8230652"/>
      <nd lat="45.9082046" lon="9.8230258"/>
      <nd lat="45.9081976" lon="9.8229758"/>
      <nd lat="45.9081776" lon="9.8229710"/>
      <nd lat="45.9081565" lon="9.8229585"/>
      <nd lat="45.9081713" lon="9.8229396"/>
      <nd lat="45.9081795" lon="9.8228860"/>
      <nd lat="45.9081697" lon="9.8228752"/>
      <nd lat="45.9081376" lon="9.8228678"/>
      <nd lat="45.9081469" lon="9.8228022"/>
      <nd lat="45.9081355" lon="9.8227820"/>
      <nd lat="45.9080554" lon="9.8227690"/>
      <nd lat="45.9080835" lon="9.8227112"/>
      <nd lat="45.9081021" lon="9.8226834"/>
      <nd lat="45.9081019" lon="9.8226614"/>
      <nd lat="45.9080910" lon="9.8226486"/>
      <nd lat="45.9080530" lon="9.8226528"/>
      <nd lat="45.9080268" lon="9.8226361"/>
      <nd lat="45.9079964" lon="9.8226114"/>
      <nd lat="45.9079827" lon="9.8225930"/>
      <nd lat="45.9080130" lon="9.8225665"/>
      <nd lat="45.9080230" lon="9.8225439"/>
      <nd lat="45.9079837" lon="9.8225268"/>
      <nd lat="45.9079530" lon="9.8224977"/>
      <nd lat="45.9079499" lon="9.8224460"/>
      <nd lat="45.9079314" lon="9.8223923"/>
      <nd lat="45.9079134" lon="9.8223591"/>
      <nd lat="45.9078768" lon="9.8223225"/>
      <nd lat="45.9078583" lon="9.8223275"/>
      <nd lat="45.9078121" lon="9.8223214"/>
    </member>
    <member type="node" ref="11052450025" role="" lat="45.9013806" lon="9.8263707"/>
    <member type="node" ref="11052450026" role="" lat="45.8945452" lon="9.8286580"/>
    <member type="node" ref="11052450027" role="" lat="45.8909767" lon="9.8348465"/>
    <tag k="cai_scale" v="E"/>
    <tag k="duration:backward" v="01:45"/>
    <tag k="duration:forward" v="03:00"/>
    <tag k="from" v="Alpe Grina (Gorno)"/>
    <tag k="lwn:name" v="Bergamo - Valle del Riso"/>
    <tag k="network" v="lwn"/>
    <tag k="note:project_page" v="https://wiki.openstreetmap.org/wiki/Lombardia/Sentieri"/>
    <tag k="operator" v="Club Alpino Italiano"/>
    <tag k="osmc:symbol" v="red:red:white_stripe:263:black"/>
    <tag k="ref" v="263"/>
    <tag k="ref:REI" v="DBGA2630"/>
    <tag k="route" v="hiking"/>
    <tag k="rwn:name" v="Rete Escursionistica Lombarda (REL)"/>
    <tag k="source" v="survey:CAI"/>
    <tag k="source:ref" v="9216002"/>
    <tag k="survey:date" v="2023-08-01"/>
    <tag k="symbol:it" v="segnavia bianco e rosso"/>
    <tag k="to" v="Cima di Grem"/>
    <tag k="type" v="route"/>
    <tag k="website" v="https://www.caibergamo.it/geoportale/sentieri/263"/>
  </relation>
</new>
</action>
<action type="modify">
<old>
  <relation id="12271897" version="11" timestamp="2024-05-14T12:16:07Z" changeset="151310739" uid="396864" user="Ardiccio">
    <bounds minlat="45.8773609" minlon="9.8325276" maxlat="45.9013038" maxlon="9.8415926"/>
    <member type="way" ref="816586085" role="">
      <nd lat="45.8797765" lon="9.8381773"/>
      <nd lat="45.8796418" lon="9.8382905"/>
      <nd lat="45.8795984" lon="9.8383711"/>
      <nd lat="45.8794500" lon="9.8385706"/>
      <nd lat="45.8793436" lon="9.8385997"/>
      <nd lat="45.8792216" lon="9.8387256"/>
      <nd lat="45.8789269" lon="9.8390387"/>
      <nd lat="45.8788150" lon="9.8391390"/>
      <nd lat="45.8784113" lon="9.8396388"/>
      <nd lat="45.8783771" lon="9.8397630"/>
      <nd lat="45.8782929" lon="9.8398708"/>
      <nd lat="45.8781561" lon="9.8401191"/>
      <nd lat="45.8781011" lon="9.8402328"/>
      <nd lat="45.8779130" lon="9.8405278"/>
      <nd lat="45.8778259" lon="9.8406304"/>
      <nd lat="45.8776822" lon="9.8408059"/>
      <nd lat="45.8775337" lon="9.8409748"/>
      <nd lat="45.8775052" lon="9.8410426"/>
      <nd lat="45.8773609" lon="9.8410799"/>
    </member>
    <member type="way" ref="903554651" role="">
      <nd lat="45.8810288" lon="9.8364717"/>
      <nd lat="45.8809406" lon="9.8365928"/>
      <nd lat="45.8809115" lon="9.8366980"/>
      <nd lat="45.8808387" lon="9.8367893"/>
      <nd lat="45.8807974" lon="9.8369145"/>
      <nd lat="45.8807387" lon="9.8370006"/>
      <nd lat="45.8807257" lon="9.8369947"/>
      <nd lat="45.8806924" lon="9.8370204"/>
      <nd lat="45.8806820" lon="9.8370838"/>
      <nd lat="45.8806501" lon="9.8371348"/>
      <nd lat="45.8806192" lon="9.8371629"/>
      <nd lat="45.8806022" lon="9.8371956"/>
      <nd lat="45.8805997" lon="9.8372330"/>
      <nd lat="45.8804410" lon="9.8374851"/>
      <nd lat="45.8803756" lon="9.8375307"/>
      <nd lat="45.8803005" lon="9.8377032"/>
      <nd lat="45.8801889" lon="9.8378633"/>
      <nd lat="45.8800109" lon="9.8380408"/>
      <nd lat="45.8798003" lon="9.8381689"/>
      <nd lat="45.8797765" lon="9.8381773"/>
    </member>
    <member type="way" ref="903554652" role="">
      <nd lat="45.8810288" lon="9.8364717"/>
      <nd lat="45.8810563" lon="9.8365727"/>
      <nd lat="45.8811043" lon="9.8366766"/>
      <nd lat="45.8811213" lon="9.8367922"/>
      <nd lat="45.8811457" lon="9.8368144"/>
      <nd lat="45.8811855" lon="9.8368074"/>
      <nd lat="45.8812002" lon="9.8368319"/>
      <nd lat="45.8811790" lon="9.8369288"/>
      <nd lat="45.8811855" lon="9.8370829"/>
      <nd lat="45.8811880" lon="9.8372767"/>
      <nd lat="45.8812506" lon="9.8375137"/>
      <nd lat="45.8812642" lon="9.8376598"/>
    </member>
    <member type="way" ref="903558552" role="">
      <nd lat="45.8812049" lon="9.8415867"/>
      <nd lat="45.8811976" lon="9.8415319"/>
      <nd lat="45.8812252" lon="9.8414069"/>
      <nd lat="45.8812301" lon="9.8413626"/>
      <nd lat="45.8812236" lon="9.8413345"/>
      <nd lat="45.8812081" lon="9.8413217"/>
      <nd lat="45.8811838" lon="9.8413392"/>
      <nd lat="45.8811618" lon="9.8413859"/>
      <nd lat="45.8810789" lon="9.8414350"/>
      <nd lat="45.8810448" lon="9.8414676"/>
      <nd lat="45.8810017" lon="9.8414852"/>
      <nd lat="45.8809798" lon="9.8415284"/>
      <nd lat="45.8809424" lon="9.8415319"/>
      <nd lat="45.8808855" lon="9.8415867"/>
      <nd lat="45.8808619" lon="9.8415926"/>
      <nd lat="45.8808521" lon="9.8415727"/>
      <nd lat="45.8808570" lon="9.8415529"/>
      <nd lat="45.8808830" lon="9.8415038"/>
      <nd lat="45.8809050" lon="9.8414933"/>
      <nd lat="45.8809237" lon="9.8414233"/>
      <nd lat="45.8809294" lon="9.8413812"/>
      <nd lat="45.8809220" lon="9.8413567"/>
      <nd lat="45.8809846" lon="9.8411991"/>
      <nd lat="45.8809814" lon="9.8411419"/>
      <nd lat="45.8810358" lon="9.8409376"/>
      <nd lat="45.8810529" lon="9.8408057"/>
      <nd lat="45.8810797" lon="9.8406796"/>
      <nd lat="45.8810927" lon="9.8405628"/>
      <nd lat="45.8811147" lon="9.8405161"/>
      <nd lat="45.8811163" lon="9.8404216"/>
      <nd lat="45.8811577" lon="9.8403083"/>
      <nd lat="45.8811626" lon="9.8402686"/>
      <nd lat="45.8812163" lon="9.8401484"/>
      <nd lat="45.8812195" lon="9.8401056"/>
      <nd lat="45.8811959" lon="9.8400579"/>
      <nd lat="45.8811862" lon="9.8399943"/>
      <nd lat="45.8811968" lon="9.8399406"/>
      <nd lat="45.8811968" lon="9.8398670"/>
      <nd lat="45.8812114" lon="9.8397923"/>
      <nd lat="45.8812138" lon="9.8397362"/>
      <nd lat="45.8812471" lon="9.8396323"/>
      <nd lat="45.8812683" lon="9.8396183"/>
      <nd lat="45.8812715" lon="9.8396066"/>
      <nd lat="45.8812715" lon="9.8395798"/>
      <nd lat="45.8812902" lon="9.8395331"/>
      <nd lat="45.8812959" lon="9.8394969"/>
      <nd lat="45.8813187" lon="9.8394619"/>
      <nd lat="45.8813496" lon="9.8394607"/>
      <nd lat="45.8813528" lon="9.8394362"/>
      <nd lat="45.8813300" lon="9.8393860"/>
      <nd lat="45.8813219" lon="9.8393533"/>
      <nd lat="45.8813479" lon="9.8392412"/>
      <nd lat="45.8813731" lon="9.8390626"/>
      <nd lat="45.8813691" lon="9.8390346"/>
      <nd lat="45.8813617" lon="9.8390252"/>
      <nd lat="45.8813487" lon="9.8390252"/>
      <nd lat="45.8813366" lon="9.8390661"/>
      <nd lat="45.8813073" lon="9.8390789"/>
      <nd lat="45.8812260" lon="9.8391548"/>
      <nd lat="45.8811504" lon="9.8392856"/>
      <nd lat="45.8811009" lon="9.8392973"/>
      <nd lat="45.8810704" lon="9.8393492"/>
      <nd lat="45.8810675" lon="9.8393942"/>
      <nd lat="45.8810468" lon="9.8393877"/>
      <nd lat="45.8810391" lon="9.8393159"/>
      <nd lat="45.8810715" lon="9.8392306"/>
      <nd lat="45.8810608" lon="9.8390704"/>
      <nd lat="45.8810846" lon="9.8388583"/>
      <nd lat="45.8810887" lon="9.8387592"/>
      <nd lat="45.8811026" lon="9.8386960"/>
      <nd lat="45.8811163" lon="9.8386680"/>
      <nd lat="45.8811444" lon="9.8384881"/>
      <nd lat="45.8811976" lon="9.8383119"/>
      <nd lat="45.8812545" lon="9.8380352"/>
      <nd lat="45.8812721" lon="9.8378245"/>
      <nd lat="45.8812628" lon="9.8377279"/>
      <nd lat="45.8812642" lon="9.8376598"/>
    </member>
    <member type="way" ref="903558554" role="">
      <nd lat="45.8866517" lon="9.8396920"/>
      <nd lat="45.8866288" lon="9.8396239"/>
      <nd lat="45.8865462" lon="9.8393781"/>
      <nd lat="45.8864708" lon="9.8391291"/>
      <nd lat="45.8863201" lon="9.8389776"/>
      <nd lat="45.8861474" lon="9.8389554"/>
      <nd lat="45.8858153" lon="9.8389127"/>
      <nd lat="45.8857132" lon="9.8389366"/>
      <nd lat="45.8854914" lon="9.8389884"/>
      <nd lat="45.8850845" lon="9.8391616"/>
      <nd lat="45.8848020" lon="9.8393023"/>
      <nd lat="45.8843872" lon="9.8396138"/>
      <nd lat="45.8840409" lon="9.8398587"/>
      <nd lat="45.8837585" lon="9.8401036"/>
      <nd lat="45.8834122" lon="9.8404213"/>
      <nd lat="45.8832630" lon="9.8405399"/>
      <nd lat="45.8829871" lon="9.8407842"/>
      <nd lat="45.8829082" lon="9.8408641"/>
      <nd lat="45.8827162" lon="9.8410521"/>
      <nd lat="45.8826160" lon="9.8411016"/>
      <nd lat="45.8825251" lon="9.8411330"/>
      <nd lat="45.8824248" lon="9.8411338"/>
      <nd lat="45.8823407" lon="9.8411463"/>
      <nd lat="45.8823162" lon="9.8411065"/>
      <nd lat="45.8822810" lon="9.8411244"/>
      <nd lat="45.8822129" lon="9.8411887"/>
      <nd lat="45.8821589" lon="9.8411732"/>
      <nd lat="45.8820413" lon="9.8412842"/>
      <nd lat="45.8818571" lon="9.8413567"/>
      <nd lat="45.8816513" lon="9.8415151"/>
      <nd lat="45.8815753" lon="9.8414662"/>
      <nd lat="45.8814639" lon="9.8415105"/>
      <nd lat="45.8813538" lon="9.8415178"/>
      <nd lat="45.8813077" lon="9.8415801"/>
      <nd lat="45.8812049" lon="9.8415867"/>
    </member>
    <member type="way" ref="816591516" role="">
      <nd lat="45.8952563" lon="9.8325276"/>
      <nd lat="45.8951888" lon="9.8326107"/>
      <nd lat="45.8950259" lon="9.8328014"/>
      <nd lat="45.8949695" lon="9.8328329"/>
      <nd lat="45.8948128" lon="9.8331526"/>
      <nd lat="45.8946170" lon="9.8334791"/>
      <nd lat="45.8944340" lon="9.8337226"/>
      <nd lat="45.8942042" lon="9.8343017"/>
      <nd lat="45.8941591" lon="9.8346249"/>
      <nd lat="45.8941122" lon="9.8347391"/>
      <nd lat="45.8940231" lon="9.8348706"/>
      <nd lat="45.8938428" lon="9.8351587"/>
      <nd lat="45.8936282" lon="9.8352960"/>
      <nd lat="45.8934886" lon="9.8352759"/>
      <nd lat="45.8932814" lon="9.8355248"/>
      <nd lat="45.8930667" lon="9.8358712"/>
      <nd lat="45.8930311" lon="9.8360998"/>
      <nd lat="45.8929132" lon="9.8363722"/>
      <nd lat="45.8928586" lon="9.8364524"/>
      <nd lat="45.8928265" lon="9.8364012"/>
      <nd lat="45.8927968" lon="9.8364319"/>
      <nd lat="45.8927529" lon="9.8364251"/>
      <nd lat="45.8927351" lon="9.8363722"/>
      <nd lat="45.8926697" lon="9.8364626"/>
      <nd lat="45.8926151" lon="9.8363790"/>
      <nd lat="45.8925911" lon="9.8363792"/>
      <nd lat="45.8924860" lon="9.8364357"/>
      <nd lat="45.8922838" lon="9.8366469"/>
      <nd lat="45.8921614" lon="9.8368210"/>
      <nd lat="45.8917921" lon="9.8372288"/>
      <nd lat="45.8912813" lon="9.8377653"/>
      <nd lat="45.8907695" lon="9.8380922"/>
      <nd lat="45.8904789" lon="9.8383390"/>
      <nd lat="45.8902341" lon="9.8383823"/>
      <nd lat="45.8899968" lon="9.8384797"/>
      <nd lat="45.8898572" lon="9.8385161"/>
      <nd lat="45.8897255" lon="9.8385879"/>
      <nd lat="45.8894581" lon="9.8388315"/>
      <nd lat="45.8890061" lon="9.8391291"/>
      <nd lat="45.8884937" lon="9.8394755"/>
      <nd lat="45.8882677" lon="9.8396108"/>
      <nd lat="45.8879626" lon="9.8398543"/>
      <nd lat="45.8876650" lon="9.8401303"/>
      <nd lat="45.8873222" lon="9.8403739"/>
      <nd lat="45.8870811" lon="9.8404767"/>
      <nd lat="45.8869304" lon="9.8403468"/>
      <nd lat="45.8868136" lon="9.8399896"/>
      <nd lat="45.8866517" lon="9.8396920"/>
    </member>
    <member type="way" ref="903558555" role="">
      <nd lat="45.9013038" lon="9.8350377"/>
      <nd lat="45.9011776" lon="9.8349178"/>
      <nd lat="45.9011212" lon="9.8348007"/>
      <nd lat="45.9010413" lon="9.8345305"/>
      <nd lat="45.9008815" lon="9.8343526"/>
      <nd lat="45.9007875" lon="9.8344067"/>
      <nd lat="45.9007125" lon="9.8343829"/>
      <nd lat="45.9006277" lon="9.8343617"/>
      <nd lat="45.9005585" lon="9.8342745"/>
      <nd lat="45.9004914" lon="9.8342315"/>
      <nd lat="45.9004159" lon="9.8342030"/>
      <nd lat="45.9001977" lon="9.8341894"/>
      <nd lat="45.9000250" lon="9.8342513"/>
      <nd lat="45.8999129" lon="9.8342493"/>
      <nd lat="45.8997722" lon="9.8342118"/>
      <nd lat="45.8994960" lon="9.8341285"/>
      <nd lat="45.8994165" lon="9.8341388"/>
      <nd lat="45.8993549" lon="9.8342702"/>
      <nd lat="45.8992926" lon="9.8342990"/>
      <nd lat="45.8991701" lon="9.8342642"/>
      <nd lat="45.8990812" lon="9.8343031"/>
      <nd lat="45.8987390" lon="9.8344836"/>
      <nd lat="45.8986083" lon="9.8346544"/>
      <nd lat="45.8984716" lon="9.8347671"/>
      <nd lat="45.8983776" lon="9.8348345"/>
      <nd lat="45.8982554" lon="9.8350754"/>
      <nd lat="45.8981579" lon="9.8352104"/>
      <nd lat="45.8978903" lon="9.8357689"/>
      <nd lat="45.8978167" lon="9.8358341"/>
      <nd lat="45.8977791" lon="9.8359039"/>
      <nd lat="45.8977180" lon="9.8359310"/>
      <nd lat="45.8976052" lon="9.8361133"/>
      <nd lat="45.8973560" lon="9.8364173"/>
      <nd lat="45.8970473" lon="9.8366717"/>
      <nd lat="45.8966603" lon="9.8369824"/>
      <nd lat="45.8965319" lon="9.8372296"/>
      <nd lat="45.8963986" lon="9.8375318"/>
      <nd lat="45.8962952" lon="9.8376106"/>
      <nd lat="45.8961877" lon="9.8376892"/>
      <nd lat="45.8960718" lon="9.8376667"/>
      <nd lat="45.8959607" lon="9.8376416"/>
      <nd lat="45.8958831" lon="9.8375993"/>
      <nd lat="45.8957969" lon="9.8376061"/>
      <nd lat="45.8957038" lon="9.8377514"/>
      <nd lat="45.8955842" lon="9.8378632"/>
      <nd lat="45.8954523" lon="9.8377919"/>
      <nd lat="45.8954199" lon="9.8377039"/>
      <nd lat="45.8954133" lon="9.8374406"/>
      <nd lat="45.8953996" lon="9.8371299"/>
      <nd lat="45.8954207" lon="9.8367356"/>
      <nd lat="45.8953755" lon="9.8365244"/>
      <nd lat="45.8954639" lon="9.8361677"/>
      <nd lat="45.8955071" lon="9.8358214"/>
      <nd lat="45.8955150" lon="9.8347465"/>
      <nd lat="45.8954805" lon="9.8339517"/>
      <nd lat="45.8953787" lon="9.8330895"/>
      <nd lat="45.8952942" lon="9.8325864"/>
      <nd lat="45.8952563" lon="9.8325276"/>
    </member>
    <tag k="cai_scale" v="E"/>
    <tag k="duration:backward" v="01:30"/>
    <tag k="duration:forward" v="02:00"/>
    <tag k="from" v="Alpe Grina (Gorno)"/>
    <tag k="lwn:name" v="Bergamo - Valle del Riso"/>
    <tag k="network" v="lwn"/>
    <tag k="note:project_page" v="https://wiki.openstreetmap.org/wiki/Lombardia/Sentieri"/>
    <tag k="operator" v="Club Alpino Italiano"/>
    <tag k="osmc:symbol" v="red:red:white_stripe:260:black"/>
    <tag k="ref" v="260"/>
    <tag k="ref:REI" v="DBGA2600"/>
    <tag k="route" v="hiking"/>
    <tag k="rwn:name" v="Rete Escursionistica Lombarda (REL)"/>
    <tag k="source" v="survey:CAI"/>
    <tag k="source:ref" v="9116139"/>
    <tag k="survey:date" v="2023-08-01"/>
    <tag k="symbol:it" v="segnavia bianco e rosso"/>
    <tag k="to" v="Rifugio Baita Golla"/>
    <tag k="type" v="route"/>
    <tag k="website" v="https://www.caibergamo.it/geoportale/sentieri/260"/>
  </relation>
</old>
<new>
  <relation id="12271897" version="11" timestamp="2024-05-14T12:16:07Z" changeset="151310739" uid="396864" user="Ardiccio">
    <bounds minlat="45.8773609" minlon="9.8325276" maxlat="45.9013038" maxlon="9.8415926"/>
    <member type="way" ref="816586085" role="">
      <nd lat="45.8797631" lon="9.8382089"/>
      <nd lat="45.8795984" lon="9.8383711"/>
      <nd lat="45.8794500" lon="9.8385706"/>
      <nd lat="45.8793436" lon="9.8385997"/>
      <nd lat="45.8792216" lon="9.8387256"/>
      <nd lat="45.8789269" lon="9.8390387"/>
      <nd lat="45.8788150" lon="9.8391390"/>
      <nd lat="45.8784113" lon="9.8396388"/>
      <nd lat="45.8783771" lon="9.8397630"/>
      <nd lat="45.8782929" lon="9.8398708"/>
      <nd lat="45.8781561" lon="9.8401191"/>
      <nd lat="45.8781011" lon="9.8402328"/>
      <nd lat="45.8779130" lon="9.8405278"/>
      <nd lat="45.8778259" lon="9.8406304"/>
      <nd lat="45.8776822" lon="9.8408059"/>
      <nd lat="45.8775337" lon="9.8409748"/>
      <nd lat="45.8775052" lon="9.8410426"/>
      <nd lat="45.8773609" lon="9.8410799"/>
    </member>
    <member type="way" ref="903554651" role="">
      <nd lat="45.8810288" lon="9.8364717"/>
      <nd lat="45.8809406" lon="9.8365928"/>
      <nd lat="45.8809115" lon="9.8366980"/>
      <nd lat="45.8808387" lon="9.8367893"/>
      <nd lat="45.8807974" lon="9.8369145"/>
      <nd lat="45.8807387" lon="9.8370006"/>
      <nd lat="45.8807257" lon="9.8369947"/>
      <nd lat="45.8806924" lon="9.8370204"/>
      <nd lat="45.8806820" lon="9.8370838"/>
      <nd lat="45.8806501" lon="9.8371348"/>
      <nd lat="45.8806192" lon="9.8371629"/>
      <nd lat="45.8806022" lon="9.8371956"/>
      <nd lat="45.8805997" lon="9.8372330"/>
      <nd lat="45.8804410" lon="9.8374851"/>
      <nd lat="45.8803756" lon="9.8375307"/>
      <nd lat="45.8803005" lon="9.8377032"/>
      <nd lat="45.8801889" lon="9.8378633"/>
      <nd lat="45.8800109" lon="9.8380408"/>
      <nd lat="45.8797790" lon="9.8381958"/>
    </member>
    <member type="way" ref="903554652" role="">
      <nd lat="45.8810288" lon="9.8364717"/>
      <nd lat="45.8810563" lon="9.8365727"/>
      <nd lat="45.8811043" lon="9.8366766"/>
      <nd lat="45.8811213" lon="9.8367922"/>
      <nd lat="45.8811457" lon="9.8368144"/>
      <nd lat="45.8811855" lon="9.8368074"/>
      <nd lat="45.8812002" lon="9.8368319"/>
      <nd lat="45.8811790" lon="9.8369288"/>
      <nd lat="45.8811855" lon="9.8370829"/>
      <nd lat="45.8811880" lon="9.8372767"/>
      <nd lat="45.8812506" lon="9.8375137"/>
      <nd lat="45.8812642" lon="9.8376598"/>
    </member>
    <member type="way" ref="903558552" role="">
      <nd lat="45.8812049" lon="9.8415867"/>
      <nd lat="45.8811976" lon="9.8415319"/>
      <nd lat="45.8812252" lon="9.8414069"/>
      <nd lat="45.8812301" lon="9.8413626"/>
      <nd lat="45.8812236" lon="9.8413345"/>
      <nd lat="45.8812081" lon="9.8413217"/>
      <nd lat="45.8811838" lon="9.8413392"/>
      <nd lat="45.8811618" lon="9.8413859"/>
      <nd lat="45.8810789" lon="9.8414350"/>
      <nd lat="45.8810448" lon="9.8414676"/>
      <nd lat="45.8810017" lon="9.8414852"/>
      <nd lat="45.8809798" lon="9.8415284"/>
      <nd lat="45.8809424" lon="9.8415319"/>
      <nd lat="45.8808855" lon="9.8415867"/>
      <nd lat="45.8808619" lon="9.8415926"/>
      <nd lat="45.8808521" lon="9.8415727"/>
      <nd lat="45.8808570" lon="9.8415529"/>
      <nd lat="45.8808830" lon="9.8415038"/>
      <nd lat="45.8809050" lon="9.8414933"/>
      <nd lat="45.8809237" lon="9.8414233"/>
      <nd lat="45.8809294" lon="9.8413812"/>
      <nd lat="45.8809220" lon="9.8413567"/>
      <nd lat="45.8809846" lon="9.8411991"/>
      <nd lat="45.8809814" lon="9.8411419"/>
      <nd lat="45.8810358" lon="9.8409376"/>
      <nd lat="45.8810529" lon="9.8408057"/>
      <nd lat="45.8810797" lon="9.8406796"/>
      <nd lat="45.8810927" lon="9.8405628"/>
      <nd lat="45.8811147" lon="9.8405161"/>
      <nd lat="45.8811163" lon="9.8404216"/>
      <nd lat="45.8811577" lon="9.8403083"/>
      <nd lat="45.8811626" lon="9.8402686"/>
      <nd lat="45.8812163" lon="9.8401484"/>
      <nd lat="45.8812195" lon="9.8401056"/>
      <nd lat="45.8811959" lon="9.8400579"/>
      <nd lat="45.8811862" lon="9.8399943"/>
      <nd lat="45.8811968" lon="9.8399406"/>
      <nd lat="45.8811968" lon="9.8398670"/>
      <nd lat="45.8812114" lon="9.8397923"/>
      <nd lat="45.8812138" lon="9.8397362"/>
      <nd lat="45.8812471" lon="9.8396323"/>
      <nd lat="45.8812683" lon="9.8396183"/>
      <nd lat="45.8812715" lon="9.8396066"/>
      <nd lat="45.8812715" lon="9.8395798"/>
      <nd lat="45.8812902" lon="9.8395331"/>
      <nd lat="45.8812959" lon="9.8394969"/>
      <nd lat="45.8813187" lon="9.8394619"/>
      <nd lat="45.8813496" lon="9.8394607"/>
      <nd lat="45.8813528" lon="9.8394362"/>
      <nd lat="45.8813300" lon="9.8393860"/>
      <nd lat="45.8813219" lon="9.8393533"/>
      <nd lat="45.8813479" lon="9.8392412"/>
      <nd lat="45.8813731" lon="9.8390626"/>
      <nd lat="45.8813691" lon="9.8390346"/>
      <nd lat="45.8813617" lon="9.8390252"/>
      <nd lat="45.8813487" lon="9.8390252"/>
      <nd lat="45.8813366" lon="9.8390661"/>
      <nd lat="45.8813073" lon="9.8390789"/>
      <nd lat="45.8812260" lon="9.8391548"/>
      <nd lat="45.8811504" lon="9.8392856"/>
      <nd lat="45.8811009" lon="9.8392973"/>
      <nd lat="45.8810704" lon="9.8393492"/>
      <nd lat="45.8810675" lon="9.8393942"/>
      <nd lat="45.8810468" lon="9.8393877"/>
      <nd lat="45.8810391" lon="9.8393159"/>
      <nd lat="45.8810715" lon="9.8392306"/>
      <nd lat="45.8810608" lon="9.8390704"/>
      <nd lat="45.8810846" lon="9.8388583"/>
      <nd lat="45.8810887" lon="9.8387592"/>
      <nd lat="45.8811026" lon="9.8386960"/>
      <nd lat="45.8811163" lon="9.8386680"/>
      <nd lat="45.8811444" lon="9.8384881"/>
      <nd lat="45.8811976" lon="9.8383119"/>
      <nd lat="45.8812545" lon="9.8380352"/>
      <nd lat="45.8812721" lon="9.8378245"/>
      <nd lat="45.8812628" lon="9.8377279"/>
      <nd lat="45.8812642" lon="9.8376598"/>
    </member>
    <member type="way" ref="903558554" role="">
      <nd lat="45.8866517" lon="9.8396920"/>
      <nd lat="45.8866288" lon="9.8396239"/>
      <nd lat="45.8865462" lon="9.8393781"/>
      <nd lat="45.8864708" lon="9.8391291"/>
      <nd lat="45.8863201" lon="9.8389776"/>
      <nd lat="45.8861474" lon="9.8389554"/>
      <nd lat="45.8858153" lon="9.8389127"/>
      <nd lat="45.8857132" lon="9.8389366"/>
      <nd lat="45.8854914" lon="9.8389884"/>
      <nd lat="45.8850845" lon="9.8391616"/>
      <nd lat="45.8848020" lon="9.8393023"/>
      <nd lat="45.8843872" lon="9.8396138"/>
      <nd lat="45.8840409" lon="9.8398587"/>
      <nd lat="45.8837585" lon="9.8401036"/>
      <nd lat="45.8834122" lon="9.8404213"/>
      <nd lat="45.8832630" lon="9.8405399"/>
      <nd lat="45.8829871" lon="9.8407842"/>
      <nd lat="45.8829082" lon="9.8408641"/>
      <nd lat="45.8827162" lon="9.8410521"/>
      <nd lat="45.8826160" lon="9.8411016"/>
      <nd lat="45.8825251" lon="9.8411330"/>
      <nd lat="45.8824248" lon="9.8411338"/>
      <nd lat="45.8823407" lon="9.8411463"/>
      <nd lat="45.8823162" lon="9.8411065"/>
      <nd lat="45.8822810" lon="9.8411244"/>
      <nd lat="45.8822129" lon="9.8411887"/>
      <nd lat="45.8821589" lon="9.8411732"/>
      <nd lat="45.8820413" lon="9.8412842"/>
      <nd lat="45.8818571" lon="9.8413567"/>
      <nd lat="45.8816513" lon="9.8415151"/>
      <nd lat="45.8815753" lon="9.8414662"/>
      <nd lat="45.8814639" lon="9.8415105"/>
      <nd lat="45.8813538" lon="9.8415178"/>
      <nd lat="45.8813077" lon="9.8415801"/>
      <nd lat="45.8812049" lon="9.8415867"/>
    </member>
    <member type="way" ref="816591516" role="">
      <nd lat="45.8952563" lon="9.8325276"/>
      <nd lat="45.8951888" lon="9.8326107"/>
      <nd lat="45.8950259" lon="9.8328014"/>
      <nd lat="45.8949695" lon="9.8328329"/>
      <nd lat="45.8948128" lon="9.8331526"/>
      <nd lat="45.8946170" lon="9.8334791"/>
      <nd lat="45.8944340" lon="9.8337226"/>
      <nd lat="45.8942042" lon="9.8343017"/>
      <nd lat="45.8941591" lon="9.8346249"/>
      <nd lat="45.8941122" lon="9.8347391"/>
      <nd lat="45.8940231" lon="9.8348706"/>
      <nd lat="45.8938428" lon="9.8351587"/>
      <nd lat="45.8936282" lon="9.8352960"/>
      <nd lat="45.8934886" lon="9.8352759"/>
      <nd lat="45.8932814" lon="9.8355248"/>
      <nd lat="45.8930667" lon="9.8358712"/>
      <nd lat="45.8930311" lon="9.8360998"/>
      <nd lat="45.8929132" lon="9.8363722"/>
      <nd lat="45.8928586" lon="9.8364524"/>
      <nd lat="45.8928265" lon="9.8364012"/>
      <nd lat="45.8927968" lon="9.8364319"/>
      <nd lat="45.8927529" lon="9.8364251"/>
      <nd lat="45.8927351" lon="9.8363722"/>
      <nd lat="45.8926697" lon="9.8364626"/>
      <nd lat="45.8926151" lon="9.8363790"/>
      <nd lat="45.8925911" lon="9.8363792"/>
      <nd lat="45.8924860" lon="9.8364357"/>
      <nd lat="45.8922838" lon="9.8366469"/>
      <nd lat="45.8921614" lon="9.8368210"/>
      <nd lat="45.8917921" lon="9.8372288"/>
      <nd lat="45.8912813" lon="9.8377653"/>
      <nd lat="45.8907695" lon="9.8380922"/>
      <nd lat="45.8904789" lon="9.8383390"/>
      <nd lat="45.8902341" lon="9.8383823"/>
      <nd lat="45.8899968" lon="9.8384797"/>
      <nd lat="45.8898572" lon="9.8385161"/>
      <nd lat="45.8897255" lon="9.8385879"/>
      <nd lat="45.8894581" lon="9.8388315"/>
      <nd lat="45.8890061" lon="9.8391291"/>
      <nd lat="45.8884937" lon="9.8394755"/>
      <nd lat="45.8882677" lon="9.8396108"/>
      <nd lat="45.8879626" lon="9.8398543"/>
      <nd lat="45.8876650" lon="9.8401303"/>
      <nd lat="45.8873222" lon="9.8403739"/>
      <nd lat="45.8870811" lon="9.8404767"/>
      <nd lat="45.8869304" lon="9.8403468"/>
      <nd lat="45.8868136" lon="9.8399896"/>
      <nd lat="45.8866517" lon="9.8396920"/>
    </member>
    <member type="way" ref="903558555" role="">
      <nd lat="45.9013038" lon="9.8350377"/>
      <nd lat="45.9011776" lon="9.8349178"/>
      <nd lat="45.9011212" lon="9.8348007"/>
      <nd lat="45.9010413" lon="9.8345305"/>
      <nd lat="45.9008815" lon="9.8343526"/>
      <nd lat="45.9007875" lon="9.8344067"/>
      <nd lat="45.9007125" lon="9.8343829"/>
      <nd lat="45.9006277" lon="9.8343617"/>
      <nd lat="45.9005585" lon="9.8342745"/>
      <nd lat="45.9004914" lon="9.8342315"/>
      <nd lat="45.9004159" lon="9.8342030"/>
      <nd lat="45.9001977" lon="9.8341894"/>
      <nd lat="45.9000250" lon="9.8342513"/>
      <nd lat="45.8999129" lon="9.8342493"/>
      <nd lat="45.8997722" lon="9.8342118"/>
      <nd lat="45.8994960" lon="9.8341285"/>
      <nd lat="45.8994165" lon="9.8341388"/>
      <nd lat="45.8993549" lon="9.8342702"/>
      <nd lat="45.8992926" lon="9.8342990"/>
      <nd lat="45.8991701" lon="9.8342642"/>
      <nd lat="45.8990812" lon="9.8343031"/>
      <nd lat="45.8987390" lon="9.8344836"/>
      <nd lat="45.8986083" lon="9.8346544"/>
      <nd lat="45.8984716" lon="9.8347671"/>
      <nd lat="45.8983776" lon="9.8348345"/>
      <nd lat="45.8982554" lon="9.8350754"/>
      <nd lat="45.8981579" lon="9.8352104"/>
      <nd lat="45.8978903" lon="9.8357689"/>
      <nd lat="45.8978167" lon="9.8358341"/>
      <nd lat="45.8977791" lon="9.8359039"/>
      <nd lat="45.8977180" lon="9.8359310"/>
      <nd lat="45.8976052" lon="9.8361133"/>
      <nd lat="45.8973560" lon="9.8364173"/>
      <nd lat="45.8970473" lon="9.8366717"/>
      <nd lat="45.8966603" lon="9.8369824"/>
      <nd lat="45.8965319" lon="9.8372296"/>
      <nd lat="45.8963986" lon="9.8375318"/>
      <nd lat="45.8962952" lon="9.8376106"/>
      <nd lat="45.8961877" lon="9.8376892"/>
      <nd lat="45.8960718" lon="9.8376667"/>
      <nd lat="45.8959607" lon="9.8376416"/>
      <nd lat="45.8958831" lon="9.8375993"/>
      <nd lat="45.8957969" lon="9.8376061"/>
      <nd lat="45.8957038" lon="9.8377514"/>
      <nd lat="45.8955842" lon="9.8378632"/>
      <nd lat="45.8954523" lon="9.8377919"/>
      <nd lat="45.8954199" lon="9.8377039"/>
      <nd lat="45.8954133" lon="9.8374406"/>
      <nd lat="45.8953996" lon="9.8371299"/>
      <nd lat="45.8954207" lon="9.8367356"/>
      <nd lat="45.8953755" lon="9.8365244"/>
      <nd lat="45.8954639" lon="9.8361677"/>
      <nd lat="45.8955071" lon="9.8358214"/>
      <nd lat="45.8955150" lon="9.8347465"/>
      <nd lat="45.8954805" lon="9.8339517"/>
      <nd lat="45.8953787" lon="9.8330895"/>
      <nd lat="45.8952942" lon="9.8325864"/>
      <nd lat="45.8952563" lon="9.8325276"/>
    </member>
    <tag k="cai_scale" v="E"/>
    <tag k="duration:backward" v="01:30"/>
    <tag k="duration:forward" v="02:00"/>
    <tag k="from" v="Alpe Grina (Gorno)"/>
    <tag k="lwn:name" v="Bergamo - Valle del Riso"/>
    <tag k="network" v="lwn"/>
    <tag k="note:project_page" v="https://wiki.openstreetmap.org/wiki/Lombardia/Sentieri"/>
    <tag k="operator" v="Club Alpino Italiano"/>
    <tag k="osmc:symbol" v="red:red:white_stripe:260:black"/>
    <tag k="ref" v="260"/>
    <tag k="ref:REI" v="DBGA2600"/>
    <tag k="route" v="hiking"/>
    <tag k="rwn:name" v="Rete Escursionistica Lombarda (REL)"/>
    <tag k="source" v="survey:CAI"/>
    <tag k="source:ref" v="9116139"/>
    <tag k="survey:date" v="2023-08-01"/>
    <tag k="symbol:it" v="segnavia bianco e rosso"/>
    <tag k="to" v="Rifugio Baita Golla"/>
    <tag k="type" v="route"/>
    <tag k="website" v="https://www.caibergamo.it/geoportale/sentieri/260"/>
  </relation>
</new>
</action>

</osm>
