<?xml version="1.0" encoding="UTF-8"?>
<osm version="0.6" generator="Overpass API 0.7.62.11 87bfad18">
<note>The data included in this document is from www.openstreetmap.org. The data is made available under ODbL.</note>
<meta osm_base="2026-09-30T03:19:36Z" areas="2026-09-28T16:30:26Z"/>

<action type="delete">
<old>
  <node id="514526731" lat="43.6933578" lon="12.7554455" version="5" timestamp="2023-07-10T22:03:26Z" changeset="138355099" uid="13384" user="Sebastien Dinot"/>
</old>
<new>
  <node id="514526731" visible="true" version="5" timestamp="2023-07-10T22:03:26Z" changeset="138355099" uid="13384" user="Sebastien Dinot"/>
</new>
</action>
<action type="delete">
<old>
  <node id="514526737" lat="43.6933006" lon="12.7556983" version="5" timestamp="2023-07-10T22:03:26Z" changeset="138355099" uid="13384" user="Sebastien Dinot"/>
</old>
<new>
  <node id="514526737" visible="true" version="5" timestamp="2023-07-10T22:03:26Z" changeset="138355099" uid="13384" user="Sebastien Dinot"/>
</new>
</action>
<action type="delete">
<old>
  <node id="514526743" lat="43.6934262" lon="12.7568295" version="5" timestamp="2023-07-10T22:03:26Z" changeset="138355099" uid="13384" user="Sebastien Dinot"/>
</old>
<new>
  <node id="514526743" visible="true" version="5" timestamp="2023-07-10T22:03:26Z" changeset="138355099" uid="13384" user="Sebastien Dinot"/>
</new>
</action>
<action type="delete">
<old>
  <node id="514526753" lat="43.6931794" lon="12.7568536" version="5" timestamp="2023-07-10T22:03:26Z" changeset="138355099" uid="13384" user="Sebastien Dinot"/>
</old>
<new>
  <node id="514526753" visible="true" version="5" timestamp="2023-07-10T22:03:26Z" changeset="138355099" uid="13384" user="Sebastien Dinot"/>
</new>
</action>
<action type="delete">
<old>
  <node id="514526756" lat="43.6930456" lon="12.7570937" version="5" timestamp="2023-07-10T22:03:26Z" changeset="138355099" uid="13384" user="Sebastien Dinot"/>
</old>
<new>
  <node id="514526756" visible="true" version="5" timestamp="2023-07-10T22:03:26Z" changeset="138355099" uid="13384" user="Sebastien Dinot"/>
</new>
</action>
<action type="delete">
<old>
  <node id="514526757" lat="43.6929795" lon="12.7574975" version="4" timestamp="2012-11-16T19:00:17Z" changeset="13897692" uid="160229" user="sorcrosc"/>
</old>
<new>
  <node id="514526757" visible="true" version="4" timestamp="2012-11-16T19:00:17Z" changeset="13897692" uid="160229" user="sorcrosc"/>
</new>
</action>
<action type="delete">
<old>
  <node id="514526770" lat="43.6926044" lon="12.7587385" version="5" timestamp="2023-07-10T22:03:26Z" changeset="138355099" uid="13384" user="Sebastien Dinot"/>
</old>
<new>
  <node id="514526770" visible="true" version="5" timestamp="2023-07-10T22:03:26Z" changeset="138355099" uid="13384" user="Sebastien Dinot"/>
</new>
</action>
<action type="delete">
<old>
  <node id="514526774" lat="43.6919836" lon="12.7615599" version="3" timestamp="2012-11-16T19:00:17Z" changeset="13897692" uid="160229" user="sorcrosc"/>
</old>
<new>
  <node id="514526774" visible="true" version="3" timestamp="2012-11-16T19:00:17Z" changeset="13897692" uid="160229" user="sorcrosc"/>
</new>
</action>
<action type="delete">
<old>
  <node id="514526777" lat="43.6921041" lon="12.7620435" version="4" timestamp="2012-11-16T19:00:17Z" changeset="13897692" uid="160229" user="sorcrosc"/>
</old>
<new>
  <node id="514526777" visible="true" version="4" timestamp="2012-11-16T19:00:17Z" changeset="13897692" uid="160229" user="sorcrosc"/>
</new>
</action>
<action type="delete">
<old>
  <node id="514526778" lat="43.6922051" lon="12.7621313" version="4" timestamp="2012-11-16T19:00:17Z" changeset="13897692" uid="160229" user="sorcrosc"/>
</old>
<new>
  <node id="514526778" visible="true" version="4" timestamp="2012-11-16T19:00:17Z" changeset="13897692" uid="160229" user="sorcrosc"/>
</new>
</action>
<action type="delete">
<old>
  <node id="514526785" lat="43.6931067" lon="12.7624668" version="4" timestamp="2023-07-10T22:03:26Z" changeset="138355099" uid="13384" user="Sebastien Dinot"/>
</old>
<new>
  <node id="514526785" visible="true" version="4" timestamp="2023-07-10T22:03:26Z" changeset="138355099" uid="13384" user="Sebastien Dinot"/>
</new>
</action>
<action type="delete">
<old>
  <node id="514526790" lat="43.6934524" lon="12.7628658" version="4" timestamp="2023-07-10T22:03:26Z" changeset="138355099" uid="13384" user="Sebastien Dinot"/>
</old>
<new>
  <node id="514526790" visible="true" version="4" timestamp="2023-07-10T22:03:26Z" changeset="138355099" uid="13384" user="Sebastien Dinot"/>
</new>
</action>
<action type="delete">
<old>
  <node id="514526796" lat="43.6932395" lon="12.7630395" version="4" timestamp="2023-07-10T22:03:26Z" changeset="138355099" uid="13384" user="Sebastien Dinot"/>
</old>
<new>
  <node id="514526796" visible="true" version="4" timestamp="2023-07-10T22:03:26Z" changeset="138355099" uid="13384" user="Sebastien Dinot"/>
</new>
</action>
<action type="delete">
<old>
  <node id="514526804" lat="43.6926743" lon="12.7637535" version="4" timestamp="2012-11-16T19:00:17Z" changeset="13897692" uid="160229" user="sorcrosc"/>
</old>
<new>
  <node id="514526804" visible="true" version="4" timestamp="2012-11-16T19:00:17Z" changeset="13897692" uid="160229" user="sorcrosc"/>
</new>
</action>
<action type="delete">
<old>
  <node id="514526818" lat="43.6926155" lon="12.7638569" version="5" timestamp="2023-07-10T22:03:26Z" changeset="138355099" uid="13384" user="Sebastien Dinot"/>
</old>
<new>
  <node id="514526818" visible="true" version="5" timestamp="2023-07-10T22:03:26Z" changeset="138355099" uid="13384" user="Sebastien Dinot"/>
</new>
</action>
<action type="delete">
<old>
  <node id="514526823" lat="43.6925869" lon="12.7641714" version="4" timestamp="2023-07-10T22:03:26Z" changeset="138355099" uid="13384" user="Sebastien Dinot"/>
</old>
<new>
  <node id="514526823" visible="true" version="4" timestamp="2023-07-10T22:03:26Z" changeset="138355099" uid="13384" user="Sebastien Dinot"/>
</new>
</action>
<action type="delete">
<old>
  <node id="514526841" lat="43.6927216" lon="12.7643699" version="3" timestamp="2012-11-16T19:00:17Z" changeset="13897692" uid="160229" user="sorcrosc"/>
</old>
<new>
  <node id="514526841" visible="true" version="3" timestamp="2012-11-16T19:00:17Z" changeset="13897692" uid="160229" user="sorcrosc"/>
</new>
</action>
<action type="delete">
<old>
  <node id="514526851" lat="43.6930151" lon="12.7646293" version="5" timestamp="2023-07-10T22:03:26Z" changeset="138355099" uid="13384" user="Sebastien Dinot"/>
</old>
<new>
  <node id="514526851" visible="true" version="5" timestamp="2023-07-10T22:03:26Z" changeset="138355099" uid="13384" user="Sebastien Dinot"/>
</new>
</action>
<action type="delete">
<old>
  <node id="540194286" lat="43.6923276" lon="12.7600102" version="4" timestamp="2024-12-29T14:07:28Z" changeset="160751827" uid="371415" user="at1839"/>
</old>
<new>
  <node id="540194286" visible="true" version="4" timestamp="2024-12-29T14:07:28Z" changeset="160751827" uid="371415" user="at1839"/>
</new>
</action>
<action type="delete">
<old>
  <node id="557872255" lat="43.6934267" lon="12.7629898" version="3" timestamp="2023-07-10T22:03:26Z" changeset="138355099" uid="13384" user="Sebastien Dinot"/>
</old>
<new>
  <node id="557872255" visible="true" version="3" timestamp="2023-07-10T22:03:26Z" changeset="138355099" uid="13384" user="Sebastien Dinot"/>
</new>
</action>
<action type="delete">
<old>
  <node id="557872267" lat="43.6937355" lon="12.7659785" version="3" timestamp="2023-07-10T22:03:26Z" changeset="138355099" uid="13384" user="Sebastien Dinot"/>
</old>
<new>
  <node id="557872267" visible="true" version="3" timestamp="2023-07-10T22:03:26Z" changeset="138355099" uid="13384" user="Sebastien Dinot"/>
</new>
</action>
<action type="delete">
<old>
  <node id="585106846" lat="43.6938916" lon="12.7662585" version="2" timestamp="2012-04-05T23:54:28Z" changeset="11195877" uid="160229" user="sorcrosc"/>
</old>
<new>
  <node id="585106846" visible="true" version="2" timestamp="2012-04-05T23:54:28Z" changeset="11195877" uid="160229" user="sorcrosc"/>
</new>
</action>
<action type="delete">
<old>
  <node id="1703614998" lat="43.6939072" lon="12.7663205" version="2" timestamp="2023-07-10T22:03:26Z" changeset="138355099" uid="13384" user="Sebastien Dinot"/>
</old>
<new>
  <node id="1703614998" visible="true" version="2" timestamp="2023-07-10T22:03:26Z" changeset="138355099" uid="13384" user="Sebastien Dinot"/>
</new>
</action>
<action type="delete">
<old>
  <node id="1871914605" lat="43.6933111" lon="12.7555937" version="1" timestamp="2012-08-18T21:17:56Z" changeset="12777476" uid="160229" user="sorcrosc"/>
</old>
<new>
  <node id="1871914605" visible="true" version="1" timestamp="2012-08-18T21:17:56Z" changeset="12777476" uid="160229" user="sorcrosc"/>
</new>
</action>
<action type="delete">
<old>
  <node id="1871914606" lat="43.6933151" lon="12.7559279" version="1" timestamp="2012-08-18T21:17:56Z" changeset="12777476" uid="160229" user="sorcrosc"/>
</old>
<new>
  <node id="1871914606" visible="true" version="1" timestamp="2012-08-18T21:17:56Z" changeset="12777476" uid="160229" user="sorcrosc"/>
</new>
</action>
<action type="delete">
<old>
  <node id="1871914607" lat="43.6934024" lon="12.7553718" version="1" timestamp="2012-08-18T21:17:56Z" changeset="12777476" uid="160229" user="sorcrosc"/>
</old>
<new>
  <node id="1871914607" visible="true" version="1" timestamp="2012-08-18T21:17:56Z" changeset="12777476" uid="160229" user="sorcrosc"/>
</new>
</action>
<action type="delete">
<old>
  <node id="1871914618" lat="43.6941617" lon="12.7544799" version="2" timestamp="2023-07-10T22:03:26Z" changeset="138355099" uid="13384" user="Sebastien Dinot"/>
</old>
<new>
  <node id="1871914618" visible="true" version="2" timestamp="2023-07-10T22:03:26Z" changeset="138355099" uid="13384" user="Sebastien Dinot"/>
</new>
</action>
<action type="delete">
<old>
  <node id="1871914630" lat="43.6942648" lon="12.7544044" version="3" timestamp="2013-04-17T21:01:43Z" changeset="15767290" uid="585860" user="RosTnT">
    <tag k="barrier" v="lift_gate"/>
    <tag k="bicycle" v="yes"/>
    <tag k="foot" v="yes"/>
  </node>
</old>
<new>
  <node id="1871914630" visible="true" version="3" timestamp="2013-04-17T21:01:43Z" changeset="15767290" uid="585860" user="RosTnT"/>
</new>
</action>
<action type="delete">
<old>
  <node id="1871914632" lat="43.6942839" lon="12.7543444" version="2" timestamp="2023-07-10T22:03:26Z" changeset="138355099" uid="13384" user="Sebastien Dinot"/>
</old>
<new>
  <node id="1871914632" visible="true" version="2" timestamp="2023-07-10T22:03:26Z" changeset="138355099" uid="13384" user="Sebastien Dinot"/>
</new>
</action>
<action type="delete">
<old>
  <node id="2016968048" lat="43.6919822" lon="12.7616978" version="1" timestamp="2012-11-16T19:00:12Z" changeset="13897692" uid="160229" user="sorcrosc"/>
</old>
<new>
  <node id="2016968048" visible="true" version="1" timestamp="2012-11-16T19:00:12Z" changeset="13897692" uid="160229" user="sorcrosc"/>
</new>
</action>
<action type="delete">
<old>
  <node id="2016968051" lat="43.6920053" lon="12.7618397" version="1" timestamp="2012-11-16T19:00:12Z" changeset="13897692" uid="160229" user="sorcrosc"/>
</old>
<new>
  <node id="2016968051" visible="true" version="1" timestamp="2012-11-16T19:00:12Z" changeset="13897692" uid="160229" user="sorcrosc"/>
</new>
</action>
<action type="delete">
<old>
  <node id="2016968053" lat="43.6920363" lon="12.7612249" version="1" timestamp="2012-11-16T19:00:12Z" changeset="13897692" uid="160229" user="sorcrosc"/>
</old>
<new>
  <node id="2016968053" visible="true" version="1" timestamp="2012-11-16T19:00:12Z" changeset="13897692" uid="160229" user="sorcrosc"/>
</new>
</action>
<action type="delete">
<old>
  <node id="2016968055" lat="43.6920434" lon="12.7619270" version="2" timestamp="2023-07-10T22:03:26Z" changeset="138355099" uid="13384" user="Sebastien Dinot"/>
</old>
<new>
  <node id="2016968055" visible="true" version="2" timestamp="2023-07-10T22:03:26Z" changeset="138355099" uid="13384" user="Sebastien Dinot"/>
</new>
</action>
<action type="delete">
<old>
  <node id="2016968067" lat="43.6924204" lon="12.7596528" version="1" timestamp="2012-11-16T19:00:12Z" changeset="13897692" uid="160229" user="sorcrosc"/>
</old>
<new>
  <node id="2016968067" visible="true" version="1" timestamp="2012-11-16T19:00:12Z" changeset="13897692" uid="160229" user="sorcrosc"/>
</new>
</action>
<action type="delete">
<old>
  <node id="2016968071" lat="43.6925103" lon="12.7623119" version="2" timestamp="2023-07-10T22:03:26Z" changeset="138355099" uid="13384" user="Sebastien Dinot"/>
</old>
<new>
  <node id="2016968071" visible="true" version="2" timestamp="2023-07-10T22:03:26Z" changeset="138355099" uid="13384" user="Sebastien Dinot"/>
</new>
</action>
<action type="delete">
<old>
  <node id="2016968073" lat="43.6925418" lon="12.7590765" version="2" timestamp="2023-07-10T22:03:26Z" changeset="138355099" uid="13384" user="Sebastien Dinot"/>
</old>
<new>
  <node id="2016968073" visible="true" version="2" timestamp="2023-07-10T22:03:26Z" changeset="138355099" uid="13384" user="Sebastien Dinot"/>
</new>
</action>
<action type="delete">
<old>
  <node id="2016968075" lat="43.6925743" lon="12.7640091" version="2" timestamp="2023-07-10T22:03:26Z" changeset="138355099" uid="13384" user="Sebastien Dinot"/>
</old>
<new>
  <node id="2016968075" visible="true" version="2" timestamp="2023-07-10T22:03:26Z" changeset="138355099" uid="13384" user="Sebastien Dinot"/>
</new>
</action>
<action type="delete">
<old>
  <node id="2016968079" lat="43.6926543" lon="12.7623542" version="2" timestamp="2023-07-10T22:03:26Z" changeset="138355099" uid="13384" user="Sebastien Dinot"/>
</old>
<new>
  <node id="2016968079" visible="true" version="2" timestamp="2023-07-10T22:03:26Z" changeset="138355099" uid="13384" user="Sebastien Dinot"/>
</new>
</action>
<action type="delete">
<old>
  <node id="2016968080" lat="43.6926471" lon="12.7642907" version="2" timestamp="2023-07-10T22:03:26Z" changeset="138355099" uid="13384" user="Sebastien Dinot"/>
</old>
<new>
  <node id="2016968080" visible="true" version="2" timestamp="2023-07-10T22:03:26Z" changeset="138355099" uid="13384" user="Sebastien Dinot"/>
</new>
</action>
<action type="delete">
<old>
  <node id="2016968081" lat="43.6927025" lon="12.7583673" version="1" timestamp="2012-11-16T19:00:13Z" changeset="13897692" uid="160229" user="sorcrosc"/>
</old>
<new>
  <node id="2016968081" visible="true" version="1" timestamp="2012-11-16T19:00:13Z" changeset="13897692" uid="160229" user="sorcrosc"/>
</new>
</action>
<action type="delete">
<old>
  <node id="2016968083" lat="43.6928468" lon="12.7623669" version="2" timestamp="2023-07-10T22:03:26Z" changeset="138355099" uid="13384" user="Sebastien Dinot"/>
</old>
<new>
  <node id="2016968083" visible="true" version="2" timestamp="2023-07-10T22:03:26Z" changeset="138355099" uid="13384" user="Sebastien Dinot"/>
</new>
</action>
<action type="delete">
<old>
  <node id="2016968085" lat="43.6928883" lon="12.7578478" version="1" timestamp="2012-11-16T19:00:13Z" changeset="13897692" uid="160229" user="sorcrosc"/>
</old>
<new>
  <node id="2016968085" visible="true" version="1" timestamp="2012-11-16T19:00:13Z" changeset="13897692" uid="160229" user="sorcrosc"/>
</new>
</action>
<action type="delete">
<old>
  <node id="2016968087" lat="43.6929407" lon="12.7576748" version="1" timestamp="2012-11-16T19:00:13Z" changeset="13897692" uid="160229" user="sorcrosc"/>
</old>
<new>
  <node id="2016968087" visible="true" version="1" timestamp="2012-11-16T19:00:13Z" changeset="13897692" uid="160229" user="sorcrosc"/>
</new>
</action>
<action type="delete">
<old>
  <node id="2016968089" lat="43.6930471" lon="12.7624205" version="2" timestamp="2023-07-10T22:03:26Z" changeset="138355099" uid="13384" user="Sebastien Dinot"/>
</old>
<new>
  <node id="2016968089" visible="true" version="2" timestamp="2023-07-10T22:03:26Z" changeset="138355099" uid="13384" user="Sebastien Dinot"/>
</new>
</action>
<action type="delete">
<old>
  <node id="2016968091" lat="43.6930902" lon="12.7569844" version="2" timestamp="2023-07-10T22:03:26Z" changeset="138355099" uid="13384" user="Sebastien Dinot"/>
</old>
<new>
  <node id="2016968091" visible="true" version="2" timestamp="2023-07-10T22:03:26Z" changeset="138355099" uid="13384" user="Sebastien Dinot"/>
</new>
</action>
<action type="delete">
<old>
  <node id="2016968093" lat="43.6931382" lon="12.7648041" version="1" timestamp="2012-11-16T19:00:13Z" changeset="13897692" uid="160229" user="sorcrosc"/>
</old>
<new>
  <node id="2016968093" visible="true" version="1" timestamp="2012-11-16T19:00:13Z" changeset="13897692" uid="160229" user="sorcrosc"/>
</new>
</action>
<action type="delete">
<old>
  <node id="2016968095" lat="43.6931309" lon="12.7630998" version="2" timestamp="2023-07-10T22:03:26Z" changeset="138355099" uid="13384" user="Sebastien Dinot"/>
</old>
<new>
  <node id="2016968095" visible="true" version="2" timestamp="2023-07-10T22:03:26Z" changeset="138355099" uid="13384" user="Sebastien Dinot"/>
</new>
</action>
<action type="delete">
<old>
  <node id="2016968097" lat="43.6932255" lon="12.7568167" version="2" timestamp="2023-07-10T22:03:26Z" changeset="138355099" uid="13384" user="Sebastien Dinot"/>
</old>
<new>
  <node id="2016968097" visible="true" version="2" timestamp="2023-07-10T22:03:26Z" changeset="138355099" uid="13384" user="Sebastien Dinot"/>
</new>
</action>
<action type="delete">
<old>
  <node id="2016968099" lat="43.6932470" lon="12.7650033" version="1" timestamp="2012-11-16T19:00:13Z" changeset="13897692" uid="160229" user="sorcrosc"/>
</old>
<new>
  <node id="2016968099" visible="true" version="1" timestamp="2012-11-16T19:00:13Z" changeset="13897692" uid="160229" user="sorcrosc"/>
</new>
</action>
<action type="delete">
<old>
  <node id="2016968101" lat="43.6932827" lon="12.7568255" version="2" timestamp="2023-07-10T22:03:26Z" changeset="138355099" uid="13384" user="Sebastien Dinot"/>
</old>
<new>
  <node id="2016968101" visible="true" version="2" timestamp="2023-07-10T22:03:26Z" changeset="138355099" uid="13384" user="Sebastien Dinot"/>
</new>
</action>
<action type="delete">
<old>
  <node id="2016968103" lat="43.6933743" lon="12.7568543" version="2" timestamp="2023-07-10T22:03:26Z" changeset="138355099" uid="13384" user="Sebastien Dinot"/>
</old>
<new>
  <node id="2016968103" visible="true" version="2" timestamp="2023-07-10T22:03:26Z" changeset="138355099" uid="13384" user="Sebastien Dinot"/>
</new>
</action>
<action type="delete">
<old>
  <node id="2016968110" lat="43.6934338" lon="12.7567179" version="1" timestamp="2012-11-16T19:00:13Z" changeset="13897692" uid="160229" user="sorcrosc"/>
</old>
<new>
  <node id="2016968110" visible="true" version="1" timestamp="2012-11-16T19:00:13Z" changeset="13897692" uid="160229" user="sorcrosc"/>
</new>
</action>
<action type="delete">
<old>
  <node id="2016968112" lat="43.6934456" lon="12.7629536" version="2" timestamp="2023-07-10T22:03:26Z" changeset="138355099" uid="13384" user="Sebastien Dinot"/>
</old>
<new>
  <node id="2016968112" visible="true" version="2" timestamp="2023-07-10T22:03:26Z" changeset="138355099" uid="13384" user="Sebastien Dinot"/>
</new>
</action>
<action type="delete">
<old>
  <node id="2016968114" lat="43.6934530" lon="12.7629160" version="1" timestamp="2012-11-16T19:00:13Z" changeset="13897692" uid="160229" user="sorcrosc"/>
</old>
<new>
  <node id="2016968114" visible="true" version="1" timestamp="2012-11-16T19:00:13Z" changeset="13897692" uid="160229" user="sorcrosc"/>
</new>
</action>
<action type="delete">
<old>
  <node id="11038185719" lat="43.6939062" lon="12.7663728" version="1" timestamp="2023-07-10T22:03:26Z" changeset="138355099" uid="13384" user="Sebastien Dinot"/>
</old>
<new>
  <node id="11038185719" visible="true" version="1" timestamp="2023-07-10T22:03:26Z" changeset="138355099" uid="13384" user="Sebastien Dinot"/>
</new>
</action>
<action type="delete">
<old>
  <node id="11038185720" lat="43.6934073" lon="12.7653757" version="1" timestamp="2023-07-10T22:03:26Z" changeset="138355099" uid="13384" user="Sebastien Dinot"/>
</old>
<new>
  <node id="11038185720" visible="true" version="1" timestamp="2023-07-10T22:03:26Z" changeset="138355099" uid="13384" user="Sebastien Dinot"/>
</new>
</action>
<action type="delete">
<old>
  <node id="11038185721" lat="43.6929215" lon="12.7645355" version="1" timestamp="2023-07-10T22:03:26Z" changeset="138355099" uid="13384" user="Sebastien Dinot"/>
</old>
<new>
  <node id="11038185721" visible="true" version="1" timestamp="2023-07-10T22:03:26Z" changeset="138355099" uid="13384" user="Sebastien Dinot"/>
</new>
</action>
<action type="delete">
<old>
  <node id="11038185722" lat="43.6926126" lon="12.7642324" version="1" timestamp="2023-07-10T22:03:26Z" changeset="138355099" uid="13384" user="Sebastien Dinot"/>
</old>
<new>
  <node id="11038185722" visible="true" version="1" timestamp="2023-07-10T22:03:26Z" changeset="138355099" uid="13384" user="Sebastien Dinot"/>
</new>
</action>
<action type="delete">
<old>
  <node id="11038185723" lat="43.6925729" lon="12.7640875" version="1" timestamp="2023-07-10T22:03:26Z" changeset="138355099" uid="13384" user="Sebastien Dinot"/>
</old>
<new>
  <node id="11038185723" visible="true" version="1" timestamp="2023-07-10T22:03:26Z" changeset="138355099" uid="13384" user="Sebastien Dinot"/>
</new>
</action>
<action type="delete">
<old>
  <node id="11038185724" lat="43.6925855" lon="12.7639367" version="1" timestamp="2023-07-10T22:03:26Z" changeset="138355099" uid="13384" user="Sebastien Dinot"/>
</old>
<new>
  <node id="11038185724" visible="true" version="1" timestamp="2023-07-10T22:03:26Z" changeset="138355099" uid="13384" user="Sebastien Dinot"/>
</new>
</action>
<action type="delete">
<old>
  <node id="11038185725" lat="43.6929094" lon="12.7633801" version="1" timestamp="2023-07-10T22:03:26Z" changeset="138355099" uid="13384" user="Sebastien Dinot"/>
</old>
<new>
  <node id="11038185725" visible="true" version="1" timestamp="2023-07-10T22:03:26Z" changeset="138355099" uid="13384" user="Sebastien Dinot"/>
</new>
</action>
<action type="delete">
<old>
  <node id="11038185726" lat="43.6930485" lon="12.7631903" version="1" timestamp="2023-07-10T22:03:26Z" changeset="138355099" uid="13384" user="Sebastien Dinot"/>
</old>
<new>
  <node id="11038185726" visible="true" version="1" timestamp="2023-07-10T22:03:26Z" changeset="138355099" uid="13384" user="Sebastien Dinot"/>
</new>
</action>
<action type="delete">
<old>
  <node id="11038185727" lat="43.6931872" lon="12.7630556" version="1" timestamp="2023-07-10T22:03:26Z" changeset="138355099" uid="13384" user="Sebastien Dinot"/>
</old>
<new>
  <node id="11038185727" visible="true" version="1" timestamp="2023-07-10T22:03:26Z" changeset="138355099" uid="13384" user="Sebastien Dinot"/>
</new>
</action>
<action type="delete">
<old>
  <node id="11038185728" lat="43.6933418" lon="12.7630267" version="1" timestamp="2023-07-10T22:03:26Z" changeset="138355099" uid="13384" user="Sebastien Dinot"/>
</old>
<new>
  <node id="11038185728" visible="true" version="1" timestamp="2023-07-10T22:03:26Z" changeset="138355099" uid="13384" user="Sebastien Dinot"/>
</new>
</action>
<action type="delete">
<old>
  <node id="11038185729" lat="43.6934029" lon="12.7630106" version="1" timestamp="2023-07-10T22:03:26Z" changeset="138355099" uid="13384" user="Sebastien Dinot"/>
</old>
<new>
  <node id="11038185729" visible="true" version="1" timestamp="2023-07-10T22:03:26Z" changeset="138355099" uid="13384" user="Sebastien Dinot"/>
</new>
</action>
<action type="delete">
<old>
  <node id="11038185730" lat="43.6933709" lon="12.7627605" version="1" timestamp="2023-07-10T22:03:26Z" changeset="138355099" uid="13384" user="Sebastien Dinot"/>
</old>
<new>
  <node id="11038185730" visible="true" version="1" timestamp="2023-07-10T22:03:26Z" changeset="138355099" uid="13384" user="Sebastien Dinot"/>
</new>
</action>
<action type="delete">
<old>
  <node id="11038185731" lat="43.6934364" lon="12.7628262" version="1" timestamp="2023-07-10T22:03:26Z" changeset="138355099" uid="13384" user="Sebastien Dinot"/>
</old>
<new>
  <node id="11038185731" visible="true" version="1" timestamp="2023-07-10T22:03:26Z" changeset="138355099" uid="13384" user="Sebastien Dinot"/>
</new>
</action>
<action type="delete">
<old>
  <node id="11038185732" lat="43.6931683" lon="12.7625272" version="1" timestamp="2023-07-10T22:03:26Z" changeset="138355099" uid="13384" user="Sebastien Dinot"/>
</old>
<new>
  <node id="11038185732" visible="true" version="1" timestamp="2023-07-10T22:03:26Z" changeset="138355099" uid="13384" user="Sebastien Dinot"/>
</new>
</action>
<action type="delete">
<old>
  <node id="11038185733" lat="43.6929394" lon="12.7623857" version="1" timestamp="2023-07-10T22:03:26Z" changeset="138355099" uid="13384" user="Sebastien Dinot"/>
</old>
<new>
  <node id="11038185733" visible="true" version="1" timestamp="2023-07-10T22:03:26Z" changeset="138355099" uid="13384" user="Sebastien Dinot"/>
</new>
</action>
<action type="delete">
<old>
  <node id="11038185734" lat="43.6925860" lon="12.7623414" version="1" timestamp="2023-07-10T22:03:26Z" changeset="138355099" uid="13384" user="Sebastien Dinot"/>
</old>
<new>
  <node id="11038185734" visible="true" version="1" timestamp="2023-07-10T22:03:26Z" changeset="138355099" uid="13384" user="Sebastien Dinot"/>
</new>
</action>
<action type="delete">
<old>
  <node id="11038185735" lat="43.6921423" lon="12.7620846" version="1" timestamp="2023-07-10T22:03:26Z" changeset="138355099" uid="13384" user="Sebastien Dinot"/>
</old>
<new>
  <node id="11038185735" visible="true" version="1" timestamp="2023-07-10T22:03:26Z" changeset="138355099" uid="13384" user="Sebastien Dinot"/>
</new>
</action>
<action type="delete">
<old>
  <node id="11038185736" lat="43.6920677" lon="12.7619847" version="1" timestamp="2023-07-10T22:03:26Z" changeset="138355099" uid="13384" user="Sebastien Dinot"/>
</old>
<new>
  <node id="11038185736" visible="true" version="1" timestamp="2023-07-10T22:03:26Z" changeset="138355099" uid="13384" user="Sebastien Dinot"/>
</new>
</action>
<action type="delete">
<old>
  <node id="11038185737" lat="43.6919901" lon="12.7617768" version="1" timestamp="2023-07-10T22:03:26Z" changeset="138355099" uid="13384" user="Sebastien Dinot"/>
</old>
<new>
  <node id="11038185737" visible="true" version="1" timestamp="2023-07-10T22:03:26Z" changeset="138355099" uid="13384" user="Sebastien Dinot"/>
</new>
</action>
<action type="delete">
<old>
  <node id="11038185738" lat="43.6919799" lon="12.7616286" version="1" timestamp="2023-07-10T22:03:26Z" changeset="138355099" uid="13384" user="Sebastien Dinot"/>
</old>
<new>
  <node id="11038185738" visible="true" version="1" timestamp="2023-07-10T22:03:26Z" changeset="138355099" uid="13384" user="Sebastien Dinot"/>
</new>
</action>
<action type="delete">
<old>
  <node id="11038185739" lat="43.6919988" lon="12.7614368" version="1" timestamp="2023-07-10T22:03:26Z" changeset="138355099" uid="13384" user="Sebastien Dinot"/>
</old>
<new>
  <node id="11038185739" visible="true" version="1" timestamp="2023-07-10T22:03:26Z" changeset="138355099" uid="13384" user="Sebastien Dinot"/>
</new>
</action>
<action type="delete">
<old>
  <node id="11038185740" lat="43.6921574" lon="12.7606644" version="1" timestamp="2023-07-10T22:03:26Z" changeset="138355099" uid="13384" user="Sebastien Dinot"/>
</old>
<new>
  <node id="11038185740" visible="true" version="1" timestamp="2023-07-10T22:03:26Z" changeset="138355099" uid="13384" user="Sebastien Dinot"/>
</new>
</action>
<action type="delete">
<old>
  <node id="11038185741" lat="43.6924982" lon="12.7592629" version="1" timestamp="2023-07-10T22:03:26Z" changeset="138355099" uid="13384" user="Sebastien Dinot"/>
</old>
<new>
  <node id="11038185741" visible="true" version="1" timestamp="2023-07-10T22:03:26Z" changeset="138355099" uid="13384" user="Sebastien Dinot"/>
</new>
</action>
<action type="delete">
<old>
  <node id="11038185742" lat="43.6925714" lon="12.7588841" version="1" timestamp="2023-07-10T22:03:26Z" changeset="138355099" uid="13384" user="Sebastien Dinot"/>
</old>
<new>
  <node id="11038185742" visible="true" version="1" timestamp="2023-07-10T22:03:26Z" changeset="138355099" uid="13384" user="Sebastien Dinot"/>
</new>
</action>
<action type="delete">
<old>
  <node id="11038185743" lat="43.6927765" lon="12.7581853" version="1" timestamp="2023-07-10T22:03:26Z" changeset="138355099" uid="13384" user="Sebastien Dinot"/>
</old>
<new>
  <node id="11038185743" visible="true" version="1" timestamp="2023-07-10T22:03:26Z" changeset="138355099" uid="13384" user="Sebastien Dinot"/>
</new>
</action>
<action type="delete">
<old>
  <node id="11038185744" lat="43.6928366" lon="12.7580472" version="1" timestamp="2023-07-10T22:03:26Z" changeset="138355099" uid="13384" user="Sebastien Dinot"/>
</old>
<new>
  <node id="11038185744" visible="true" version="1" timestamp="2023-07-10T22:03:26Z" changeset="138355099" uid="13384" user="Sebastien Dinot"/>
</new>
</action>
<action type="delete">
<old>
  <node id="11038185745" lat="43.6929908" lon="12.7574008" version="1" timestamp="2023-07-10T22:03:26Z" changeset="138355099" uid="13384" user="Sebastien Dinot"/>
</old>
<new>
  <node id="11038185745" visible="true" version="1" timestamp="2023-07-10T22:03:26Z" changeset="138355099" uid="13384" user="Sebastien Dinot"/>
</new>
</action>
<action type="delete">
<old>
  <node id="11038185746" lat="43.6930083" lon="12.7572298" version="1" timestamp="2023-07-10T22:03:26Z" changeset="138355099" uid="13384" user="Sebastien Dinot"/>
</old>
<new>
  <node id="11038185746" visible="true" version="1" timestamp="2023-07-10T22:03:26Z" changeset="138355099" uid="13384" user="Sebastien Dinot"/>
</new>
</action>
<action type="delete">
<old>
  <node id="11038185747" lat="43.6931300" lon="12.7569073" version="1" timestamp="2023-07-10T22:03:26Z" changeset="138355099" uid="13384" user="Sebastien Dinot"/>
</old>
<new>
  <node id="11038185747" visible="true" version="1" timestamp="2023-07-10T22:03:26Z" changeset="138355099" uid="13384" user="Sebastien Dinot"/>
</new>
</action>
<action type="delete">
<old>
  <node id="11038185748" lat="43.6933331" lon="12.7568442" version="1" timestamp="2023-07-10T22:03:26Z" changeset="138355099" uid="13384" user="Sebastien Dinot"/>
</old>
<new>
  <node id="11038185748" visible="true" version="1" timestamp="2023-07-10T22:03:26Z" changeset="138355099" uid="13384" user="Sebastien Dinot"/>
</new>
</action>
<action type="delete">
<old>
  <node id="11038185749" lat="43.6934427" lon="12.7567658" version="1" timestamp="2023-07-10T22:03:26Z" changeset="138355099" uid="13384" user="Sebastien Dinot"/>
</old>
<new>
  <node id="11038185749" visible="true" version="1" timestamp="2023-07-10T22:03:26Z" changeset="138355099" uid="13384" user="Sebastien Dinot"/>
</new>
</action>
<action type="delete">
<old>
  <node id="11038185750" lat="43.6934412" lon="12.7568067" version="1" timestamp="2023-07-10T22:03:26Z" changeset="138355099" uid="13384" user="Sebastien Dinot"/>
</old>
<new>
  <node id="11038185750" visible="true" version="1" timestamp="2023-07-10T22:03:26Z" changeset="138355099" uid="13384" user="Sebastien Dinot"/>
</new>
</action>
<action type="delete">
<old>
  <node id="11038185751" lat="43.6934029" lon="12.7568489" version="1" timestamp="2023-07-10T22:03:26Z" changeset="138355099" uid="13384" user="Sebastien Dinot"/>
</old>
<new>
  <node id="11038185751" visible="true" version="1" timestamp="2023-07-10T22:03:26Z" changeset="138355099" uid="13384" user="Sebastien Dinot"/>
</new>
</action>
<action type="delete">
<old>
  <node id="11038185752" lat="43.6934083" lon="12.7565083" version="1" timestamp="2023-07-10T22:03:26Z" changeset="138355099" uid="13384" user="Sebastien Dinot"/>
</old>
<new>
  <node id="11038185752" visible="true" version="1" timestamp="2023-07-10T22:03:26Z" changeset="138355099" uid="13384" user="Sebastien Dinot"/>
</new>
</action>
<action type="delete">
<old>
  <node id="11038185753" lat="43.6933816" lon="12.7563111" version="1" timestamp="2023-07-10T22:03:26Z" changeset="138355099" uid="13384" user="Sebastien Dinot"/>
</old>
<new>
  <node id="11038185753" visible="true" version="1" timestamp="2023-07-10T22:03:26Z" changeset="138355099" uid="13384" user="Sebastien Dinot"/>
</new>
</action>
<action type="delete">
<old>
  <node id="11038185754" lat="43.6932982" lon="12.7558029" version="1" timestamp="2023-07-10T22:03:26Z" changeset="138355099" uid="13384" user="Sebastien Dinot"/>
</old>
<new>
  <node id="11038185754" visible="true" version="1" timestamp="2023-07-10T22:03:26Z" changeset="138355099" uid="13384" user="Sebastien Dinot"/>
</new>
</action>
<action type="delete">
<old>
  <node id="11038185755" lat="43.6933297" lon="12.7555165" version="1" timestamp="2023-07-10T22:03:26Z" changeset="138355099" uid="13384" user="Sebastien Dinot"/>
</old>
<new>
  <node id="11038185755" visible="true" version="1" timestamp="2023-07-10T22:03:26Z" changeset="138355099" uid="13384" user="Sebastien Dinot"/>
</new>
</action>
<action type="delete">
<old>
  <node id="11038185756" lat="43.6934955" lon="12.7552604" version="1" timestamp="2023-07-10T22:03:26Z" changeset="138355099" uid="13384" user="Sebastien Dinot"/>
</old>
<new>
  <node id="11038185756" visible="true" version="1" timestamp="2023-07-10T22:03:26Z" changeset="138355099" uid="13384" user="Sebastien Dinot"/>
</new>
</action>
<action type="delete">
<old>
  <node id="11038185757" lat="43.6936158" lon="12.7551397" version="1" timestamp="2023-07-10T22:03:26Z" changeset="138355099" uid="13384" user="Sebastien Dinot"/>
</old>
<new>
  <node id="11038185757" visible="true" version="1" timestamp="2023-07-10T22:03:26Z" changeset="138355099" uid="13384" user="Sebastien Dinot"/>
</new>
</action>
<action type="delete">
<old>
  <node id="11038185758" lat="43.6936837" lon="12.7550606" version="1" timestamp="2023-07-10T22:03:26Z" changeset="138355099" uid="13384" user="Sebastien Dinot"/>
</old>
<new>
  <node id="11038185758" visible="true" version="1" timestamp="2023-07-10T22:03:26Z" changeset="138355099" uid="13384" user="Sebastien Dinot"/>
</new>
</action>
<action type="delete">
<old>
  <node id="11038185759" lat="43.6938160" lon="12.7548688" version="1" timestamp="2023-07-10T22:03:26Z" changeset="138355099" uid="13384" user="Sebastien Dinot"/>
</old>
<new>
  <node id="11038185759" visible="true" version="1" timestamp="2023-07-10T22:03:26Z" changeset="138355099" uid="13384" user="Sebastien Dinot"/>
</new>
</action>
<action type="delete">
<old>
  <node id="11038185760" lat="43.6939891" lon="12.7546784" version="1" timestamp="2023-07-10T22:03:26Z" changeset="138355099" uid="13384" user="Sebastien Dinot"/>
</old>
<new>
  <node id="11038185760" visible="true" version="1" timestamp="2023-07-10T22:03:26Z" changeset="138355099" uid="13384" user="Sebastien Dinot"/>
</new>
</action>
<action type="delete">
<old>
  <node id="11038185761" lat="43.6941122" lon="12.7545308" version="1" timestamp="2023-07-10T22:03:26Z" changeset="138355099" uid="13384" user="Sebastien Dinot"/>
</old>
<new>
  <node id="11038185761" visible="true" version="1" timestamp="2023-07-10T22:03:26Z" changeset="138355099" uid="13384" user="Sebastien Dinot"/>
</new>
</action>
<action type="delete">
<old>
  <node id="11038185762" lat="43.6942446" lon="12.7544289" version="1" timestamp="2023-07-10T22:03:26Z" changeset="138355099" uid="13384" user="Sebastien Dinot"/>
</old>
<new>
  <node id="11038185762" visible="true" version="1" timestamp="2023-07-10T22:03:26Z" changeset="138355099" uid="13384" user="Sebastien Dinot"/>
</new>
</action>
<action type="delete">
<old>
  <node id="11038185763" lat="43.6942824" lon="12.7543739" version="1" timestamp="2023-07-10T22:03:26Z" changeset="138355099" uid="13384" user="Sebastien Dinot"/>
</old>
<new>
  <node id="11038185763" visible="true" version="1" timestamp="2023-07-10T22:03:26Z" changeset="138355099" uid="13384" user="Sebastien Dinot"/>
</new>
</action>
<action type="delete">
<old>
  <way id="217807065" version="4" timestamp="2024-11-07T14:10:34Z" changeset="158857611" uid="371415" user="at1839">
    <bounds minlat="43.6919799" minlon="12.7543250" maxlat="43.6942839" maxlon="12.7664244"/>
    <nd ref="585122685" lat="43.6942761" lon="12.7543250"/>
    <nd ref="1871914632" lat="43.6942839" lon="12.7543444"/>
    <nd ref="11038185763" lat="43.6942824" lon="12.7543739"/>
    <nd ref="1871914630" lat="43.6942648" lon="12.7544044"/>
    <nd ref="11038185762" lat="43.6942446" lon="12.7544289"/>
    <nd ref="1871914618" lat="43.6941617" lon="12.7544799"/>
    <nd ref="11038185761" lat="43.6941122" lon="12.7545308"/>
    <nd ref="11038185760" lat="43.6939891" lon="12.7546784"/>
    <nd ref="11038185759" lat="43.6938160" lon="12.7548688"/>
    <nd ref="11038185758" lat="43.6936837" lon="12.7550606"/>
    <nd ref="11038185757" lat="43.6936158" lon="12.7551397"/>
    <nd ref="11038185756" lat="43.6934955" lon="12.7552604"/>
    <nd ref="1871914607" lat="43.6934024" lon="12.7553718"/>
    <nd ref="514526731" lat="43.6933578" lon="12.7554455"/>
    <nd ref="11038185755" lat="43.6933297" lon="12.7555165"/>
    <nd ref="1871914605" lat="43.6933111" lon="12.7555937"/>
    <nd ref="514526737" lat="43.6933006" lon="12.7556983"/>
    <nd ref="11038185754" lat="43.6932982" lon="12.7558029"/>
    <nd ref="1871914606" lat="43.6933151" lon="12.7559279"/>
    <nd ref="11038185753" lat="43.6933816" lon="12.7563111"/>
    <nd ref="11038185752" lat="43.6934083" lon="12.7565083"/>
    <nd ref="2016968110" lat="43.6934338" lon="12.7567179"/>
    <nd ref="11038185749" lat="43.6934427" lon="12.7567658"/>
    <nd ref="11038185750" lat="43.6934412" lon="12.7568067"/>
    <nd ref="514526743" lat="43.6934262" lon="12.7568295"/>
    <nd ref="11038185751" lat="43.6934029" lon="12.7568489"/>
    <nd ref="2016968103" lat="43.6933743" lon="12.7568543"/>
    <nd ref="11038185748" lat="43.6933331" lon="12.7568442"/>
    <nd ref="2016968101" lat="43.6932827" lon="12.7568255"/>
    <nd ref="2016968097" lat="43.6932255" lon="12.7568167"/>
    <nd ref="514526753" lat="43.6931794" lon="12.7568536"/>
    <nd ref="11038185747" lat="43.6931300" lon="12.7569073"/>
    <nd ref="2016968091" lat="43.6930902" lon="12.7569844"/>
    <nd ref="514526756" lat="43.6930456" lon="12.7570937"/>
    <nd ref="11038185746" lat="43.6930083" lon="12.7572298"/>
    <nd ref="11038185745" lat="43.6929908" lon="12.7574008"/>
    <nd ref="514526757" lat="43.6929795" lon="12.7574975"/>
    <nd ref="2016968087" lat="43.6929407" lon="12.7576748"/>
    <nd ref="2016968085" lat="43.6928883" lon="12.7578478"/>
    <nd ref="11038185744" lat="43.6928366" lon="12.7580472"/>
    <nd ref="11038185743" lat="43.6927765" lon="12.7581853"/>
    <nd ref="2016968081" lat="43.6927025" lon="12.7583673"/>
    <nd ref="514526770" lat="43.6926044" lon="12.7587385"/>
    <nd ref="11038185742" lat="43.6925714" lon="12.7588841"/>
    <nd ref="2016968073" lat="43.6925418" lon="12.7590765"/>
    <nd ref="11038185741" lat="43.6924982" lon="12.7592629"/>
    <nd ref="2016968067" lat="43.6924204" lon="12.7596528"/>
    <nd ref="540194286" lat="43.6923276" lon="12.7600102"/>
    <nd ref="11038185740" lat="43.6921574" lon="12.7606644"/>
    <nd ref="2016968053" lat="43.6920363" lon="12.7612249"/>
    <nd ref="11038185739" lat="43.6919988" lon="12.7614368"/>
    <nd ref="514526774" lat="43.6919836" lon="12.7615599"/>
    <nd ref="11038185738" lat="43.6919799" lon="12.7616286"/>
    <nd ref="2016968048" lat="43.6919822" lon="12.7616978"/>
    <nd ref="11038185737" lat="43.6919901" lon="12.7617768"/>
    <nd ref="2016968051" lat="43.6920053" lon="12.7618397"/>
    <nd ref="2016968055" lat="43.6920434" lon="12.7619270"/>
    <nd ref="11038185736" lat="43.6920677" lon="12.7619847"/>
    <nd ref="514526777" lat="43.6921041" lon="12.7620435"/>
    <nd ref="11038185735" lat="43.6921423" lon="12.7620846"/>
    <nd ref="514526778" lat="43.6922051" lon="12.7621313"/>
    <nd ref="2016968071" lat="43.6925103" lon="12.7623119"/>
    <nd ref="11038185734" lat="43.6925860" lon="12.7623414"/>
    <nd ref="2016968079" lat="43.6926543" lon="12.7623542"/>
    <nd ref="2016968083" lat="43.6928468" lon="12.7623669"/>
    <nd ref="11038185733" lat="43.6929394" lon="12.7623857"/>
    <nd ref="2016968089" lat="43.6930471" lon="12.7624205"/>
    <nd ref="514526785" lat="43.6931067" lon="12.7624668"/>
    <nd ref="11038185732" lat="43.6931683" lon="12.7625272"/>
    <nd ref="11038185730" lat="43.6933709" lon="12.7627605"/>
    <nd ref="11038185731" lat="43.6934364" lon="12.7628262"/>
    <nd ref="514526790" lat="43.6934524" lon="12.7628658"/>
    <nd ref="2016968114" lat="43.6934530" lon="12.7629160"/>
    <nd ref="2016968112" lat="43.6934456" lon="12.7629536"/>
    <nd ref="557872255" lat="43.6934267" lon="12.7629898"/>
    <nd ref="11038185729" lat="43.6934029" lon="12.7630106"/>
    <nd ref="11038185728" lat="43.6933418" lon="12.7630267"/>
    <nd ref="514526796" lat="43.6932395" lon="12.7630395"/>
    <nd ref="11038185727" lat="43.6931872" lon="12.7630556"/>
    <nd ref="2016968095" lat="43.6931309" lon="12.7630998"/>
    <nd ref="11038185726" lat="43.6930485" lon="12.7631903"/>
    <nd ref="11038185725" lat="43.6929094" lon="12.7633801"/>
    <nd ref="514526804" lat="43.6926743" lon="12.7637535"/>
    <nd ref="514526818" lat="43.6926155" lon="12.7638569"/>
    <nd ref="11038185724" lat="43.6925855" lon="12.7639367"/>
    <nd ref="2016968075" lat="43.6925743" lon="12.7640091"/>
    <nd ref="11038185723" lat="43.6925729" lon="12.7640875"/>
    <nd ref="514526823" lat="43.6925869" lon="12.7641714"/>
    <nd ref="11038185722" lat="43.6926126" lon="12.7642324"/>
    <nd ref="2016968080" lat="43.6926471" lon="12.7642907"/>
    <nd ref="514526841" lat="43.6927216" lon="12.7643699"/>
    <nd ref="11038185721" lat="43.6929215" lon="12.7645355"/>
    <nd ref="514526851" lat="43.6930151" lon="12.7646293"/>
    <nd ref="2016968093" lat="43.6931382" lon="12.7648041"/>
    <nd ref="2016968099" lat="43.6932470" lon="12.7650033"/>
    <nd ref="11038185720" lat="43.6934073" lon="12.7653757"/>
    <nd ref="557872267" lat="43.6937355" lon="12.7659785"/>
    <nd ref="585106846" lat="43.6938916" lon="12.7662585"/>
    <nd ref="1703614998" lat="43.6939072" lon="12.7663205"/>
    <nd ref="11038185719" lat="43.6939062" lon="12.7663728"/>
    <nd ref="529944846" lat="43.6938844" lon="12.7664244"/>
    <tag k="highway" v="track"/>
    <tag k="mtb:scale" v="0"/>
    <tag k="mtb:scale:uphill" v="0"/>
    <tag k="sac_scale" v="hiking"/>
    <tag k="surface" v="gravel"/>
    <tag k="width" v="2"/>
  </way>
</old>
<new>
  <way id="217807065" visible="true" version="4" timestamp="2024-11-07T14:10:34Z" changeset="158857611" uid="371415" user="at1839"/>
</new>
</action>
<action type="modify">
<old>
  <relation id="1538715" version="7" timestamp="2023-07-05T09:24:41Z" changeset="138140007" uid="3215770" user="Andrea Del Sarto">
    <bounds minlat="43.6082822" minlon="12.4849286" maxlat="43.6113840" maxlon="12.4952651"/>
    <member type="way" ref="381184133" role="">
      <nd lat="43.6094580" lon="12.4849286"/>
      <nd lat="43.6095493" lon="12.4851502"/>
      <nd lat="43.6095719" lon="12.4852828"/>
      <nd lat="43.6095533" lon="12.4854407"/>
      <nd lat="43.6095299" lon="12.4857098"/>
      <nd lat="43.6095260" lon="12.4860381"/>
      <nd lat="43.6095293" lon="12.4862108"/>
      <nd lat="43.6095153" lon="12.4864391"/>
      <nd lat="43.6094781" lon="12.4866550"/>
      <nd lat="43.6094627" lon="12.4867983"/>
      <nd lat="43.6094832" lon="12.4869788"/>
      <nd lat="43.6094960" lon="12.4871381"/>
      <nd lat="43.6094794" lon="12.4872708"/>
      <nd lat="43.6094268" lon="12.4874761"/>
      <nd lat="43.6093653" lon="12.4877398"/>
      <nd lat="43.6093141" lon="12.4879486"/>
      <nd lat="43.6092649" lon="12.4881854"/>
      <nd lat="43.6092513" lon="12.4883945"/>
    </member>
    <member type="way" ref="453139825" role="">
      <nd lat="43.6092513" lon="12.4883945"/>
      <nd lat="43.6092718" lon="12.4886033"/>
      <nd lat="43.6093064" lon="12.4888068"/>
      <nd lat="43.6093641" lon="12.4889749"/>
      <nd lat="43.6094179" lon="12.4892103"/>
      <nd lat="43.6094435" lon="12.4894032"/>
      <nd lat="43.6094653" lon="12.4896598"/>
      <nd lat="43.6094794" lon="12.4899058"/>
      <nd lat="43.6094754" lon="12.4900690"/>
      <nd lat="43.6094442" lon="12.4902197"/>
      <nd lat="43.6094268" lon="12.4904313"/>
      <nd lat="43.6094371" lon="12.4906437"/>
      <nd lat="43.6094051" lon="12.4908313"/>
      <nd lat="43.6093663" lon="12.4910700"/>
      <nd lat="43.6093729" lon="12.4911357"/>
      <nd lat="43.6094260" lon="12.4912070"/>
      <nd lat="43.6096095" lon="12.4913617"/>
      <nd lat="43.6097698" lon="12.4914215"/>
      <nd lat="43.6098875" lon="12.4914280"/>
      <nd lat="43.6101278" lon="12.4913897"/>
    </member>
    <member type="way" ref="108312652" role="">
      <nd lat="43.6101278" lon="12.4913897"/>
      <nd lat="43.6102213" lon="12.4913853"/>
      <nd lat="43.6102995" lon="12.4914049"/>
      <nd lat="43.6104615" lon="12.4914869"/>
      <nd lat="43.6106495" lon="12.4916629"/>
      <nd lat="43.6108641" lon="12.4919220"/>
      <nd lat="43.6109700" lon="12.4920854"/>
      <nd lat="43.6110273" lon="12.4922061"/>
      <nd lat="43.6110748" lon="12.4923417"/>
      <nd lat="43.6111791" lon="12.4926375"/>
      <nd lat="43.6113313" lon="12.4930742"/>
      <nd lat="43.6113633" lon="12.4932038"/>
      <nd lat="43.6113840" lon="12.4934219"/>
      <nd lat="43.6113749" lon="12.4935485"/>
      <nd lat="43.6112778" lon="12.4937421"/>
      <nd lat="43.6111462" lon="12.4942728"/>
      <nd lat="43.6110972" lon="12.4947689"/>
      <nd lat="43.6110832" lon="12.4948558"/>
      <nd lat="43.6110306" lon="12.4949785"/>
      <nd lat="43.6108476" lon="12.4952423"/>
      <nd lat="43.6108136" lon="12.4952651"/>
      <nd lat="43.6107819" lon="12.4952627"/>
    </member>
    <member type="way" ref="108312867" role="">
      <nd lat="43.6107819" lon="12.4952627"/>
      <nd lat="43.6107446" lon="12.4951943"/>
      <nd lat="43.6106939" lon="12.4949970"/>
      <nd lat="43.6106119" lon="12.4948277"/>
      <nd lat="43.6105671" lon="12.4947658"/>
      <nd lat="43.6105155" lon="12.4947215"/>
      <nd lat="43.6104024" lon="12.4946812"/>
      <nd lat="43.6100638" lon="12.4946436"/>
      <nd lat="43.6098963" lon="12.4946597"/>
      <nd lat="43.6097559" lon="12.4946705"/>
      <nd lat="43.6095650" lon="12.4946974"/>
      <nd lat="43.6094090" lon="12.4947499"/>
      <nd lat="43.6091675" lon="12.4948050"/>
      <nd lat="43.6090087" lon="12.4948266"/>
      <nd lat="43.6087623" lon="12.4948319"/>
      <nd lat="43.6085557" lon="12.4947997"/>
      <nd lat="43.6083570" lon="12.4947620"/>
      <nd lat="43.6083002" lon="12.4947250"/>
      <nd lat="43.6082822" lon="12.4946563"/>
    </member>
    <member type="way" ref="453139821" role="">
      <nd lat="43.6082822" lon="12.4946563"/>
      <nd lat="43.6082943" lon="12.4945884"/>
      <nd lat="43.6083283" lon="12.4945497"/>
      <nd lat="43.6084433" lon="12.4945163"/>
      <nd lat="43.6086512" lon="12.4944235"/>
      <nd lat="43.6088440" lon="12.4943361"/>
      <nd lat="43.6091230" lon="12.4941398"/>
    </member>
    <member type="way" ref="453139822" role="">
      <nd lat="43.6091230" lon="12.4941398"/>
      <nd lat="43.6091679" lon="12.4940832"/>
      <nd lat="43.6092165" lon="12.4938663"/>
      <nd lat="43.6092672" lon="12.4937645"/>
      <nd lat="43.6093974" lon="12.4935875"/>
    </member>
    <tag k="type" v="route"/>
    <tag k="symbol" v="red and white stripes"/>
    <tag k="cai_scale" v="T"/>
    <tag k="description:it" v="Una passeggiata al Castello dei Pecorari"/>
    <tag k="distance" v="1.5"/>
    <tag k="network" v="lwn"/>
    <tag k="operator" v="Club Alpino Italiano"/>
    <tag k="osmc:symbol" v="red:red:white_stripe:410A:black"/>
    <tag k="ref" v="410A"/>
    <tag k="route" v="hiking"/>
  </relation>
</old>
<new>
  <relation id="1538715" version="8" timestamp="2026-09-29T13:38:36Z" changeset="189728636" uid="22656739" user="Antonio Bacciaglia">
    <bounds minlat="43.6082822" minlon="12.4849286" maxlat="43.6113840" maxlon="12.4952651"/>
    <member type="way" ref="381184133" role="">
      <nd lat="43.6094580" lon="12.4849286"/>
      <nd lat="43.6095493" lon="12.4851502"/>
      <nd lat="43.6095719" lon="12.4852828"/>
      <nd lat="43.6095533" lon="12.4854407"/>
      <nd lat="43.6095299" lon="12.4857098"/>
      <nd lat="43.6095260" lon="12.4860381"/>
      <nd lat="43.6095293" lon="12.4862108"/>
      <nd lat="43.6095153" lon="12.4864391"/>
      <nd lat="43.6094781" lon="12.4866550"/>
      <nd lat="43.6094627" lon="12.4867983"/>
      <nd lat="43.6094832" lon="12.4869788"/>
      <nd lat="43.6094960" lon="12.4871381"/>
      <nd lat="43.6094794" lon="12.4872708"/>
      <nd lat="43.6094268" lon="12.4874761"/>
      <nd lat="43.6093653" lon="12.4877398"/>
      <nd lat="43.6093141" lon="12.4879486"/>
      <nd lat="43.6092649" lon="12.4881854"/>
      <nd lat="43.6092513" lon="12.4883945"/>
    </member>
    <member type="way" ref="453139825" role="">
      <nd lat="43.6092513" lon="12.4883945"/>
      <nd lat="43.6092718" lon="12.4886033"/>
      <nd lat="43.6093064" lon="12.4888068"/>
      <nd lat="43.6093641" lon="12.4889749"/>
      <nd lat="43.6094179" lon="12.4892103"/>
      <nd lat="43.6094435" lon="12.4894032"/>
      <nd lat="43.6094653" lon="12.4896598"/>
      <nd lat="43.6094794" lon="12.4899058"/>
      <nd lat="43.6094754" lon="12.4900690"/>
      <nd lat="43.6094442" lon="12.4902197"/>
      <nd lat="43.6094268" lon="12.4904313"/>
      <nd lat="43.6094371" lon="12.4906437"/>
      <nd lat="43.6094051" lon="12.4908313"/>
      <nd lat="43.6093663" lon="12.4910700"/>
      <nd lat="43.6093729" lon="12.4911357"/>
      <nd lat="43.6094260" lon="12.4912070"/>
      <nd lat="43.6096095" lon="12.4913617"/>
      <nd lat="43.6097698" lon="12.4914215"/>
      <nd lat="43.6098875" lon="12.4914280"/>
      <nd lat="43.6101278" lon="12.4913897"/>
    </member>
    <member type="way" ref="108312652" role="">
      <nd lat="43.6101278" lon="12.4913897"/>
      <nd lat="43.6102213" lon="12.4913853"/>
      <nd lat="43.6102995" lon="12.4914049"/>
      <nd lat="43.6104615" lon="12.4914869"/>
      <nd lat="43.6106495" lon="12.4916629"/>
      <nd lat="43.6108641" lon="12.4919220"/>
      <nd lat="43.6109700" lon="12.4920854"/>
      <nd lat="43.6110273" lon="12.4922061"/>
      <nd lat="43.6110748" lon="12.4923417"/>
      <nd lat="43.6111791" lon="12.4926375"/>
      <nd lat="43.6113313" lon="12.4930742"/>
      <nd lat="43.6113633" lon="12.4932038"/>
      <nd lat="43.6113840" lon="12.4934219"/>
      <nd lat="43.6113749" lon="12.4935485"/>
      <nd lat="43.6112778" lon="12.4937421"/>
      <nd lat="43.6111462" lon="12.4942728"/>
      <nd lat="43.6110972" lon="12.4947689"/>
      <nd lat="43.6110832" lon="12.4948558"/>
      <nd lat="43.6110306" lon="12.4949785"/>
      <nd lat="43.6108476" lon="12.4952423"/>
      <nd lat="43.6108136" lon="12.4952651"/>
      <nd lat="43.6107819" lon="12.4952627"/>
    </member>
    <member type="way" ref="108312867" role="">
      <nd lat="43.6107819" lon="12.4952627"/>
      <nd lat="43.6107446" lon="12.4951943"/>
      <nd lat="43.6106939" lon="12.4949970"/>
      <nd lat="43.6106119" lon="12.4948277"/>
      <nd lat="43.6105671" lon="12.4947658"/>
      <nd lat="43.6105155" lon="12.4947215"/>
      <nd lat="43.6104024" lon="12.4946812"/>
      <nd lat="43.6100638" lon="12.4946436"/>
      <nd lat="43.6098963" lon="12.4946597"/>
      <nd lat="43.6097559" lon="12.4946705"/>
      <nd lat="43.6095650" lon="12.4946974"/>
      <nd lat="43.6094090" lon="12.4947499"/>
      <nd lat="43.6091675" lon="12.4948050"/>
      <nd lat="43.6090087" lon="12.4948266"/>
      <nd lat="43.6087623" lon="12.4948319"/>
      <nd lat="43.6085557" lon="12.4947997"/>
      <nd lat="43.6083570" lon="12.4947620"/>
      <nd lat="43.6083002" lon="12.4947250"/>
      <nd lat="43.6082822" lon="12.4946563"/>
    </member>
    <member type="way" ref="453139821" role="">
      <nd lat="43.6082822" lon="12.4946563"/>
      <nd lat="43.6082943" lon="12.4945884"/>
      <nd lat="43.6083283" lon="12.4945497"/>
      <nd lat="43.6084433" lon="12.4945163"/>
      <nd lat="43.6086512" lon="12.4944235"/>
      <nd lat="43.6088440" lon="12.4943361"/>
      <nd lat="43.6091230" lon="12.4941398"/>
    </member>
    <member type="way" ref="453139822" role="">
      <nd lat="43.6091230" lon="12.4941398"/>
      <nd lat="43.6091679" lon="12.4940832"/>
      <nd lat="43.6092165" lon="12.4938663"/>
      <nd lat="43.6092672" lon="12.4937645"/>
      <nd lat="43.6093974" lon="12.4935875"/>
    </member>
    <tag k="cai_scale" v="T"/>
    <tag k="description:it" v="Una passeggiata al Castello dei Pecorari"/>
    <tag k="distance" v="1.5"/>
    <tag k="network" v="lwn"/>
    <tag k="operator" v="Club Alpino Italiano"/>
    <tag k="osmc:symbol" v="red:red:white_stripe:410A:black"/>
    <tag k="ref" v="410A"/>
    <tag k="route" v="hiking"/>
    <tag k="source" v="survey:CAI"/>
    <tag k="symbol" v="410A on red and white stripes"/>
    <tag k="type" v="route"/>
  </relation>
</new>
</action>
<action type="modify">
<old>
  <relation id="2805574" version="6" timestamp="2024-11-18T15:50:51Z" changeset="159289134" uid="1092114" user="kräckel">
    <bounds minlat="43.6918226" minlon="12.7671075" maxlat="43.6985382" maxlon="12.7783737"/>
    <member type="way" ref="515593217" role="">
      <nd lat="43.6935183" lon="12.7783522"/>
      <nd lat="43.6935581" lon="12.7783509"/>
      <nd lat="43.6936095" lon="12.7783321"/>
    </member>
    <member type="way" ref="301007976" role="">
      <nd lat="43.6943552" lon="12.7771450"/>
      <nd lat="43.6941884" lon="12.7774054"/>
      <nd lat="43.6940739" lon="12.7776200"/>
      <nd lat="43.6939634" lon="12.7777997"/>
      <nd lat="43.6938506" lon="12.7780215"/>
      <nd lat="43.6938057" lon="12.7781393"/>
      <nd lat="43.6937925" lon="12.7781870"/>
      <nd lat="43.6937732" lon="12.7782608"/>
      <nd lat="43.6937324" lon="12.7783120"/>
      <nd lat="43.6937132" lon="12.7783361"/>
      <nd lat="43.6936492" lon="12.7783737"/>
      <nd lat="43.6936095" lon="12.7783321"/>
    </member>
    <member type="way" ref="208639876" role="">
      <nd lat="43.6984536" lon="12.7743820"/>
      <nd lat="43.6984341" lon="12.7744270"/>
      <nd lat="43.6983885" lon="12.7744433"/>
      <nd lat="43.6981270" lon="12.7744308"/>
      <nd lat="43.6979743" lon="12.7744328"/>
      <nd lat="43.6978420" lon="12.7744228"/>
      <nd lat="43.6977004" lon="12.7744583"/>
      <nd lat="43.6975550" lon="12.7744898"/>
      <nd lat="43.6973921" lon="12.7745354"/>
      <nd lat="43.6972408" lon="12.7745703"/>
      <nd lat="43.6970411" lon="12.7746266"/>
      <nd lat="43.6968239" lon="12.7746829"/>
      <nd lat="43.6965892" lon="12.7747366"/>
      <nd lat="43.6963423" lon="12.7747897"/>
      <nd lat="43.6960792" lon="12.7748707"/>
      <nd lat="43.6959221" lon="12.7749297"/>
      <nd lat="43.6957592" lon="12.7749914"/>
      <nd lat="43.6955614" lon="12.7750772"/>
      <nd lat="43.6953258" lon="12.7751735"/>
      <nd lat="43.6951231" lon="12.7752730"/>
      <nd lat="43.6949505" lon="12.7753723"/>
      <nd lat="43.6947896" lon="12.7754608"/>
      <nd lat="43.6946117" lon="12.7755798"/>
      <nd lat="43.6944906" lon="12.7756794"/>
      <nd lat="43.6944122" lon="12.7758105"/>
      <nd lat="43.6943622" lon="12.7759462"/>
      <nd lat="43.6943416" lon="12.7761072"/>
      <nd lat="43.6943644" lon="12.7762674"/>
      <nd lat="43.6943897" lon="12.7764207"/>
      <nd lat="43.6944385" lon="12.7765605"/>
      <nd lat="43.6945161" lon="12.7766624"/>
      <nd lat="43.6945995" lon="12.7767348"/>
      <nd lat="43.6946972" lon="12.7768414"/>
      <nd lat="43.6947155" lon="12.7769349"/>
      <nd lat="43.6946976" lon="12.7770213"/>
      <nd lat="43.6946513" lon="12.7770706"/>
      <nd lat="43.6945664" lon="12.7771055"/>
      <nd lat="43.6944560" lon="12.7771157"/>
      <nd lat="43.6943552" lon="12.7771450"/>
    </member>
    <member type="way" ref="53572067" role="">
      <nd lat="43.6936107" lon="12.7710326"/>
      <nd lat="43.6936163" lon="12.7711666"/>
      <nd lat="43.6936628" lon="12.7711786"/>
      <nd lat="43.6937142" lon="12.7711733"/>
      <nd lat="43.6937517" lon="12.7711795"/>
      <nd lat="43.6937830" lon="12.7711813"/>
      <nd lat="43.6937869" lon="12.7712148"/>
      <nd lat="43.6937937" lon="12.7712631"/>
      <nd lat="43.6938393" lon="12.7712913"/>
      <nd lat="43.6938790" lon="12.7713020"/>
      <nd lat="43.6939382" lon="12.7713221"/>
      <nd lat="43.6940021" lon="12.7713630"/>
      <nd lat="43.6940487" lon="12.7713852"/>
      <nd lat="43.6941282" lon="12.7714039"/>
      <nd lat="43.6941670" lon="12.7714562"/>
      <nd lat="43.6942184" lon="12.7714965"/>
      <nd lat="43.6942621" lon="12.7715099"/>
      <nd lat="43.6943261" lon="12.7715796"/>
      <nd lat="43.6943978" lon="12.7716011"/>
      <nd lat="43.6944749" lon="12.7716218"/>
      <nd lat="43.6945481" lon="12.7716440"/>
      <nd lat="43.6946276" lon="12.7716842"/>
      <nd lat="43.6947168" lon="12.7717285"/>
      <nd lat="43.6947789" lon="12.7717982"/>
      <nd lat="43.6948322" lon="12.7718371"/>
      <nd lat="43.6948671" lon="12.7718706"/>
      <nd lat="43.6949049" lon="12.7718841"/>
      <nd lat="43.6949466" lon="12.7718894"/>
      <nd lat="43.6950000" lon="12.7718841"/>
      <nd lat="43.6950814" lon="12.7718921"/>
      <nd lat="43.6951512" lon="12.7718881"/>
      <nd lat="43.6952405" lon="12.7719109"/>
      <nd lat="43.6953132" lon="12.7718988"/>
      <nd lat="43.6953985" lon="12.7719297"/>
      <nd lat="43.6954887" lon="12.7719390"/>
      <nd lat="43.6955789" lon="12.7719900"/>
      <nd lat="43.6956206" lon="12.7720383"/>
      <nd lat="43.6956555" lon="12.7720450"/>
      <nd lat="43.6957059" lon="12.7720691"/>
      <nd lat="43.6957534" lon="12.7720691"/>
      <nd lat="43.6957922" lon="12.7720705"/>
      <nd lat="43.6958339" lon="12.7720597"/>
      <nd lat="43.6958552" lon="12.7720772"/>
      <nd lat="43.6959037" lon="12.7721000"/>
      <nd lat="43.6959667" lon="12.7721080"/>
      <nd lat="43.6960142" lon="12.7721032"/>
      <nd lat="43.6960821" lon="12.7721214"/>
      <nd lat="43.6961519" lon="12.7721590"/>
      <nd lat="43.6962120" lon="12.7722207"/>
      <nd lat="43.6962547" lon="12.7722381"/>
      <nd lat="43.6963575" lon="12.7722408"/>
      <nd lat="43.6963856" lon="12.7722582"/>
      <nd lat="43.6964932" lon="12.7723145"/>
      <nd lat="43.6965834" lon="12.7723789"/>
      <nd lat="43.6966503" lon="12.7724527"/>
      <nd lat="43.6967499" lon="12.7725265"/>
      <nd lat="43.6967919" lon="12.7725466"/>
      <nd lat="43.6968714" lon="12.7726069"/>
      <nd lat="43.6969247" lon="12.7726646"/>
      <nd lat="43.6969771" lon="12.7727585"/>
      <nd lat="43.6970488" lon="12.7728470"/>
      <nd lat="43.6971041" lon="12.7728832"/>
      <nd lat="43.6971419" lon="12.7729422"/>
      <nd lat="43.6971910" lon="12.7729819"/>
      <nd lat="43.6972524" lon="12.7730079"/>
      <nd lat="43.6973048" lon="12.7730387"/>
      <nd lat="43.6973766" lon="12.7730632"/>
      <nd lat="43.6974056" lon="12.7731460"/>
      <nd lat="43.6974037" lon="12.7732292"/>
      <nd lat="43.6974813" lon="12.7732587"/>
      <nd lat="43.6975356" lon="12.7733177"/>
      <nd lat="43.6975620" lon="12.7733904"/>
      <nd lat="43.6976519" lon="12.7734438"/>
      <nd lat="43.6977276" lon="12.7734625"/>
      <nd lat="43.6977760" lon="12.7735510"/>
      <nd lat="43.6978226" lon="12.7736047"/>
      <nd lat="43.6978691" lon="12.7736020"/>
      <nd lat="43.6979603" lon="12.7735618"/>
      <nd lat="43.6980146" lon="12.7735805"/>
      <nd lat="43.6980245" lon="12.7736550"/>
      <nd lat="43.6980223" lon="12.7737361"/>
      <nd lat="43.6980611" lon="12.7737656"/>
      <nd lat="43.6980960" lon="12.7737361"/>
      <nd lat="43.6981549" lon="12.7736878"/>
      <nd lat="43.6982492" lon="12.7737403"/>
      <nd lat="43.6983054" lon="12.7739373"/>
      <nd lat="43.6983613" lon="12.7740514"/>
      <nd lat="43.6984107" lon="12.7741237"/>
      <nd lat="43.6985066" lon="12.7741964"/>
      <nd lat="43.6985382" lon="12.7742683"/>
      <nd lat="43.6985337" lon="12.7743362"/>
      <nd lat="43.6984938" lon="12.7743782"/>
      <nd lat="43.6984536" lon="12.7743820"/>
    </member>
    <member type="way" ref="191116014" role="">
      <nd lat="43.6921121" lon="12.7671075"/>
      <nd lat="43.6920561" lon="12.7672593"/>
      <nd lat="43.6919682" lon="12.7676797"/>
      <nd lat="43.6919482" lon="12.7678109"/>
      <nd lat="43.6919275" lon="12.7679386"/>
      <nd lat="43.6918960" lon="12.7681637"/>
      <nd lat="43.6918699" lon="12.7684523"/>
      <nd lat="43.6918351" lon="12.7689534"/>
      <nd lat="43.6918226" lon="12.7692303"/>
      <nd lat="43.6918311" lon="12.7693354"/>
      <nd lat="43.6918587" lon="12.7694239"/>
      <nd lat="43.6920440" lon="12.7697563"/>
      <nd lat="43.6921286" lon="12.7699542"/>
      <nd lat="43.6921862" lon="12.7700597"/>
      <nd lat="43.6922561" lon="12.7701492"/>
      <nd lat="43.6923406" lon="12.7702266"/>
      <nd lat="43.6932599" lon="12.7708596"/>
      <nd lat="43.6934238" lon="12.7709550"/>
      <nd lat="43.6936107" lon="12.7710326"/>
    </member>
    <tag k="type" v="route"/>
    <tag k="route" v="hiking"/>
    <tag k="ref" v="342A"/>
    <tag k="ascent" v="41"/>
    <tag k="cai_scale" v="T"/>
    <tag k="distance" v="1.8"/>
    <tag k="duration:backward" v="1:00"/>
    <tag k="duration:forward" v="1:30"/>
    <tag k="network" v="lwn"/>
    <tag k="old_ref" v="143"/>
    <tag k="operator" v="Club Alpino Italiano"/>
    <tag k="osmc:symbol" v="red:red:white_stripe:342A:black"/>
  </relation>
</old>
<new>
  <relation id="2805574" version="7" timestamp="2026-09-29T12:44:26Z" changeset="189726020" uid="22656739" user="Antonio Bacciaglia">
    <bounds minlat="43.6918226" minlon="12.7671075" maxlat="43.6985382" maxlon="12.7783737"/>
    <member type="way" ref="515593217" role="">
      <nd lat="43.6935183" lon="12.7783522"/>
      <nd lat="43.6935581" lon="12.7783509"/>
      <nd lat="43.6936095" lon="12.7783321"/>
    </member>
    <member type="way" ref="301007976" role="">
      <nd lat="43.6943552" lon="12.7771450"/>
      <nd lat="43.6941884" lon="12.7774054"/>
      <nd lat="43.6940739" lon="12.7776200"/>
      <nd lat="43.6939634" lon="12.7777997"/>
      <nd lat="43.6938506" lon="12.7780215"/>
      <nd lat="43.6938057" lon="12.7781393"/>
      <nd lat="43.6937925" lon="12.7781870"/>
      <nd lat="43.6937732" lon="12.7782608"/>
      <nd lat="43.6937324" lon="12.7783120"/>
      <nd lat="43.6937132" lon="12.7783361"/>
      <nd lat="43.6936492" lon="12.7783737"/>
      <nd lat="43.6936095" lon="12.7783321"/>
    </member>
    <member type="way" ref="208639876" role="">
      <nd lat="43.6984536" lon="12.7743820"/>
      <nd lat="43.6984341" lon="12.7744270"/>
      <nd lat="43.6983885" lon="12.7744433"/>
      <nd lat="43.6981270" lon="12.7744308"/>
      <nd lat="43.6979743" lon="12.7744328"/>
      <nd lat="43.6978420" lon="12.7744228"/>
      <nd lat="43.6977004" lon="12.7744583"/>
      <nd lat="43.6975550" lon="12.7744898"/>
      <nd lat="43.6973921" lon="12.7745354"/>
      <nd lat="43.6972408" lon="12.7745703"/>
      <nd lat="43.6970411" lon="12.7746266"/>
      <nd lat="43.6968239" lon="12.7746829"/>
      <nd lat="43.6965892" lon="12.7747366"/>
      <nd lat="43.6963423" lon="12.7747897"/>
      <nd lat="43.6960792" lon="12.7748707"/>
      <nd lat="43.6959221" lon="12.7749297"/>
      <nd lat="43.6957592" lon="12.7749914"/>
      <nd lat="43.6955614" lon="12.7750772"/>
      <nd lat="43.6953258" lon="12.7751735"/>
      <nd lat="43.6951231" lon="12.7752730"/>
      <nd lat="43.6949505" lon="12.7753723"/>
      <nd lat="43.6947896" lon="12.7754608"/>
      <nd lat="43.6946117" lon="12.7755798"/>
      <nd lat="43.6944906" lon="12.7756794"/>
      <nd lat="43.6944122" lon="12.7758105"/>
      <nd lat="43.6943622" lon="12.7759462"/>
      <nd lat="43.6943416" lon="12.7761072"/>
      <nd lat="43.6943644" lon="12.7762674"/>
      <nd lat="43.6943897" lon="12.7764207"/>
      <nd lat="43.6944385" lon="12.7765605"/>
      <nd lat="43.6945161" lon="12.7766624"/>
      <nd lat="43.6945995" lon="12.7767348"/>
      <nd lat="43.6946972" lon="12.7768414"/>
      <nd lat="43.6947155" lon="12.7769349"/>
      <nd lat="43.6946976" lon="12.7770213"/>
      <nd lat="43.6946513" lon="12.7770706"/>
      <nd lat="43.6945664" lon="12.7771055"/>
      <nd lat="43.6944560" lon="12.7771157"/>
      <nd lat="43.6943552" lon="12.7771450"/>
    </member>
    <member type="way" ref="53572067" role="">
      <nd lat="43.6936107" lon="12.7710326"/>
      <nd lat="43.6936163" lon="12.7711666"/>
      <nd lat="43.6936628" lon="12.7711786"/>
      <nd lat="43.6937142" lon="12.7711733"/>
      <nd lat="43.6937517" lon="12.7711795"/>
      <nd lat="43.6937830" lon="12.7711813"/>
      <nd lat="43.6937869" lon="12.7712148"/>
      <nd lat="43.6937937" lon="12.7712631"/>
      <nd lat="43.6938393" lon="12.7712913"/>
      <nd lat="43.6938790" lon="12.7713020"/>
      <nd lat="43.6939382" lon="12.7713221"/>
      <nd lat="43.6940021" lon="12.7713630"/>
      <nd lat="43.6940487" lon="12.7713852"/>
      <nd lat="43.6941282" lon="12.7714039"/>
      <nd lat="43.6941670" lon="12.7714562"/>
      <nd lat="43.6942184" lon="12.7714965"/>
      <nd lat="43.6942621" lon="12.7715099"/>
      <nd lat="43.6943261" lon="12.7715796"/>
      <nd lat="43.6943978" lon="12.7716011"/>
      <nd lat="43.6944749" lon="12.7716218"/>
      <nd lat="43.6945481" lon="12.7716440"/>
      <nd lat="43.6946276" lon="12.7716842"/>
      <nd lat="43.6947168" lon="12.7717285"/>
      <nd lat="43.6947789" lon="12.7717982"/>
      <nd lat="43.6948322" lon="12.7718371"/>
      <nd lat="43.6948671" lon="12.7718706"/>
      <nd lat="43.6949049" lon="12.7718841"/>
      <nd lat="43.6949466" lon="12.7718894"/>
      <nd lat="43.6950000" lon="12.7718841"/>
      <nd lat="43.6950814" lon="12.7718921"/>
      <nd lat="43.6951512" lon="12.7718881"/>
      <nd lat="43.6952405" lon="12.7719109"/>
      <nd lat="43.6953132" lon="12.7718988"/>
      <nd lat="43.6953985" lon="12.7719297"/>
      <nd lat="43.6954887" lon="12.7719390"/>
      <nd lat="43.6955789" lon="12.7719900"/>
      <nd lat="43.6956206" lon="12.7720383"/>
      <nd lat="43.6956555" lon="12.7720450"/>
      <nd lat="43.6957059" lon="12.7720691"/>
      <nd lat="43.6957534" lon="12.7720691"/>
      <nd lat="43.6957922" lon="12.7720705"/>
      <nd lat="43.6958339" lon="12.7720597"/>
      <nd lat="43.6958552" lon="12.7720772"/>
      <nd lat="43.6959037" lon="12.7721000"/>
      <nd lat="43.6959667" lon="12.7721080"/>
      <nd lat="43.6960142" lon="12.7721032"/>
      <nd lat="43.6960821" lon="12.7721214"/>
      <nd lat="43.6961519" lon="12.7721590"/>
      <nd lat="43.6962120" lon="12.7722207"/>
      <nd lat="43.6962547" lon="12.7722381"/>
      <nd lat="43.6963575" lon="12.7722408"/>
      <nd lat="43.6963856" lon="12.7722582"/>
      <nd lat="43.6964932" lon="12.7723145"/>
      <nd lat="43.6965834" lon="12.7723789"/>
      <nd lat="43.6966503" lon="12.7724527"/>
      <nd lat="43.6967499" lon="12.7725265"/>
      <nd lat="43.6967919" lon="12.7725466"/>
      <nd lat="43.6968714" lon="12.7726069"/>
      <nd lat="43.6969247" lon="12.7726646"/>
      <nd lat="43.6969771" lon="12.7727585"/>
      <nd lat="43.6970488" lon="12.7728470"/>
      <nd lat="43.6971041" lon="12.7728832"/>
      <nd lat="43.6971419" lon="12.7729422"/>
      <nd lat="43.6971910" lon="12.7729819"/>
      <nd lat="43.6972524" lon="12.7730079"/>
      <nd lat="43.6973048" lon="12.7730387"/>
      <nd lat="43.6973766" lon="12.7730632"/>
      <nd lat="43.6974056" lon="12.7731460"/>
      <nd lat="43.6974037" lon="12.7732292"/>
      <nd lat="43.6974813" lon="12.7732587"/>
      <nd lat="43.6975356" lon="12.7733177"/>
      <nd lat="43.6975620" lon="12.7733904"/>
      <nd lat="43.6976519" lon="12.7734438"/>
      <nd lat="43.6977276" lon="12.7734625"/>
      <nd lat="43.6977760" lon="12.7735510"/>
      <nd lat="43.6978226" lon="12.7736047"/>
      <nd lat="43.6978691" lon="12.7736020"/>
      <nd lat="43.6979603" lon="12.7735618"/>
      <nd lat="43.6980146" lon="12.7735805"/>
      <nd lat="43.6980245" lon="12.7736550"/>
      <nd lat="43.6980223" lon="12.7737361"/>
      <nd lat="43.6980611" lon="12.7737656"/>
      <nd lat="43.6980960" lon="12.7737361"/>
      <nd lat="43.6981549" lon="12.7736878"/>
      <nd lat="43.6982492" lon="12.7737403"/>
      <nd lat="43.6983054" lon="12.7739373"/>
      <nd lat="43.6983613" lon="12.7740514"/>
      <nd lat="43.6984107" lon="12.7741237"/>
      <nd lat="43.6985066" lon="12.7741964"/>
      <nd lat="43.6985382" lon="12.7742683"/>
      <nd lat="43.6985337" lon="12.7743362"/>
      <nd lat="43.6984938" lon="12.7743782"/>
      <nd lat="43.6984536" lon="12.7743820"/>
    </member>
    <member type="way" ref="191116014" role="">
      <nd lat="43.6921121" lon="12.7671075"/>
      <nd lat="43.6920561" lon="12.7672593"/>
      <nd lat="43.6919682" lon="12.7676797"/>
      <nd lat="43.6919482" lon="12.7678109"/>
      <nd lat="43.6919275" lon="12.7679386"/>
      <nd lat="43.6918960" lon="12.7681637"/>
      <nd lat="43.6918699" lon="12.7684523"/>
      <nd lat="43.6918351" lon="12.7689534"/>
      <nd lat="43.6918226" lon="12.7692303"/>
      <nd lat="43.6918311" lon="12.7693354"/>
      <nd lat="43.6918587" lon="12.7694239"/>
      <nd lat="43.6920440" lon="12.7697563"/>
      <nd lat="43.6921286" lon="12.7699542"/>
      <nd lat="43.6921862" lon="12.7700597"/>
      <nd lat="43.6922561" lon="12.7701492"/>
      <nd lat="43.6923406" lon="12.7702266"/>
      <nd lat="43.6932599" lon="12.7708596"/>
      <nd lat="43.6934238" lon="12.7709550"/>
      <nd lat="43.6936107" lon="12.7710326"/>
    </member>
    <tag k="ascent" v="41"/>
    <tag k="cai_scale" v="T"/>
    <tag k="distance" v="1.8"/>
    <tag k="duration:backward" v="1:00"/>
    <tag k="duration:forward" v="1:30"/>
    <tag k="network" v="lwn"/>
    <tag k="old_ref" v="143"/>
    <tag k="operator" v="Club Alpino Italiano"/>
    <tag k="osmc:symbol" v="red:red:white_stripe:342A:black"/>
    <tag k="ref" v="342A"/>
    <tag k="roundtrip" v="no"/>
    <tag k="route" v="hiking"/>
    <tag k="source" v="survey:CAI"/>
    <tag k="symbol" v="449 on white red flags"/>
    <tag k="type" v="route"/>
  </relation>
</new>
</action>
<action type="modify">
<old>
  <relation id="3834419" version="7" timestamp="2024-11-19T09:51:35Z" changeset="159316334" uid="2976645" user="Jrachi">
    <bounds minlat="43.6842764" minlon="12.7649777" maxlat="43.6993014" maxlon="12.7765778"/>
    <member type="way" ref="516718736" role="">
      <nd lat="43.6846905" lon="12.7761882"/>
      <nd lat="43.6844792" lon="12.7764021"/>
      <nd lat="43.6842764" lon="12.7765778"/>
    </member>
    <member type="way" ref="109063398" role="">
      <nd lat="43.6860503" lon="12.7749046"/>
      <nd lat="43.6859933" lon="12.7749358"/>
      <nd lat="43.6858492" lon="12.7751401"/>
      <nd lat="43.6857539" lon="12.7752394"/>
      <nd lat="43.6856227" lon="12.7753307"/>
      <nd lat="43.6854791" lon="12.7754179"/>
      <nd lat="43.6852247" lon="12.7756006"/>
      <nd lat="43.6850670" lon="12.7757424"/>
      <nd lat="43.6850010" lon="12.7758028"/>
      <nd lat="43.6848528" lon="12.7759565"/>
      <nd lat="43.6846905" lon="12.7761882"/>
    </member>
    <member type="way" ref="158100343" role="">
      <nd lat="43.6856062" lon="12.7740709"/>
      <nd lat="43.6857105" lon="12.7744016"/>
      <nd lat="43.6860246" lon="12.7748158"/>
      <nd lat="43.6860503" lon="12.7749046"/>
    </member>
    <member type="way" ref="109063393" role="">
      <nd lat="43.6883960" lon="12.7684908"/>
      <nd lat="43.6882294" lon="12.7684122"/>
      <nd lat="43.6880707" lon="12.7683018"/>
      <nd lat="43.6875946" lon="12.7680174"/>
      <nd lat="43.6872966" lon="12.7678122"/>
      <nd lat="43.6872293" lon="12.7677428"/>
      <nd lat="43.6871221" lon="12.7675844"/>
      <nd lat="43.6869496" lon="12.7672477"/>
      <nd lat="43.6868656" lon="12.7670714"/>
      <nd lat="43.6867811" lon="12.7669045"/>
      <nd lat="43.6865250" lon="12.7665723"/>
      <nd lat="43.6862772" lon="12.7662657"/>
      <nd lat="43.6860326" lon="12.7661324"/>
      <nd lat="43.6858641" lon="12.7658862"/>
      <nd lat="43.6857436" lon="12.7658113"/>
      <nd lat="43.6854727" lon="12.7656062"/>
      <nd lat="43.6852785" lon="12.7654379"/>
      <nd lat="43.6851605" lon="12.7652715"/>
      <nd lat="43.6850176" lon="12.7651853"/>
      <nd lat="43.6848814" lon="12.7651032"/>
      <nd lat="43.6846343" lon="12.7649777"/>
      <nd lat="43.6847190" lon="12.7652074"/>
      <nd lat="43.6847825" lon="12.7654253"/>
      <nd lat="43.6847924" lon="12.7656473"/>
      <nd lat="43.6849827" lon="12.7664479"/>
      <nd lat="43.6850281" lon="12.7668497"/>
      <nd lat="43.6851822" lon="12.7673095"/>
      <nd lat="43.6852960" lon="12.7675503"/>
      <nd lat="43.6852871" lon="12.7679110"/>
      <nd lat="43.6853980" lon="12.7690036"/>
      <nd lat="43.6854814" lon="12.7692991"/>
      <nd lat="43.6854482" lon="12.7697637"/>
      <nd lat="43.6855203" lon="12.7705742"/>
      <nd lat="43.6854636" lon="12.7712033"/>
      <nd lat="43.6852224" lon="12.7727168"/>
      <nd lat="43.6850977" lon="12.7730706"/>
      <nd lat="43.6850977" lon="12.7732911"/>
      <nd lat="43.6851673" lon="12.7734590"/>
      <nd lat="43.6856062" lon="12.7740709"/>
    </member>
    <member type="way" ref="265053696" role="">
      <nd lat="43.6911723" lon="12.7673497"/>
      <nd lat="43.6910103" lon="12.7675629"/>
      <nd lat="43.6908422" lon="12.7676989"/>
      <nd lat="43.6905900" lon="12.7678371"/>
      <nd lat="43.6904219" lon="12.7680543"/>
      <nd lat="43.6902334" lon="12.7682551"/>
      <nd lat="43.6901126" lon="12.7682824"/>
      <nd lat="43.6900397" lon="12.7683482"/>
      <nd lat="43.6898683" lon="12.7684365"/>
      <nd lat="43.6896241" lon="12.7685017"/>
      <nd lat="43.6894814" lon="12.7685149"/>
      <nd lat="43.6894116" lon="12.7685653"/>
      <nd lat="43.6892070" lon="12.7685653"/>
      <nd lat="43.6890093" lon="12.7686568"/>
      <nd lat="43.6888485" lon="12.7685960"/>
      <nd lat="43.6887137" lon="12.7685807"/>
      <nd lat="43.6884917" lon="12.7685050"/>
      <nd lat="43.6883960" lon="12.7684908"/>
    </member>
    <member type="way" ref="265053695" role="">
      <nd lat="43.6915637" lon="12.7670642"/>
      <nd lat="43.6914766" lon="12.7671155"/>
      <nd lat="43.6913878" lon="12.7671543"/>
      <nd lat="43.6912948" lon="12.7672315"/>
      <nd lat="43.6911723" lon="12.7673497"/>
    </member>
    <member type="way" ref="53569626" role="">
      <nd lat="43.6920645" lon="12.7670763"/>
      <nd lat="43.6919349" lon="12.7672822"/>
      <nd lat="43.6918175" lon="12.7675476"/>
      <nd lat="43.6917240" lon="12.7677253"/>
      <nd lat="43.6916558" lon="12.7678218"/>
      <nd lat="43.6915835" lon="12.7677916"/>
      <nd lat="43.6915613" lon="12.7676690"/>
      <nd lat="43.6915797" lon="12.7675191"/>
      <nd lat="43.6916097" lon="12.7673578"/>
      <nd lat="43.6916114" lon="12.7671813"/>
      <nd lat="43.6915637" lon="12.7670642"/>
    </member>
    <member type="way" ref="191116013" role="">
      <nd lat="43.6938844" lon="12.7664244"/>
      <nd lat="43.6938459" lon="12.7664891"/>
      <nd lat="43.6937656" lon="12.7664971"/>
      <nd lat="43.6934489" lon="12.7663635"/>
      <nd lat="43.6933718" lon="12.7663524"/>
      <nd lat="43.6925258" lon="12.7663904"/>
      <nd lat="43.6924686" lon="12.7664113"/>
      <nd lat="43.6924175" lon="12.7664518"/>
      <nd lat="43.6923635" lon="12.7665295"/>
      <nd lat="43.6923076" lon="12.7666308"/>
      <nd lat="43.6921950" lon="12.7668479"/>
      <nd lat="43.6921427" lon="12.7670058"/>
      <nd lat="43.6921121" lon="12.7671075"/>
    </member>
    <member type="way" ref="217807062" role="">
      <nd lat="43.6938844" lon="12.7664244"/>
      <nd lat="43.6941025" lon="12.7667480"/>
      <nd lat="43.6942868" lon="12.7669243"/>
      <nd lat="43.6943995" lon="12.7670847"/>
      <nd lat="43.6946965" lon="12.7673070"/>
      <nd lat="43.6949091" lon="12.7673184"/>
      <nd lat="43.6951121" lon="12.7673175"/>
      <nd lat="43.6952430" lon="12.7673002"/>
      <nd lat="43.6953442" lon="12.7672741"/>
      <nd lat="43.6954825" lon="12.7672655"/>
      <nd lat="43.6956484" lon="12.7672665"/>
      <nd lat="43.6957886" lon="12.7672993"/>
      <nd lat="43.6960767" lon="12.7673622"/>
      <nd lat="43.6963379" lon="12.7675662"/>
      <nd lat="43.6967735" lon="12.7680015"/>
      <nd lat="43.6969463" lon="12.7681324"/>
      <nd lat="43.6971345" lon="12.7682873"/>
      <nd lat="43.6974525" lon="12.7685856"/>
      <nd lat="43.6976756" lon="12.7687185"/>
      <nd lat="43.6977991" lon="12.7687793"/>
      <nd lat="43.6979087" lon="12.7688065"/>
      <nd lat="43.6980673" lon="12.7687825"/>
      <nd lat="43.6981819" lon="12.7687605"/>
      <nd lat="43.6984024" lon="12.7686560"/>
      <nd lat="43.6986408" lon="12.7685711"/>
      <nd lat="43.6990299" lon="12.7684861"/>
      <nd lat="43.6993014" lon="12.7684281"/>
    </member>
    <member type="node" ref="3666463816" role="guidepost" lat="43.6860603" lon="12.7748887"/>
    <member type="node" ref="3666463815" role="guidepost" lat="43.6846729" lon="12.7762435"/>
    <tag k="type" v="route"/>
    <tag k="ascent" v="488"/>
    <tag k="cai_scale" v="E"/>
    <tag k="distance" v="3.1"/>
    <tag k="duration:backward" v="1:30"/>
    <tag k="duration:forward" v="2:30"/>
    <tag k="network" v="lwn"/>
    <tag k="old_ref" v="141"/>
    <tag k="operator" v="Club Alpino Italiano"/>
    <tag k="osmc:symbol" v="red:red:white_stripe:341:black"/>
    <tag k="ref" v="341"/>
    <tag k="roundtrip" v="no"/>
    <tag k="route" v="hiking"/>
  </relation>
</old>
<new>
  <relation id="3834419" version="8" timestamp="2026-09-29T13:42:02Z" changeset="189728799" uid="22656739" user="Antonio Bacciaglia">
    <bounds minlat="43.6842764" minlon="12.7649777" maxlat="43.6993014" maxlon="12.7765778"/>
    <member type="way" ref="516718736" role="">
      <nd lat="43.6846905" lon="12.7761882"/>
      <nd lat="43.6844792" lon="12.7764021"/>
      <nd lat="43.6842764" lon="12.7765778"/>
    </member>
    <member type="way" ref="109063398" role="">
      <nd lat="43.6860503" lon="12.7749046"/>
      <nd lat="43.6859933" lon="12.7749358"/>
      <nd lat="43.6858492" lon="12.7751401"/>
      <nd lat="43.6857539" lon="12.7752394"/>
      <nd lat="43.6856227" lon="12.7753307"/>
      <nd lat="43.6854791" lon="12.7754179"/>
      <nd lat="43.6852247" lon="12.7756006"/>
      <nd lat="43.6850670" lon="12.7757424"/>
      <nd lat="43.6850010" lon="12.7758028"/>
      <nd lat="43.6848528" lon="12.7759565"/>
      <nd lat="43.6846905" lon="12.7761882"/>
    </member>
    <member type="way" ref="158100343" role="">
      <nd lat="43.6856062" lon="12.7740709"/>
      <nd lat="43.6857105" lon="12.7744016"/>
      <nd lat="43.6860246" lon="12.7748158"/>
      <nd lat="43.6860503" lon="12.7749046"/>
    </member>
    <member type="way" ref="109063393" role="">
      <nd lat="43.6883960" lon="12.7684908"/>
      <nd lat="43.6882294" lon="12.7684122"/>
      <nd lat="43.6880707" lon="12.7683018"/>
      <nd lat="43.6875946" lon="12.7680174"/>
      <nd lat="43.6872966" lon="12.7678122"/>
      <nd lat="43.6872293" lon="12.7677428"/>
      <nd lat="43.6871221" lon="12.7675844"/>
      <nd lat="43.6869496" lon="12.7672477"/>
      <nd lat="43.6868656" lon="12.7670714"/>
      <nd lat="43.6867811" lon="12.7669045"/>
      <nd lat="43.6865250" lon="12.7665723"/>
      <nd lat="43.6862772" lon="12.7662657"/>
      <nd lat="43.6860326" lon="12.7661324"/>
      <nd lat="43.6858641" lon="12.7658862"/>
      <nd lat="43.6857436" lon="12.7658113"/>
      <nd lat="43.6854727" lon="12.7656062"/>
      <nd lat="43.6852785" lon="12.7654379"/>
      <nd lat="43.6851605" lon="12.7652715"/>
      <nd lat="43.6850176" lon="12.7651853"/>
      <nd lat="43.6848814" lon="12.7651032"/>
      <nd lat="43.6846343" lon="12.7649777"/>
      <nd lat="43.6847190" lon="12.7652074"/>
      <nd lat="43.6847825" lon="12.7654253"/>
      <nd lat="43.6847924" lon="12.7656473"/>
      <nd lat="43.6849827" lon="12.7664479"/>
      <nd lat="43.6850281" lon="12.7668497"/>
      <nd lat="43.6851822" lon="12.7673095"/>
      <nd lat="43.6852960" lon="12.7675503"/>
      <nd lat="43.6852871" lon="12.7679110"/>
      <nd lat="43.6853980" lon="12.7690036"/>
      <nd lat="43.6854814" lon="12.7692991"/>
      <nd lat="43.6854482" lon="12.7697637"/>
      <nd lat="43.6855203" lon="12.7705742"/>
      <nd lat="43.6854636" lon="12.7712033"/>
      <nd lat="43.6852224" lon="12.7727168"/>
      <nd lat="43.6850977" lon="12.7730706"/>
      <nd lat="43.6850977" lon="12.7732911"/>
      <nd lat="43.6851673" lon="12.7734590"/>
      <nd lat="43.6856062" lon="12.7740709"/>
    </member>
    <member type="way" ref="265053696" role="">
      <nd lat="43.6911723" lon="12.7673497"/>
      <nd lat="43.6910103" lon="12.7675629"/>
      <nd lat="43.6908422" lon="12.7676989"/>
      <nd lat="43.6905900" lon="12.7678371"/>
      <nd lat="43.6904219" lon="12.7680543"/>
      <nd lat="43.6902334" lon="12.7682551"/>
      <nd lat="43.6901126" lon="12.7682824"/>
      <nd lat="43.6900397" lon="12.7683482"/>
      <nd lat="43.6898683" lon="12.7684365"/>
      <nd lat="43.6896241" lon="12.7685017"/>
      <nd lat="43.6894814" lon="12.7685149"/>
      <nd lat="43.6894116" lon="12.7685653"/>
      <nd lat="43.6892070" lon="12.7685653"/>
      <nd lat="43.6890093" lon="12.7686568"/>
      <nd lat="43.6888485" lon="12.7685960"/>
      <nd lat="43.6887137" lon="12.7685807"/>
      <nd lat="43.6884917" lon="12.7685050"/>
      <nd lat="43.6883960" lon="12.7684908"/>
    </member>
    <member type="way" ref="265053695" role="">
      <nd lat="43.6915637" lon="12.7670642"/>
      <nd lat="43.6914766" lon="12.7671155"/>
      <nd lat="43.6913878" lon="12.7671543"/>
      <nd lat="43.6912948" lon="12.7672315"/>
      <nd lat="43.6911723" lon="12.7673497"/>
    </member>
    <member type="way" ref="53569626" role="">
      <nd lat="43.6920645" lon="12.7670763"/>
      <nd lat="43.6919349" lon="12.7672822"/>
      <nd lat="43.6918175" lon="12.7675476"/>
      <nd lat="43.6917240" lon="12.7677253"/>
      <nd lat="43.6916558" lon="12.7678218"/>
      <nd lat="43.6915835" lon="12.7677916"/>
      <nd lat="43.6915613" lon="12.7676690"/>
      <nd lat="43.6915797" lon="12.7675191"/>
      <nd lat="43.6916097" lon="12.7673578"/>
      <nd lat="43.6916114" lon="12.7671813"/>
      <nd lat="43.6915637" lon="12.7670642"/>
    </member>
    <member type="way" ref="191116013" role="">
      <nd lat="43.6938844" lon="12.7664244"/>
      <nd lat="43.6938459" lon="12.7664891"/>
      <nd lat="43.6937656" lon="12.7664971"/>
      <nd lat="43.6934489" lon="12.7663635"/>
      <nd lat="43.6933718" lon="12.7663524"/>
      <nd lat="43.6925258" lon="12.7663904"/>
      <nd lat="43.6924686" lon="12.7664113"/>
      <nd lat="43.6924175" lon="12.7664518"/>
      <nd lat="43.6923635" lon="12.7665295"/>
      <nd lat="43.6923076" lon="12.7666308"/>
      <nd lat="43.6921950" lon="12.7668479"/>
      <nd lat="43.6921427" lon="12.7670058"/>
      <nd lat="43.6921121" lon="12.7671075"/>
    </member>
    <member type="way" ref="217807062" role="">
      <nd lat="43.6938844" lon="12.7664244"/>
      <nd lat="43.6941025" lon="12.7667480"/>
      <nd lat="43.6942868" lon="12.7669243"/>
      <nd lat="43.6943995" lon="12.7670847"/>
      <nd lat="43.6946965" lon="12.7673070"/>
      <nd lat="43.6949091" lon="12.7673184"/>
      <nd lat="43.6951121" lon="12.7673175"/>
      <nd lat="43.6952430" lon="12.7673002"/>
      <nd lat="43.6953442" lon="12.7672741"/>
      <nd lat="43.6954825" lon="12.7672655"/>
      <nd lat="43.6956484" lon="12.7672665"/>
      <nd lat="43.6957886" lon="12.7672993"/>
      <nd lat="43.6960767" lon="12.7673622"/>
      <nd lat="43.6963379" lon="12.7675662"/>
      <nd lat="43.6967735" lon="12.7680015"/>
      <nd lat="43.6969463" lon="12.7681324"/>
      <nd lat="43.6971345" lon="12.7682873"/>
      <nd lat="43.6974525" lon="12.7685856"/>
      <nd lat="43.6976756" lon="12.7687185"/>
      <nd lat="43.6977991" lon="12.7687793"/>
      <nd lat="43.6979087" lon="12.7688065"/>
      <nd lat="43.6980673" lon="12.7687825"/>
      <nd lat="43.6981819" lon="12.7687605"/>
      <nd lat="43.6984024" lon="12.7686560"/>
      <nd lat="43.6986408" lon="12.7685711"/>
      <nd lat="43.6990299" lon="12.7684861"/>
      <nd lat="43.6993014" lon="12.7684281"/>
    </member>
    <member type="node" ref="3666463816" role="guidepost" lat="43.6860603" lon="12.7748887"/>
    <member type="node" ref="3666463815" role="guidepost" lat="43.6846729" lon="12.7762435"/>
    <tag k="ascent" v="488"/>
    <tag k="cai_scale" v="E"/>
    <tag k="distance" v="3.1"/>
    <tag k="duration:backward" v="1:30"/>
    <tag k="duration:forward" v="2:30"/>
    <tag k="network" v="lwn"/>
    <tag k="old_ref" v="141"/>
    <tag k="operator" v="Club Alpino Italiano"/>
    <tag k="osmc:symbol" v="red:red:white_stripe:341:black"/>
    <tag k="ref" v="341"/>
    <tag k="roundtrip" v="no"/>
    <tag k="route" v="hiking"/>
    <tag k="source" v="survey:CAI"/>
    <tag k="type" v="route"/>
  </relation>
</new>
</action>
<action type="modify">
<old>
  <relation id="3837600" version="7" timestamp="2024-11-05T09:01:12Z" changeset="158770247" uid="1092114" user="kräckel">
    <bounds minlat="43.6842764" minlon="12.7734447" maxlat="43.7007281" maxlon="12.7791274"/>
    <member type="node" ref="3666463816" role="" lat="43.6860603" lon="12.7748887"/>
    <member type="node" ref="3666463815" role="" lat="43.6846729" lon="12.7762435"/>
    <member type="node" ref="3666463925" role="" lat="43.6905011" lon="12.7777164"/>
    <member type="node" ref="3658304693" role="" lat="43.7007153" lon="12.7773523"/>
    <member type="way" ref="288855014" role="">
      <nd lat="43.7007281" lon="12.7772410"/>
      <nd lat="43.7006795" lon="12.7772523"/>
      <nd lat="43.7004280" lon="12.7767995"/>
    </member>
    <member type="way" ref="289064942" role="">
      <nd lat="43.7000309" lon="12.7760943"/>
      <nd lat="43.7000778" lon="12.7761739"/>
      <nd lat="43.7001632" lon="12.7762923"/>
      <nd lat="43.7003063" lon="12.7764907"/>
      <nd lat="43.7003962" lon="12.7766153"/>
      <nd lat="43.7004280" lon="12.7767995"/>
    </member>
    <member type="way" ref="301007972" role="">
      <nd lat="43.6936502" lon="12.7787009"/>
      <nd lat="43.6937103" lon="12.7788940"/>
      <nd lat="43.6938143" lon="12.7790721"/>
      <nd lat="43.6938858" lon="12.7791268"/>
      <nd lat="43.6939556" lon="12.7791274"/>
      <nd lat="43.6940041" lon="12.7790979"/>
      <nd lat="43.6940809" lon="12.7790826"/>
      <nd lat="43.6941438" lon="12.7790603"/>
      <nd lat="43.6942019" lon="12.7790228"/>
      <nd lat="43.6942807" lon="12.7790056"/>
      <nd lat="43.6943726" lon="12.7788967"/>
      <nd lat="43.6944199" lon="12.7787668"/>
      <nd lat="43.6945006" lon="12.7787104"/>
      <nd lat="43.6946751" lon="12.7785158"/>
      <nd lat="43.6948279" lon="12.7783415"/>
      <nd lat="43.6949032" lon="12.7783051"/>
      <nd lat="43.6951603" lon="12.7782899"/>
      <nd lat="43.6953714" lon="12.7782530"/>
      <nd lat="43.6955187" lon="12.7780464"/>
      <nd lat="43.6956761" lon="12.7775659"/>
      <nd lat="43.6959501" lon="12.7769008"/>
      <nd lat="43.6962035" lon="12.7767077"/>
      <nd lat="43.6966318" lon="12.7765200"/>
      <nd lat="43.6970483" lon="12.7764969"/>
      <nd lat="43.6974788" lon="12.7764727"/>
      <nd lat="43.6978686" lon="12.7763990"/>
      <nd lat="43.6983285" lon="12.7763073"/>
      <nd lat="43.6997734" lon="12.7761100"/>
      <nd lat="43.6999161" lon="12.7761535"/>
      <nd lat="43.6999867" lon="12.7761206"/>
      <nd lat="43.7000309" lon="12.7760943"/>
    </member>
    <member type="way" ref="53569627" role="">
      <nd lat="43.6936502" lon="12.7787009"/>
      <nd lat="43.6934813" lon="12.7786166"/>
      <nd lat="43.6934941" lon="12.7785536"/>
      <nd lat="43.6935183" lon="12.7783522"/>
    </member>
    <member type="way" ref="289064945" role="">
      <nd lat="43.6935897" lon="12.7780193"/>
      <nd lat="43.6936180" lon="12.7780747"/>
      <nd lat="43.6936293" lon="12.7781481"/>
      <nd lat="43.6936201" lon="12.7782538"/>
      <nd lat="43.6936089" lon="12.7782772"/>
      <nd lat="43.6935888" lon="12.7782966"/>
      <nd lat="43.6935496" lon="12.7783175"/>
      <nd lat="43.6935183" lon="12.7783522"/>
    </member>
    <member type="way" ref="289064940" role="">
      <nd lat="43.6935897" lon="12.7780193"/>
      <nd lat="43.6928712" lon="12.7775735"/>
    </member>
    <member type="way" ref="289064941" role="">
      <nd lat="43.6931532" lon="12.7766758"/>
      <nd lat="43.6928712" lon="12.7775735"/>
    </member>
    <member type="way" ref="289064944" role="">
      <nd lat="43.6931532" lon="12.7766758"/>
      <nd lat="43.6928674" lon="12.7762321"/>
      <nd lat="43.6926990" lon="12.7760359"/>
      <nd lat="43.6925257" lon="12.7759189"/>
      <nd lat="43.6922065" lon="12.7758840"/>
      <nd lat="43.6920142" lon="12.7757700"/>
      <nd lat="43.6919109" lon="12.7757689"/>
      <nd lat="43.6916140" lon="12.7759378"/>
      <nd lat="43.6913567" lon="12.7760527"/>
      <nd lat="43.6912580" lon="12.7761381"/>
      <nd lat="43.6911883" lon="12.7762090"/>
      <nd lat="43.6911111" lon="12.7763154"/>
      <nd lat="43.6909927" lon="12.7764472"/>
      <nd lat="43.6909487" lon="12.7765441"/>
      <nd lat="43.6908165" lon="12.7767367"/>
      <nd lat="43.6907056" lon="12.7769168"/>
      <nd lat="43.6906308" lon="12.7770111"/>
      <nd lat="43.6905965" lon="12.7770728"/>
      <nd lat="43.6905539" lon="12.7771984"/>
      <nd lat="43.6905276" lon="12.7772726"/>
      <nd lat="43.6905079" lon="12.7773523"/>
      <nd lat="43.6905059" lon="12.7774823"/>
      <nd lat="43.6905110" lon="12.7775858"/>
      <nd lat="43.6905054" lon="12.7776536"/>
      <nd lat="43.6905101" lon="12.7777134"/>
      <nd lat="43.6905039" lon="12.7777592"/>
      <nd lat="43.6904894" lon="12.7777916"/>
      <nd lat="43.6904736" lon="12.7777907"/>
      <nd lat="43.6904538" lon="12.7777690"/>
      <nd lat="43.6904277" lon="12.7777038"/>
      <nd lat="43.6903972" lon="12.7776308"/>
      <nd lat="43.6903679" lon="12.7775501"/>
      <nd lat="43.6903259" lon="12.7774474"/>
      <nd lat="43.6902830" lon="12.7773523"/>
      <nd lat="43.6902552" lon="12.7772635"/>
      <nd lat="43.6902360" lon="12.7771482"/>
      <nd lat="43.6902204" lon="12.7771436"/>
      <nd lat="43.6902167" lon="12.7771608"/>
      <nd lat="43.6902264" lon="12.7772265"/>
      <nd lat="43.6902208" lon="12.7773936"/>
      <nd lat="43.6902076" lon="12.7775641"/>
      <nd lat="43.6902031" lon="12.7777389"/>
      <nd lat="43.6901867" lon="12.7777659"/>
      <nd lat="43.6901697" lon="12.7777508"/>
      <nd lat="43.6901408" lon="12.7776544"/>
      <nd lat="43.6900914" lon="12.7774942"/>
      <nd lat="43.6900272" lon="12.7773376"/>
      <nd lat="43.6899007" lon="12.7771291"/>
      <nd lat="43.6898604" lon="12.7770692"/>
      <nd lat="43.6898320" lon="12.7769979"/>
      <nd lat="43.6898314" lon="12.7769406"/>
      <nd lat="43.6897937" lon="12.7769246"/>
      <nd lat="43.6897962" lon="12.7769992"/>
      <nd lat="43.6898312" lon="12.7771705"/>
      <nd lat="43.6898696" lon="12.7774177"/>
      <nd lat="43.6898760" lon="12.7774977"/>
      <nd lat="43.6898927" lon="12.7775648"/>
      <nd lat="43.6898926" lon="12.7775759"/>
      <nd lat="43.6898865" lon="12.7775724"/>
      <nd lat="43.6898690" lon="12.7775388"/>
      <nd lat="43.6898553" lon="12.7775229"/>
      <nd lat="43.6898098" lon="12.7774607"/>
      <nd lat="43.6897735" lon="12.7774005"/>
      <nd lat="43.6896662" lon="12.7772160"/>
      <nd lat="43.6895736" lon="12.7768871"/>
      <nd lat="43.6894820" lon="12.7765116"/>
      <nd lat="43.6893444" lon="12.7761544"/>
      <nd lat="43.6892343" lon="12.7759642"/>
      <nd lat="43.6891161" lon="12.7757457"/>
      <nd lat="43.6890050" lon="12.7756247"/>
      <nd lat="43.6887908" lon="12.7753628"/>
      <nd lat="43.6886240" lon="12.7751473"/>
      <nd lat="43.6884810" lon="12.7748917"/>
      <nd lat="43.6884513" lon="12.7747584"/>
      <nd lat="43.6884497" lon="12.7746338"/>
      <nd lat="43.6884641" lon="12.7744445"/>
      <nd lat="43.6884755" lon="12.7742701"/>
      <nd lat="43.6884691" lon="12.7740900"/>
      <nd lat="43.6884861" lon="12.7739423"/>
      <nd lat="43.6885303" lon="12.7737317"/>
      <nd lat="43.6885685" lon="12.7735671"/>
      <nd lat="43.6886043" lon="12.7735319"/>
      <nd lat="43.6886207" lon="12.7735240"/>
      <nd lat="43.6886184" lon="12.7735021"/>
      <nd lat="43.6885808" lon="12.7734619"/>
      <nd lat="43.6885404" lon="12.7734484"/>
      <nd lat="43.6884583" lon="12.7734447"/>
      <nd lat="43.6883734" lon="12.7734471"/>
      <nd lat="43.6883004" lon="12.7734619"/>
      <nd lat="43.6882277" lon="12.7735049"/>
      <nd lat="43.6881729" lon="12.7735279"/>
      <nd lat="43.6881178" lon="12.7735109"/>
      <nd lat="43.6880861" lon="12.7735053"/>
      <nd lat="43.6880552" lon="12.7734759"/>
    </member>
    <member type="way" ref="158100342" role="">
      <nd lat="43.6864118" lon="12.7743645"/>
      <nd lat="43.6864421" lon="12.7743298"/>
      <nd lat="43.6868412" lon="12.7742366"/>
      <nd lat="43.6868996" lon="12.7742385"/>
      <nd lat="43.6869534" lon="12.7742664"/>
      <nd lat="43.6870323" lon="12.7743537"/>
      <nd lat="43.6870690" lon="12.7743614"/>
      <nd lat="43.6871046" lon="12.7743455"/>
      <nd lat="43.6872982" lon="12.7741127"/>
      <nd lat="43.6875281" lon="12.7739370"/>
      <nd lat="43.6876985" lon="12.7737845"/>
      <nd lat="43.6879250" lon="12.7735627"/>
      <nd lat="43.6880552" lon="12.7734759"/>
    </member>
    <member type="way" ref="515591159" role="">
      <nd lat="43.6860503" lon="12.7749046"/>
      <nd lat="43.6861174" lon="12.7749077"/>
      <nd lat="43.6862169" lon="12.7749702"/>
      <nd lat="43.6863436" lon="12.7751270"/>
      <nd lat="43.6863935" lon="12.7751593"/>
      <nd lat="43.6864458" lon="12.7751633"/>
      <nd lat="43.6865061" lon="12.7751316"/>
      <nd lat="43.6865287" lon="12.7750895"/>
      <nd lat="43.6865313" lon="12.7750351"/>
      <nd lat="43.6863916" lon="12.7745679"/>
      <nd lat="43.6863888" lon="12.7744605"/>
      <nd lat="43.6864118" lon="12.7743645"/>
    </member>
    <member type="way" ref="109063398" role="">
      <nd lat="43.6860503" lon="12.7749046"/>
      <nd lat="43.6859933" lon="12.7749358"/>
      <nd lat="43.6858492" lon="12.7751401"/>
      <nd lat="43.6857539" lon="12.7752394"/>
      <nd lat="43.6856227" lon="12.7753307"/>
      <nd lat="43.6854791" lon="12.7754179"/>
      <nd lat="43.6852247" lon="12.7756006"/>
      <nd lat="43.6850670" lon="12.7757424"/>
      <nd lat="43.6850010" lon="12.7758028"/>
      <nd lat="43.6848528" lon="12.7759565"/>
      <nd lat="43.6846905" lon="12.7761882"/>
    </member>
    <member type="way" ref="516718736" role="">
      <nd lat="43.6846905" lon="12.7761882"/>
      <nd lat="43.6844792" lon="12.7764021"/>
      <nd lat="43.6842764" lon="12.7765778"/>
    </member>
    <tag k="type" v="route"/>
    <tag k="ascent" v="406"/>
    <tag k="cai_scale" v="E"/>
    <tag k="distance" v="2.7"/>
    <tag k="duration:backward" v="1:30"/>
    <tag k="duration:forward" v="2:00"/>
    <tag k="network" v="lwn"/>
    <tag k="old_ref" v="142"/>
    <tag k="operator" v="Club Alpino Italiano"/>
    <tag k="osmc:symbol" v="red:red:white_stripe:342:black"/>
    <tag k="ref" v="342"/>
    <tag k="roundtrip" v="no"/>
    <tag k="route" v="hiking"/>
    <tag k="symbol" v="342 on white red flags"/>
    <tag k="symbol:it" v="342 su bandierina bianca e rossa"/>
  </relation>
</old>
<new>
  <relation id="3837600" version="8" timestamp="2026-09-29T13:40:35Z" changeset="189728734" uid="22656739" user="Antonio Bacciaglia">
    <bounds minlat="43.6842764" minlon="12.7734447" maxlat="43.7007281" maxlon="12.7791274"/>
    <member type="node" ref="3666463816" role="" lat="43.6860603" lon="12.7748887"/>
    <member type="node" ref="3666463815" role="" lat="43.6846729" lon="12.7762435"/>
    <member type="node" ref="3666463925" role="" lat="43.6905011" lon="12.7777164"/>
    <member type="node" ref="3658304693" role="" lat="43.7007153" lon="12.7773523"/>
    <member type="way" ref="288855014" role="">
      <nd lat="43.7007281" lon="12.7772410"/>
      <nd lat="43.7006795" lon="12.7772523"/>
      <nd lat="43.7004280" lon="12.7767995"/>
    </member>
    <member type="way" ref="289064942" role="">
      <nd lat="43.7000309" lon="12.7760943"/>
      <nd lat="43.7000778" lon="12.7761739"/>
      <nd lat="43.7001632" lon="12.7762923"/>
      <nd lat="43.7003063" lon="12.7764907"/>
      <nd lat="43.7003962" lon="12.7766153"/>
      <nd lat="43.7004280" lon="12.7767995"/>
    </member>
    <member type="way" ref="301007972" role="">
      <nd lat="43.6936502" lon="12.7787009"/>
      <nd lat="43.6937103" lon="12.7788940"/>
      <nd lat="43.6938143" lon="12.7790721"/>
      <nd lat="43.6938858" lon="12.7791268"/>
      <nd lat="43.6939556" lon="12.7791274"/>
      <nd lat="43.6940041" lon="12.7790979"/>
      <nd lat="43.6940809" lon="12.7790826"/>
      <nd lat="43.6941438" lon="12.7790603"/>
      <nd lat="43.6942019" lon="12.7790228"/>
      <nd lat="43.6942807" lon="12.7790056"/>
      <nd lat="43.6943726" lon="12.7788967"/>
      <nd lat="43.6944199" lon="12.7787668"/>
      <nd lat="43.6945006" lon="12.7787104"/>
      <nd lat="43.6946751" lon="12.7785158"/>
      <nd lat="43.6948279" lon="12.7783415"/>
      <nd lat="43.6949032" lon="12.7783051"/>
      <nd lat="43.6951603" lon="12.7782899"/>
      <nd lat="43.6953714" lon="12.7782530"/>
      <nd lat="43.6955187" lon="12.7780464"/>
      <nd lat="43.6956761" lon="12.7775659"/>
      <nd lat="43.6959501" lon="12.7769008"/>
      <nd lat="43.6962035" lon="12.7767077"/>
      <nd lat="43.6966318" lon="12.7765200"/>
      <nd lat="43.6970483" lon="12.7764969"/>
      <nd lat="43.6974788" lon="12.7764727"/>
      <nd lat="43.6978686" lon="12.7763990"/>
      <nd lat="43.6983285" lon="12.7763073"/>
      <nd lat="43.6997734" lon="12.7761100"/>
      <nd lat="43.6999161" lon="12.7761535"/>
      <nd lat="43.6999867" lon="12.7761206"/>
      <nd lat="43.7000309" lon="12.7760943"/>
    </member>
    <member type="way" ref="53569627" role="">
      <nd lat="43.6936502" lon="12.7787009"/>
      <nd lat="43.6934813" lon="12.7786166"/>
      <nd lat="43.6934941" lon="12.7785536"/>
      <nd lat="43.6935183" lon="12.7783522"/>
    </member>
    <member type="way" ref="289064945" role="">
      <nd lat="43.6935897" lon="12.7780193"/>
      <nd lat="43.6936180" lon="12.7780747"/>
      <nd lat="43.6936293" lon="12.7781481"/>
      <nd lat="43.6936201" lon="12.7782538"/>
      <nd lat="43.6936089" lon="12.7782772"/>
      <nd lat="43.6935888" lon="12.7782966"/>
      <nd lat="43.6935496" lon="12.7783175"/>
      <nd lat="43.6935183" lon="12.7783522"/>
    </member>
    <member type="way" ref="289064940" role="">
      <nd lat="43.6935897" lon="12.7780193"/>
      <nd lat="43.6928712" lon="12.7775735"/>
    </member>
    <member type="way" ref="289064941" role="">
      <nd lat="43.6931532" lon="12.7766758"/>
      <nd lat="43.6928712" lon="12.7775735"/>
    </member>
    <member type="way" ref="289064944" role="">
      <nd lat="43.6931532" lon="12.7766758"/>
      <nd lat="43.6928674" lon="12.7762321"/>
      <nd lat="43.6926990" lon="12.7760359"/>
      <nd lat="43.6925257" lon="12.7759189"/>
      <nd lat="43.6922065" lon="12.7758840"/>
      <nd lat="43.6920142" lon="12.7757700"/>
      <nd lat="43.6919109" lon="12.7757689"/>
      <nd lat="43.6916140" lon="12.7759378"/>
      <nd lat="43.6913567" lon="12.7760527"/>
      <nd lat="43.6912580" lon="12.7761381"/>
      <nd lat="43.6911883" lon="12.7762090"/>
      <nd lat="43.6911111" lon="12.7763154"/>
      <nd lat="43.6909927" lon="12.7764472"/>
      <nd lat="43.6909487" lon="12.7765441"/>
      <nd lat="43.6908165" lon="12.7767367"/>
      <nd lat="43.6907056" lon="12.7769168"/>
      <nd lat="43.6906308" lon="12.7770111"/>
      <nd lat="43.6905965" lon="12.7770728"/>
      <nd lat="43.6905539" lon="12.7771984"/>
      <nd lat="43.6905276" lon="12.7772726"/>
      <nd lat="43.6905079" lon="12.7773523"/>
      <nd lat="43.6905059" lon="12.7774823"/>
      <nd lat="43.6905110" lon="12.7775858"/>
      <nd lat="43.6905054" lon="12.7776536"/>
      <nd lat="43.6905101" lon="12.7777134"/>
      <nd lat="43.6905039" lon="12.7777592"/>
      <nd lat="43.6904894" lon="12.7777916"/>
      <nd lat="43.6904736" lon="12.7777907"/>
      <nd lat="43.6904538" lon="12.7777690"/>
      <nd lat="43.6904277" lon="12.7777038"/>
      <nd lat="43.6903972" lon="12.7776308"/>
      <nd lat="43.6903679" lon="12.7775501"/>
      <nd lat="43.6903259" lon="12.7774474"/>
      <nd lat="43.6902830" lon="12.7773523"/>
      <nd lat="43.6902552" lon="12.7772635"/>
      <nd lat="43.6902360" lon="12.7771482"/>
      <nd lat="43.6902204" lon="12.7771436"/>
      <nd lat="43.6902167" lon="12.7771608"/>
      <nd lat="43.6902264" lon="12.7772265"/>
      <nd lat="43.6902208" lon="12.7773936"/>
      <nd lat="43.6902076" lon="12.7775641"/>
      <nd lat="43.6902031" lon="12.7777389"/>
      <nd lat="43.6901867" lon="12.7777659"/>
      <nd lat="43.6901697" lon="12.7777508"/>
      <nd lat="43.6901408" lon="12.7776544"/>
      <nd lat="43.6900914" lon="12.7774942"/>
      <nd lat="43.6900272" lon="12.7773376"/>
      <nd lat="43.6899007" lon="12.7771291"/>
      <nd lat="43.6898604" lon="12.7770692"/>
      <nd lat="43.6898320" lon="12.7769979"/>
      <nd lat="43.6898314" lon="12.7769406"/>
      <nd lat="43.6897937" lon="12.7769246"/>
      <nd lat="43.6897962" lon="12.7769992"/>
      <nd lat="43.6898312" lon="12.7771705"/>
      <nd lat="43.6898696" lon="12.7774177"/>
      <nd lat="43.6898760" lon="12.7774977"/>
      <nd lat="43.6898927" lon="12.7775648"/>
      <nd lat="43.6898926" lon="12.7775759"/>
      <nd lat="43.6898865" lon="12.7775724"/>
      <nd lat="43.6898690" lon="12.7775388"/>
      <nd lat="43.6898553" lon="12.7775229"/>
      <nd lat="43.6898098" lon="12.7774607"/>
      <nd lat="43.6897735" lon="12.7774005"/>
      <nd lat="43.6896662" lon="12.7772160"/>
      <nd lat="43.6895736" lon="12.7768871"/>
      <nd lat="43.6894820" lon="12.7765116"/>
      <nd lat="43.6893444" lon="12.7761544"/>
      <nd lat="43.6892343" lon="12.7759642"/>
      <nd lat="43.6891161" lon="12.7757457"/>
      <nd lat="43.6890050" lon="12.7756247"/>
      <nd lat="43.6887908" lon="12.7753628"/>
      <nd lat="43.6886240" lon="12.7751473"/>
      <nd lat="43.6884810" lon="12.7748917"/>
      <nd lat="43.6884513" lon="12.7747584"/>
      <nd lat="43.6884497" lon="12.7746338"/>
      <nd lat="43.6884641" lon="12.7744445"/>
      <nd lat="43.6884755" lon="12.7742701"/>
      <nd lat="43.6884691" lon="12.7740900"/>
      <nd lat="43.6884861" lon="12.7739423"/>
      <nd lat="43.6885303" lon="12.7737317"/>
      <nd lat="43.6885685" lon="12.7735671"/>
      <nd lat="43.6886043" lon="12.7735319"/>
      <nd lat="43.6886207" lon="12.7735240"/>
      <nd lat="43.6886184" lon="12.7735021"/>
      <nd lat="43.6885808" lon="12.7734619"/>
      <nd lat="43.6885404" lon="12.7734484"/>
      <nd lat="43.6884583" lon="12.7734447"/>
      <nd lat="43.6883734" lon="12.7734471"/>
      <nd lat="43.6883004" lon="12.7734619"/>
      <nd lat="43.6882277" lon="12.7735049"/>
      <nd lat="43.6881729" lon="12.7735279"/>
      <nd lat="43.6881178" lon="12.7735109"/>
      <nd lat="43.6880861" lon="12.7735053"/>
      <nd lat="43.6880552" lon="12.7734759"/>
    </member>
    <member type="way" ref="158100342" role="">
      <nd lat="43.6864118" lon="12.7743645"/>
      <nd lat="43.6864421" lon="12.7743298"/>
      <nd lat="43.6868412" lon="12.7742366"/>
      <nd lat="43.6868996" lon="12.7742385"/>
      <nd lat="43.6869534" lon="12.7742664"/>
      <nd lat="43.6870323" lon="12.7743537"/>
      <nd lat="43.6870690" lon="12.7743614"/>
      <nd lat="43.6871046" lon="12.7743455"/>
      <nd lat="43.6872982" lon="12.7741127"/>
      <nd lat="43.6875281" lon="12.7739370"/>
      <nd lat="43.6876985" lon="12.7737845"/>
      <nd lat="43.6879250" lon="12.7735627"/>
      <nd lat="43.6880552" lon="12.7734759"/>
    </member>
    <member type="way" ref="515591159" role="">
      <nd lat="43.6860503" lon="12.7749046"/>
      <nd lat="43.6861174" lon="12.7749077"/>
      <nd lat="43.6862169" lon="12.7749702"/>
      <nd lat="43.6863436" lon="12.7751270"/>
      <nd lat="43.6863935" lon="12.7751593"/>
      <nd lat="43.6864458" lon="12.7751633"/>
      <nd lat="43.6865061" lon="12.7751316"/>
      <nd lat="43.6865287" lon="12.7750895"/>
      <nd lat="43.6865313" lon="12.7750351"/>
      <nd lat="43.6863916" lon="12.7745679"/>
      <nd lat="43.6863888" lon="12.7744605"/>
      <nd lat="43.6864118" lon="12.7743645"/>
    </member>
    <member type="way" ref="109063398" role="">
      <nd lat="43.6860503" lon="12.7749046"/>
      <nd lat="43.6859933" lon="12.7749358"/>
      <nd lat="43.6858492" lon="12.7751401"/>
      <nd lat="43.6857539" lon="12.7752394"/>
      <nd lat="43.6856227" lon="12.7753307"/>
      <nd lat="43.6854791" lon="12.7754179"/>
      <nd lat="43.6852247" lon="12.7756006"/>
      <nd lat="43.6850670" lon="12.7757424"/>
      <nd lat="43.6850010" lon="12.7758028"/>
      <nd lat="43.6848528" lon="12.7759565"/>
      <nd lat="43.6846905" lon="12.7761882"/>
    </member>
    <member type="way" ref="516718736" role="">
      <nd lat="43.6846905" lon="12.7761882"/>
      <nd lat="43.6844792" lon="12.7764021"/>
      <nd lat="43.6842764" lon="12.7765778"/>
    </member>
    <tag k="ascent" v="406"/>
    <tag k="cai_scale" v="E"/>
    <tag k="distance" v="2.7"/>
    <tag k="duration:backward" v="1:30"/>
    <tag k="duration:forward" v="2:00"/>
    <tag k="network" v="lwn"/>
    <tag k="old_ref" v="142"/>
    <tag k="operator" v="Club Alpino Italiano"/>
    <tag k="osmc:symbol" v="red:red:white_stripe:342:black"/>
    <tag k="ref" v="342"/>
    <tag k="roundtrip" v="no"/>
    <tag k="route" v="hiking"/>
    <tag k="source" v="survey:CAI"/>
    <tag k="symbol" v="342 on white red flags"/>
    <tag k="symbol:it" v="342 su bandierina bianca e rossa"/>
    <tag k="type" v="route"/>
  </relation>
</new>
</action>
<action type="delete">
<old>
  <relation id="7472668" version="6" timestamp="2026-09-21T12:03:18Z" changeset="189344406" uid="22656739" user="Antonio Bacciaglia">
    <bounds minlat="43.6919799" minlon="12.7543250" maxlat="43.6942839" maxlon="12.7664244"/>
    <member type="way" ref="217807065" role="">
      <nd lat="43.6942761" lon="12.7543250"/>
      <nd lat="43.6942839" lon="12.7543444"/>
      <nd lat="43.6942824" lon="12.7543739"/>
      <nd lat="43.6942648" lon="12.7544044"/>
      <nd lat="43.6942446" lon="12.7544289"/>
      <nd lat="43.6941617" lon="12.7544799"/>
      <nd lat="43.6941122" lon="12.7545308"/>
      <nd lat="43.6939891" lon="12.7546784"/>
      <nd lat="43.6938160" lon="12.7548688"/>
      <nd lat="43.6936837" lon="12.7550606"/>
      <nd lat="43.6936158" lon="12.7551397"/>
      <nd lat="43.6934955" lon="12.7552604"/>
      <nd lat="43.6934024" lon="12.7553718"/>
      <nd lat="43.6933578" lon="12.7554455"/>
      <nd lat="43.6933297" lon="12.7555165"/>
      <nd lat="43.6933111" lon="12.7555937"/>
      <nd lat="43.6933006" lon="12.7556983"/>
      <nd lat="43.6932982" lon="12.7558029"/>
      <nd lat="43.6933151" lon="12.7559279"/>
      <nd lat="43.6933816" lon="12.7563111"/>
      <nd lat="43.6934083" lon="12.7565083"/>
      <nd lat="43.6934338" lon="12.7567179"/>
      <nd lat="43.6934427" lon="12.7567658"/>
      <nd lat="43.6934412" lon="12.7568067"/>
      <nd lat="43.6934262" lon="12.7568295"/>
      <nd lat="43.6934029" lon="12.7568489"/>
      <nd lat="43.6933743" lon="12.7568543"/>
      <nd lat="43.6933331" lon="12.7568442"/>
      <nd lat="43.6932827" lon="12.7568255"/>
      <nd lat="43.6932255" lon="12.7568167"/>
      <nd lat="43.6931794" lon="12.7568536"/>
      <nd lat="43.6931300" lon="12.7569073"/>
      <nd lat="43.6930902" lon="12.7569844"/>
      <nd lat="43.6930456" lon="12.7570937"/>
      <nd lat="43.6930083" lon="12.7572298"/>
      <nd lat="43.6929908" lon="12.7574008"/>
      <nd lat="43.6929795" lon="12.7574975"/>
      <nd lat="43.6929407" lon="12.7576748"/>
      <nd lat="43.6928883" lon="12.7578478"/>
      <nd lat="43.6928366" lon="12.7580472"/>
      <nd lat="43.6927765" lon="12.7581853"/>
      <nd lat="43.6927025" lon="12.7583673"/>
      <nd lat="43.6926044" lon="12.7587385"/>
      <nd lat="43.6925714" lon="12.7588841"/>
      <nd lat="43.6925418" lon="12.7590765"/>
      <nd lat="43.6924982" lon="12.7592629"/>
      <nd lat="43.6924204" lon="12.7596528"/>
      <nd lat="43.6923276" lon="12.7600102"/>
      <nd lat="43.6921574" lon="12.7606644"/>
      <nd lat="43.6920363" lon="12.7612249"/>
      <nd lat="43.6919988" lon="12.7614368"/>
      <nd lat="43.6919836" lon="12.7615599"/>
      <nd lat="43.6919799" lon="12.7616286"/>
      <nd lat="43.6919822" lon="12.7616978"/>
      <nd lat="43.6919901" lon="12.7617768"/>
      <nd lat="43.6920053" lon="12.7618397"/>
      <nd lat="43.6920434" lon="12.7619270"/>
      <nd lat="43.6920677" lon="12.7619847"/>
      <nd lat="43.6921041" lon="12.7620435"/>
      <nd lat="43.6921423" lon="12.7620846"/>
      <nd lat="43.6922051" lon="12.7621313"/>
      <nd lat="43.6925103" lon="12.7623119"/>
      <nd lat="43.6925860" lon="12.7623414"/>
      <nd lat="43.6926543" lon="12.7623542"/>
      <nd lat="43.6928468" lon="12.7623669"/>
      <nd lat="43.6929394" lon="12.7623857"/>
      <nd lat="43.6930471" lon="12.7624205"/>
      <nd lat="43.6931067" lon="12.7624668"/>
      <nd lat="43.6931683" lon="12.7625272"/>
      <nd lat="43.6933709" lon="12.7627605"/>
      <nd lat="43.6934364" lon="12.7628262"/>
      <nd lat="43.6934524" lon="12.7628658"/>
      <nd lat="43.6934530" lon="12.7629160"/>
      <nd lat="43.6934456" lon="12.7629536"/>
      <nd lat="43.6934267" lon="12.7629898"/>
      <nd lat="43.6934029" lon="12.7630106"/>
      <nd lat="43.6933418" lon="12.7630267"/>
      <nd lat="43.6932395" lon="12.7630395"/>
      <nd lat="43.6931872" lon="12.7630556"/>
      <nd lat="43.6931309" lon="12.7630998"/>
      <nd lat="43.6930485" lon="12.7631903"/>
      <nd lat="43.6929094" lon="12.7633801"/>
      <nd lat="43.6926743" lon="12.7637535"/>
      <nd lat="43.6926155" lon="12.7638569"/>
      <nd lat="43.6925855" lon="12.7639367"/>
      <nd lat="43.6925743" lon="12.7640091"/>
      <nd lat="43.6925729" lon="12.7640875"/>
      <nd lat="43.6925869" lon="12.7641714"/>
      <nd lat="43.6926126" lon="12.7642324"/>
      <nd lat="43.6926471" lon="12.7642907"/>
      <nd lat="43.6927216" lon="12.7643699"/>
      <nd lat="43.6929215" lon="12.7645355"/>
      <nd lat="43.6930151" lon="12.7646293"/>
      <nd lat="43.6931382" lon="12.7648041"/>
      <nd lat="43.6932470" lon="12.7650033"/>
      <nd lat="43.6934073" lon="12.7653757"/>
      <nd lat="43.6937355" lon="12.7659785"/>
      <nd lat="43.6938916" lon="12.7662585"/>
      <nd lat="43.6939072" lon="12.7663205"/>
      <nd lat="43.6939062" lon="12.7663728"/>
      <nd lat="43.6938844" lon="12.7664244"/>
    </member>
    <tag k="cai_scale" v="T"/>
    <tag k="distance" v="1.3"/>
    <tag k="network" v="lwn"/>
    <tag k="operator" v="Club Alpino Italiano"/>
    <tag k="osmc:symbol" v="red:red:white_stripe:338A:black"/>
    <tag k="ref" v="338A"/>
    <tag k="ref:REI" v="MPUU338A"/>
    <tag k="roundtrip" v="no"/>
    <tag k="route" v="hiking"/>
    <tag k="source" v="survey:CAI"/>
    <tag k="symbol" v="red and white stripes"/>
    <tag k="type" v="route"/>
  </relation>
</old>
<new>
  <relation id="7472668" visible="false" version="7" timestamp="2026-09-29T12:37:38Z" changeset="189725721" uid="22656739" user="Antonio Bacciaglia"/>
</new>
</action>

</osm>
