<?xml version="1.0" encoding="UTF-8"?>
<osm version="0.6" generator="Overpass API 0.7.62.11 87bfad18">
<note>The data included in this document is from www.openstreetmap.org. The data is made available under ODbL.</note>
<meta osm_base="2026-09-27T03:00:32Z" areas="2026-09-26T01:45:02Z"/>

<action type="modify">
<old>
  <node id="5617191616" lat="44.1616053" lon="10.2061276" version="2" timestamp="2024-04-16T12:11:21Z" changeset="150082155" uid="3215770" user="Andrea Del Sarto">
    <tag k="natural" v="saddle"/>
    <tag k="name" v="Foce di Rifogliola"/>
  </node>
</old>
<new>
  <node id="5617191616" lat="44.1616053" lon="10.2061276" version="3" timestamp="2026-09-26T17:12:04Z" changeset="189598356" uid="9436824" user="rumbrummer">
    <tag k="mountain_pass" v="yes"/>
    <tag k="name" v="Foce di Rifogliola"/>
    <tag k="natural" v="saddle"/>
  </node>
</new>
</action>
<action type="modify">
<old>
  <way id="204009689" version="5" timestamp="2026-09-22T20:32:05Z" changeset="189419445" uid="14257573" user="toponomastica_comune_arenzano">
    <bounds minlat="43.8929401" minlon="10.7883125" maxlat="43.8935029" maxlon="10.7888361"/>
    <nd ref="494572401" lat="43.8935029" lon="10.7884560"/>
    <nd ref="494572400" lat="43.8934844" lon="10.7884347"/>
    <nd ref="11627436443" lat="43.8934593" lon="10.7884102"/>
    <nd ref="11627436452" lat="43.8934379" lon="10.7883856"/>
    <nd ref="11627436451" lat="43.8934183" lon="10.7883586"/>
    <nd ref="11627436450" lat="43.8934008" lon="10.7883389"/>
    <nd ref="1495906558" lat="43.8933727" lon="10.7883230"/>
    <nd ref="11627436449" lat="43.8933528" lon="10.7883166"/>
    <nd ref="11627436434" lat="43.8933296" lon="10.7883125"/>
    <nd ref="11627436446" lat="43.8933065" lon="10.7883137"/>
    <nd ref="11627436433" lat="43.8932840" lon="10.7883173"/>
    <nd ref="11627436447" lat="43.8932521" lon="10.7883275"/>
    <nd ref="494572405" lat="43.8932248" lon="10.7883392"/>
    <nd ref="11627436432" lat="43.8932013" lon="10.7883528"/>
    <nd ref="11627436448" lat="43.8931810" lon="10.7883712"/>
    <nd ref="11627436431" lat="43.8931551" lon="10.7884053"/>
    <nd ref="494572403" lat="43.8931228" lon="10.7884626"/>
    <nd ref="2140207391" lat="43.8930106" lon="10.7886824"/>
    <nd ref="494572408" lat="43.8929401" lon="10.7888361"/>
    <tag k="surface" v="asphalt"/>
    <tag k="highway" v="tertiary"/>
    <tag k="name" v="Viale Vittorio Veneto"/>
    <tag k="oneway" v="yes"/>
  </way>
</old>
<new>
  <way id="204009689" version="6" timestamp="2026-09-26T17:53:15Z" changeset="189596975" uid="164908" user="tilusnet">
    <bounds minlat="43.8929401" minlon="10.7883125" maxlat="43.8935029" maxlon="10.7888361"/>
    <nd ref="494572401" lat="43.8935029" lon="10.7884560"/>
    <nd ref="494572400" lat="43.8934844" lon="10.7884347"/>
    <nd ref="11627436443" lat="43.8934593" lon="10.7884102"/>
    <nd ref="11627436452" lat="43.8934379" lon="10.7883856"/>
    <nd ref="11627436451" lat="43.8934183" lon="10.7883586"/>
    <nd ref="11627436450" lat="43.8934008" lon="10.7883389"/>
    <nd ref="1495906558" lat="43.8933727" lon="10.7883230"/>
    <nd ref="11627436449" lat="43.8933528" lon="10.7883166"/>
    <nd ref="11627436434" lat="43.8933296" lon="10.7883125"/>
    <nd ref="11627436446" lat="43.8933065" lon="10.7883137"/>
    <nd ref="11627436433" lat="43.8932840" lon="10.7883173"/>
    <nd ref="11627436447" lat="43.8932521" lon="10.7883275"/>
    <nd ref="494572405" lat="43.8932248" lon="10.7883392"/>
    <nd ref="11627436432" lat="43.8932013" lon="10.7883528"/>
    <nd ref="11627436448" lat="43.8931810" lon="10.7883712"/>
    <nd ref="11627436431" lat="43.8931551" lon="10.7884053"/>
    <nd ref="494572403" lat="43.8931228" lon="10.7884626"/>
    <nd ref="2140207391" lat="43.8930106" lon="10.7886824"/>
    <nd ref="494572408" lat="43.8929401" lon="10.7888361"/>
    <tag k="highway" v="tertiary"/>
    <tag k="name" v="Viale Vittorio Veneto"/>
    <tag k="name:etymology:wikidata" v="Q662961"/>
    <tag k="oneway" v="yes"/>
    <tag k="surface" v="asphalt"/>
  </way>
</new>
</action>
<action type="modify">
<old>
  <way id="204009708" version="7" timestamp="2024-02-15T17:48:39Z" changeset="147501998" uid="482753" user="lorenzog89">
    <bounds minlat="43.8935029" minlon="10.7884560" maxlat="43.8951122" maxlon="10.7891585"/>
    <nd ref="494572401" lat="43.8935029" lon="10.7884560"/>
    <nd ref="494572397" lat="43.8938729" lon="10.7887363"/>
    <nd ref="11627436453" lat="43.8940558" lon="10.7888481"/>
    <nd ref="494572398" lat="43.8940955" lon="10.7888627"/>
    <nd ref="11627436454" lat="43.8942584" lon="10.7889008"/>
    <nd ref="494572422" lat="43.8943571" lon="10.7889117"/>
    <nd ref="2721691765" lat="43.8945080" lon="10.7889264"/>
    <nd ref="11627436455" lat="43.8945975" lon="10.7889440"/>
    <nd ref="494572424" lat="43.8946751" lon="10.7889734"/>
    <nd ref="494572419" lat="43.8951122" lon="10.7891585"/>
    <tag k="surface" v="asphalt"/>
    <tag k="highway" v="tertiary"/>
    <tag k="lane_markings" v="no"/>
    <tag k="name" v="Viale Vittorio Veneto"/>
  </way>
</old>
<new>
  <way id="204009708" version="8" timestamp="2026-09-26T17:53:15Z" changeset="189596975" uid="164908" user="tilusnet">
    <bounds minlat="43.8935029" minlon="10.7884560" maxlat="43.8951122" maxlon="10.7891585"/>
    <nd ref="494572401" lat="43.8935029" lon="10.7884560"/>
    <nd ref="494572397" lat="43.8938729" lon="10.7887363"/>
    <nd ref="11627436453" lat="43.8940558" lon="10.7888481"/>
    <nd ref="494572398" lat="43.8940955" lon="10.7888627"/>
    <nd ref="11627436454" lat="43.8942584" lon="10.7889008"/>
    <nd ref="494572422" lat="43.8943571" lon="10.7889117"/>
    <nd ref="2721691765" lat="43.8945080" lon="10.7889264"/>
    <nd ref="11627436455" lat="43.8945975" lon="10.7889440"/>
    <nd ref="494572424" lat="43.8946751" lon="10.7889734"/>
    <nd ref="494572419" lat="43.8951122" lon="10.7891585"/>
    <tag k="highway" v="tertiary"/>
    <tag k="lane_markings" v="no"/>
    <tag k="name" v="Viale Vittorio Veneto"/>
    <tag k="name:etymology:wikidata" v="Q662961"/>
    <tag k="surface" v="asphalt"/>
  </way>
</new>
</action>
<action type="modify">
<old>
  <way id="238970905" version="5" timestamp="2026-09-22T20:32:05Z" changeset="189419445" uid="14257573" user="toponomastica_comune_arenzano">
    <bounds minlat="43.8925877" minlon="10.7888361" maxlat="43.8937633" maxlon="10.7915190"/>
    <nd ref="494572462" lat="43.8937633" lon="10.7915190"/>
    <nd ref="494572329" lat="43.8933885" lon="10.7911757"/>
    <nd ref="11627436426" lat="43.8929761" lon="10.7908184"/>
    <nd ref="1495906560" lat="43.8928877" lon="10.7907264"/>
    <nd ref="2735822019" lat="43.8927800" lon="10.7905955"/>
    <nd ref="11627436425" lat="43.8927552" lon="10.7905611"/>
    <nd ref="11627436424" lat="43.8927210" lon="10.7905030"/>
    <nd ref="494572327" lat="43.8926901" lon="10.7904353"/>
    <nd ref="11627436401" lat="43.8926394" lon="10.7902805"/>
    <nd ref="1495906568" lat="43.8926161" lon="10.7901761"/>
    <nd ref="11627436402" lat="43.8925963" lon="10.7900486"/>
    <nd ref="1495906569" lat="43.8925906" lon="10.7899967"/>
    <nd ref="11627436419" lat="43.8925877" lon="10.7898948"/>
    <nd ref="11627436420" lat="43.8925912" lon="10.7898096"/>
    <nd ref="11627436421" lat="43.8926038" lon="10.7897130"/>
    <nd ref="11627436422" lat="43.8926213" lon="10.7896234"/>
    <nd ref="494572406" lat="43.8926399" lon="10.7895528"/>
    <nd ref="11627436423" lat="43.8926630" lon="10.7894930"/>
    <nd ref="494572408" lat="43.8929401" lon="10.7888361"/>
    <tag k="surface" v="asphalt"/>
    <tag k="highway" v="tertiary"/>
    <tag k="name" v="Viale Vittorio Veneto"/>
  </way>
</old>
<new>
  <way id="238970905" version="6" timestamp="2026-09-26T17:53:15Z" changeset="189596975" uid="164908" user="tilusnet">
    <bounds minlat="43.8925877" minlon="10.7888361" maxlat="43.8937633" maxlon="10.7915190"/>
    <nd ref="494572462" lat="43.8937633" lon="10.7915190"/>
    <nd ref="494572329" lat="43.8933885" lon="10.7911757"/>
    <nd ref="11627436426" lat="43.8929761" lon="10.7908184"/>
    <nd ref="1495906560" lat="43.8928877" lon="10.7907264"/>
    <nd ref="2735822019" lat="43.8927800" lon="10.7905955"/>
    <nd ref="11627436425" lat="43.8927552" lon="10.7905611"/>
    <nd ref="11627436424" lat="43.8927210" lon="10.7905030"/>
    <nd ref="494572327" lat="43.8926901" lon="10.7904353"/>
    <nd ref="11627436401" lat="43.8926394" lon="10.7902805"/>
    <nd ref="1495906568" lat="43.8926161" lon="10.7901761"/>
    <nd ref="11627436402" lat="43.8925963" lon="10.7900486"/>
    <nd ref="1495906569" lat="43.8925906" lon="10.7899967"/>
    <nd ref="11627436419" lat="43.8925877" lon="10.7898948"/>
    <nd ref="11627436420" lat="43.8925912" lon="10.7898096"/>
    <nd ref="11627436421" lat="43.8926038" lon="10.7897130"/>
    <nd ref="11627436422" lat="43.8926213" lon="10.7896234"/>
    <nd ref="494572406" lat="43.8926399" lon="10.7895528"/>
    <nd ref="11627436423" lat="43.8926630" lon="10.7894930"/>
    <nd ref="494572408" lat="43.8929401" lon="10.7888361"/>
    <tag k="highway" v="tertiary"/>
    <tag k="name" v="Viale Vittorio Veneto"/>
    <tag k="name:etymology:wikidata" v="Q662961"/>
    <tag k="surface" v="asphalt"/>
  </way>
</new>
</action>
<action type="modify">
<old>
  <relation id="2400074" version="63" timestamp="2026-09-23T20:02:19Z" changeset="189467467" uid="3215770" user="Andrea Del Sarto">
    <bounds minlat="43.8503524" minlon="11.6335830" maxlat="43.8809290" maxlon="11.7131048"/>
    <member type="node" ref="7645602242" role="guidepost" lat="43.8734157" lon="11.6963636"/>
    <member type="node" ref="7645602243" role="guidepost" lat="43.8740658" lon="11.6999944"/>
    <member type="node" ref="7645602244" role="guidepost" lat="43.8775124" lon="11.7091801"/>
    <member type="node" ref="7645602245" role="guidepost" lat="43.8772562" lon="11.7105572"/>
    <member type="node" ref="7645602246" role="guidepost" lat="43.8762720" lon="11.7131048"/>
    <member type="node" ref="12840779253" role="guidepost" lat="43.8792551" lon="11.6576931"/>
    <member type="node" ref="12840779254" role="" lat="43.8809040" lon="11.6681521"/>
    <member type="node" ref="12840779255" role="guidepost" lat="43.8808912" lon="11.6681861"/>
    <member type="node" ref="12840779256" role="guidepost" lat="43.8767784" lon="11.6761589"/>
    <member type="way" ref="47187556" role="">
      <nd lat="43.8763321" lon="11.7130903"/>
      <nd lat="43.8764273" lon="11.7127960"/>
      <nd lat="43.8764543" lon="11.7126613"/>
      <nd lat="43.8765024" lon="11.7124346"/>
      <nd lat="43.8765227" lon="11.7123698"/>
      <nd lat="43.8765604" lon="11.7123099"/>
      <nd lat="43.8765950" lon="11.7122815"/>
      <nd lat="43.8768430" lon="11.7120930"/>
      <nd lat="43.8769483" lon="11.7119866"/>
      <nd lat="43.8770024" lon="11.7118828"/>
      <nd lat="43.8770258" lon="11.7118190"/>
      <nd lat="43.8770691" lon="11.7115826"/>
      <nd lat="43.8771141" lon="11.7111895"/>
      <nd lat="43.8771315" lon="11.7110867"/>
      <nd lat="43.8772610" lon="11.7106180"/>
      <nd lat="43.8772662" lon="11.7105696"/>
      <nd lat="43.8773457" lon="11.7102827"/>
      <nd lat="43.8773521" lon="11.7102334"/>
      <nd lat="43.8773647" lon="11.7100903"/>
      <nd lat="43.8773882" lon="11.7098039"/>
      <nd lat="43.8773967" lon="11.7097035"/>
      <nd lat="43.8774069" lon="11.7096188"/>
      <nd lat="43.8774216" lon="11.7094774"/>
      <nd lat="43.8774934" lon="11.7092402"/>
      <nd lat="43.8774975" lon="11.7091999"/>
      <nd lat="43.8775145" lon="11.7091443"/>
      <nd lat="43.8775627" lon="11.7090819"/>
      <nd lat="43.8775639" lon="11.7090461"/>
      <nd lat="43.8775019" lon="11.7090135"/>
      <nd lat="43.8774859" lon="11.7090006"/>
      <nd lat="43.8774702" lon="11.7089521"/>
      <nd lat="43.8774523" lon="11.7089332"/>
      <nd lat="43.8774184" lon="11.7089254"/>
      <nd lat="43.8774010" lon="11.7089195"/>
      <nd lat="43.8773788" lon="11.7089065"/>
      <nd lat="43.8773644" lon="11.7088776"/>
      <nd lat="43.8773500" lon="11.7088250"/>
      <nd lat="43.8773050" lon="11.7087273"/>
      <nd lat="43.8772448" lon="11.7085572"/>
      <nd lat="43.8772013" lon="11.7084531"/>
      <nd lat="43.8770767" lon="11.7082169"/>
      <nd lat="43.8769567" lon="11.7080350"/>
      <nd lat="43.8769243" lon="11.7079806"/>
      <nd lat="43.8769104" lon="11.7079093"/>
      <nd lat="43.8768922" lon="11.7077185"/>
      <nd lat="43.8768681" lon="11.7074894"/>
      <nd lat="43.8768582" lon="11.7073644"/>
      <nd lat="43.8768352" lon="11.7072815"/>
      <nd lat="43.8767804" lon="11.7071338"/>
      <nd lat="43.8767462" lon="11.7070671"/>
      <nd lat="43.8766859" lon="11.7069702"/>
      <nd lat="43.8764785" lon="11.7066258"/>
      <nd lat="43.8763247" lon="11.7064115"/>
      <nd lat="43.8762772" lon="11.7063219"/>
      <nd lat="43.8762253" lon="11.7062144"/>
      <nd lat="43.8760772" lon="11.7058891"/>
      <nd lat="43.8760478" lon="11.7057906"/>
      <nd lat="43.8759956" lon="11.7056161"/>
      <nd lat="43.8759477" lon="11.7054023"/>
      <nd lat="43.8758219" lon="11.7049764"/>
      <nd lat="43.8757751" lon="11.7048775"/>
      <nd lat="43.8757529" lon="11.7048010"/>
      <nd lat="43.8757374" lon="11.7047115"/>
      <nd lat="43.8757056" lon="11.7045818"/>
      <nd lat="43.8756090" lon="11.7042604"/>
      <nd lat="43.8755343" lon="11.7040388"/>
      <nd lat="43.8755055" lon="11.7039924"/>
      <nd lat="43.8754814" lon="11.7039486"/>
      <nd lat="43.8754361" lon="11.7038771"/>
      <nd lat="43.8754083" lon="11.7038026"/>
      <nd lat="43.8753974" lon="11.7037168"/>
      <nd lat="43.8753998" lon="11.7035801"/>
      <nd lat="43.8754015" lon="11.7034851"/>
      <nd lat="43.8753589" lon="11.7033743"/>
      <nd lat="43.8753033" lon="11.7032872"/>
      <nd lat="43.8752667" lon="11.7032438"/>
      <nd lat="43.8752270" lon="11.7032075"/>
      <nd lat="43.8750552" lon="11.7030852"/>
      <nd lat="43.8748581" lon="11.7028744"/>
      <nd lat="43.8746284" lon="11.7026727"/>
      <nd lat="43.8745143" lon="11.7025296"/>
      <nd lat="43.8744833" lon="11.7024982"/>
      <nd lat="43.8744433" lon="11.7024743"/>
      <nd lat="43.8744042" lon="11.7024647"/>
      <nd lat="43.8743653" lon="11.7024652"/>
      <nd lat="43.8743210" lon="11.7024506"/>
      <nd lat="43.8742266" lon="11.7023888"/>
      <nd lat="43.8742040" lon="11.7023740"/>
      <nd lat="43.8741336" lon="11.7022978"/>
      <nd lat="43.8740761" lon="11.7022276"/>
      <nd lat="43.8740298" lon="11.7021434"/>
      <nd lat="43.8740052" lon="11.7020742"/>
      <nd lat="43.8739777" lon="11.7019508"/>
      <nd lat="43.8739749" lon="11.7017831"/>
      <nd lat="43.8739817" lon="11.7016424"/>
      <nd lat="43.8739914" lon="11.7015002"/>
      <nd lat="43.8740097" lon="11.7013881"/>
      <nd lat="43.8740506" lon="11.7012030"/>
      <nd lat="43.8741233" lon="11.7010384"/>
      <nd lat="43.8741699" lon="11.7008920"/>
      <nd lat="43.8741948" lon="11.7007758"/>
      <nd lat="43.8742059" lon="11.7006573"/>
      <nd lat="43.8742126" lon="11.7005298"/>
      <nd lat="43.8742176" lon="11.7004783"/>
      <nd lat="43.8742095" lon="11.7003907"/>
      <nd lat="43.8741578" lon="11.7002300"/>
      <nd lat="43.8741144" lon="11.7000981"/>
      <nd lat="43.8740813" lon="11.6999912"/>
    </member>
    <member type="way" ref="170779949" role="">
      <nd lat="43.8740813" lon="11.6999912"/>
      <nd lat="43.8741134" lon="11.6999571"/>
      <nd lat="43.8741434" lon="11.6999029"/>
      <nd lat="43.8741733" lon="11.6998087"/>
      <nd lat="43.8742335" lon="11.6995542"/>
      <nd lat="43.8742318" lon="11.6994494"/>
      <nd lat="43.8741985" lon="11.6993408"/>
      <nd lat="43.8742005" lon="11.6992500"/>
      <nd lat="43.8742302" lon="11.6991804"/>
      <nd lat="43.8742366" lon="11.6990917"/>
      <nd lat="43.8742686" lon="11.6990433"/>
      <nd lat="43.8743171" lon="11.6989671"/>
      <nd lat="43.8743698" lon="11.6989081"/>
      <nd lat="43.8743909" lon="11.6988368"/>
      <nd lat="43.8744354" lon="11.6987889"/>
      <nd lat="43.8745304" lon="11.6986867"/>
      <nd lat="43.8746431" lon="11.6984615"/>
      <nd lat="43.8746871" lon="11.6983736"/>
    </member>
    <member type="way" ref="651229411" role="">
      <nd lat="43.8738264" lon="11.6968048"/>
      <nd lat="43.8738758" lon="11.6969203"/>
      <nd lat="43.8739494" lon="11.6970722"/>
      <nd lat="43.8739865" lon="11.6971561"/>
      <nd lat="43.8740376" lon="11.6972004"/>
      <nd lat="43.8741057" lon="11.6972213"/>
      <nd lat="43.8742106" lon="11.6973021"/>
      <nd lat="43.8743350" lon="11.6975958"/>
      <nd lat="43.8744220" lon="11.6976729"/>
      <nd lat="43.8745424" lon="11.6977290"/>
      <nd lat="43.8745795" lon="11.6977607"/>
      <nd lat="43.8746178" lon="11.6978307"/>
      <nd lat="43.8746470" lon="11.6978918"/>
      <nd lat="43.8746611" lon="11.6979429"/>
      <nd lat="43.8746539" lon="11.6979759"/>
      <nd lat="43.8747174" lon="11.6982879"/>
      <nd lat="43.8746871" lon="11.6983736"/>
    </member>
    <member type="way" ref="342745941" role="">
      <nd lat="43.8735066" lon="11.6964069"/>
      <nd lat="43.8735380" lon="11.6964470"/>
      <nd lat="43.8736200" lon="11.6964870"/>
      <nd lat="43.8736665" lon="11.6965300"/>
      <nd lat="43.8737351" lon="11.6965853"/>
      <nd lat="43.8737927" lon="11.6966867"/>
      <nd lat="43.8738016" lon="11.6967466"/>
      <nd lat="43.8738264" lon="11.6968048"/>
    </member>
    <member type="way" ref="715830755" role="">
      <nd lat="43.8767978" lon="11.6761320"/>
      <nd lat="43.8769130" lon="11.6762720"/>
      <nd lat="43.8769910" lon="11.6763910"/>
      <nd lat="43.8770560" lon="11.6765640"/>
      <nd lat="43.8770900" lon="11.6767560"/>
      <nd lat="43.8770910" lon="11.6769530"/>
      <nd lat="43.8770180" lon="11.6772710"/>
      <nd lat="43.8769260" lon="11.6775660"/>
      <nd lat="43.8768820" lon="11.6777640"/>
      <nd lat="43.8768280" lon="11.6781990"/>
      <nd lat="43.8767800" lon="11.6783580"/>
      <nd lat="43.8766550" lon="11.6786130"/>
      <nd lat="43.8763820" lon="11.6791020"/>
      <nd lat="43.8761540" lon="11.6794530"/>
      <nd lat="43.8758720" lon="11.6800110"/>
      <nd lat="43.8756350" lon="11.6804000"/>
      <nd lat="43.8755460" lon="11.6806000"/>
      <nd lat="43.8754940" lon="11.6807840"/>
      <nd lat="43.8754480" lon="11.6812380"/>
      <nd lat="43.8754540" lon="11.6814750"/>
      <nd lat="43.8755650" lon="11.6822960"/>
      <nd lat="43.8755854" lon="11.6823817"/>
      <nd lat="43.8755148" lon="11.6826101"/>
      <nd lat="43.8753446" lon="11.6827650"/>
      <nd lat="43.8750992" lon="11.6828480"/>
      <nd lat="43.8750035" lon="11.6830286"/>
      <nd lat="43.8749428" lon="11.6832593"/>
      <nd lat="43.8749634" lon="11.6838594"/>
      <nd lat="43.8749540" lon="11.6840590"/>
      <nd lat="43.8748460" lon="11.6846210"/>
      <nd lat="43.8747920" lon="11.6848180"/>
      <nd lat="43.8745570" lon="11.6855160"/>
      <nd lat="43.8744729" lon="11.6856957"/>
      <nd lat="43.8742790" lon="11.6861100"/>
      <nd lat="43.8742210" lon="11.6863050"/>
      <nd lat="43.8741710" lon="11.6866170"/>
      <nd lat="43.8738780" lon="11.6875800"/>
      <nd lat="43.8736650" lon="11.6880080"/>
      <nd lat="43.8732950" lon="11.6889430"/>
      <nd lat="43.8730470" lon="11.6898550"/>
      <nd lat="43.8729980" lon="11.6901420"/>
      <nd lat="43.8729600" lon="11.6909730"/>
      <nd lat="43.8728750" lon="11.6915300"/>
      <nd lat="43.8728840" lon="11.6916530"/>
      <nd lat="43.8731360" lon="11.6928340"/>
      <nd lat="43.8732820" lon="11.6933010"/>
      <nd lat="43.8734380" lon="11.6936790"/>
      <nd lat="43.8734840" lon="11.6938670"/>
      <nd lat="43.8735310" lon="11.6946600"/>
      <nd lat="43.8735880" lon="11.6951850"/>
      <nd lat="43.8735920" lon="11.6956210"/>
      <nd lat="43.8735770" lon="11.6957410"/>
      <nd lat="43.8735500" lon="11.6958458"/>
      <nd lat="43.8734800" lon="11.6960170"/>
      <nd lat="43.8734546" lon="11.6962757"/>
      <nd lat="43.8735066" lon="11.6964069"/>
    </member>
    <member type="way" ref="575587909" role="">
      <nd lat="43.8801461" lon="11.6692200"/>
      <nd lat="43.8799250" lon="11.6694740"/>
      <nd lat="43.8798010" lon="11.6696150"/>
      <nd lat="43.8797000" lon="11.6696890"/>
      <nd lat="43.8793930" lon="11.6697980"/>
      <nd lat="43.8788720" lon="11.6700460"/>
      <nd lat="43.8784020" lon="11.6701560"/>
      <nd lat="43.8780490" lon="11.6702090"/>
      <nd lat="43.8776320" lon="11.6703160"/>
      <nd lat="43.8774530" lon="11.6704190"/>
      <nd lat="43.8772350" lon="11.6705100"/>
      <nd lat="43.8771770" lon="11.6705650"/>
      <nd lat="43.8770060" lon="11.6707970"/>
      <nd lat="43.8764049" lon="11.6711947"/>
      <nd lat="43.8761280" lon="11.6713930"/>
      <nd lat="43.8757610" lon="11.6717660"/>
      <nd lat="43.8756000" lon="11.6718950"/>
      <nd lat="43.8753680" lon="11.6721680"/>
      <nd lat="43.8752230" lon="11.6723700"/>
      <nd lat="43.8751030" lon="11.6726290"/>
      <nd lat="43.8750770" lon="11.6727830"/>
      <nd lat="43.8750770" lon="11.6728820"/>
      <nd lat="43.8751040" lon="11.6730610"/>
      <nd lat="43.8752730" lon="11.6737920"/>
      <nd lat="43.8753300" lon="11.6739560"/>
      <nd lat="43.8754500" lon="11.6741850"/>
      <nd lat="43.8755740" lon="11.6744990"/>
      <nd lat="43.8756240" lon="11.6746680"/>
      <nd lat="43.8757040" lon="11.6748270"/>
      <nd lat="43.8759560" lon="11.6751790"/>
      <nd lat="43.8767978" lon="11.6761320"/>
    </member>
    <member type="way" ref="173913732" role="">
      <nd lat="43.8793622" lon="11.6635117"/>
      <nd lat="43.8793488" lon="11.6635599"/>
      <nd lat="43.8793217" lon="11.6635876"/>
      <nd lat="43.8792808" lon="11.6635849"/>
      <nd lat="43.8792699" lon="11.6635908"/>
      <nd lat="43.8792696" lon="11.6636125"/>
      <nd lat="43.8792804" lon="11.6636240"/>
      <nd lat="43.8792944" lon="11.6636453"/>
      <nd lat="43.8793061" lon="11.6636576"/>
      <nd lat="43.8793183" lon="11.6636803"/>
      <nd lat="43.8793260" lon="11.6637189"/>
      <nd lat="43.8793268" lon="11.6637727"/>
      <nd lat="43.8793119" lon="11.6638585"/>
      <nd lat="43.8792806" lon="11.6639477"/>
      <nd lat="43.8792614" lon="11.6639736"/>
      <nd lat="43.8792191" lon="11.6640145"/>
      <nd lat="43.8790600" lon="11.6641870"/>
      <nd lat="43.8789802" lon="11.6642966"/>
      <nd lat="43.8789253" lon="11.6644125"/>
      <nd lat="43.8788331" lon="11.6645206"/>
      <nd lat="43.8788006" lon="11.6645668"/>
      <nd lat="43.8787691" lon="11.6646302"/>
      <nd lat="43.8787349" lon="11.6646818"/>
      <nd lat="43.8786886" lon="11.6647498"/>
      <nd lat="43.8786496" lon="11.6647964"/>
      <nd lat="43.8786264" lon="11.6648460"/>
      <nd lat="43.8786063" lon="11.6649000"/>
      <nd lat="43.8786087" lon="11.6649447"/>
      <nd lat="43.8786270" lon="11.6650059"/>
      <nd lat="43.8786614" lon="11.6650565"/>
      <nd lat="43.8786872" lon="11.6650738"/>
      <nd lat="43.8787309" lon="11.6650880"/>
      <nd lat="43.8787733" lon="11.6650915"/>
      <nd lat="43.8788075" lon="11.6651300"/>
      <nd lat="43.8788351" lon="11.6651795"/>
      <nd lat="43.8788758" lon="11.6652776"/>
      <nd lat="43.8789211" lon="11.6653956"/>
      <nd lat="43.8789443" lon="11.6654505"/>
      <nd lat="43.8789436" lon="11.6654967"/>
      <nd lat="43.8789529" lon="11.6655491"/>
      <nd lat="43.8789681" lon="11.6656270"/>
      <nd lat="43.8789698" lon="11.6656704"/>
      <nd lat="43.8789704" lon="11.6657232"/>
      <nd lat="43.8789789" lon="11.6657588"/>
      <nd lat="43.8790740" lon="11.6658728"/>
      <nd lat="43.8790941" lon="11.6659040"/>
      <nd lat="43.8791022" lon="11.6659536"/>
      <nd lat="43.8791054" lon="11.6660004"/>
      <nd lat="43.8791110" lon="11.6660257"/>
      <nd lat="43.8791321" lon="11.6660711"/>
      <nd lat="43.8791531" lon="11.6661262"/>
      <nd lat="43.8791554" lon="11.6661618"/>
      <nd lat="43.8791570" lon="11.6662083"/>
      <nd lat="43.8791609" lon="11.6662548"/>
      <nd lat="43.8791819" lon="11.6663261"/>
      <nd lat="43.8792084" lon="11.6663942"/>
      <nd lat="43.8792162" lon="11.6664440"/>
      <nd lat="43.8792201" lon="11.6665002"/>
      <nd lat="43.8792341" lon="11.6665639"/>
      <nd lat="43.8792427" lon="11.6666256"/>
      <nd lat="43.8792552" lon="11.6666785"/>
      <nd lat="43.8793081" lon="11.6668288"/>
      <nd lat="43.8793354" lon="11.6668817"/>
      <nd lat="43.8793642" lon="11.6669152"/>
      <nd lat="43.8793915" lon="11.6669542"/>
      <nd lat="43.8794211" lon="11.6669801"/>
      <nd lat="43.8794507" lon="11.6669769"/>
      <nd lat="43.8794795" lon="11.6669769"/>
      <nd lat="43.8795006" lon="11.6669920"/>
      <nd lat="43.8795146" lon="11.6670114"/>
      <nd lat="43.8795263" lon="11.6670590"/>
      <nd lat="43.8795364" lon="11.6670914"/>
      <nd lat="43.8795613" lon="11.6671357"/>
      <nd lat="43.8795964" lon="11.6671725"/>
      <nd lat="43.8796097" lon="11.6671876"/>
      <nd lat="43.8796291" lon="11.6671930"/>
      <nd lat="43.8796486" lon="11.6671876"/>
      <nd lat="43.8796743" lon="11.6671649"/>
      <nd lat="43.8797022" lon="11.6671235"/>
      <nd lat="43.8797172" lon="11.6671171"/>
      <nd lat="43.8797310" lon="11.6671107"/>
      <nd lat="43.8797483" lon="11.6670931"/>
      <nd lat="43.8797667" lon="11.6670819"/>
      <nd lat="43.8797909" lon="11.6670803"/>
      <nd lat="43.8798359" lon="11.6670851"/>
      <nd lat="43.8798911" lon="11.6670851"/>
      <nd lat="43.8799430" lon="11.6670819"/>
      <nd lat="43.8799729" lon="11.6670724"/>
      <nd lat="43.8799948" lon="11.6670628"/>
      <nd lat="43.8800098" lon="11.6670452"/>
      <nd lat="43.8800236" lon="11.6670356"/>
      <nd lat="43.8800374" lon="11.6670324"/>
      <nd lat="43.8800559" lon="11.6670292"/>
      <nd lat="43.8800939" lon="11.6670372"/>
      <nd lat="43.8801376" lon="11.6670532"/>
      <nd lat="43.8801791" lon="11.6670660"/>
      <nd lat="43.8802206" lon="11.6670931"/>
      <nd lat="43.8802528" lon="11.6671107"/>
      <nd lat="43.8802816" lon="11.6671411"/>
      <nd lat="43.8802977" lon="11.6671507"/>
      <nd lat="43.8803185" lon="11.6671522"/>
      <nd lat="43.8803415" lon="11.6671586"/>
      <nd lat="43.8803576" lon="11.6671698"/>
      <nd lat="43.8803749" lon="11.6672034"/>
      <nd lat="43.8803922" lon="11.6672321"/>
      <nd lat="43.8804118" lon="11.6672481"/>
      <nd lat="43.8804302" lon="11.6672593"/>
      <nd lat="43.8804509" lon="11.6672609"/>
      <nd lat="43.8804774" lon="11.6672625"/>
      <nd lat="43.8805154" lon="11.6672673"/>
      <nd lat="43.8805385" lon="11.6672753"/>
      <nd lat="43.8805673" lon="11.6672929"/>
      <nd lat="43.8805788" lon="11.6673152"/>
      <nd lat="43.8805799" lon="11.6673344"/>
      <nd lat="43.8805753" lon="11.6673488"/>
      <nd lat="43.8805603" lon="11.6673808"/>
      <nd lat="43.8805557" lon="11.6674063"/>
      <nd lat="43.8805557" lon="11.6674335"/>
      <nd lat="43.8805603" lon="11.6674623"/>
      <nd lat="43.8805686" lon="11.6674747"/>
      <nd lat="43.8805824" lon="11.6674868"/>
      <nd lat="43.8806071" lon="11.6674989"/>
      <nd lat="43.8806239" lon="11.6675170"/>
      <nd lat="43.8806369" lon="11.6675412"/>
      <nd lat="43.8806464" lon="11.6675614"/>
      <nd lat="43.8806486" lon="11.6675947"/>
      <nd lat="43.8806478" lon="11.6676370"/>
      <nd lat="43.8806609" lon="11.6676875"/>
      <nd lat="43.8806733" lon="11.6677338"/>
      <nd lat="43.8806842" lon="11.6677550"/>
      <nd lat="43.8806980" lon="11.6677812"/>
      <nd lat="43.8807125" lon="11.6678186"/>
      <nd lat="43.8807293" lon="11.6678730"/>
      <nd lat="43.8807336" lon="11.6679134"/>
      <nd lat="43.8807373" lon="11.6679557"/>
      <nd lat="43.8807438" lon="11.6679860"/>
      <nd lat="43.8807496" lon="11.6680031"/>
      <nd lat="43.8807620" lon="11.6680152"/>
      <nd lat="43.8807831" lon="11.6680344"/>
      <nd lat="43.8808012" lon="11.6680535"/>
      <nd lat="43.8808172" lon="11.6680778"/>
      <nd lat="43.8808216" lon="11.6680929"/>
      <nd lat="43.8808347" lon="11.6681252"/>
      <nd lat="43.8808485" lon="11.6681383"/>
      <nd lat="43.8808601" lon="11.6681453"/>
      <nd lat="43.8808764" lon="11.6681514"/>
      <nd lat="43.8808921" lon="11.6681605"/>
      <nd lat="43.8809047" lon="11.6681907"/>
      <nd lat="43.8809128" lon="11.6682448"/>
      <nd lat="43.8809199" lon="11.6682736"/>
      <nd lat="43.8809270" lon="11.6682947"/>
      <nd lat="43.8809290" lon="11.6683214"/>
      <nd lat="43.8809260" lon="11.6683481"/>
      <nd lat="43.8809164" lon="11.6683762"/>
      <nd lat="43.8808961" lon="11.6684218"/>
      <nd lat="43.8808769" lon="11.6684696"/>
      <nd lat="43.8808652" lon="11.6685005"/>
      <nd lat="43.8808551" lon="11.6685194"/>
      <nd lat="43.8808455" lon="11.6685349"/>
      <nd lat="43.8808394" lon="11.6685496"/>
      <nd lat="43.8808323" lon="11.6685693"/>
      <nd lat="43.8808187" lon="11.6685925"/>
      <nd lat="43.8807964" lon="11.6686226"/>
      <nd lat="43.8807776" lon="11.6686565"/>
      <nd lat="43.8807630" lon="11.6686832"/>
      <nd lat="43.8807361" lon="11.6687390"/>
      <nd lat="43.8807164" lon="11.6687705"/>
      <nd lat="43.8806958" lon="11.6687972"/>
      <nd lat="43.8806432" lon="11.6688335"/>
      <nd lat="43.8805392" lon="11.6688679"/>
      <nd lat="43.8804814" lon="11.6688929"/>
      <nd lat="43.8804484" lon="11.6689077"/>
      <nd lat="43.8804197" lon="11.6689303"/>
      <nd lat="43.8802944" lon="11.6690410"/>
      <nd lat="43.8802543" lon="11.6690713"/>
      <nd lat="43.8802040" lon="11.6691250"/>
      <nd lat="43.8801702" lon="11.6691725"/>
      <nd lat="43.8801461" lon="11.6692200"/>
    </member>
    <member type="way" ref="1386761296" role="">
      <nd lat="43.8792725" lon="11.6576995"/>
      <nd lat="43.8791909" lon="11.6579374"/>
      <nd lat="43.8791549" lon="11.6580950"/>
      <nd lat="43.8790833" lon="11.6584839"/>
      <nd lat="43.8790523" lon="11.6586835"/>
      <nd lat="43.8790462" lon="11.6588896"/>
      <nd lat="43.8790402" lon="11.6590174"/>
      <nd lat="43.8790192" lon="11.6590895"/>
      <nd lat="43.8789788" lon="11.6592071"/>
      <nd lat="43.8789218" lon="11.6593145"/>
      <nd lat="43.8788476" lon="11.6594218"/>
      <nd lat="43.8787913" lon="11.6594897"/>
      <nd lat="43.8787420" lon="11.6595894"/>
      <nd lat="43.8787165" lon="11.6596855"/>
      <nd lat="43.8787011" lon="11.6597877"/>
      <nd lat="43.8786769" lon="11.6599703"/>
      <nd lat="43.8786780" lon="11.6601018"/>
      <nd lat="43.8786896" lon="11.6602150"/>
      <nd lat="43.8787302" lon="11.6603428"/>
      <nd lat="43.8787884" lon="11.6604617"/>
      <nd lat="43.8788046" lon="11.6605587"/>
      <nd lat="43.8788324" lon="11.6607422"/>
      <nd lat="43.8788752" lon="11.6608340"/>
      <nd lat="43.8789364" lon="11.6609695"/>
      <nd lat="43.8789785" lon="11.6610337"/>
      <nd lat="43.8789995" lon="11.6610979"/>
      <nd lat="43.8790967" lon="11.6611714"/>
      <nd lat="43.8791667" lon="11.6613921"/>
      <nd lat="43.8792339" lon="11.6616206"/>
      <nd lat="43.8792378" lon="11.6619789"/>
      <nd lat="43.8792455" lon="11.6621233"/>
      <nd lat="43.8792175" lon="11.6622418"/>
      <nd lat="43.8791514" lon="11.6624535"/>
      <nd lat="43.8790873" lon="11.6626339"/>
      <nd lat="43.8790582" lon="11.6627001"/>
      <nd lat="43.8789944" lon="11.6627631"/>
      <nd lat="43.8789250" lon="11.6628683"/>
      <nd lat="43.8789038" lon="11.6628859"/>
      <nd lat="43.8788312" lon="11.6629226"/>
      <nd lat="43.8787526" lon="11.6629409"/>
      <nd lat="43.8787174" lon="11.6629517"/>
      <nd lat="43.8787008" lon="11.6629656"/>
      <nd lat="43.8786938" lon="11.6629946"/>
      <nd lat="43.8787261" lon="11.6630349"/>
      <nd lat="43.8788000" lon="11.6630785"/>
      <nd lat="43.8788726" lon="11.6631028"/>
      <nd lat="43.8789742" lon="11.6631720"/>
      <nd lat="43.8791209" lon="11.6632916"/>
      <nd lat="43.8792190" lon="11.6633214"/>
      <nd lat="43.8792810" lon="11.6633520"/>
      <nd lat="43.8793400" lon="11.6634230"/>
      <nd lat="43.8793573" lon="11.6634605"/>
      <nd lat="43.8793622" lon="11.6635117"/>
    </member>
    <member type="way" ref="845055921" role="">
      <nd lat="43.8790527" lon="11.6560302"/>
      <nd lat="43.8791902" lon="11.6561554"/>
      <nd lat="43.8792322" lon="11.6562098"/>
      <nd lat="43.8792861" lon="11.6562951"/>
      <nd lat="43.8793283" lon="11.6563910"/>
      <nd lat="43.8793512" lon="11.6564889"/>
      <nd lat="43.8793506" lon="11.6565377"/>
      <nd lat="43.8793351" lon="11.6566773"/>
      <nd lat="43.8793382" lon="11.6567880"/>
      <nd lat="43.8793413" lon="11.6568698"/>
      <nd lat="43.8793351" lon="11.6569831"/>
      <nd lat="43.8793216" lon="11.6571368"/>
      <nd lat="43.8793021" lon="11.6573360"/>
      <nd lat="43.8792920" lon="11.6575055"/>
      <nd lat="43.8792815" lon="11.6576345"/>
      <nd lat="43.8792725" lon="11.6576995"/>
    </member>
    <member type="way" ref="291287037" role="">
      <nd lat="43.8780881" lon="11.6527584"/>
      <nd lat="43.8780600" lon="11.6528418"/>
      <nd lat="43.8780255" lon="11.6529222"/>
      <nd lat="43.8779014" lon="11.6531223"/>
      <nd lat="43.8778218" lon="11.6532016"/>
      <nd lat="43.8777198" lon="11.6532649"/>
      <nd lat="43.8776281" lon="11.6532480"/>
      <nd lat="43.8775228" lon="11.6532858"/>
      <nd lat="43.8774405" lon="11.6533497"/>
      <nd lat="43.8773136" lon="11.6533872"/>
      <nd lat="43.8771820" lon="11.6534411"/>
      <nd lat="43.8771194" lon="11.6534518"/>
      <nd lat="43.8770414" lon="11.6534631"/>
      <nd lat="43.8769854" lon="11.6534658"/>
      <nd lat="43.8769341" lon="11.6534995"/>
      <nd lat="43.8769040" lon="11.6535392"/>
      <nd lat="43.8768429" lon="11.6535791"/>
      <nd lat="43.8767862" lon="11.6535895"/>
      <nd lat="43.8766578" lon="11.6535544"/>
      <nd lat="43.8766084" lon="11.6535752"/>
      <nd lat="43.8765710" lon="11.6536269"/>
      <nd lat="43.8765502" lon="11.6537116"/>
      <nd lat="43.8765568" lon="11.6537834"/>
      <nd lat="43.8765973" lon="11.6538611"/>
      <nd lat="43.8766527" lon="11.6539595"/>
      <nd lat="43.8766720" lon="11.6540401"/>
      <nd lat="43.8767022" lon="11.6540955"/>
      <nd lat="43.8767947" lon="11.6541479"/>
      <nd lat="43.8768526" lon="11.6541990"/>
      <nd lat="43.8769147" lon="11.6543327"/>
      <nd lat="43.8769599" lon="11.6544135"/>
      <nd lat="43.8770372" lon="11.6545131"/>
      <nd lat="43.8770755" lon="11.6545414"/>
      <nd lat="43.8771318" lon="11.6545830"/>
      <nd lat="43.8772349" lon="11.6547089"/>
      <nd lat="43.8773000" lon="11.6547189"/>
      <nd lat="43.8773907" lon="11.6547172"/>
      <nd lat="43.8774870" lon="11.6546961"/>
      <nd lat="43.8775683" lon="11.6546684"/>
      <nd lat="43.8776610" lon="11.6546199"/>
      <nd lat="43.8777042" lon="11.6546056"/>
      <nd lat="43.8777536" lon="11.6545890"/>
      <nd lat="43.8778989" lon="11.6545997"/>
      <nd lat="43.8780545" lon="11.6546584"/>
      <nd lat="43.8781703" lon="11.6547469"/>
      <nd lat="43.8782320" lon="11.6548045"/>
      <nd lat="43.8783232" lon="11.6549506"/>
      <nd lat="43.8784212" lon="11.6550944"/>
      <nd lat="43.8784927" lon="11.6552078"/>
      <nd lat="43.8785627" lon="11.6553130"/>
      <nd lat="43.8786375" lon="11.6554514"/>
      <nd lat="43.8786853" lon="11.6555560"/>
      <nd lat="43.8787361" lon="11.6556418"/>
      <nd lat="43.8790527" lon="11.6560302"/>
    </member>
    <member type="way" ref="204827670" role="">
      <nd lat="43.8781881" lon="11.6524033"/>
      <nd lat="43.8780881" lon="11.6527584"/>
    </member>
    <member type="way" ref="204827672" role="">
      <nd lat="43.8752064" lon="11.6473910"/>
      <nd lat="43.8751946" lon="11.6472157"/>
      <nd lat="43.8751933" lon="11.6470049"/>
      <nd lat="43.8752169" lon="11.6468440"/>
      <nd lat="43.8752745" lon="11.6466653"/>
      <nd lat="43.8753415" lon="11.6464832"/>
      <nd lat="43.8754722" lon="11.6461834"/>
      <nd lat="43.8755571" lon="11.6460843"/>
      <nd lat="43.8756165" lon="11.6460500"/>
      <nd lat="43.8756806" lon="11.6460487"/>
      <nd lat="43.8757702" lon="11.6460887"/>
      <nd lat="43.8758730" lon="11.6461686"/>
      <nd lat="43.8759345" lon="11.6462576"/>
      <nd lat="43.8760385" lon="11.6463347"/>
      <nd lat="43.8761329" lon="11.6463544"/>
      <nd lat="43.8763355" lon="11.6463564"/>
      <nd lat="43.8765120" lon="11.6464211"/>
      <nd lat="43.8766142" lon="11.6465152"/>
      <nd lat="43.8767367" lon="11.6466011"/>
      <nd lat="43.8768023" lon="11.6466352"/>
      <nd lat="43.8768550" lon="11.6466517"/>
      <nd lat="43.8768889" lon="11.6467009"/>
      <nd lat="43.8768974" lon="11.6467579"/>
      <nd lat="43.8768612" lon="11.6468149"/>
      <nd lat="43.8767907" lon="11.6468582"/>
      <nd lat="43.8767130" lon="11.6469182"/>
      <nd lat="43.8766502" lon="11.6470017"/>
      <nd lat="43.8766053" lon="11.6470818"/>
      <nd lat="43.8765752" lon="11.6471737"/>
      <nd lat="43.8765584" lon="11.6473480"/>
      <nd lat="43.8765883" lon="11.6474587"/>
      <nd lat="43.8766520" lon="11.6476312"/>
      <nd lat="43.8767023" lon="11.6477734"/>
      <nd lat="43.8767120" lon="11.6478750"/>
      <nd lat="43.8766976" lon="11.6479708"/>
      <nd lat="43.8766684" lon="11.6481078"/>
      <nd lat="43.8766481" lon="11.6482970"/>
      <nd lat="43.8766512" lon="11.6484214"/>
      <nd lat="43.8766628" lon="11.6485003"/>
      <nd lat="43.8767040" lon="11.6486144"/>
      <nd lat="43.8767710" lon="11.6487772"/>
      <nd lat="43.8768230" lon="11.6489930"/>
      <nd lat="43.8768566" lon="11.6491218"/>
      <nd lat="43.8768775" lon="11.6492448"/>
      <nd lat="43.8768827" lon="11.6494428"/>
      <nd lat="43.8768641" lon="11.6495594"/>
      <nd lat="43.8768455" lon="11.6496525"/>
      <nd lat="43.8767717" lon="11.6498755"/>
      <nd lat="43.8766873" lon="11.6501220"/>
      <nd lat="43.8766629" lon="11.6502602"/>
      <nd lat="43.8766549" lon="11.6503912"/>
      <nd lat="43.8766618" lon="11.6504839"/>
      <nd lat="43.8766998" lon="11.6506144"/>
      <nd lat="43.8767357" lon="11.6506982"/>
      <nd lat="43.8769982" lon="11.6511106"/>
      <nd lat="43.8772245" lon="11.6514627"/>
      <nd lat="43.8773532" lon="11.6516367"/>
      <nd lat="43.8775242" lon="11.6517971"/>
      <nd lat="43.8776485" lon="11.6518868"/>
      <nd lat="43.8777331" lon="11.6519567"/>
      <nd lat="43.8779017" lon="11.6521495"/>
      <nd lat="43.8780555" lon="11.6522998"/>
      <nd lat="43.8781487" lon="11.6523773"/>
      <nd lat="43.8781881" lon="11.6524033"/>
    </member>
    <member type="way" ref="180793091" role="">
      <nd lat="43.8713252" lon="11.6462479"/>
      <nd lat="43.8713597" lon="11.6461971"/>
      <nd lat="43.8713661" lon="11.6461449"/>
      <nd lat="43.8713512" lon="11.6461027"/>
      <nd lat="43.8713309" lon="11.6460411"/>
      <nd lat="43.8713081" lon="11.6459126"/>
      <nd lat="43.8713171" lon="11.6457252"/>
      <nd lat="43.8713487" lon="11.6456229"/>
      <nd lat="43.8713824" lon="11.6455443"/>
      <nd lat="43.8714187" lon="11.6455089"/>
      <nd lat="43.8714539" lon="11.6455089"/>
      <nd lat="43.8714780" lon="11.6455608"/>
      <nd lat="43.8714871" lon="11.6456127"/>
      <nd lat="43.8714924" lon="11.6456959"/>
      <nd lat="43.8714882" lon="11.6458871"/>
      <nd lat="43.8714989" lon="11.6459907"/>
      <nd lat="43.8715202" lon="11.6460560"/>
      <nd lat="43.8715589" lon="11.6460710"/>
      <nd lat="43.8715900" lon="11.6460456"/>
      <nd lat="43.8716122" lon="11.6459730"/>
      <nd lat="43.8716089" lon="11.6458944"/>
      <nd lat="43.8715982" lon="11.6456423"/>
      <nd lat="43.8716074" lon="11.6455185"/>
      <nd lat="43.8716420" lon="11.6454301"/>
      <nd lat="43.8716799" lon="11.6454011"/>
      <nd lat="43.8717050" lon="11.6454037"/>
      <nd lat="43.8717361" lon="11.6454303"/>
      <nd lat="43.8717465" lon="11.6454717"/>
      <nd lat="43.8717666" lon="11.6456962"/>
      <nd lat="43.8717802" lon="11.6458022"/>
      <nd lat="43.8718109" lon="11.6459259"/>
      <nd lat="43.8718473" lon="11.6459938"/>
      <nd lat="43.8718816" lon="11.6460322"/>
      <nd lat="43.8719459" lon="11.6460796"/>
      <nd lat="43.8720107" lon="11.6460987"/>
      <nd lat="43.8720813" lon="11.6460957"/>
      <nd lat="43.8721433" lon="11.6460574"/>
      <nd lat="43.8721760" lon="11.6460128"/>
      <nd lat="43.8721916" lon="11.6459447"/>
      <nd lat="43.8721920" lon="11.6458602"/>
      <nd lat="43.8721753" lon="11.6457758"/>
      <nd lat="43.8721134" lon="11.6456403"/>
      <nd lat="43.8720898" lon="11.6455460"/>
      <nd lat="43.8720969" lon="11.6454514"/>
      <nd lat="43.8721271" lon="11.6451784"/>
      <nd lat="43.8721379" lon="11.6448788"/>
      <nd lat="43.8721326" lon="11.6446861"/>
      <nd lat="43.8721146" lon="11.6446090"/>
      <nd lat="43.8720838" lon="11.6445378"/>
      <nd lat="43.8719947" lon="11.6443601"/>
      <nd lat="43.8719422" lon="11.6442429"/>
      <nd lat="43.8719156" lon="11.6441331"/>
      <nd lat="43.8719066" lon="11.6440694"/>
      <nd lat="43.8719124" lon="11.6439880"/>
      <nd lat="43.8719285" lon="11.6439168"/>
      <nd lat="43.8719616" lon="11.6438633"/>
      <nd lat="43.8721646" lon="11.6435446"/>
      <nd lat="43.8724833" lon="11.6431648"/>
      <nd lat="43.8726830" lon="11.6429738"/>
      <nd lat="43.8727248" lon="11.6429492"/>
      <nd lat="43.8727751" lon="11.6429070"/>
      <nd lat="43.8728052" lon="11.6429357"/>
      <nd lat="43.8728176" lon="11.6429611"/>
      <nd lat="43.8728326" lon="11.6430035"/>
      <nd lat="43.8727877" lon="11.6431287"/>
      <nd lat="43.8727567" lon="11.6431914"/>
      <nd lat="43.8727129" lon="11.6433100"/>
      <nd lat="43.8726574" lon="11.6435191"/>
      <nd lat="43.8726402" lon="11.6436780"/>
      <nd lat="43.8726448" lon="11.6438074"/>
      <nd lat="43.8726895" lon="11.6440314"/>
      <nd lat="43.8727662" lon="11.6442229"/>
      <nd lat="43.8728085" lon="11.6443100"/>
      <nd lat="43.8728657" lon="11.6445297"/>
      <nd lat="43.8729106" lon="11.6446745"/>
      <nd lat="43.8729512" lon="11.6448931"/>
      <nd lat="43.8729845" lon="11.6450639"/>
      <nd lat="43.8730106" lon="11.6452126"/>
      <nd lat="43.8730368" lon="11.6452965"/>
      <nd lat="43.8730812" lon="11.6453434"/>
      <nd lat="43.8731296" lon="11.6453650"/>
      <nd lat="43.8731745" lon="11.6453726"/>
      <nd lat="43.8732343" lon="11.6453317"/>
      <nd lat="43.8732899" lon="11.6452879"/>
      <nd lat="43.8733284" lon="11.6451864"/>
      <nd lat="43.8733456" lon="11.6450790"/>
      <nd lat="43.8733568" lon="11.6449315"/>
      <nd lat="43.8733595" lon="11.6447782"/>
      <nd lat="43.8733719" lon="11.6446448"/>
      <nd lat="43.8734182" lon="11.6444996"/>
      <nd lat="43.8735053" lon="11.6443381"/>
      <nd lat="43.8735796" lon="11.6442297"/>
      <nd lat="43.8736763" lon="11.6441281"/>
      <nd lat="43.8737731" lon="11.6440264"/>
      <nd lat="43.8739360" lon="11.6438983"/>
      <nd lat="43.8740500" lon="11.6438528"/>
      <nd lat="43.8741514" lon="11.6438456"/>
      <nd lat="43.8742272" lon="11.6438590"/>
      <nd lat="43.8743448" lon="11.6439152"/>
      <nd lat="43.8744378" lon="11.6439974"/>
      <nd lat="43.8745584" lon="11.6441415"/>
      <nd lat="43.8747540" lon="11.6444397"/>
      <nd lat="43.8747700" lon="11.6445162"/>
      <nd lat="43.8747626" lon="11.6446073"/>
      <nd lat="43.8746814" lon="11.6451383"/>
      <nd lat="43.8746329" lon="11.6453615"/>
      <nd lat="43.8746065" lon="11.6455806"/>
      <nd lat="43.8746056" lon="11.6456996"/>
      <nd lat="43.8745939" lon="11.6461015"/>
      <nd lat="43.8746120" lon="11.6462855"/>
      <nd lat="43.8746236" lon="11.6464175"/>
      <nd lat="43.8746457" lon="11.6465471"/>
      <nd lat="43.8746687" lon="11.6466401"/>
      <nd lat="43.8747077" lon="11.6468096"/>
      <nd lat="43.8748060" lon="11.6470557"/>
      <nd lat="43.8749518" lon="11.6473417"/>
      <nd lat="43.8750576" lon="11.6474737"/>
      <nd lat="43.8751088" lon="11.6475042"/>
      <nd lat="43.8751569" lon="11.6474894"/>
      <nd lat="43.8751944" lon="11.6474510"/>
      <nd lat="43.8752064" lon="11.6473910"/>
    </member>
    <member type="way" ref="243719407" role="">
      <nd lat="43.8667832" lon="11.6387814"/>
      <nd lat="43.8668554" lon="11.6389152"/>
      <nd lat="43.8669481" lon="11.6390718"/>
      <nd lat="43.8670287" lon="11.6392280"/>
      <nd lat="43.8672818" lon="11.6395968"/>
      <nd lat="43.8676980" lon="11.6402139"/>
      <nd lat="43.8677657" lon="11.6403238"/>
      <nd lat="43.8678175" lon="11.6403848"/>
      <nd lat="43.8678670" lon="11.6404303"/>
      <nd lat="43.8679907" lon="11.6404669"/>
      <nd lat="43.8681622" lon="11.6404815"/>
      <nd lat="43.8682530" lon="11.6404932"/>
      <nd lat="43.8683341" lon="11.6405356"/>
      <nd lat="43.8684194" lon="11.6406069"/>
      <nd lat="43.8685259" lon="11.6407018"/>
      <nd lat="43.8686720" lon="11.6409106"/>
      <nd lat="43.8687543" lon="11.6410958"/>
      <nd lat="43.8688041" lon="11.6412469"/>
      <nd lat="43.8688588" lon="11.6414901"/>
      <nd lat="43.8689327" lon="11.6424676"/>
      <nd lat="43.8689481" lon="11.6425873"/>
      <nd lat="43.8689651" lon="11.6426395"/>
      <nd lat="43.8690018" lon="11.6426893"/>
      <nd lat="43.8690872" lon="11.6427421"/>
      <nd lat="43.8693735" lon="11.6428488"/>
      <nd lat="43.8697899" lon="11.6431064"/>
      <nd lat="43.8698732" lon="11.6431626"/>
      <nd lat="43.8699354" lon="11.6432236"/>
      <nd lat="43.8699755" lon="11.6432926"/>
      <nd lat="43.8700050" lon="11.6433704"/>
      <nd lat="43.8700359" lon="11.6435174"/>
      <nd lat="43.8700668" lon="11.6436113"/>
      <nd lat="43.8701062" lon="11.6437325"/>
      <nd lat="43.8701259" lon="11.6437813"/>
      <nd lat="43.8701897" lon="11.6438741"/>
      <nd lat="43.8702933" lon="11.6439804"/>
      <nd lat="43.8703995" lon="11.6440348"/>
      <nd lat="43.8705515" lon="11.6440816"/>
      <nd lat="43.8706696" lon="11.6441106"/>
      <nd lat="43.8707401" lon="11.6441404"/>
      <nd lat="43.8707850" lon="11.6441849"/>
      <nd lat="43.8708608" lon="11.6443012"/>
      <nd lat="43.8709281" lon="11.6443997"/>
      <nd lat="43.8711655" lon="11.6446449"/>
      <nd lat="43.8712145" lon="11.6447376"/>
      <nd lat="43.8712379" lon="11.6448185"/>
      <nd lat="43.8712422" lon="11.6449205"/>
      <nd lat="43.8712380" lon="11.6450314"/>
      <nd lat="43.8711594" lon="11.6453383"/>
      <nd lat="43.8710903" lon="11.6455655"/>
      <nd lat="43.8710808" lon="11.6456511"/>
      <nd lat="43.8710766" lon="11.6457671"/>
      <nd lat="43.8710958" lon="11.6459166"/>
      <nd lat="43.8711214" lon="11.6460188"/>
      <nd lat="43.8711819" lon="11.6461201"/>
      <nd lat="43.8713252" lon="11.6462479"/>
    </member>
    <member type="way" ref="108261842" role="">
      <nd lat="43.8667832" lon="11.6387814"/>
      <nd lat="43.8666576" lon="11.6388605"/>
      <nd lat="43.8664460" lon="11.6388605"/>
      <nd lat="43.8661512" lon="11.6391330"/>
      <nd lat="43.8659925" lon="11.6393007"/>
      <nd lat="43.8658187" lon="11.6392588"/>
      <nd lat="43.8656222" lon="11.6390596"/>
      <nd lat="43.8655844" lon="11.6388185"/>
      <nd lat="43.8655995" lon="11.6385774"/>
      <nd lat="43.8655466" lon="11.6384097"/>
      <nd lat="43.8653879" lon="11.6383049"/>
      <nd lat="43.8651687" lon="11.6381162"/>
      <nd lat="43.8649193" lon="11.6377283"/>
      <nd lat="43.8647152" lon="11.6371308"/>
      <nd lat="43.8647477" lon="11.6368835"/>
    </member>
    <member type="way" ref="737554860" role="">
      <nd lat="43.8647477" lon="11.6368835"/>
      <nd lat="43.8652531" lon="11.6358518"/>
      <nd lat="43.8652317" lon="11.6355174"/>
      <nd lat="43.8651952" lon="11.6350371"/>
    </member>
    <member type="way" ref="725423434" role="">
      <nd lat="43.8651952" lon="11.6350371"/>
      <nd lat="43.8651128" lon="11.6347170"/>
      <nd lat="43.8650972" lon="11.6346797"/>
    </member>
    <member type="way" ref="291287035" role="">
      <nd lat="43.8650972" lon="11.6346797"/>
      <nd lat="43.8649757" lon="11.6346120"/>
      <nd lat="43.8648383" lon="11.6345442"/>
      <nd lat="43.8645555" lon="11.6343592"/>
      <nd lat="43.8644485" lon="11.6343176"/>
      <nd lat="43.8643240" lon="11.6342901"/>
      <nd lat="43.8642507" lon="11.6342535"/>
      <nd lat="43.8641914" lon="11.6342022"/>
      <nd lat="43.8641145" lon="11.6341710"/>
      <nd lat="43.8640176" lon="11.6341261"/>
      <nd lat="43.8639296" lon="11.6340936"/>
      <nd lat="43.8637603" lon="11.6340779"/>
      <nd lat="43.8635502" lon="11.6340544"/>
      <nd lat="43.8630933" lon="11.6339185"/>
      <nd lat="43.8627325" lon="11.6337694"/>
      <nd lat="43.8625629" lon="11.6336435"/>
      <nd lat="43.8624196" lon="11.6335938"/>
      <nd lat="43.8623503" lon="11.6335830"/>
      <nd lat="43.8622988" lon="11.6335845"/>
      <nd lat="43.8620012" lon="11.6337311"/>
      <nd lat="43.8615267" lon="11.6337645"/>
      <nd lat="43.8612042" lon="11.6337552"/>
      <nd lat="43.8608016" lon="11.6337732"/>
      <nd lat="43.8604357" lon="11.6338000"/>
    </member>
    <member type="way" ref="575587904" role="">
      <nd lat="43.8604357" lon="11.6338000"/>
      <nd lat="43.8603707" lon="11.6338144"/>
      <nd lat="43.8603139" lon="11.6338345"/>
      <nd lat="43.8602293" lon="11.6338760"/>
      <nd lat="43.8601250" lon="11.6339605"/>
      <nd lat="43.8600475" lon="11.6340250"/>
      <nd lat="43.8599453" lon="11.6341037"/>
      <nd lat="43.8597458" lon="11.6342043"/>
      <nd lat="43.8597141" lon="11.6342141"/>
      <nd lat="43.8595926" lon="11.6342409"/>
      <nd lat="43.8595010" lon="11.6342580"/>
      <nd lat="43.8593302" lon="11.6343093"/>
      <nd lat="43.8592474" lon="11.6343582"/>
      <nd lat="43.8591735" lon="11.6344046"/>
      <nd lat="43.8591312" lon="11.6344559"/>
      <nd lat="43.8590925" lon="11.6345120"/>
      <nd lat="43.8590537" lon="11.6345951"/>
      <nd lat="43.8589798" lon="11.6347050"/>
      <nd lat="43.8585888" lon="11.6351861"/>
      <nd lat="43.8584084" lon="11.6354001"/>
      <nd lat="43.8583396" lon="11.6354747"/>
      <nd lat="43.8582557" lon="11.6355284"/>
      <nd lat="43.8581418" lon="11.6356775"/>
      <nd lat="43.8581138" lon="11.6356983"/>
      <nd lat="43.8580579" lon="11.6357222"/>
      <nd lat="43.8580278" lon="11.6357282"/>
      <nd lat="43.8579848" lon="11.6357371"/>
      <nd lat="43.8579052" lon="11.6357669"/>
      <nd lat="43.8578106" lon="11.6357938"/>
      <nd lat="43.8577263" lon="11.6358001"/>
      <nd lat="43.8576488" lon="11.6358123"/>
      <nd lat="43.8575986" lon="11.6358471"/>
      <nd lat="43.8575458" lon="11.6358785"/>
      <nd lat="43.8574981" lon="11.6358889"/>
      <nd lat="43.8574303" lon="11.6359098"/>
      <nd lat="43.8573625" lon="11.6359063"/>
      <nd lat="43.8572746" lon="11.6358750"/>
      <nd lat="43.8572169" lon="11.6358436"/>
      <nd lat="43.8571516" lon="11.6357775"/>
      <nd lat="43.8571114" lon="11.6357566"/>
      <nd lat="43.8570762" lon="11.6357531"/>
      <nd lat="43.8570436" lon="11.6357600"/>
      <nd lat="43.8570185" lon="11.6357775"/>
      <nd lat="43.8569833" lon="11.6358088"/>
      <nd lat="43.8569054" lon="11.6358924"/>
      <nd lat="43.8568577" lon="11.6359690"/>
      <nd lat="43.8568025" lon="11.6360317"/>
      <nd lat="43.8567322" lon="11.6360909"/>
      <nd lat="43.8566844" lon="11.6361188"/>
      <nd lat="43.8566317" lon="11.6361640"/>
      <nd lat="43.8565714" lon="11.6361884"/>
      <nd lat="43.8564182" lon="11.6362581"/>
      <nd lat="43.8563605" lon="11.6362825"/>
      <nd lat="43.8562198" lon="11.6363695"/>
      <nd lat="43.8561018" lon="11.6364462"/>
      <nd lat="43.8560164" lon="11.6364984"/>
      <nd lat="43.8558984" lon="11.6365785"/>
      <nd lat="43.8558532" lon="11.6366307"/>
      <nd lat="43.8558030" lon="11.6366830"/>
      <nd lat="43.8557402" lon="11.6367666"/>
      <nd lat="43.8556874" lon="11.6368362"/>
      <nd lat="43.8555133" lon="11.6369766"/>
      <nd lat="43.8553985" lon="11.6370654"/>
      <nd lat="43.8552838" lon="11.6371395"/>
      <nd lat="43.8552197" lon="11.6371950"/>
      <nd lat="43.8549528" lon="11.6374541"/>
      <nd lat="43.8548300" lon="11.6375578"/>
      <nd lat="43.8547819" lon="11.6375726"/>
      <nd lat="43.8547419" lon="11.6375726"/>
      <nd lat="43.8545550" lon="11.6375800"/>
      <nd lat="43.8542320" lon="11.6375948"/>
      <nd lat="43.8541626" lon="11.6375837"/>
      <nd lat="43.8541279" lon="11.6375578"/>
      <nd lat="43.8540879" lon="11.6374949"/>
      <nd lat="43.8539944" lon="11.6372876"/>
      <nd lat="43.8539464" lon="11.6371876"/>
      <nd lat="43.8538957" lon="11.6370728"/>
      <nd lat="43.8538804" lon="11.6369432"/>
      <nd lat="43.8538750" lon="11.6368293"/>
      <nd lat="43.8538464" lon="11.6367699"/>
      <nd lat="43.8538036" lon="11.6367377"/>
      <nd lat="43.8537625" lon="11.6367253"/>
      <nd lat="43.8537161" lon="11.6367352"/>
      <nd lat="43.8536875" lon="11.6367352"/>
      <nd lat="43.8536536" lon="11.6367030"/>
      <nd lat="43.8536321" lon="11.6366609"/>
      <nd lat="43.8535875" lon="11.6365644"/>
      <nd lat="43.8535625" lon="11.6365223"/>
      <nd lat="43.8535161" lon="11.6365049"/>
      <nd lat="43.8534553" lon="11.6364901"/>
      <nd lat="43.8534161" lon="11.6364851"/>
      <nd lat="43.8533643" lon="11.6364604"/>
      <nd lat="43.8533393" lon="11.6364257"/>
      <nd lat="43.8532964" lon="11.6363365"/>
      <nd lat="43.8532571" lon="11.6362449"/>
      <nd lat="43.8532161" lon="11.6361285"/>
      <nd lat="43.8531911" lon="11.6359898"/>
      <nd lat="43.8531661" lon="11.6359279"/>
      <nd lat="43.8531232" lon="11.6358635"/>
      <nd lat="43.8530910" lon="11.6357992"/>
      <nd lat="43.8530696" lon="11.6357298"/>
      <nd lat="43.8530428" lon="11.6356159"/>
      <nd lat="43.8530035" lon="11.6355119"/>
      <nd lat="43.8529321" lon="11.6353881"/>
      <nd lat="43.8528500" lon="11.6352816"/>
      <nd lat="43.8527857" lon="11.6352098"/>
      <nd lat="43.8527283" lon="11.6351471"/>
      <nd lat="43.8526771" lon="11.6350878"/>
      <nd lat="43.8526293" lon="11.6350426"/>
      <nd lat="43.8525542" lon="11.6350040"/>
      <nd lat="43.8524783" lon="11.6349900"/>
      <nd lat="43.8524023" lon="11.6349968"/>
      <nd lat="43.8523087" lon="11.6349981"/>
      <nd lat="43.8522507" lon="11.6349611"/>
      <nd lat="43.8521807" lon="11.6348997"/>
      <nd lat="43.8521458" lon="11.6348878"/>
      <nd lat="43.8520963" lon="11.6348799"/>
      <nd lat="43.8520659" lon="11.6348671"/>
      <nd lat="43.8520194" lon="11.6348632"/>
      <nd lat="43.8520026" lon="11.6348461"/>
      <nd lat="43.8519345" lon="11.6348253"/>
    </member>
    <member type="way" ref="356269399" role="">
      <nd lat="43.8519345" lon="11.6348253"/>
      <nd lat="43.8518661" lon="11.6348766"/>
      <nd lat="43.8518256" lon="11.6349207"/>
      <nd lat="43.8514828" lon="11.6353435"/>
      <nd lat="43.8514056" lon="11.6354241"/>
      <nd lat="43.8513062" lon="11.6355087"/>
      <nd lat="43.8512181" lon="11.6355741"/>
      <nd lat="43.8511352" lon="11.6356176"/>
      <nd lat="43.8510322" lon="11.6356419"/>
      <nd lat="43.8508990" lon="11.6356590"/>
      <nd lat="43.8507725" lon="11.6356785"/>
      <nd lat="43.8506825" lon="11.6357125"/>
      <nd lat="43.8506033" lon="11.6357839"/>
      <nd lat="43.8505346" lon="11.6358626"/>
      <nd lat="43.8504300" lon="11.6360052"/>
      <nd lat="43.8503524" lon="11.6361553"/>
    </member>
    <tag k="to" v="Monte Falco"/>
    <tag k="cai_scale" v="E"/>
    <tag k="description:it" v="Il sentiero 00 di crinale Falterona-Consuma-Pratomagno si stacca dallo 00 di crinale principale appenninico in corrispondenza del Monte Falco, nonostante la stessa numerazione è un sentiero distinto"/>
    <tag k="from" v="Croce a Mori"/>
    <tag k="network" v="lwn"/>
    <tag k="old_ref" v="00"/>
    <tag k="operator" v="Club Alpino Italiano"/>
    <tag k="osmc:symbol" v="red:red:white_bar:900A:black"/>
    <tag k="ref" v="900A"/>
    <tag k="roundtrip" v="no"/>
    <tag k="route" v="hiking"/>
    <tag k="source" v="survey:CAI"/>
    <tag k="source:ref" v="9126015"/>
    <tag k="survey:date" v="2018-01-01"/>
    <tag k="type" v="route"/>
  </relation>
</old>
<new>
  <relation id="2400074" version="65" timestamp="2026-09-26T14:30:24Z" changeset="189591257" uid="3753409" user="Pelleonline">
    <bounds minlat="43.8503524" minlon="11.6335830" maxlat="43.8809290" maxlon="11.6964069"/>
    <member type="node" ref="7645602242" role="guidepost" lat="43.8734157" lon="11.6963636"/>
    <member type="node" ref="12840779253" role="guidepost" lat="43.8792551" lon="11.6576931"/>
    <member type="node" ref="12840779254" role="" lat="43.8809040" lon="11.6681521"/>
    <member type="node" ref="12840779255" role="guidepost" lat="43.8808912" lon="11.6681861"/>
    <member type="node" ref="12840779256" role="guidepost" lat="43.8767784" lon="11.6761589"/>
    <member type="way" ref="715830755" role="">
      <nd lat="43.8767978" lon="11.6761320"/>
      <nd lat="43.8769130" lon="11.6762720"/>
      <nd lat="43.8769910" lon="11.6763910"/>
      <nd lat="43.8770560" lon="11.6765640"/>
      <nd lat="43.8770900" lon="11.6767560"/>
      <nd lat="43.8770910" lon="11.6769530"/>
      <nd lat="43.8770180" lon="11.6772710"/>
      <nd lat="43.8769260" lon="11.6775660"/>
      <nd lat="43.8768820" lon="11.6777640"/>
      <nd lat="43.8768280" lon="11.6781990"/>
      <nd lat="43.8767800" lon="11.6783580"/>
      <nd lat="43.8766550" lon="11.6786130"/>
      <nd lat="43.8763820" lon="11.6791020"/>
      <nd lat="43.8761540" lon="11.6794530"/>
      <nd lat="43.8758720" lon="11.6800110"/>
      <nd lat="43.8756350" lon="11.6804000"/>
      <nd lat="43.8755460" lon="11.6806000"/>
      <nd lat="43.8754940" lon="11.6807840"/>
      <nd lat="43.8754480" lon="11.6812380"/>
      <nd lat="43.8754540" lon="11.6814750"/>
      <nd lat="43.8755650" lon="11.6822960"/>
      <nd lat="43.8755854" lon="11.6823817"/>
      <nd lat="43.8755148" lon="11.6826101"/>
      <nd lat="43.8753446" lon="11.6827650"/>
      <nd lat="43.8750992" lon="11.6828480"/>
      <nd lat="43.8750035" lon="11.6830286"/>
      <nd lat="43.8749428" lon="11.6832593"/>
      <nd lat="43.8749634" lon="11.6838594"/>
      <nd lat="43.8749540" lon="11.6840590"/>
      <nd lat="43.8748460" lon="11.6846210"/>
      <nd lat="43.8747920" lon="11.6848180"/>
      <nd lat="43.8745570" lon="11.6855160"/>
      <nd lat="43.8744729" lon="11.6856957"/>
      <nd lat="43.8742790" lon="11.6861100"/>
      <nd lat="43.8742210" lon="11.6863050"/>
      <nd lat="43.8741710" lon="11.6866170"/>
      <nd lat="43.8738780" lon="11.6875800"/>
      <nd lat="43.8736650" lon="11.6880080"/>
      <nd lat="43.8732950" lon="11.6889430"/>
      <nd lat="43.8730470" lon="11.6898550"/>
      <nd lat="43.8729980" lon="11.6901420"/>
      <nd lat="43.8729600" lon="11.6909730"/>
      <nd lat="43.8728750" lon="11.6915300"/>
      <nd lat="43.8728840" lon="11.6916530"/>
      <nd lat="43.8731360" lon="11.6928340"/>
      <nd lat="43.8732820" lon="11.6933010"/>
      <nd lat="43.8734380" lon="11.6936790"/>
      <nd lat="43.8734840" lon="11.6938670"/>
      <nd lat="43.8735310" lon="11.6946600"/>
      <nd lat="43.8735880" lon="11.6951850"/>
      <nd lat="43.8735920" lon="11.6956210"/>
      <nd lat="43.8735770" lon="11.6957410"/>
      <nd lat="43.8735500" lon="11.6958458"/>
      <nd lat="43.8734800" lon="11.6960170"/>
      <nd lat="43.8734546" lon="11.6962757"/>
      <nd lat="43.8735066" lon="11.6964069"/>
    </member>
    <member type="way" ref="575587909" role="">
      <nd lat="43.8801461" lon="11.6692200"/>
      <nd lat="43.8799250" lon="11.6694740"/>
      <nd lat="43.8798010" lon="11.6696150"/>
      <nd lat="43.8797000" lon="11.6696890"/>
      <nd lat="43.8793930" lon="11.6697980"/>
      <nd lat="43.8788720" lon="11.6700460"/>
      <nd lat="43.8784020" lon="11.6701560"/>
      <nd lat="43.8780490" lon="11.6702090"/>
      <nd lat="43.8776320" lon="11.6703160"/>
      <nd lat="43.8774530" lon="11.6704190"/>
      <nd lat="43.8772350" lon="11.6705100"/>
      <nd lat="43.8771770" lon="11.6705650"/>
      <nd lat="43.8770060" lon="11.6707970"/>
      <nd lat="43.8764049" lon="11.6711947"/>
      <nd lat="43.8761280" lon="11.6713930"/>
      <nd lat="43.8757610" lon="11.6717660"/>
      <nd lat="43.8756000" lon="11.6718950"/>
      <nd lat="43.8753680" lon="11.6721680"/>
      <nd lat="43.8752230" lon="11.6723700"/>
      <nd lat="43.8751030" lon="11.6726290"/>
      <nd lat="43.8750770" lon="11.6727830"/>
      <nd lat="43.8750770" lon="11.6728820"/>
      <nd lat="43.8751040" lon="11.6730610"/>
      <nd lat="43.8752730" lon="11.6737920"/>
      <nd lat="43.8753300" lon="11.6739560"/>
      <nd lat="43.8754500" lon="11.6741850"/>
      <nd lat="43.8755740" lon="11.6744990"/>
      <nd lat="43.8756240" lon="11.6746680"/>
      <nd lat="43.8757040" lon="11.6748270"/>
      <nd lat="43.8759560" lon="11.6751790"/>
      <nd lat="43.8767978" lon="11.6761320"/>
    </member>
    <member type="way" ref="173913732" role="">
      <nd lat="43.8793622" lon="11.6635117"/>
      <nd lat="43.8793488" lon="11.6635599"/>
      <nd lat="43.8793217" lon="11.6635876"/>
      <nd lat="43.8792808" lon="11.6635849"/>
      <nd lat="43.8792699" lon="11.6635908"/>
      <nd lat="43.8792696" lon="11.6636125"/>
      <nd lat="43.8792804" lon="11.6636240"/>
      <nd lat="43.8792944" lon="11.6636453"/>
      <nd lat="43.8793061" lon="11.6636576"/>
      <nd lat="43.8793183" lon="11.6636803"/>
      <nd lat="43.8793260" lon="11.6637189"/>
      <nd lat="43.8793268" lon="11.6637727"/>
      <nd lat="43.8793119" lon="11.6638585"/>
      <nd lat="43.8792806" lon="11.6639477"/>
      <nd lat="43.8792614" lon="11.6639736"/>
      <nd lat="43.8792191" lon="11.6640145"/>
      <nd lat="43.8790600" lon="11.6641870"/>
      <nd lat="43.8789802" lon="11.6642966"/>
      <nd lat="43.8789253" lon="11.6644125"/>
      <nd lat="43.8788331" lon="11.6645206"/>
      <nd lat="43.8788006" lon="11.6645668"/>
      <nd lat="43.8787691" lon="11.6646302"/>
      <nd lat="43.8787349" lon="11.6646818"/>
      <nd lat="43.8786886" lon="11.6647498"/>
      <nd lat="43.8786496" lon="11.6647964"/>
      <nd lat="43.8786264" lon="11.6648460"/>
      <nd lat="43.8786063" lon="11.6649000"/>
      <nd lat="43.8786087" lon="11.6649447"/>
      <nd lat="43.8786270" lon="11.6650059"/>
      <nd lat="43.8786614" lon="11.6650565"/>
      <nd lat="43.8786872" lon="11.6650738"/>
      <nd lat="43.8787309" lon="11.6650880"/>
      <nd lat="43.8787733" lon="11.6650915"/>
      <nd lat="43.8788075" lon="11.6651300"/>
      <nd lat="43.8788351" lon="11.6651795"/>
      <nd lat="43.8788758" lon="11.6652776"/>
      <nd lat="43.8789211" lon="11.6653956"/>
      <nd lat="43.8789443" lon="11.6654505"/>
      <nd lat="43.8789436" lon="11.6654967"/>
      <nd lat="43.8789529" lon="11.6655491"/>
      <nd lat="43.8789681" lon="11.6656270"/>
      <nd lat="43.8789698" lon="11.6656704"/>
      <nd lat="43.8789704" lon="11.6657232"/>
      <nd lat="43.8789789" lon="11.6657588"/>
      <nd lat="43.8790740" lon="11.6658728"/>
      <nd lat="43.8790941" lon="11.6659040"/>
      <nd lat="43.8791022" lon="11.6659536"/>
      <nd lat="43.8791054" lon="11.6660004"/>
      <nd lat="43.8791110" lon="11.6660257"/>
      <nd lat="43.8791321" lon="11.6660711"/>
      <nd lat="43.8791531" lon="11.6661262"/>
      <nd lat="43.8791554" lon="11.6661618"/>
      <nd lat="43.8791570" lon="11.6662083"/>
      <nd lat="43.8791609" lon="11.6662548"/>
      <nd lat="43.8791819" lon="11.6663261"/>
      <nd lat="43.8792084" lon="11.6663942"/>
      <nd lat="43.8792162" lon="11.6664440"/>
      <nd lat="43.8792201" lon="11.6665002"/>
      <nd lat="43.8792341" lon="11.6665639"/>
      <nd lat="43.8792427" lon="11.6666256"/>
      <nd lat="43.8792552" lon="11.6666785"/>
      <nd lat="43.8793081" lon="11.6668288"/>
      <nd lat="43.8793354" lon="11.6668817"/>
      <nd lat="43.8793642" lon="11.6669152"/>
      <nd lat="43.8793915" lon="11.6669542"/>
      <nd lat="43.8794211" lon="11.6669801"/>
      <nd lat="43.8794507" lon="11.6669769"/>
      <nd lat="43.8794795" lon="11.6669769"/>
      <nd lat="43.8795006" lon="11.6669920"/>
      <nd lat="43.8795146" lon="11.6670114"/>
      <nd lat="43.8795263" lon="11.6670590"/>
      <nd lat="43.8795364" lon="11.6670914"/>
      <nd lat="43.8795613" lon="11.6671357"/>
      <nd lat="43.8795964" lon="11.6671725"/>
      <nd lat="43.8796097" lon="11.6671876"/>
      <nd lat="43.8796291" lon="11.6671930"/>
      <nd lat="43.8796486" lon="11.6671876"/>
      <nd lat="43.8796743" lon="11.6671649"/>
      <nd lat="43.8797022" lon="11.6671235"/>
      <nd lat="43.8797172" lon="11.6671171"/>
      <nd lat="43.8797310" lon="11.6671107"/>
      <nd lat="43.8797483" lon="11.6670931"/>
      <nd lat="43.8797667" lon="11.6670819"/>
      <nd lat="43.8797909" lon="11.6670803"/>
      <nd lat="43.8798359" lon="11.6670851"/>
      <nd lat="43.8798911" lon="11.6670851"/>
      <nd lat="43.8799430" lon="11.6670819"/>
      <nd lat="43.8799729" lon="11.6670724"/>
      <nd lat="43.8799948" lon="11.6670628"/>
      <nd lat="43.8800098" lon="11.6670452"/>
      <nd lat="43.8800236" lon="11.6670356"/>
      <nd lat="43.8800374" lon="11.6670324"/>
      <nd lat="43.8800559" lon="11.6670292"/>
      <nd lat="43.8800939" lon="11.6670372"/>
      <nd lat="43.8801376" lon="11.6670532"/>
      <nd lat="43.8801791" lon="11.6670660"/>
      <nd lat="43.8802206" lon="11.6670931"/>
      <nd lat="43.8802528" lon="11.6671107"/>
      <nd lat="43.8802816" lon="11.6671411"/>
      <nd lat="43.8802977" lon="11.6671507"/>
      <nd lat="43.8803185" lon="11.6671522"/>
      <nd lat="43.8803415" lon="11.6671586"/>
      <nd lat="43.8803576" lon="11.6671698"/>
      <nd lat="43.8803749" lon="11.6672034"/>
      <nd lat="43.8803922" lon="11.6672321"/>
      <nd lat="43.8804118" lon="11.6672481"/>
      <nd lat="43.8804302" lon="11.6672593"/>
      <nd lat="43.8804509" lon="11.6672609"/>
      <nd lat="43.8804774" lon="11.6672625"/>
      <nd lat="43.8805154" lon="11.6672673"/>
      <nd lat="43.8805385" lon="11.6672753"/>
      <nd lat="43.8805673" lon="11.6672929"/>
      <nd lat="43.8805788" lon="11.6673152"/>
      <nd lat="43.8805799" lon="11.6673344"/>
      <nd lat="43.8805753" lon="11.6673488"/>
      <nd lat="43.8805603" lon="11.6673808"/>
      <nd lat="43.8805557" lon="11.6674063"/>
      <nd lat="43.8805557" lon="11.6674335"/>
      <nd lat="43.8805603" lon="11.6674623"/>
      <nd lat="43.8805686" lon="11.6674747"/>
      <nd lat="43.8805824" lon="11.6674868"/>
      <nd lat="43.8806071" lon="11.6674989"/>
      <nd lat="43.8806239" lon="11.6675170"/>
      <nd lat="43.8806369" lon="11.6675412"/>
      <nd lat="43.8806464" lon="11.6675614"/>
      <nd lat="43.8806486" lon="11.6675947"/>
      <nd lat="43.8806478" lon="11.6676370"/>
      <nd lat="43.8806609" lon="11.6676875"/>
      <nd lat="43.8806733" lon="11.6677338"/>
      <nd lat="43.8806842" lon="11.6677550"/>
      <nd lat="43.8806980" lon="11.6677812"/>
      <nd lat="43.8807125" lon="11.6678186"/>
      <nd lat="43.8807293" lon="11.6678730"/>
      <nd lat="43.8807336" lon="11.6679134"/>
      <nd lat="43.8807373" lon="11.6679557"/>
      <nd lat="43.8807438" lon="11.6679860"/>
      <nd lat="43.8807496" lon="11.6680031"/>
      <nd lat="43.8807620" lon="11.6680152"/>
      <nd lat="43.8807831" lon="11.6680344"/>
      <nd lat="43.8808012" lon="11.6680535"/>
      <nd lat="43.8808172" lon="11.6680778"/>
      <nd lat="43.8808216" lon="11.6680929"/>
      <nd lat="43.8808347" lon="11.6681252"/>
      <nd lat="43.8808485" lon="11.6681383"/>
      <nd lat="43.8808601" lon="11.6681453"/>
      <nd lat="43.8808764" lon="11.6681514"/>
      <nd lat="43.8808921" lon="11.6681605"/>
      <nd lat="43.8809047" lon="11.6681907"/>
      <nd lat="43.8809128" lon="11.6682448"/>
      <nd lat="43.8809199" lon="11.6682736"/>
      <nd lat="43.8809270" lon="11.6682947"/>
      <nd lat="43.8809290" lon="11.6683214"/>
      <nd lat="43.8809260" lon="11.6683481"/>
      <nd lat="43.8809164" lon="11.6683762"/>
      <nd lat="43.8808961" lon="11.6684218"/>
      <nd lat="43.8808769" lon="11.6684696"/>
      <nd lat="43.8808652" lon="11.6685005"/>
      <nd lat="43.8808551" lon="11.6685194"/>
      <nd lat="43.8808455" lon="11.6685349"/>
      <nd lat="43.8808394" lon="11.6685496"/>
      <nd lat="43.8808323" lon="11.6685693"/>
      <nd lat="43.8808187" lon="11.6685925"/>
      <nd lat="43.8807964" lon="11.6686226"/>
      <nd lat="43.8807776" lon="11.6686565"/>
      <nd lat="43.8807630" lon="11.6686832"/>
      <nd lat="43.8807361" lon="11.6687390"/>
      <nd lat="43.8807164" lon="11.6687705"/>
      <nd lat="43.8806958" lon="11.6687972"/>
      <nd lat="43.8806432" lon="11.6688335"/>
      <nd lat="43.8805392" lon="11.6688679"/>
      <nd lat="43.8804814" lon="11.6688929"/>
      <nd lat="43.8804484" lon="11.6689077"/>
      <nd lat="43.8804197" lon="11.6689303"/>
      <nd lat="43.8802944" lon="11.6690410"/>
      <nd lat="43.8802543" lon="11.6690713"/>
      <nd lat="43.8802040" lon="11.6691250"/>
      <nd lat="43.8801702" lon="11.6691725"/>
      <nd lat="43.8801461" lon="11.6692200"/>
    </member>
    <member type="way" ref="1386761296" role="">
      <nd lat="43.8792725" lon="11.6576995"/>
      <nd lat="43.8791909" lon="11.6579374"/>
      <nd lat="43.8791549" lon="11.6580950"/>
      <nd lat="43.8790833" lon="11.6584839"/>
      <nd lat="43.8790523" lon="11.6586835"/>
      <nd lat="43.8790462" lon="11.6588896"/>
      <nd lat="43.8790402" lon="11.6590174"/>
      <nd lat="43.8790192" lon="11.6590895"/>
      <nd lat="43.8789788" lon="11.6592071"/>
      <nd lat="43.8789218" lon="11.6593145"/>
      <nd lat="43.8788476" lon="11.6594218"/>
      <nd lat="43.8787913" lon="11.6594897"/>
      <nd lat="43.8787420" lon="11.6595894"/>
      <nd lat="43.8787165" lon="11.6596855"/>
      <nd lat="43.8787011" lon="11.6597877"/>
      <nd lat="43.8786769" lon="11.6599703"/>
      <nd lat="43.8786780" lon="11.6601018"/>
      <nd lat="43.8786896" lon="11.6602150"/>
      <nd lat="43.8787302" lon="11.6603428"/>
      <nd lat="43.8787884" lon="11.6604617"/>
      <nd lat="43.8788046" lon="11.6605587"/>
      <nd lat="43.8788324" lon="11.6607422"/>
      <nd lat="43.8788752" lon="11.6608340"/>
      <nd lat="43.8789364" lon="11.6609695"/>
      <nd lat="43.8789785" lon="11.6610337"/>
      <nd lat="43.8789995" lon="11.6610979"/>
      <nd lat="43.8790967" lon="11.6611714"/>
      <nd lat="43.8791667" lon="11.6613921"/>
      <nd lat="43.8792339" lon="11.6616206"/>
      <nd lat="43.8792378" lon="11.6619789"/>
      <nd lat="43.8792455" lon="11.6621233"/>
      <nd lat="43.8792175" lon="11.6622418"/>
      <nd lat="43.8791514" lon="11.6624535"/>
      <nd lat="43.8790873" lon="11.6626339"/>
      <nd lat="43.8790582" lon="11.6627001"/>
      <nd lat="43.8789944" lon="11.6627631"/>
      <nd lat="43.8789250" lon="11.6628683"/>
      <nd lat="43.8789038" lon="11.6628859"/>
      <nd lat="43.8788312" lon="11.6629226"/>
      <nd lat="43.8787526" lon="11.6629409"/>
      <nd lat="43.8787174" lon="11.6629517"/>
      <nd lat="43.8787008" lon="11.6629656"/>
      <nd lat="43.8786938" lon="11.6629946"/>
      <nd lat="43.8787261" lon="11.6630349"/>
      <nd lat="43.8788000" lon="11.6630785"/>
      <nd lat="43.8788726" lon="11.6631028"/>
      <nd lat="43.8789742" lon="11.6631720"/>
      <nd lat="43.8791209" lon="11.6632916"/>
      <nd lat="43.8792190" lon="11.6633214"/>
      <nd lat="43.8792810" lon="11.6633520"/>
      <nd lat="43.8793400" lon="11.6634230"/>
      <nd lat="43.8793573" lon="11.6634605"/>
      <nd lat="43.8793622" lon="11.6635117"/>
    </member>
    <member type="way" ref="845055921" role="">
      <nd lat="43.8790527" lon="11.6560302"/>
      <nd lat="43.8791902" lon="11.6561554"/>
      <nd lat="43.8792322" lon="11.6562098"/>
      <nd lat="43.8792861" lon="11.6562951"/>
      <nd lat="43.8793283" lon="11.6563910"/>
      <nd lat="43.8793512" lon="11.6564889"/>
      <nd lat="43.8793506" lon="11.6565377"/>
      <nd lat="43.8793351" lon="11.6566773"/>
      <nd lat="43.8793382" lon="11.6567880"/>
      <nd lat="43.8793413" lon="11.6568698"/>
      <nd lat="43.8793351" lon="11.6569831"/>
      <nd lat="43.8793216" lon="11.6571368"/>
      <nd lat="43.8793021" lon="11.6573360"/>
      <nd lat="43.8792920" lon="11.6575055"/>
      <nd lat="43.8792815" lon="11.6576345"/>
      <nd lat="43.8792725" lon="11.6576995"/>
    </member>
    <member type="way" ref="291287037" role="">
      <nd lat="43.8780881" lon="11.6527584"/>
      <nd lat="43.8780600" lon="11.6528418"/>
      <nd lat="43.8780255" lon="11.6529222"/>
      <nd lat="43.8779014" lon="11.6531223"/>
      <nd lat="43.8778218" lon="11.6532016"/>
      <nd lat="43.8777198" lon="11.6532649"/>
      <nd lat="43.8776281" lon="11.6532480"/>
      <nd lat="43.8775228" lon="11.6532858"/>
      <nd lat="43.8774405" lon="11.6533497"/>
      <nd lat="43.8773136" lon="11.6533872"/>
      <nd lat="43.8771820" lon="11.6534411"/>
      <nd lat="43.8771194" lon="11.6534518"/>
      <nd lat="43.8770414" lon="11.6534631"/>
      <nd lat="43.8769854" lon="11.6534658"/>
      <nd lat="43.8769341" lon="11.6534995"/>
      <nd lat="43.8769040" lon="11.6535392"/>
      <nd lat="43.8768429" lon="11.6535791"/>
      <nd lat="43.8767862" lon="11.6535895"/>
      <nd lat="43.8766578" lon="11.6535544"/>
      <nd lat="43.8766084" lon="11.6535752"/>
      <nd lat="43.8765710" lon="11.6536269"/>
      <nd lat="43.8765502" lon="11.6537116"/>
      <nd lat="43.8765568" lon="11.6537834"/>
      <nd lat="43.8765973" lon="11.6538611"/>
      <nd lat="43.8766527" lon="11.6539595"/>
      <nd lat="43.8766720" lon="11.6540401"/>
      <nd lat="43.8767022" lon="11.6540955"/>
      <nd lat="43.8767947" lon="11.6541479"/>
      <nd lat="43.8768526" lon="11.6541990"/>
      <nd lat="43.8769147" lon="11.6543327"/>
      <nd lat="43.8769599" lon="11.6544135"/>
      <nd lat="43.8770372" lon="11.6545131"/>
      <nd lat="43.8770755" lon="11.6545414"/>
      <nd lat="43.8771318" lon="11.6545830"/>
      <nd lat="43.8772349" lon="11.6547089"/>
      <nd lat="43.8773000" lon="11.6547189"/>
      <nd lat="43.8773907" lon="11.6547172"/>
      <nd lat="43.8774870" lon="11.6546961"/>
      <nd lat="43.8775683" lon="11.6546684"/>
      <nd lat="43.8776610" lon="11.6546199"/>
      <nd lat="43.8777042" lon="11.6546056"/>
      <nd lat="43.8777536" lon="11.6545890"/>
      <nd lat="43.8778989" lon="11.6545997"/>
      <nd lat="43.8780545" lon="11.6546584"/>
      <nd lat="43.8781703" lon="11.6547469"/>
      <nd lat="43.8782320" lon="11.6548045"/>
      <nd lat="43.8783232" lon="11.6549506"/>
      <nd lat="43.8784212" lon="11.6550944"/>
      <nd lat="43.8784927" lon="11.6552078"/>
      <nd lat="43.8785627" lon="11.6553130"/>
      <nd lat="43.8786375" lon="11.6554514"/>
      <nd lat="43.8786853" lon="11.6555560"/>
      <nd lat="43.8787361" lon="11.6556418"/>
      <nd lat="43.8790527" lon="11.6560302"/>
    </member>
    <member type="way" ref="204827670" role="">
      <nd lat="43.8781881" lon="11.6524033"/>
      <nd lat="43.8780881" lon="11.6527584"/>
    </member>
    <member type="way" ref="204827672" role="">
      <nd lat="43.8752064" lon="11.6473910"/>
      <nd lat="43.8751946" lon="11.6472157"/>
      <nd lat="43.8751933" lon="11.6470049"/>
      <nd lat="43.8752169" lon="11.6468440"/>
      <nd lat="43.8752745" lon="11.6466653"/>
      <nd lat="43.8753415" lon="11.6464832"/>
      <nd lat="43.8754722" lon="11.6461834"/>
      <nd lat="43.8755571" lon="11.6460843"/>
      <nd lat="43.8756165" lon="11.6460500"/>
      <nd lat="43.8756806" lon="11.6460487"/>
      <nd lat="43.8757702" lon="11.6460887"/>
      <nd lat="43.8758730" lon="11.6461686"/>
      <nd lat="43.8759345" lon="11.6462576"/>
      <nd lat="43.8760385" lon="11.6463347"/>
      <nd lat="43.8761329" lon="11.6463544"/>
      <nd lat="43.8763355" lon="11.6463564"/>
      <nd lat="43.8765120" lon="11.6464211"/>
      <nd lat="43.8766142" lon="11.6465152"/>
      <nd lat="43.8767367" lon="11.6466011"/>
      <nd lat="43.8768023" lon="11.6466352"/>
      <nd lat="43.8768550" lon="11.6466517"/>
      <nd lat="43.8768889" lon="11.6467009"/>
      <nd lat="43.8768974" lon="11.6467579"/>
      <nd lat="43.8768612" lon="11.6468149"/>
      <nd lat="43.8767907" lon="11.6468582"/>
      <nd lat="43.8767130" lon="11.6469182"/>
      <nd lat="43.8766502" lon="11.6470017"/>
      <nd lat="43.8766053" lon="11.6470818"/>
      <nd lat="43.8765752" lon="11.6471737"/>
      <nd lat="43.8765584" lon="11.6473480"/>
      <nd lat="43.8765883" lon="11.6474587"/>
      <nd lat="43.8766520" lon="11.6476312"/>
      <nd lat="43.8767023" lon="11.6477734"/>
      <nd lat="43.8767120" lon="11.6478750"/>
      <nd lat="43.8766976" lon="11.6479708"/>
      <nd lat="43.8766684" lon="11.6481078"/>
      <nd lat="43.8766481" lon="11.6482970"/>
      <nd lat="43.8766512" lon="11.6484214"/>
      <nd lat="43.8766628" lon="11.6485003"/>
      <nd lat="43.8767040" lon="11.6486144"/>
      <nd lat="43.8767710" lon="11.6487772"/>
      <nd lat="43.8768230" lon="11.6489930"/>
      <nd lat="43.8768566" lon="11.6491218"/>
      <nd lat="43.8768775" lon="11.6492448"/>
      <nd lat="43.8768827" lon="11.6494428"/>
      <nd lat="43.8768641" lon="11.6495594"/>
      <nd lat="43.8768455" lon="11.6496525"/>
      <nd lat="43.8767717" lon="11.6498755"/>
      <nd lat="43.8766873" lon="11.6501220"/>
      <nd lat="43.8766629" lon="11.6502602"/>
      <nd lat="43.8766549" lon="11.6503912"/>
      <nd lat="43.8766618" lon="11.6504839"/>
      <nd lat="43.8766998" lon="11.6506144"/>
      <nd lat="43.8767357" lon="11.6506982"/>
      <nd lat="43.8769982" lon="11.6511106"/>
      <nd lat="43.8772245" lon="11.6514627"/>
      <nd lat="43.8773532" lon="11.6516367"/>
      <nd lat="43.8775242" lon="11.6517971"/>
      <nd lat="43.8776485" lon="11.6518868"/>
      <nd lat="43.8777331" lon="11.6519567"/>
      <nd lat="43.8779017" lon="11.6521495"/>
      <nd lat="43.8780555" lon="11.6522998"/>
      <nd lat="43.8781487" lon="11.6523773"/>
      <nd lat="43.8781881" lon="11.6524033"/>
    </member>
    <member type="way" ref="180793091" role="">
      <nd lat="43.8713252" lon="11.6462479"/>
      <nd lat="43.8713597" lon="11.6461971"/>
      <nd lat="43.8713661" lon="11.6461449"/>
      <nd lat="43.8713512" lon="11.6461027"/>
      <nd lat="43.8713309" lon="11.6460411"/>
      <nd lat="43.8713081" lon="11.6459126"/>
      <nd lat="43.8713171" lon="11.6457252"/>
      <nd lat="43.8713487" lon="11.6456229"/>
      <nd lat="43.8713824" lon="11.6455443"/>
      <nd lat="43.8714187" lon="11.6455089"/>
      <nd lat="43.8714539" lon="11.6455089"/>
      <nd lat="43.8714780" lon="11.6455608"/>
      <nd lat="43.8714871" lon="11.6456127"/>
      <nd lat="43.8714924" lon="11.6456959"/>
      <nd lat="43.8714882" lon="11.6458871"/>
      <nd lat="43.8714989" lon="11.6459907"/>
      <nd lat="43.8715202" lon="11.6460560"/>
      <nd lat="43.8715589" lon="11.6460710"/>
      <nd lat="43.8715900" lon="11.6460456"/>
      <nd lat="43.8716122" lon="11.6459730"/>
      <nd lat="43.8716089" lon="11.6458944"/>
      <nd lat="43.8715982" lon="11.6456423"/>
      <nd lat="43.8716074" lon="11.6455185"/>
      <nd lat="43.8716420" lon="11.6454301"/>
      <nd lat="43.8716799" lon="11.6454011"/>
      <nd lat="43.8717050" lon="11.6454037"/>
      <nd lat="43.8717361" lon="11.6454303"/>
      <nd lat="43.8717465" lon="11.6454717"/>
      <nd lat="43.8717666" lon="11.6456962"/>
      <nd lat="43.8717802" lon="11.6458022"/>
      <nd lat="43.8718109" lon="11.6459259"/>
      <nd lat="43.8718473" lon="11.6459938"/>
      <nd lat="43.8718816" lon="11.6460322"/>
      <nd lat="43.8719459" lon="11.6460796"/>
      <nd lat="43.8720107" lon="11.6460987"/>
      <nd lat="43.8720813" lon="11.6460957"/>
      <nd lat="43.8721433" lon="11.6460574"/>
      <nd lat="43.8721760" lon="11.6460128"/>
      <nd lat="43.8721916" lon="11.6459447"/>
      <nd lat="43.8721920" lon="11.6458602"/>
      <nd lat="43.8721753" lon="11.6457758"/>
      <nd lat="43.8721134" lon="11.6456403"/>
      <nd lat="43.8720898" lon="11.6455460"/>
      <nd lat="43.8720969" lon="11.6454514"/>
      <nd lat="43.8721271" lon="11.6451784"/>
      <nd lat="43.8721379" lon="11.6448788"/>
      <nd lat="43.8721326" lon="11.6446861"/>
      <nd lat="43.8721146" lon="11.6446090"/>
      <nd lat="43.8720838" lon="11.6445378"/>
      <nd lat="43.8719947" lon="11.6443601"/>
      <nd lat="43.8719422" lon="11.6442429"/>
      <nd lat="43.8719156" lon="11.6441331"/>
      <nd lat="43.8719066" lon="11.6440694"/>
      <nd lat="43.8719124" lon="11.6439880"/>
      <nd lat="43.8719285" lon="11.6439168"/>
      <nd lat="43.8719616" lon="11.6438633"/>
      <nd lat="43.8721646" lon="11.6435446"/>
      <nd lat="43.8724833" lon="11.6431648"/>
      <nd lat="43.8726830" lon="11.6429738"/>
      <nd lat="43.8727248" lon="11.6429492"/>
      <nd lat="43.8727751" lon="11.6429070"/>
      <nd lat="43.8728052" lon="11.6429357"/>
      <nd lat="43.8728176" lon="11.6429611"/>
      <nd lat="43.8728326" lon="11.6430035"/>
      <nd lat="43.8727877" lon="11.6431287"/>
      <nd lat="43.8727567" lon="11.6431914"/>
      <nd lat="43.8727129" lon="11.6433100"/>
      <nd lat="43.8726574" lon="11.6435191"/>
      <nd lat="43.8726402" lon="11.6436780"/>
      <nd lat="43.8726448" lon="11.6438074"/>
      <nd lat="43.8726895" lon="11.6440314"/>
      <nd lat="43.8727662" lon="11.6442229"/>
      <nd lat="43.8728085" lon="11.6443100"/>
      <nd lat="43.8728657" lon="11.6445297"/>
      <nd lat="43.8729106" lon="11.6446745"/>
      <nd lat="43.8729512" lon="11.6448931"/>
      <nd lat="43.8729845" lon="11.6450639"/>
      <nd lat="43.8730106" lon="11.6452126"/>
      <nd lat="43.8730368" lon="11.6452965"/>
      <nd lat="43.8730812" lon="11.6453434"/>
      <nd lat="43.8731296" lon="11.6453650"/>
      <nd lat="43.8731745" lon="11.6453726"/>
      <nd lat="43.8732343" lon="11.6453317"/>
      <nd lat="43.8732899" lon="11.6452879"/>
      <nd lat="43.8733284" lon="11.6451864"/>
      <nd lat="43.8733456" lon="11.6450790"/>
      <nd lat="43.8733568" lon="11.6449315"/>
      <nd lat="43.8733595" lon="11.6447782"/>
      <nd lat="43.8733719" lon="11.6446448"/>
      <nd lat="43.8734182" lon="11.6444996"/>
      <nd lat="43.8735053" lon="11.6443381"/>
      <nd lat="43.8735796" lon="11.6442297"/>
      <nd lat="43.8736763" lon="11.6441281"/>
      <nd lat="43.8737731" lon="11.6440264"/>
      <nd lat="43.8739360" lon="11.6438983"/>
      <nd lat="43.8740500" lon="11.6438528"/>
      <nd lat="43.8741514" lon="11.6438456"/>
      <nd lat="43.8742272" lon="11.6438590"/>
      <nd lat="43.8743448" lon="11.6439152"/>
      <nd lat="43.8744378" lon="11.6439974"/>
      <nd lat="43.8745584" lon="11.6441415"/>
      <nd lat="43.8747540" lon="11.6444397"/>
      <nd lat="43.8747700" lon="11.6445162"/>
      <nd lat="43.8747626" lon="11.6446073"/>
      <nd lat="43.8746814" lon="11.6451383"/>
      <nd lat="43.8746329" lon="11.6453615"/>
      <nd lat="43.8746065" lon="11.6455806"/>
      <nd lat="43.8746056" lon="11.6456996"/>
      <nd lat="43.8745939" lon="11.6461015"/>
      <nd lat="43.8746120" lon="11.6462855"/>
      <nd lat="43.8746236" lon="11.6464175"/>
      <nd lat="43.8746457" lon="11.6465471"/>
      <nd lat="43.8746687" lon="11.6466401"/>
      <nd lat="43.8747077" lon="11.6468096"/>
      <nd lat="43.8748060" lon="11.6470557"/>
      <nd lat="43.8749518" lon="11.6473417"/>
      <nd lat="43.8750576" lon="11.6474737"/>
      <nd lat="43.8751088" lon="11.6475042"/>
      <nd lat="43.8751569" lon="11.6474894"/>
      <nd lat="43.8751944" lon="11.6474510"/>
      <nd lat="43.8752064" lon="11.6473910"/>
    </member>
    <member type="way" ref="243719407" role="">
      <nd lat="43.8667832" lon="11.6387814"/>
      <nd lat="43.8668554" lon="11.6389152"/>
      <nd lat="43.8669481" lon="11.6390718"/>
      <nd lat="43.8670287" lon="11.6392280"/>
      <nd lat="43.8672818" lon="11.6395968"/>
      <nd lat="43.8676980" lon="11.6402139"/>
      <nd lat="43.8677657" lon="11.6403238"/>
      <nd lat="43.8678175" lon="11.6403848"/>
      <nd lat="43.8678670" lon="11.6404303"/>
      <nd lat="43.8679907" lon="11.6404669"/>
      <nd lat="43.8681622" lon="11.6404815"/>
      <nd lat="43.8682530" lon="11.6404932"/>
      <nd lat="43.8683341" lon="11.6405356"/>
      <nd lat="43.8684194" lon="11.6406069"/>
      <nd lat="43.8685259" lon="11.6407018"/>
      <nd lat="43.8686720" lon="11.6409106"/>
      <nd lat="43.8687543" lon="11.6410958"/>
      <nd lat="43.8688041" lon="11.6412469"/>
      <nd lat="43.8688588" lon="11.6414901"/>
      <nd lat="43.8689327" lon="11.6424676"/>
      <nd lat="43.8689481" lon="11.6425873"/>
      <nd lat="43.8689651" lon="11.6426395"/>
      <nd lat="43.8690018" lon="11.6426893"/>
      <nd lat="43.8690872" lon="11.6427421"/>
      <nd lat="43.8693735" lon="11.6428488"/>
      <nd lat="43.8697899" lon="11.6431064"/>
      <nd lat="43.8698732" lon="11.6431626"/>
      <nd lat="43.8699354" lon="11.6432236"/>
      <nd lat="43.8699755" lon="11.6432926"/>
      <nd lat="43.8700050" lon="11.6433704"/>
      <nd lat="43.8700359" lon="11.6435174"/>
      <nd lat="43.8700668" lon="11.6436113"/>
      <nd lat="43.8701062" lon="11.6437325"/>
      <nd lat="43.8701259" lon="11.6437813"/>
      <nd lat="43.8701897" lon="11.6438741"/>
      <nd lat="43.8702933" lon="11.6439804"/>
      <nd lat="43.8703995" lon="11.6440348"/>
      <nd lat="43.8705515" lon="11.6440816"/>
      <nd lat="43.8706696" lon="11.6441106"/>
      <nd lat="43.8707401" lon="11.6441404"/>
      <nd lat="43.8707850" lon="11.6441849"/>
      <nd lat="43.8708608" lon="11.6443012"/>
      <nd lat="43.8709281" lon="11.6443997"/>
      <nd lat="43.8711655" lon="11.6446449"/>
      <nd lat="43.8712145" lon="11.6447376"/>
      <nd lat="43.8712379" lon="11.6448185"/>
      <nd lat="43.8712422" lon="11.6449205"/>
      <nd lat="43.8712380" lon="11.6450314"/>
      <nd lat="43.8711594" lon="11.6453383"/>
      <nd lat="43.8710903" lon="11.6455655"/>
      <nd lat="43.8710808" lon="11.6456511"/>
      <nd lat="43.8710766" lon="11.6457671"/>
      <nd lat="43.8710958" lon="11.6459166"/>
      <nd lat="43.8711214" lon="11.6460188"/>
      <nd lat="43.8711819" lon="11.6461201"/>
      <nd lat="43.8713252" lon="11.6462479"/>
    </member>
    <member type="way" ref="108261842" role="">
      <nd lat="43.8667832" lon="11.6387814"/>
      <nd lat="43.8666576" lon="11.6388605"/>
      <nd lat="43.8664460" lon="11.6388605"/>
      <nd lat="43.8661512" lon="11.6391330"/>
      <nd lat="43.8659925" lon="11.6393007"/>
      <nd lat="43.8658187" lon="11.6392588"/>
      <nd lat="43.8656222" lon="11.6390596"/>
      <nd lat="43.8655844" lon="11.6388185"/>
      <nd lat="43.8655995" lon="11.6385774"/>
      <nd lat="43.8655466" lon="11.6384097"/>
      <nd lat="43.8653879" lon="11.6383049"/>
      <nd lat="43.8651687" lon="11.6381162"/>
      <nd lat="43.8649193" lon="11.6377283"/>
      <nd lat="43.8647152" lon="11.6371308"/>
      <nd lat="43.8647477" lon="11.6368835"/>
    </member>
    <member type="way" ref="737554860" role="">
      <nd lat="43.8647477" lon="11.6368835"/>
      <nd lat="43.8652531" lon="11.6358518"/>
      <nd lat="43.8652317" lon="11.6355174"/>
      <nd lat="43.8651952" lon="11.6350371"/>
    </member>
    <member type="way" ref="725423434" role="">
      <nd lat="43.8651952" lon="11.6350371"/>
      <nd lat="43.8651128" lon="11.6347170"/>
      <nd lat="43.8650972" lon="11.6346797"/>
    </member>
    <member type="way" ref="291287035" role="">
      <nd lat="43.8650972" lon="11.6346797"/>
      <nd lat="43.8649757" lon="11.6346120"/>
      <nd lat="43.8648383" lon="11.6345442"/>
      <nd lat="43.8645555" lon="11.6343592"/>
      <nd lat="43.8644485" lon="11.6343176"/>
      <nd lat="43.8643240" lon="11.6342901"/>
      <nd lat="43.8642507" lon="11.6342535"/>
      <nd lat="43.8641914" lon="11.6342022"/>
      <nd lat="43.8641145" lon="11.6341710"/>
      <nd lat="43.8640176" lon="11.6341261"/>
      <nd lat="43.8639296" lon="11.6340936"/>
      <nd lat="43.8637603" lon="11.6340779"/>
      <nd lat="43.8635502" lon="11.6340544"/>
      <nd lat="43.8630933" lon="11.6339185"/>
      <nd lat="43.8627325" lon="11.6337694"/>
      <nd lat="43.8625629" lon="11.6336435"/>
      <nd lat="43.8624196" lon="11.6335938"/>
      <nd lat="43.8623503" lon="11.6335830"/>
      <nd lat="43.8622988" lon="11.6335845"/>
      <nd lat="43.8620012" lon="11.6337311"/>
      <nd lat="43.8615267" lon="11.6337645"/>
      <nd lat="43.8612042" lon="11.6337552"/>
      <nd lat="43.8608016" lon="11.6337732"/>
      <nd lat="43.8604357" lon="11.6338000"/>
    </member>
    <member type="way" ref="575587904" role="">
      <nd lat="43.8604357" lon="11.6338000"/>
      <nd lat="43.8603707" lon="11.6338144"/>
      <nd lat="43.8603139" lon="11.6338345"/>
      <nd lat="43.8602293" lon="11.6338760"/>
      <nd lat="43.8601250" lon="11.6339605"/>
      <nd lat="43.8600475" lon="11.6340250"/>
      <nd lat="43.8599453" lon="11.6341037"/>
      <nd lat="43.8597458" lon="11.6342043"/>
      <nd lat="43.8597141" lon="11.6342141"/>
      <nd lat="43.8595926" lon="11.6342409"/>
      <nd lat="43.8595010" lon="11.6342580"/>
      <nd lat="43.8593302" lon="11.6343093"/>
      <nd lat="43.8592474" lon="11.6343582"/>
      <nd lat="43.8591735" lon="11.6344046"/>
      <nd lat="43.8591312" lon="11.6344559"/>
      <nd lat="43.8590925" lon="11.6345120"/>
      <nd lat="43.8590537" lon="11.6345951"/>
      <nd lat="43.8589798" lon="11.6347050"/>
      <nd lat="43.8585888" lon="11.6351861"/>
      <nd lat="43.8584084" lon="11.6354001"/>
      <nd lat="43.8583396" lon="11.6354747"/>
      <nd lat="43.8582557" lon="11.6355284"/>
      <nd lat="43.8581418" lon="11.6356775"/>
      <nd lat="43.8581138" lon="11.6356983"/>
      <nd lat="43.8580579" lon="11.6357222"/>
      <nd lat="43.8580278" lon="11.6357282"/>
      <nd lat="43.8579848" lon="11.6357371"/>
      <nd lat="43.8579052" lon="11.6357669"/>
      <nd lat="43.8578106" lon="11.6357938"/>
      <nd lat="43.8577263" lon="11.6358001"/>
      <nd lat="43.8576488" lon="11.6358123"/>
      <nd lat="43.8575986" lon="11.6358471"/>
      <nd lat="43.8575458" lon="11.6358785"/>
      <nd lat="43.8574981" lon="11.6358889"/>
      <nd lat="43.8574303" lon="11.6359098"/>
      <nd lat="43.8573625" lon="11.6359063"/>
      <nd lat="43.8572746" lon="11.6358750"/>
      <nd lat="43.8572169" lon="11.6358436"/>
      <nd lat="43.8571516" lon="11.6357775"/>
      <nd lat="43.8571114" lon="11.6357566"/>
      <nd lat="43.8570762" lon="11.6357531"/>
      <nd lat="43.8570436" lon="11.6357600"/>
      <nd lat="43.8570185" lon="11.6357775"/>
      <nd lat="43.8569833" lon="11.6358088"/>
      <nd lat="43.8569054" lon="11.6358924"/>
      <nd lat="43.8568577" lon="11.6359690"/>
      <nd lat="43.8568025" lon="11.6360317"/>
      <nd lat="43.8567322" lon="11.6360909"/>
      <nd lat="43.8566844" lon="11.6361188"/>
      <nd lat="43.8566317" lon="11.6361640"/>
      <nd lat="43.8565714" lon="11.6361884"/>
      <nd lat="43.8564182" lon="11.6362581"/>
      <nd lat="43.8563605" lon="11.6362825"/>
      <nd lat="43.8562198" lon="11.6363695"/>
      <nd lat="43.8561018" lon="11.6364462"/>
      <nd lat="43.8560164" lon="11.6364984"/>
      <nd lat="43.8558984" lon="11.6365785"/>
      <nd lat="43.8558532" lon="11.6366307"/>
      <nd lat="43.8558030" lon="11.6366830"/>
      <nd lat="43.8557402" lon="11.6367666"/>
      <nd lat="43.8556874" lon="11.6368362"/>
      <nd lat="43.8555133" lon="11.6369766"/>
      <nd lat="43.8553985" lon="11.6370654"/>
      <nd lat="43.8552838" lon="11.6371395"/>
      <nd lat="43.8552197" lon="11.6371950"/>
      <nd lat="43.8549528" lon="11.6374541"/>
      <nd lat="43.8548300" lon="11.6375578"/>
      <nd lat="43.8547819" lon="11.6375726"/>
      <nd lat="43.8547419" lon="11.6375726"/>
      <nd lat="43.8545550" lon="11.6375800"/>
      <nd lat="43.8542320" lon="11.6375948"/>
      <nd lat="43.8541626" lon="11.6375837"/>
      <nd lat="43.8541279" lon="11.6375578"/>
      <nd lat="43.8540879" lon="11.6374949"/>
      <nd lat="43.8539944" lon="11.6372876"/>
      <nd lat="43.8539464" lon="11.6371876"/>
      <nd lat="43.8538957" lon="11.6370728"/>
      <nd lat="43.8538804" lon="11.6369432"/>
      <nd lat="43.8538750" lon="11.6368293"/>
      <nd lat="43.8538464" lon="11.6367699"/>
      <nd lat="43.8538036" lon="11.6367377"/>
      <nd lat="43.8537625" lon="11.6367253"/>
      <nd lat="43.8537161" lon="11.6367352"/>
      <nd lat="43.8536875" lon="11.6367352"/>
      <nd lat="43.8536536" lon="11.6367030"/>
      <nd lat="43.8536321" lon="11.6366609"/>
      <nd lat="43.8535875" lon="11.6365644"/>
      <nd lat="43.8535625" lon="11.6365223"/>
      <nd lat="43.8535161" lon="11.6365049"/>
      <nd lat="43.8534553" lon="11.6364901"/>
      <nd lat="43.8534161" lon="11.6364851"/>
      <nd lat="43.8533643" lon="11.6364604"/>
      <nd lat="43.8533393" lon="11.6364257"/>
      <nd lat="43.8532964" lon="11.6363365"/>
      <nd lat="43.8532571" lon="11.6362449"/>
      <nd lat="43.8532161" lon="11.6361285"/>
      <nd lat="43.8531911" lon="11.6359898"/>
      <nd lat="43.8531661" lon="11.6359279"/>
      <nd lat="43.8531232" lon="11.6358635"/>
      <nd lat="43.8530910" lon="11.6357992"/>
      <nd lat="43.8530696" lon="11.6357298"/>
      <nd lat="43.8530428" lon="11.6356159"/>
      <nd lat="43.8530035" lon="11.6355119"/>
      <nd lat="43.8529321" lon="11.6353881"/>
      <nd lat="43.8528500" lon="11.6352816"/>
      <nd lat="43.8527857" lon="11.6352098"/>
      <nd lat="43.8527283" lon="11.6351471"/>
      <nd lat="43.8526771" lon="11.6350878"/>
      <nd lat="43.8526293" lon="11.6350426"/>
      <nd lat="43.8525542" lon="11.6350040"/>
      <nd lat="43.8524783" lon="11.6349900"/>
      <nd lat="43.8524023" lon="11.6349968"/>
      <nd lat="43.8523087" lon="11.6349981"/>
      <nd lat="43.8522507" lon="11.6349611"/>
      <nd lat="43.8521807" lon="11.6348997"/>
      <nd lat="43.8521458" lon="11.6348878"/>
      <nd lat="43.8520963" lon="11.6348799"/>
      <nd lat="43.8520659" lon="11.6348671"/>
      <nd lat="43.8520194" lon="11.6348632"/>
      <nd lat="43.8520026" lon="11.6348461"/>
      <nd lat="43.8519345" lon="11.6348253"/>
    </member>
    <member type="way" ref="356269399" role="">
      <nd lat="43.8519345" lon="11.6348253"/>
      <nd lat="43.8518661" lon="11.6348766"/>
      <nd lat="43.8518256" lon="11.6349207"/>
      <nd lat="43.8514828" lon="11.6353435"/>
      <nd lat="43.8514056" lon="11.6354241"/>
      <nd lat="43.8513062" lon="11.6355087"/>
      <nd lat="43.8512181" lon="11.6355741"/>
      <nd lat="43.8511352" lon="11.6356176"/>
      <nd lat="43.8510322" lon="11.6356419"/>
      <nd lat="43.8508990" lon="11.6356590"/>
      <nd lat="43.8507725" lon="11.6356785"/>
      <nd lat="43.8506825" lon="11.6357125"/>
      <nd lat="43.8506033" lon="11.6357839"/>
      <nd lat="43.8505346" lon="11.6358626"/>
      <nd lat="43.8504300" lon="11.6360052"/>
      <nd lat="43.8503524" lon="11.6361553"/>
    </member>
    <tag k="cai_scale" v="E"/>
    <tag k="description:it" v="Il sentiero 00 di crinale Falterona-Consuma-Pratomagno si stacca dallo 00 di crinale principale appenninico in corrispondenza del Monte Falco, nonostante la stessa numerazione è un sentiero distinto"/>
    <tag k="from" v="Croce a Mori"/>
    <tag k="network" v="lwn"/>
    <tag k="old_ref" v="00"/>
    <tag k="operator" v="Club Alpino Italiano"/>
    <tag k="osmc:symbol" v="red:red:white_bar:900A:black"/>
    <tag k="ref" v="900A"/>
    <tag k="roundtrip" v="no"/>
    <tag k="route" v="hiking"/>
    <tag k="source" v="survey:CAI"/>
    <tag k="source:ref" v="9126015"/>
    <tag k="survey:date" v="2018-01-01"/>
    <tag k="to" v="Monte Fanterona"/>
    <tag k="type" v="route"/>
  </relation>
</new>
</action>
<action type="create">
  <relation id="21444444" version="1" timestamp="2026-09-26T13:09:25Z" changeset="189587534" uid="3753409" user="Pelleonline">
    <bounds minlat="43.8734157" minlon="11.6963636" maxlat="43.8775639" maxlon="11.7131048"/>
    <member type="node" ref="7645602242" role="guidepost" lat="43.8734157" lon="11.6963636"/>
    <member type="node" ref="7645602243" role="guidepost" lat="43.8740658" lon="11.6999944"/>
    <member type="node" ref="7645602244" role="guidepost" lat="43.8775124" lon="11.7091801"/>
    <member type="node" ref="7645602245" role="guidepost" lat="43.8772562" lon="11.7105572"/>
    <member type="node" ref="7645602246" role="guidepost" lat="43.8762720" lon="11.7131048"/>
    <member type="way" ref="47187556" role="">
      <nd lat="43.8763321" lon="11.7130903"/>
      <nd lat="43.8764273" lon="11.7127960"/>
      <nd lat="43.8764543" lon="11.7126613"/>
      <nd lat="43.8765024" lon="11.7124346"/>
      <nd lat="43.8765227" lon="11.7123698"/>
      <nd lat="43.8765604" lon="11.7123099"/>
      <nd lat="43.8765950" lon="11.7122815"/>
      <nd lat="43.8768430" lon="11.7120930"/>
      <nd lat="43.8769483" lon="11.7119866"/>
      <nd lat="43.8770024" lon="11.7118828"/>
      <nd lat="43.8770258" lon="11.7118190"/>
      <nd lat="43.8770691" lon="11.7115826"/>
      <nd lat="43.8771141" lon="11.7111895"/>
      <nd lat="43.8771315" lon="11.7110867"/>
      <nd lat="43.8772610" lon="11.7106180"/>
      <nd lat="43.8772662" lon="11.7105696"/>
      <nd lat="43.8773457" lon="11.7102827"/>
      <nd lat="43.8773521" lon="11.7102334"/>
      <nd lat="43.8773647" lon="11.7100903"/>
      <nd lat="43.8773882" lon="11.7098039"/>
      <nd lat="43.8773967" lon="11.7097035"/>
      <nd lat="43.8774069" lon="11.7096188"/>
      <nd lat="43.8774216" lon="11.7094774"/>
      <nd lat="43.8774934" lon="11.7092402"/>
      <nd lat="43.8774975" lon="11.7091999"/>
      <nd lat="43.8775145" lon="11.7091443"/>
      <nd lat="43.8775627" lon="11.7090819"/>
      <nd lat="43.8775639" lon="11.7090461"/>
      <nd lat="43.8775019" lon="11.7090135"/>
      <nd lat="43.8774859" lon="11.7090006"/>
      <nd lat="43.8774702" lon="11.7089521"/>
      <nd lat="43.8774523" lon="11.7089332"/>
      <nd lat="43.8774184" lon="11.7089254"/>
      <nd lat="43.8774010" lon="11.7089195"/>
      <nd lat="43.8773788" lon="11.7089065"/>
      <nd lat="43.8773644" lon="11.7088776"/>
      <nd lat="43.8773500" lon="11.7088250"/>
      <nd lat="43.8773050" lon="11.7087273"/>
      <nd lat="43.8772448" lon="11.7085572"/>
      <nd lat="43.8772013" lon="11.7084531"/>
      <nd lat="43.8770767" lon="11.7082169"/>
      <nd lat="43.8769567" lon="11.7080350"/>
      <nd lat="43.8769243" lon="11.7079806"/>
      <nd lat="43.8769104" lon="11.7079093"/>
      <nd lat="43.8768922" lon="11.7077185"/>
      <nd lat="43.8768681" lon="11.7074894"/>
      <nd lat="43.8768582" lon="11.7073644"/>
      <nd lat="43.8768352" lon="11.7072815"/>
      <nd lat="43.8767804" lon="11.7071338"/>
      <nd lat="43.8767462" lon="11.7070671"/>
      <nd lat="43.8766859" lon="11.7069702"/>
      <nd lat="43.8764785" lon="11.7066258"/>
      <nd lat="43.8763247" lon="11.7064115"/>
      <nd lat="43.8762772" lon="11.7063219"/>
      <nd lat="43.8762253" lon="11.7062144"/>
      <nd lat="43.8760772" lon="11.7058891"/>
      <nd lat="43.8760478" lon="11.7057906"/>
      <nd lat="43.8759956" lon="11.7056161"/>
      <nd lat="43.8759477" lon="11.7054023"/>
      <nd lat="43.8758219" lon="11.7049764"/>
      <nd lat="43.8757751" lon="11.7048775"/>
      <nd lat="43.8757529" lon="11.7048010"/>
      <nd lat="43.8757374" lon="11.7047115"/>
      <nd lat="43.8757056" lon="11.7045818"/>
      <nd lat="43.8756090" lon="11.7042604"/>
      <nd lat="43.8755343" lon="11.7040388"/>
      <nd lat="43.8755055" lon="11.7039924"/>
      <nd lat="43.8754814" lon="11.7039486"/>
      <nd lat="43.8754361" lon="11.7038771"/>
      <nd lat="43.8754083" lon="11.7038026"/>
      <nd lat="43.8753974" lon="11.7037168"/>
      <nd lat="43.8753998" lon="11.7035801"/>
      <nd lat="43.8754015" lon="11.7034851"/>
      <nd lat="43.8753589" lon="11.7033743"/>
      <nd lat="43.8753033" lon="11.7032872"/>
      <nd lat="43.8752667" lon="11.7032438"/>
      <nd lat="43.8752270" lon="11.7032075"/>
      <nd lat="43.8750552" lon="11.7030852"/>
      <nd lat="43.8748581" lon="11.7028744"/>
      <nd lat="43.8746284" lon="11.7026727"/>
      <nd lat="43.8745143" lon="11.7025296"/>
      <nd lat="43.8744833" lon="11.7024982"/>
      <nd lat="43.8744433" lon="11.7024743"/>
      <nd lat="43.8744042" lon="11.7024647"/>
      <nd lat="43.8743653" lon="11.7024652"/>
      <nd lat="43.8743210" lon="11.7024506"/>
      <nd lat="43.8742266" lon="11.7023888"/>
      <nd lat="43.8742040" lon="11.7023740"/>
      <nd lat="43.8741336" lon="11.7022978"/>
      <nd lat="43.8740761" lon="11.7022276"/>
      <nd lat="43.8740298" lon="11.7021434"/>
      <nd lat="43.8740052" lon="11.7020742"/>
      <nd lat="43.8739777" lon="11.7019508"/>
      <nd lat="43.8739749" lon="11.7017831"/>
      <nd lat="43.8739817" lon="11.7016424"/>
      <nd lat="43.8739914" lon="11.7015002"/>
      <nd lat="43.8740097" lon="11.7013881"/>
      <nd lat="43.8740506" lon="11.7012030"/>
      <nd lat="43.8741233" lon="11.7010384"/>
      <nd lat="43.8741699" lon="11.7008920"/>
      <nd lat="43.8741948" lon="11.7007758"/>
      <nd lat="43.8742059" lon="11.7006573"/>
      <nd lat="43.8742126" lon="11.7005298"/>
      <nd lat="43.8742176" lon="11.7004783"/>
      <nd lat="43.8742095" lon="11.7003907"/>
      <nd lat="43.8741578" lon="11.7002300"/>
      <nd lat="43.8741144" lon="11.7000981"/>
      <nd lat="43.8740813" lon="11.6999912"/>
    </member>
    <member type="way" ref="170779949" role="">
      <nd lat="43.8740813" lon="11.6999912"/>
      <nd lat="43.8741134" lon="11.6999571"/>
      <nd lat="43.8741434" lon="11.6999029"/>
      <nd lat="43.8741733" lon="11.6998087"/>
      <nd lat="43.8742335" lon="11.6995542"/>
      <nd lat="43.8742318" lon="11.6994494"/>
      <nd lat="43.8741985" lon="11.6993408"/>
      <nd lat="43.8742005" lon="11.6992500"/>
      <nd lat="43.8742302" lon="11.6991804"/>
      <nd lat="43.8742366" lon="11.6990917"/>
      <nd lat="43.8742686" lon="11.6990433"/>
      <nd lat="43.8743171" lon="11.6989671"/>
      <nd lat="43.8743698" lon="11.6989081"/>
      <nd lat="43.8743909" lon="11.6988368"/>
      <nd lat="43.8744354" lon="11.6987889"/>
      <nd lat="43.8745304" lon="11.6986867"/>
      <nd lat="43.8746431" lon="11.6984615"/>
      <nd lat="43.8746871" lon="11.6983736"/>
    </member>
    <member type="way" ref="651229411" role="">
      <nd lat="43.8738264" lon="11.6968048"/>
      <nd lat="43.8738758" lon="11.6969203"/>
      <nd lat="43.8739494" lon="11.6970722"/>
      <nd lat="43.8739865" lon="11.6971561"/>
      <nd lat="43.8740376" lon="11.6972004"/>
      <nd lat="43.8741057" lon="11.6972213"/>
      <nd lat="43.8742106" lon="11.6973021"/>
      <nd lat="43.8743350" lon="11.6975958"/>
      <nd lat="43.8744220" lon="11.6976729"/>
      <nd lat="43.8745424" lon="11.6977290"/>
      <nd lat="43.8745795" lon="11.6977607"/>
      <nd lat="43.8746178" lon="11.6978307"/>
      <nd lat="43.8746470" lon="11.6978918"/>
      <nd lat="43.8746611" lon="11.6979429"/>
      <nd lat="43.8746539" lon="11.6979759"/>
      <nd lat="43.8747174" lon="11.6982879"/>
      <nd lat="43.8746871" lon="11.6983736"/>
    </member>
    <member type="way" ref="342745941" role="">
      <nd lat="43.8735066" lon="11.6964069"/>
      <nd lat="43.8735380" lon="11.6964470"/>
      <nd lat="43.8736200" lon="11.6964870"/>
      <nd lat="43.8736665" lon="11.6965300"/>
      <nd lat="43.8737351" lon="11.6965853"/>
      <nd lat="43.8737927" lon="11.6966867"/>
      <nd lat="43.8738016" lon="11.6967466"/>
      <nd lat="43.8738264" lon="11.6968048"/>
    </member>
    <tag k="cai_scale" v="E"/>
    <tag k="description:it" v="Il sentiero 00 di crinale Falterona-Consuma-Pratomagno si stacca dallo 00 di crinale principale appenninico in corrispondenza del Monte Falco, nonostante la stessa numerazione è un sentiero distinto"/>
    <tag k="from" v="Monte Falterona"/>
    <tag k="network" v="lwn"/>
    <tag k="old_ref" v="00"/>
    <tag k="operator" v="Club Alpino Italiano"/>
    <tag k="osmc:symbol" v="red:red:white_bar:700:black"/>
    <tag k="ref" v="700"/>
    <tag k="roundtrip" v="no"/>
    <tag k="route" v="hiking"/>
    <tag k="source" v="survey:CAI"/>
    <tag k="source:ref" v="9126015"/>
    <tag k="survey:date" v="2026-09-26"/>
    <tag k="to" v="Monte Falco"/>
    <tag k="type" v="route"/>
  </relation>
</action>

</osm>
