<?xml version="1.0" encoding="UTF-8"?>
<osm version="0.6" generator="Overpass API 0.7.62.11 87bfad18">
<note>The data included in this document is from www.openstreetmap.org. The data is made available under ODbL.</note>
<meta osm_base="2026-10-01T03:28:34Z" areas="2026-09-30T00:32:36Z"/>

<action type="modify">
<old>
  <node id="288208278" lat="45.4799726" lon="10.9628234" version="4" timestamp="2025-06-05T16:11:37Z" changeset="167230533" uid="351361" user="dvdzero"/>
</old>
<new>
  <node id="288208278" lat="45.4800774" lon="10.9628026" version="5" timestamp="2026-09-30T11:02:33Z" changeset="189768566" uid="351361" user="dvdzero"/>
</new>
</action>
<action type="create">
  <node id="14234474352" lat="45.4798838" lon="10.9627797" version="1" timestamp="2026-09-30T11:02:33Z" changeset="189768566" uid="351361" user="dvdzero"/>
</action>
<action type="create">
  <node id="14234474353" lat="45.4801368" lon="10.9628870" version="1" timestamp="2026-09-30T11:02:33Z" changeset="189768566" uid="351361" user="dvdzero"/>
</action>
<action type="modify">
<old>
  <way id="75893680" version="5" timestamp="2026-09-21T20:22:18Z" changeset="189367489" uid="18411784" user="SS82">
    <bounds minlat="45.4799726" minlon="10.9628234" maxlat="45.4811140" maxlon="10.9680957"/>
    <nd ref="895775349" lat="45.4802761" lon="10.9680957"/>
    <nd ref="895775378" lat="45.4803079" lon="10.9670391"/>
    <nd ref="895775379" lat="45.4805542" lon="10.9662442"/>
    <nd ref="895775387" lat="45.4805750" lon="10.9657371"/>
    <nd ref="895775388" lat="45.4808109" lon="10.9655166"/>
    <nd ref="14203501623" lat="45.4808818" lon="10.9652425"/>
    <nd ref="895775389" lat="45.4809187" lon="10.9649165"/>
    <nd ref="895775390" lat="45.4809291" lon="10.9646857"/>
    <nd ref="14203501622" lat="45.4810611" lon="10.9642284"/>
    <nd ref="14203501621" lat="45.4810815" lon="10.9638489"/>
    <nd ref="895775391" lat="45.4811140" lon="10.9635910"/>
    <nd ref="895775405" lat="45.4803062" lon="10.9629888"/>
    <nd ref="288208278" lat="45.4799726" lon="10.9628234"/>
    <tag k="access" v="yes"/>
    <tag k="highway" v="track"/>
    <tag k="lcn_ref" v="1"/>
    <tag k="motor_vehicle" v="yes"/>
    <tag k="motorcar" v="yes"/>
    <tag k="motorcycle" v="yes"/>
    <tag k="sac_scale" v="hiking"/>
    <tag k="surface" v="gravel"/>
    <tag k="tracktype" v="grade2"/>
  </way>
</old>
<new>
  <way id="75893680" version="6" timestamp="2026-09-30T11:02:33Z" changeset="189768566" uid="351361" user="dvdzero">
    <bounds minlat="45.4800774" minlon="10.9628026" maxlat="45.4811140" maxlon="10.9680957"/>
    <nd ref="895775349" lat="45.4802761" lon="10.9680957"/>
    <nd ref="895775378" lat="45.4803079" lon="10.9670391"/>
    <nd ref="895775379" lat="45.4805542" lon="10.9662442"/>
    <nd ref="895775387" lat="45.4805750" lon="10.9657371"/>
    <nd ref="895775388" lat="45.4808109" lon="10.9655166"/>
    <nd ref="14203501623" lat="45.4808818" lon="10.9652425"/>
    <nd ref="895775389" lat="45.4809187" lon="10.9649165"/>
    <nd ref="895775390" lat="45.4809291" lon="10.9646857"/>
    <nd ref="14203501622" lat="45.4810611" lon="10.9642284"/>
    <nd ref="14203501621" lat="45.4810815" lon="10.9638489"/>
    <nd ref="895775391" lat="45.4811140" lon="10.9635910"/>
    <nd ref="895775405" lat="45.4803062" lon="10.9629888"/>
    <nd ref="14234474353" lat="45.4801368" lon="10.9628870"/>
    <nd ref="288208278" lat="45.4800774" lon="10.9628026"/>
    <tag k="access" v="yes"/>
    <tag k="highway" v="track"/>
    <tag k="lcn_ref" v="1"/>
    <tag k="motor_vehicle" v="yes"/>
    <tag k="motorcar" v="yes"/>
    <tag k="motorcycle" v="yes"/>
    <tag k="sac_scale" v="hiking"/>
    <tag k="surface" v="gravel"/>
    <tag k="tracktype" v="grade2"/>
  </way>
</new>
</action>
<action type="modify">
<old>
  <way id="149732775" version="4" timestamp="2019-03-30T22:38:33Z" changeset="68711268" uid="351361" user="dvdzero">
    <bounds minlat="45.4794207" minlon="10.9616192" maxlat="45.4799726" maxlon="10.9628234"/>
    <nd ref="288208599" lat="45.4794207" lon="10.9616192"/>
    <nd ref="288208600" lat="45.4794663" lon="10.9619397"/>
    <nd ref="288208275" lat="45.4795325" lon="10.9624428"/>
    <nd ref="288208276" lat="45.4796083" lon="10.9626046"/>
    <nd ref="288208601" lat="45.4797219" lon="10.9627181"/>
    <nd ref="288208278" lat="45.4799726" lon="10.9628234"/>
    <tag k="highway" v="residential"/>
    <tag k="name" v="Strada dei Monti"/>
    <tag k="surface" v="asphalt"/>
  </way>
</old>
<new>
  <way id="149732775" version="5" timestamp="2026-09-30T11:02:33Z" changeset="189768566" uid="351361" user="dvdzero">
    <bounds minlat="45.4794207" minlon="10.9616192" maxlat="45.4800774" maxlon="10.9628026"/>
    <nd ref="288208599" lat="45.4794207" lon="10.9616192"/>
    <nd ref="288208600" lat="45.4794663" lon="10.9619397"/>
    <nd ref="288208275" lat="45.4795325" lon="10.9624428"/>
    <nd ref="288208276" lat="45.4796083" lon="10.9626046"/>
    <nd ref="288208601" lat="45.4797219" lon="10.9627181"/>
    <nd ref="14234474352" lat="45.4798838" lon="10.9627797"/>
    <nd ref="288208278" lat="45.4800774" lon="10.9628026"/>
    <tag k="highway" v="residential"/>
    <tag k="name" v="Strada dei Monti"/>
    <tag k="surface" v="asphalt"/>
  </way>
</new>
</action>
<action type="modify">
<old>
  <relation id="2020341" version="56" timestamp="2026-09-22T21:09:34Z" changeset="189420672" uid="18411784" user="SS82">
    <bounds minlat="45.4591049" minlon="10.9484098" maxlat="45.4811140" maxlon="11.0644466"/>
    <member type="node" ref="10918482948" role="guidepost" lat="45.4651860" lon="11.0630869"/>
    <member type="node" ref="10918482949" role="guidepost" lat="45.4591829" lon="11.0643455"/>
    <member type="node" ref="9300850856" role="guidepost" lat="45.4694006" lon="11.0509589"/>
    <member type="node" ref="9300850857" role="guidepost" lat="45.4689384" lon="11.0513043"/>
    <member type="node" ref="7609783881" role="guidepost" lat="45.4773947" lon="10.9491004"/>
    <member type="node" ref="3358237801" role="guidepost" lat="45.4724788" lon="10.9811598"/>
    <member type="node" ref="7183620580" role="guidepost" lat="45.4713995" lon="10.9809583"/>
    <member type="node" ref="7183620581" role="guidepost" lat="45.4713243" lon="10.9808631"/>
    <member type="node" ref="7181014376" role="guidepost" lat="45.4723035" lon="10.9719712"/>
    <member type="node" ref="7179314915" role="guidepost" lat="45.4714879" lon="10.9747262"/>
    <member type="node" ref="7179314914" role="guidepost" lat="45.4717910" lon="10.9744101"/>
    <member type="node" ref="7179314916" role="guidepost" lat="45.4718119" lon="10.9744104"/>
    <member type="node" ref="12660904651" role="guidepost" lat="45.4720999" lon="11.0017409"/>
    <member type="node" ref="12660904646" role="guidepost" lat="45.4722975" lon="11.0146035"/>
    <member type="node" ref="12660904647" role="guidepost" lat="45.4722485" lon="11.0146576"/>
    <member type="node" ref="12660904652" role="guidepost" lat="45.4710247" lon="11.0006908"/>
    <member type="node" ref="12660904653" role="guidepost" lat="45.4722603" lon="10.9895756"/>
    <member type="node" ref="12660904677" role="guidepost" lat="45.4694394" lon="11.0075284"/>
    <member type="node" ref="13657020186" role="guidepost" lat="45.4712430" lon="10.9746934"/>
    <member type="node" ref="13657020187" role="guidepost" lat="45.4714083" lon="10.9765642"/>
    <member type="node" ref="13657020188" role="guidepost" lat="45.4724700" lon="10.9810613"/>
    <member type="way" ref="283741379" role="">
      <nd lat="45.4591672" lon="11.0643707"/>
      <nd lat="45.4591677" lon="11.0643852"/>
      <nd lat="45.4591720" lon="11.0644466"/>
    </member>
    <member type="way" ref="283741378" role="">
      <nd lat="45.4591580" lon="11.0642527"/>
      <nd lat="45.4591672" lon="11.0643707"/>
    </member>
    <member type="way" ref="1175050806" role="">
      <nd lat="45.4591049" lon="11.0636106"/>
      <nd lat="45.4591101" lon="11.0637018"/>
      <nd lat="45.4591580" lon="11.0642527"/>
    </member>
    <member type="way" ref="262949301" role="">
      <nd lat="45.4591049" lon="11.0636106"/>
      <nd lat="45.4599527" lon="11.0635208"/>
      <nd lat="45.4604340" lon="11.0634698"/>
      <nd lat="45.4606174" lon="11.0634506"/>
      <nd lat="45.4607563" lon="11.0634171"/>
    </member>
    <member type="way" ref="1175050807" role="">
      <nd lat="45.4617147" lon="11.0633196"/>
      <nd lat="45.4616037" lon="11.0633379"/>
      <nd lat="45.4609504" lon="11.0633930"/>
      <nd lat="45.4607563" lon="11.0634171"/>
    </member>
    <member type="way" ref="396805232" role="">
      <nd lat="45.4617147" lon="11.0633196"/>
      <nd lat="45.4618756" lon="11.0634478"/>
      <nd lat="45.4620195" lon="11.0634255"/>
      <nd lat="45.4622206" lon="11.0633355"/>
      <nd lat="45.4623298" lon="11.0632935"/>
      <nd lat="45.4625255" lon="11.0632566"/>
      <nd lat="45.4626931" lon="11.0631519"/>
      <nd lat="45.4632979" lon="11.0627986"/>
      <nd lat="45.4638814" lon="11.0624921"/>
      <nd lat="45.4640124" lon="11.0624434"/>
      <nd lat="45.4641484" lon="11.0623808"/>
      <nd lat="45.4643367" lon="11.0623150"/>
      <nd lat="45.4644159" lon="11.0622941"/>
      <nd lat="45.4644497" lon="11.0622897"/>
      <nd lat="45.4644836" lon="11.0623163"/>
      <nd lat="45.4645754" lon="11.0623780"/>
      <nd lat="45.4646533" lon="11.0624335"/>
      <nd lat="45.4648186" lon="11.0625039"/>
      <nd lat="45.4649458" lon="11.0625321"/>
      <nd lat="45.4651403" lon="11.0625329"/>
      <nd lat="45.4652430" lon="11.0625337"/>
      <nd lat="45.4653356" lon="11.0625602"/>
    </member>
    <member type="way" ref="32774060" role="">
      <nd lat="45.4655875" lon="11.0623169"/>
      <nd lat="45.4654482" lon="11.0623889"/>
      <nd lat="45.4653699" lon="11.0624652"/>
      <nd lat="45.4653356" lon="11.0625602"/>
    </member>
    <member type="way" ref="954716655" role="">
      <nd lat="45.4655732" lon="11.0622395"/>
      <nd lat="45.4655875" lon="11.0623169"/>
    </member>
    <member type="way" ref="954711607" role="">
      <nd lat="45.4655732" lon="11.0622395"/>
      <nd lat="45.4655568" lon="11.0621505"/>
      <nd lat="45.4655034" lon="11.0621713"/>
    </member>
    <member type="way" ref="1175616310" role="">
      <nd lat="45.4655034" lon="11.0621713"/>
      <nd lat="45.4655021" lon="11.0621529"/>
    </member>
    <member type="way" ref="283741373" role="">
      <nd lat="45.4655021" lon="11.0621529"/>
      <nd lat="45.4655033" lon="11.0620728"/>
    </member>
    <member type="way" ref="283741372" role="">
      <nd lat="45.4655033" lon="11.0620728"/>
      <nd lat="45.4655075" lon="11.0620080"/>
      <nd lat="45.4655084" lon="11.0615203"/>
      <nd lat="45.4655143" lon="11.0612548"/>
      <nd lat="45.4655048" lon="11.0609151"/>
      <nd lat="45.4654152" lon="11.0602329"/>
      <nd lat="45.4653072" lon="11.0595929"/>
      <nd lat="45.4652596" lon="11.0592093"/>
      <nd lat="45.4652117" lon="11.0584402"/>
      <nd lat="45.4651709" lon="11.0580079"/>
      <nd lat="45.4651179" lon="11.0575459"/>
      <nd lat="45.4650477" lon="11.0571454"/>
      <nd lat="45.4649627" lon="11.0567485"/>
      <nd lat="45.4647816" lon="11.0561231"/>
      <nd lat="45.4646913" lon="11.0556791"/>
      <nd lat="45.4646616" lon="11.0556282"/>
    </member>
    <member type="way" ref="34992441" role="">
      <nd lat="45.4646616" lon="11.0556282"/>
      <nd lat="45.4647107" lon="11.0554423"/>
      <nd lat="45.4650100" lon="11.0551222"/>
      <nd lat="45.4650330" lon="11.0550720"/>
      <nd lat="45.4650802" lon="11.0549688"/>
      <nd lat="45.4651981" lon="11.0544325"/>
      <nd lat="45.4652457" lon="11.0543570"/>
      <nd lat="45.4653188" lon="11.0543018"/>
      <nd lat="45.4654642" lon="11.0542543"/>
      <nd lat="45.4655298" lon="11.0542472"/>
      <nd lat="45.4657725" lon="11.0541551"/>
      <nd lat="45.4660579" lon="11.0539350"/>
    </member>
    <member type="way" ref="34992442" role="">
      <nd lat="45.4660579" lon="11.0539350"/>
      <nd lat="45.4663479" lon="11.0536415"/>
      <nd lat="45.4667969" lon="11.0534347"/>
      <nd lat="45.4672086" lon="11.0534281"/>
      <nd lat="45.4674658" lon="11.0534080"/>
      <nd lat="45.4677839" lon="11.0533147"/>
      <nd lat="45.4680692" lon="11.0532146"/>
      <nd lat="45.4682844" lon="11.0531679"/>
      <nd lat="45.4682423" lon="11.0530145"/>
    </member>
    <member type="way" ref="34992443" role="">
      <nd lat="45.4684247" lon="11.0524343"/>
      <nd lat="45.4682704" lon="11.0528144"/>
      <nd lat="45.4682516" lon="11.0529011"/>
      <nd lat="45.4682423" lon="11.0530145"/>
    </member>
    <member type="way" ref="34992445" role="">
      <nd lat="45.4688679" lon="11.0513967"/>
      <nd lat="45.4688120" lon="11.0514197"/>
      <nd lat="45.4687711" lon="11.0515064"/>
      <nd lat="45.4684247" lon="11.0524343"/>
    </member>
    <member type="way" ref="149913186" role="">
      <nd lat="45.4688679" lon="11.0513967"/>
      <nd lat="45.4691413" lon="11.0512713"/>
    </member>
    <member type="way" ref="1008152290" role="">
      <nd lat="45.4691413" lon="11.0512713"/>
      <nd lat="45.4692830" lon="11.0511301"/>
      <nd lat="45.4693275" lon="11.0510444"/>
    </member>
    <member type="way" ref="34992447" role="">
      <nd lat="45.4693275" lon="11.0510444"/>
      <nd lat="45.4693613" lon="11.0509793"/>
      <nd lat="45.4694352" lon="11.0507245"/>
      <nd lat="45.4695706" lon="11.0504809"/>
      <nd lat="45.4698514" lon="11.0501937"/>
    </member>
    <member type="way" ref="593898784" role="">
      <nd lat="45.4698514" lon="11.0501937"/>
      <nd lat="45.4701887" lon="11.0498446"/>
      <nd lat="45.4703502" lon="11.0496719"/>
      <nd lat="45.4704486" lon="11.0494692"/>
      <nd lat="45.4705580" lon="11.0493300"/>
      <nd lat="45.4706808" lon="11.0492568"/>
      <nd lat="45.4707868" lon="11.0492460"/>
      <nd lat="45.4708886" lon="11.0492712"/>
      <nd lat="45.4710815" lon="11.0492809"/>
    </member>
    <member type="way" ref="34992452" role="">
      <nd lat="45.4747002" lon="11.0463274"/>
      <nd lat="45.4745387" lon="11.0462914"/>
      <nd lat="45.4743242" lon="11.0462398"/>
      <nd lat="45.4741913" lon="11.0462038"/>
      <nd lat="45.4740584" lon="11.0461894"/>
      <nd lat="45.4739784" lon="11.0461762"/>
      <nd lat="45.4739154" lon="11.0461511"/>
      <nd lat="45.4737446" lon="11.0461535"/>
      <nd lat="45.4736630" lon="11.0461798"/>
      <nd lat="45.4735772" lon="11.0462278"/>
      <nd lat="45.4734788" lon="11.0462782"/>
      <nd lat="45.4733938" lon="11.0462962"/>
      <nd lat="45.4732575" lon="11.0463166"/>
      <nd lat="45.4731557" lon="11.0463598"/>
      <nd lat="45.4730447" lon="11.0463862"/>
      <nd lat="45.4730060" lon="11.0463658"/>
      <nd lat="45.4729236" lon="11.0463010"/>
      <nd lat="45.4728260" lon="11.0462626"/>
      <nd lat="45.4727848" lon="11.0462638"/>
      <nd lat="45.4727225" lon="11.0462566"/>
      <nd lat="45.4726216" lon="11.0462242"/>
      <nd lat="45.4725080" lon="11.0462230"/>
      <nd lat="45.4723911" lon="11.0462566"/>
      <nd lat="45.4722733" lon="11.0463454"/>
      <nd lat="45.4721581" lon="11.0465481"/>
      <nd lat="45.4720579" lon="11.0467281"/>
      <nd lat="45.4718897" lon="11.0470052"/>
      <nd lat="45.4717492" lon="11.0472187"/>
      <nd lat="45.4716079" lon="11.0474346"/>
      <nd lat="45.4715288" lon="11.0476014"/>
      <nd lat="45.4714312" lon="11.0478557"/>
      <nd lat="45.4713782" lon="11.0481028"/>
      <nd lat="45.4713311" lon="11.0483259"/>
      <nd lat="45.4713395" lon="11.0485299"/>
      <nd lat="45.4713698" lon="11.0487302"/>
      <nd lat="45.4713796" lon="11.0488637"/>
      <nd lat="45.4713631" lon="11.0489281"/>
      <nd lat="45.4713235" lon="11.0490097"/>
      <nd lat="45.4712823" lon="11.0491225"/>
      <nd lat="45.4712419" lon="11.0492364"/>
      <nd lat="45.4712049" lon="11.0492784"/>
      <nd lat="45.4711772" lon="11.0492880"/>
      <nd lat="45.4711132" lon="11.0492712"/>
      <nd lat="45.4710815" lon="11.0492809"/>
    </member>
    <member type="way" ref="34992456" role="">
      <nd lat="45.4748889" lon="11.0410169"/>
      <nd lat="45.4746933" lon="11.0412473"/>
      <nd lat="45.4744382" lon="11.0415262"/>
      <nd lat="45.4741661" lon="11.0417748"/>
      <nd lat="45.4740835" lon="11.0418422"/>
      <nd lat="45.4740187" lon="11.0419377"/>
      <nd lat="45.4739744" lon="11.0420517"/>
      <nd lat="45.4739496" lon="11.0421688"/>
      <nd lat="45.4739388" lon="11.0423275"/>
      <nd lat="45.4739615" lon="11.0425401"/>
      <nd lat="45.4740101" lon="11.0427650"/>
      <nd lat="45.4740554" lon="11.0429406"/>
      <nd lat="45.4741862" lon="11.0432641"/>
      <nd lat="45.4742963" lon="11.0435322"/>
      <nd lat="45.4743741" lon="11.0437956"/>
      <nd lat="45.4744487" lon="11.0440421"/>
      <nd lat="45.4745696" lon="11.0444241"/>
      <nd lat="45.4747058" lon="11.0448462"/>
      <nd lat="45.4748634" lon="11.0452010"/>
      <nd lat="45.4749626" lon="11.0453545"/>
      <nd lat="45.4751410" lon="11.0456376"/>
      <nd lat="45.4751772" lon="11.0457108"/>
      <nd lat="45.4751990" lon="11.0457804"/>
      <nd lat="45.4752192" lon="11.0458631"/>
      <nd lat="45.4752276" lon="11.0459171"/>
      <nd lat="45.4752259" lon="11.0459819"/>
      <nd lat="45.4752091" lon="11.0460719"/>
      <nd lat="45.4751881" lon="11.0462206"/>
      <nd lat="45.4751553" lon="11.0462674"/>
      <nd lat="45.4750981" lon="11.0463130"/>
      <nd lat="45.4750400" lon="11.0463334"/>
      <nd lat="45.4750047" lon="11.0463346"/>
      <nd lat="45.4747002" lon="11.0463274"/>
    </member>
    <member type="way" ref="261922593" role="">
      <nd lat="45.4750423" lon="11.0402633"/>
      <nd lat="45.4750741" lon="11.0403917"/>
      <nd lat="45.4750629" lon="11.0405651"/>
      <nd lat="45.4750139" lon="11.0407934"/>
      <nd lat="45.4748889" lon="11.0410169"/>
    </member>
    <member type="way" ref="34992450" role="">
      <nd lat="45.4750331" lon="11.0402333"/>
      <nd lat="45.4750423" lon="11.0402633"/>
    </member>
    <member type="way" ref="33234541" role="">
      <nd lat="45.4750331" lon="11.0402333"/>
      <nd lat="45.4749152" lon="11.0400726"/>
      <nd lat="45.4747506" lon="11.0399405"/>
      <nd lat="45.4745757" lon="11.0397865"/>
      <nd lat="45.4744677" lon="11.0395528"/>
      <nd lat="45.4744607" lon="11.0393646"/>
      <nd lat="45.4744588" lon="11.0393081"/>
    </member>
    <member type="way" ref="1013450014" role="">
      <nd lat="45.4744866" lon="11.0393076"/>
      <nd lat="45.4744588" lon="11.0393081"/>
    </member>
    <member type="way" ref="34992459" role="">
      <nd lat="45.4744866" lon="11.0393076"/>
      <nd lat="45.4749028" lon="11.0391331"/>
      <nd lat="45.4752884" lon="11.0388976"/>
    </member>
    <member type="way" ref="561855434" role="">
      <nd lat="45.4757066" lon="11.0381324"/>
      <nd lat="45.4757194" lon="11.0382027"/>
      <nd lat="45.4758096" lon="11.0383861"/>
      <nd lat="45.4758158" lon="11.0384730"/>
      <nd lat="45.4757854" lon="11.0385311"/>
      <nd lat="45.4757418" lon="11.0385874"/>
      <nd lat="45.4755184" lon="11.0387513"/>
      <nd lat="45.4752884" lon="11.0388976"/>
    </member>
    <member type="way" ref="149913182" role="">
      <nd lat="45.4755766" lon="11.0378929"/>
      <nd lat="45.4756606" lon="11.0380907"/>
      <nd lat="45.4757066" lon="11.0381324"/>
    </member>
    <member type="way" ref="34992471" role="">
      <nd lat="45.4755766" lon="11.0378929"/>
      <nd lat="45.4755626" lon="11.0377424"/>
      <nd lat="45.4755633" lon="11.0376568"/>
      <nd lat="45.4755993" lon="11.0375486"/>
      <nd lat="45.4756318" lon="11.0374449"/>
      <nd lat="45.4756659" lon="11.0373234"/>
      <nd lat="45.4757298" lon="11.0371531"/>
      <nd lat="45.4757685" lon="11.0369959"/>
      <nd lat="45.4757979" lon="11.0368856"/>
      <nd lat="45.4758097" lon="11.0368172"/>
      <nd lat="45.4758038" lon="11.0366301"/>
      <nd lat="45.4758173" lon="11.0364873"/>
      <nd lat="45.4758072" lon="11.0363542"/>
      <nd lat="45.4757887" lon="11.0362006"/>
      <nd lat="45.4757349" lon="11.0358863"/>
      <nd lat="45.4756852" lon="11.0356836"/>
      <nd lat="45.4756339" lon="11.0355192"/>
      <nd lat="45.4755220" lon="11.0351773"/>
      <nd lat="45.4754733" lon="11.0350622"/>
      <nd lat="45.4754379" lon="11.0348438"/>
      <nd lat="45.4754219" lon="11.0346831"/>
      <nd lat="45.4753908" lon="11.0345715"/>
      <nd lat="45.4753370" lon="11.0344648"/>
      <nd lat="45.4752789" lon="11.0343400"/>
      <nd lat="45.4752192" lon="11.0342392"/>
      <nd lat="45.4751948" lon="11.0341349"/>
      <nd lat="45.4751595" lon="11.0340473"/>
      <nd lat="45.4750442" lon="11.0338506"/>
      <nd lat="45.4749603" lon="11.0337338"/>
      <nd lat="45.4749082" lon="11.0336884"/>
      <nd lat="45.4748525" lon="11.0336358"/>
      <nd lat="45.4747919" lon="11.0335291"/>
      <nd lat="45.4747953" lon="11.0333971"/>
      <nd lat="45.4748222" lon="11.0333743"/>
    </member>
    <member type="way" ref="231540931" role="">
      <nd lat="45.4725830" lon="11.0255064"/>
      <nd lat="45.4725927" lon="11.0255142"/>
      <nd lat="45.4725929" lon="11.0256860"/>
      <nd lat="45.4726161" lon="11.0260031"/>
      <nd lat="45.4726775" lon="11.0263202"/>
      <nd lat="45.4727948" lon="11.0268046"/>
      <nd lat="45.4728753" lon="11.0273454"/>
      <nd lat="45.4729190" lon="11.0276275"/>
      <nd lat="45.4730036" lon="11.0279485"/>
      <nd lat="45.4731441" lon="11.0282928"/>
      <nd lat="45.4732668" lon="11.0285282"/>
      <nd lat="45.4733869" lon="11.0287597"/>
      <nd lat="45.4734797" lon="11.0290185"/>
      <nd lat="45.4735179" lon="11.0292052"/>
      <nd lat="45.4735874" lon="11.0294795"/>
      <nd lat="45.4736488" lon="11.0296352"/>
      <nd lat="45.4737757" lon="11.0297791"/>
      <nd lat="45.4739271" lon="11.0298472"/>
      <nd lat="45.4740567" lon="11.0299425"/>
      <nd lat="45.4741781" lon="11.0300495"/>
      <nd lat="45.4743142" lon="11.0302741"/>
      <nd lat="45.4744495" lon="11.0305636"/>
      <nd lat="45.4745379" lon="11.0308678"/>
      <nd lat="45.4746056" lon="11.0311721"/>
      <nd lat="45.4746212" lon="11.0316099"/>
      <nd lat="45.4746524" lon="11.0319068"/>
      <nd lat="45.4747224" lon="11.0320208"/>
      <nd lat="45.4747923" lon="11.0320160"/>
      <nd lat="45.4748256" lon="11.0323200"/>
      <nd lat="45.4748190" lon="11.0326952"/>
      <nd lat="45.4748323" lon="11.0331749"/>
      <nd lat="45.4748222" lon="11.0333743"/>
    </member>
    <member type="way" ref="231540929" role="">
      <nd lat="45.4725823" lon="11.0253026"/>
      <nd lat="45.4725830" lon="11.0255064"/>
    </member>
    <member type="way" ref="149913185" role="">
      <nd lat="45.4725765" lon="11.0246635"/>
      <nd lat="45.4725766" lon="11.0250654"/>
      <nd lat="45.4725823" lon="11.0253026"/>
    </member>
    <member type="way" ref="232782101" role="">
      <nd lat="45.4720511" lon="11.0210662"/>
      <nd lat="45.4720664" lon="11.0212266"/>
      <nd lat="45.4720945" lon="11.0213205"/>
      <nd lat="45.4721194" lon="11.0213655"/>
      <nd lat="45.4721856" lon="11.0214943"/>
      <nd lat="45.4722217" lon="11.0216145"/>
      <nd lat="45.4722277" lon="11.0217604"/>
      <nd lat="45.4722066" lon="11.0230235"/>
      <nd lat="45.4722217" lon="11.0230806"/>
      <nd lat="45.4722468" lon="11.0231254"/>
      <nd lat="45.4722899" lon="11.0231394"/>
      <nd lat="45.4724605" lon="11.0231351"/>
      <nd lat="45.4725151" lon="11.0231713"/>
      <nd lat="45.4725478" lon="11.0232251"/>
      <nd lat="45.4725578" lon="11.0233037"/>
      <nd lat="45.4725765" lon="11.0246635"/>
    </member>
    <member type="way" ref="1088269513" role="">
      <nd lat="45.4721805" lon="11.0204350"/>
      <nd lat="45.4721445" lon="11.0204650"/>
      <nd lat="45.4721196" lon="11.0204994"/>
      <nd lat="45.4721038" lon="11.0205338"/>
      <nd lat="45.4720800" lon="11.0206240"/>
      <nd lat="45.4720740" lon="11.0206880"/>
      <nd lat="45.4720687" lon="11.0209027"/>
      <nd lat="45.4720652" lon="11.0209932"/>
      <nd lat="45.4720589" lon="11.0210330"/>
      <nd lat="45.4720511" lon="11.0210662"/>
    </member>
    <member type="way" ref="1546779097" role="">
      <nd lat="45.4724448" lon="11.0203365"/>
      <nd lat="45.4724325" lon="11.0203727"/>
      <nd lat="45.4724198" lon="11.0203913"/>
      <nd lat="45.4724023" lon="11.0203984"/>
      <nd lat="45.4722194" lon="11.0204250"/>
      <nd lat="45.4721805" lon="11.0204350"/>
    </member>
    <member type="way" ref="1088269515" role="">
      <nd lat="45.4724268" lon="11.0200130"/>
      <nd lat="45.4724448" lon="11.0203365"/>
    </member>
    <member type="way" ref="1088269516" role="">
      <nd lat="45.4724253" lon="11.0199992"/>
      <nd lat="45.4724268" lon="11.0200130"/>
    </member>
    <member type="way" ref="1088269511" role="">
      <nd lat="45.4719962" lon="11.0200223"/>
      <nd lat="45.4720507" lon="11.0200349"/>
      <nd lat="45.4721286" lon="11.0200395"/>
      <nd lat="45.4721898" lon="11.0200312"/>
      <nd lat="45.4724253" lon="11.0199992"/>
    </member>
    <member type="way" ref="1088269509" role="">
      <nd lat="45.4719571" lon="11.0200350"/>
      <nd lat="45.4719962" lon="11.0200223"/>
    </member>
    <member type="way" ref="232782106" role="">
      <nd lat="45.4719571" lon="11.0200350"/>
      <nd lat="45.4719356" lon="11.0195393"/>
      <nd lat="45.4719292" lon="11.0193703"/>
      <nd lat="45.4719210" lon="11.0191530"/>
      <nd lat="45.4719166" lon="11.0190384"/>
      <nd lat="45.4718824" lon="11.0183007"/>
      <nd lat="45.4718760" lon="11.0182360"/>
      <nd lat="45.4718674" lon="11.0181489"/>
      <nd lat="45.4718352" lon="11.0178452"/>
      <nd lat="45.4718191" lon="11.0177765"/>
      <nd lat="45.4718048" lon="11.0177070"/>
      <nd lat="45.4717365" lon="11.0175252"/>
      <nd lat="45.4716733" lon="11.0173875"/>
      <nd lat="45.4715740" lon="11.0172591"/>
      <nd lat="45.4715131" lon="11.0171734"/>
      <nd lat="45.4714536" lon="11.0170274"/>
      <nd lat="45.4714248" lon="11.0168348"/>
      <nd lat="45.4714209" lon="11.0165172"/>
      <nd lat="45.4714356" lon="11.0159459"/>
      <nd lat="45.4714536" lon="11.0155768"/>
      <nd lat="45.4714597" lon="11.0154111"/>
    </member>
    <member type="way" ref="328994953" role="">
      <nd lat="45.4715820" lon="11.0154302"/>
      <nd lat="45.4714597" lon="11.0154111"/>
    </member>
    <member type="way" ref="230089810" role="">
      <nd lat="45.4715820" lon="11.0154302"/>
      <nd lat="45.4716021" lon="11.0151301"/>
      <nd lat="45.4716078" lon="11.0149076"/>
      <nd lat="45.4716968" lon="11.0143871"/>
    </member>
    <member type="way" ref="149907964" role="">
      <nd lat="45.4722835" lon="11.0146143"/>
      <nd lat="45.4721311" lon="11.0145376"/>
      <nd lat="45.4720283" lon="11.0144970"/>
      <nd lat="45.4719005" lon="11.0144473"/>
      <nd lat="45.4716968" lon="11.0143871"/>
    </member>
    <member type="way" ref="34848364" role="">
      <nd lat="45.4727701" lon="11.0131381"/>
      <nd lat="45.4726165" lon="11.0135469"/>
      <nd lat="45.4724903" lon="11.0137754"/>
      <nd lat="45.4723822" lon="11.0139230"/>
      <nd lat="45.4723203" lon="11.0141800"/>
      <nd lat="45.4722878" lon="11.0144081"/>
      <nd lat="45.4722835" lon="11.0146143"/>
    </member>
    <member type="way" ref="34848329" role="">
      <nd lat="45.4727701" lon="11.0131381"/>
      <nd lat="45.4727949" lon="11.0130472"/>
      <nd lat="45.4728005" lon="11.0128686"/>
      <nd lat="45.4728201" lon="11.0125594"/>
      <nd lat="45.4728501" lon="11.0123820"/>
      <nd lat="45.4728500" lon="11.0121992"/>
      <nd lat="45.4728060" lon="11.0121413"/>
      <nd lat="45.4726722" lon="11.0121233"/>
      <nd lat="45.4724452" lon="11.0120798"/>
      <nd lat="45.4723055" lon="11.0119970"/>
      <nd lat="45.4721517" lon="11.0119704"/>
      <nd lat="45.4719983" lon="11.0119154"/>
    </member>
    <member type="way" ref="368213526" role="">
      <nd lat="45.4719983" lon="11.0119154"/>
      <nd lat="45.4720508" lon="11.0116534"/>
      <nd lat="45.4720549" lon="11.0115206"/>
      <nd lat="45.4721471" lon="11.0112384"/>
      <nd lat="45.4722554" lon="11.0108093"/>
      <nd lat="45.4723634" lon="11.0103893"/>
      <nd lat="45.4723878" lon="11.0102943"/>
      <nd lat="45.4722675" lon="11.0100797"/>
      <nd lat="45.4722257" lon="11.0099768"/>
      <nd lat="45.4721350" lon="11.0097535"/>
      <nd lat="45.4718582" lon="11.0093501"/>
      <nd lat="45.4716535" lon="11.0091356"/>
      <nd lat="45.4715577" lon="11.0090168"/>
    </member>
    <member type="way" ref="1367421239" role="">
      <nd lat="45.4715577" lon="11.0090168"/>
      <nd lat="45.4715151" lon="11.0089639"/>
      <nd lat="45.4714730" lon="11.0086892"/>
      <nd lat="45.4712743" lon="11.0083202"/>
      <nd lat="45.4709312" lon="11.0079168"/>
      <nd lat="45.4707178" lon="11.0077821"/>
      <nd lat="45.4704730" lon="11.0076355"/>
    </member>
    <member type="way" ref="593898786" role="">
      <nd lat="45.4704730" lon="11.0076355"/>
      <nd lat="45.4702812" lon="11.0076335"/>
      <nd lat="45.4700031" lon="11.0076940"/>
      <nd lat="45.4697768" lon="11.0076774"/>
      <nd lat="45.4695197" lon="11.0076339"/>
      <nd lat="45.4693750" lon="11.0075002"/>
    </member>
    <member type="way" ref="291743700" role="">
      <nd lat="45.4721491" lon="11.0020969"/>
      <nd lat="45.4721411" lon="11.0022010"/>
      <nd lat="45.4720997" lon="11.0023338"/>
      <nd lat="45.4712926" lon="11.0036708"/>
      <nd lat="45.4711782" lon="11.0038834"/>
      <nd lat="45.4711103" lon="11.0040492"/>
      <nd lat="45.4710596" lon="11.0042587"/>
      <nd lat="45.4710252" lon="11.0045360"/>
      <nd lat="45.4709593" lon="11.0049441"/>
      <nd lat="45.4707594" lon="11.0058216"/>
      <nd lat="45.4706069" lon="11.0062694"/>
      <nd lat="45.4704578" lon="11.0066724"/>
      <nd lat="45.4703252" lon="11.0068085"/>
      <nd lat="45.4701822" lon="11.0069537"/>
      <nd lat="45.4699528" lon="11.0071950"/>
      <nd lat="45.4697173" lon="11.0073999"/>
      <nd lat="45.4695526" lon="11.0074737"/>
      <nd lat="45.4694519" lon="11.0074974"/>
      <nd lat="45.4693750" lon="11.0075002"/>
    </member>
    <member type="way" ref="460027308" role="">
      <nd lat="45.4720568" lon="11.0017639"/>
      <nd lat="45.4721025" lon="11.0018509"/>
      <nd lat="45.4721378" lon="11.0019605"/>
      <nd lat="45.4721491" lon="11.0020969"/>
    </member>
    <member type="way" ref="190882979" role="">
      <nd lat="45.4710282" lon="11.0007629"/>
      <nd lat="45.4712479" lon="11.0008892"/>
      <nd lat="45.4716805" lon="11.0011259"/>
      <nd lat="45.4718860" lon="11.0014260"/>
      <nd lat="45.4720568" lon="11.0017639"/>
    </member>
    <member type="way" ref="34848405" role="">
      <nd lat="45.4710282" lon="11.0007629"/>
      <nd lat="45.4709795" lon="11.0005781"/>
      <nd lat="45.4708404" lon="11.0004631"/>
      <nd lat="45.4707212" lon="11.0003459"/>
      <nd lat="45.4706517" lon="11.0002188"/>
      <nd lat="45.4706326" lon="11.0001226"/>
      <nd lat="45.4705759" lon="10.9998124"/>
      <nd lat="45.4704333" lon="10.9992064"/>
      <nd lat="45.4702312" lon="10.9985231"/>
      <nd lat="45.4701902" lon="10.9981999"/>
      <nd lat="45.4701268" lon="10.9980284"/>
    </member>
    <member type="way" ref="34848829" role="">
      <nd lat="45.4701268" lon="10.9980284"/>
      <nd lat="45.4701166" lon="10.9979561"/>
      <nd lat="45.4700826" lon="10.9976600"/>
      <nd lat="45.4702841" lon="10.9973306"/>
      <nd lat="45.4704421" lon="10.9970966"/>
      <nd lat="45.4706861" lon="10.9968762"/>
      <nd lat="45.4708142" lon="10.9968409"/>
      <nd lat="45.4711010" lon="10.9968453"/>
      <nd lat="45.4712695" lon="10.9968195"/>
      <nd lat="45.4712743" lon="10.9966300"/>
      <nd lat="45.4711840" lon="10.9964069"/>
      <nd lat="45.4709734" lon="10.9963039"/>
      <nd lat="45.4707928" lon="10.9962352"/>
      <nd lat="45.4706423" lon="10.9961150"/>
      <nd lat="45.4705520" lon="10.9959605"/>
      <nd lat="45.4704618" lon="10.9956172"/>
      <nd lat="45.4704437" lon="10.9954627"/>
      <nd lat="45.4702631" lon="10.9954284"/>
      <nd lat="45.4700103" lon="10.9954456"/>
      <nd lat="45.4697175" lon="10.9954747"/>
      <nd lat="45.4696190" lon="10.9954469"/>
      <nd lat="45.4696198" lon="10.9953992"/>
      <nd lat="45.4696181" lon="10.9953503"/>
    </member>
    <member type="way" ref="291743701" role="">
      <nd lat="45.4696181" lon="10.9953503"/>
      <nd lat="45.4696228" lon="10.9952098"/>
      <nd lat="45.4696369" lon="10.9950592"/>
      <nd lat="45.4697094" lon="10.9949477"/>
      <nd lat="45.4698984" lon="10.9948823"/>
    </member>
    <member type="way" ref="267559183" role="">
      <nd lat="45.4698984" lon="10.9948823"/>
      <nd lat="45.4700346" lon="10.9947783"/>
      <nd lat="45.4702391" lon="10.9947761"/>
      <nd lat="45.4704317" lon="10.9947160"/>
      <nd lat="45.4706423" lon="10.9945701"/>
      <nd lat="45.4708410" lon="10.9942439"/>
      <nd lat="45.4710456" lon="10.9940036"/>
    </member>
    <member type="way" ref="328994955" role="">
      <nd lat="45.4722491" lon="10.9924750"/>
      <nd lat="45.4721823" lon="10.9926985"/>
      <nd lat="45.4721312" lon="10.9928258"/>
      <nd lat="45.4720318" lon="10.9928812"/>
      <nd lat="45.4719091" lon="10.9929638"/>
      <nd lat="45.4718287" lon="10.9930716"/>
      <nd lat="45.4717122" lon="10.9932086"/>
      <nd lat="45.4715752" lon="10.9933476"/>
      <nd lat="45.4714096" lon="10.9935429"/>
      <nd lat="45.4712631" lon="10.9937168"/>
      <nd lat="45.4710456" lon="10.9940036"/>
    </member>
    <member type="way" ref="328994954" role="">
      <nd lat="45.4722428" lon="10.9916438"/>
      <nd lat="45.4722719" lon="10.9917035"/>
      <nd lat="45.4723164" lon="10.9917516"/>
      <nd lat="45.4723491" lon="10.9917808"/>
      <nd lat="45.4724256" lon="10.9918063"/>
      <nd lat="45.4724319" lon="10.9918230"/>
      <nd lat="45.4724298" lon="10.9918449"/>
      <nd lat="45.4723813" lon="10.9920727"/>
      <nd lat="45.4723037" lon="10.9922633"/>
      <nd lat="45.4722491" lon="10.9924750"/>
    </member>
    <member type="way" ref="328994951" role="">
      <nd lat="45.4722428" lon="10.9916438"/>
      <nd lat="45.4722877" lon="10.9914604"/>
      <nd lat="45.4723051" lon="10.9913078"/>
      <nd lat="45.4723103" lon="10.9912743"/>
      <nd lat="45.4723097" lon="10.9912386"/>
      <nd lat="45.4723011" lon="10.9911993"/>
      <nd lat="45.4722898" lon="10.9911621"/>
      <nd lat="45.4722724" lon="10.9911227"/>
      <nd lat="45.4722249" lon="10.9910266"/>
      <nd lat="45.4721824" lon="10.9909049"/>
      <nd lat="45.4721138" lon="10.9907461"/>
      <nd lat="45.4720877" lon="10.9905623"/>
      <nd lat="45.4721172" lon="10.9903200"/>
      <nd lat="45.4721902" lon="10.9901350"/>
      <nd lat="45.4722506" lon="10.9894313"/>
    </member>
    <member type="way" ref="149735823" role="">
      <nd lat="45.4721388" lon="10.9893975"/>
      <nd lat="45.4722506" lon="10.9894313"/>
    </member>
    <member type="way" ref="35136671" role="">
      <nd lat="45.4721399" lon="10.9890465"/>
      <nd lat="45.4721388" lon="10.9893975"/>
    </member>
    <member type="way" ref="149735821" role="">
      <nd lat="45.4721399" lon="10.9890465"/>
      <nd lat="45.4720518" lon="10.9890037"/>
    </member>
    <member type="way" ref="326770268" role="">
      <nd lat="45.4720518" lon="10.9890037"/>
      <nd lat="45.4720511" lon="10.9889654"/>
      <nd lat="45.4720425" lon="10.9889197"/>
      <nd lat="45.4719877" lon="10.9887716"/>
      <nd lat="45.4719013" lon="10.9885131"/>
      <nd lat="45.4718351" lon="10.9883208"/>
      <nd lat="45.4718235" lon="10.9882737"/>
    </member>
    <member type="way" ref="815877458" role="">
      <nd lat="45.4718235" lon="10.9882737"/>
      <nd lat="45.4717908" lon="10.9881478"/>
    </member>
    <member type="way" ref="815877457" role="">
      <nd lat="45.4717908" lon="10.9881478"/>
      <nd lat="45.4717812" lon="10.9881068"/>
      <nd lat="45.4717652" lon="10.9879848"/>
      <nd lat="45.4717639" lon="10.9878819"/>
    </member>
    <member type="way" ref="23949449" role="">
      <nd lat="45.4723288" lon="10.9867489"/>
      <nd lat="45.4723020" lon="10.9868321"/>
      <nd lat="45.4722740" lon="10.9869145"/>
      <nd lat="45.4722397" lon="10.9869906"/>
      <nd lat="45.4722075" lon="10.9870621"/>
      <nd lat="45.4721824" lon="10.9871185"/>
      <nd lat="45.4721749" lon="10.9871461"/>
      <nd lat="45.4721705" lon="10.9871948"/>
      <nd lat="45.4721610" lon="10.9872538"/>
      <nd lat="45.4721459" lon="10.9873102"/>
      <nd lat="45.4721008" lon="10.9874354"/>
      <nd lat="45.4720653" lon="10.9875316"/>
      <nd lat="45.4720472" lon="10.9875726"/>
      <nd lat="45.4720138" lon="10.9876140"/>
      <nd lat="45.4719514" lon="10.9876711"/>
      <nd lat="45.4718893" lon="10.9877288"/>
      <nd lat="45.4718205" lon="10.9877948"/>
      <nd lat="45.4717863" lon="10.9878368"/>
      <nd lat="45.4717639" lon="10.9878819"/>
    </member>
    <member type="way" ref="24259449" role="">
      <nd lat="45.4724574" lon="10.9810907"/>
      <nd lat="45.4723755" lon="10.9816326"/>
      <nd lat="45.4723171" lon="10.9818127"/>
      <nd lat="45.4722609" lon="10.9819290"/>
      <nd lat="45.4721825" lon="10.9820798"/>
      <nd lat="45.4721533" lon="10.9822062"/>
      <nd lat="45.4721333" lon="10.9824326"/>
      <nd lat="45.4720810" lon="10.9826419"/>
      <nd lat="45.4719170" lon="10.9830879"/>
      <nd lat="45.4719048" lon="10.9832772"/>
      <nd lat="45.4719180" lon="10.9834023"/>
      <nd lat="45.4720297" lon="10.9840358"/>
      <nd lat="45.4720959" lon="10.9842246"/>
      <nd lat="45.4721742" lon="10.9844134"/>
      <nd lat="45.4725942" lon="10.9849313"/>
      <nd lat="45.4727520" lon="10.9851258"/>
      <nd lat="45.4730469" lon="10.9854520"/>
      <nd lat="45.4731914" lon="10.9856408"/>
      <nd lat="45.4732756" lon="10.9858382"/>
      <nd lat="45.4732877" lon="10.9860185"/>
      <nd lat="45.4732215" lon="10.9861386"/>
      <nd lat="45.4730770" lon="10.9861386"/>
      <nd lat="45.4728784" lon="10.9861472"/>
      <nd lat="45.4726737" lon="10.9861987"/>
      <nd lat="45.4725534" lon="10.9863189"/>
      <nd lat="45.4723645" lon="10.9866576"/>
      <nd lat="45.4723288" lon="10.9867489"/>
    </member>
    <member type="way" ref="149735892" role="">
      <nd lat="45.4724574" lon="10.9810907"/>
      <nd lat="45.4723265" lon="10.9809978"/>
      <nd lat="45.4721287" lon="10.9809056"/>
      <nd lat="45.4718823" lon="10.9808379"/>
      <nd lat="45.4716478" lon="10.9808434"/>
      <nd lat="45.4713445" lon="10.9809378"/>
    </member>
    <member type="way" ref="24259456" role="">
      <nd lat="45.4713445" lon="10.9809378"/>
      <nd lat="45.4713503" lon="10.9807160"/>
      <nd lat="45.4713676" lon="10.9803794"/>
      <nd lat="45.4714519" lon="10.9801219"/>
      <nd lat="45.4714880" lon="10.9798301"/>
      <nd lat="45.4714880" lon="10.9795897"/>
      <nd lat="45.4713616" lon="10.9792636"/>
      <nd lat="45.4713616" lon="10.9789031"/>
      <nd lat="45.4713135" lon="10.9786971"/>
      <nd lat="45.4712773" lon="10.9784997"/>
      <nd lat="45.4713135" lon="10.9780448"/>
      <nd lat="45.4713917" lon="10.9776500"/>
    </member>
    <member type="way" ref="769579790" role="">
      <nd lat="45.4713917" lon="10.9766028"/>
      <nd lat="45.4713496" lon="10.9768689"/>
      <nd lat="45.4713496" lon="10.9771607"/>
      <nd lat="45.4713917" lon="10.9773925"/>
      <nd lat="45.4713917" lon="10.9776500"/>
    </member>
    <member type="way" ref="326892763" role="">
      <nd lat="45.4705491" lon="10.9753429"/>
      <nd lat="45.4706754" lon="10.9754527"/>
      <nd lat="45.4708083" lon="10.9754660"/>
      <nd lat="45.4711246" lon="10.9758998"/>
      <nd lat="45.4713255" lon="10.9763110"/>
      <nd lat="45.4713734" lon="10.9764561"/>
      <nd lat="45.4713917" lon="10.9766028"/>
    </member>
    <member type="way" ref="207338328" role="">
      <nd lat="45.4705491" lon="10.9753429"/>
      <nd lat="45.4705026" lon="10.9751588"/>
    </member>
    <member type="way" ref="24259354" role="">
      <nd lat="45.4710844" lon="10.9748054"/>
      <nd lat="45.4710724" lon="10.9748536"/>
      <nd lat="45.4710242" lon="10.9749059"/>
      <nd lat="45.4705294" lon="10.9751358"/>
      <nd lat="45.4705026" lon="10.9751588"/>
    </member>
    <member type="way" ref="24259187" role="">
      <nd lat="45.4712444" lon="10.9745853"/>
      <nd lat="45.4712410" lon="10.9746304"/>
      <nd lat="45.4712119" lon="10.9746840"/>
      <nd lat="45.4710844" lon="10.9748054"/>
    </member>
    <member type="way" ref="149736697" role="">
      <nd lat="45.4712444" lon="10.9745853"/>
      <nd lat="45.4714028" lon="10.9745669"/>
    </member>
    <member type="way" ref="459796825" role="">
      <nd lat="45.4714028" lon="10.9745669"/>
      <nd lat="45.4714406" lon="10.9745635"/>
    </member>
    <member type="way" ref="139830182" role="">
      <nd lat="45.4714406" lon="10.9745635"/>
      <nd lat="45.4715512" lon="10.9745470"/>
      <nd lat="45.4716683" lon="10.9745246"/>
      <nd lat="45.4717133" lon="10.9745191"/>
    </member>
    <member type="way" ref="769091497" role="">
      <nd lat="45.4717133" lon="10.9745191"/>
      <nd lat="45.4718057" lon="10.9745100"/>
    </member>
    <member type="way" ref="1370793595" role="">
      <nd lat="45.4718057" lon="10.9745100"/>
      <nd lat="45.4718024" lon="10.9744254"/>
    </member>
    <member type="way" ref="769091500" role="">
      <nd lat="45.4718024" lon="10.9744254"/>
      <nd lat="45.4717926" lon="10.9741001"/>
    </member>
    <member type="way" ref="769091499" role="">
      <nd lat="45.4717926" lon="10.9741001"/>
      <nd lat="45.4718973" lon="10.9740773"/>
    </member>
    <member type="way" ref="95160426" role="">
      <nd lat="45.4718973" lon="10.9740773"/>
      <nd lat="45.4718826" lon="10.9740201"/>
      <nd lat="45.4718748" lon="10.9738915"/>
      <nd lat="45.4719192" lon="10.9737742"/>
      <nd lat="45.4720211" lon="10.9737034"/>
      <nd lat="45.4720302" lon="10.9736382"/>
      <nd lat="45.4720474" lon="10.9734809"/>
      <nd lat="45.4720542" lon="10.9732806"/>
      <nd lat="45.4721115" lon="10.9732537"/>
      <nd lat="45.4722235" lon="10.9731617"/>
    </member>
    <member type="way" ref="161685297" role="">
      <nd lat="45.4722235" lon="10.9731617"/>
      <nd lat="45.4723631" lon="10.9731375"/>
    </member>
    <member type="way" ref="1488966038" role="">
      <nd lat="45.4723382" lon="10.9721729"/>
      <nd lat="45.4724847" lon="10.9724826"/>
      <nd lat="45.4725078" lon="10.9725758"/>
      <nd lat="45.4725073" lon="10.9726728"/>
      <nd lat="45.4724417" lon="10.9728707"/>
      <nd lat="45.4723631" lon="10.9731375"/>
    </member>
    <member type="way" ref="1169235322" role="">
      <nd lat="45.4723175" lon="10.9721259"/>
      <nd lat="45.4723382" lon="10.9721729"/>
    </member>
    <member type="way" ref="1169235323" role="">
      <nd lat="45.4723131" lon="10.9720708"/>
      <nd lat="45.4723175" lon="10.9721259"/>
    </member>
    <member type="way" ref="24259130" role="">
      <nd lat="45.4697251" lon="10.9711239"/>
      <nd lat="45.4701838" lon="10.9712900"/>
      <nd lat="45.4706979" lon="10.9714507"/>
      <nd lat="45.4709738" lon="10.9715286"/>
      <nd lat="45.4712320" lon="10.9716384"/>
      <nd lat="45.4713508" lon="10.9717036"/>
      <nd lat="45.4714846" lon="10.9717283"/>
      <nd lat="45.4721676" lon="10.9718886"/>
      <nd lat="45.4722498" lon="10.9719042"/>
      <nd lat="45.4722748" lon="10.9719488"/>
      <nd lat="45.4723131" lon="10.9720708"/>
    </member>
    <member type="way" ref="24225798" role="">
      <nd lat="45.4687455" lon="10.9705855"/>
      <nd lat="45.4696481" lon="10.9710816"/>
      <nd lat="45.4697251" lon="10.9711239"/>
    </member>
    <member type="way" ref="1561124834" role="">
      <nd lat="45.4687098" lon="10.9701458"/>
      <nd lat="45.4687706" lon="10.9702028"/>
      <nd lat="45.4687450" lon="10.9703988"/>
      <nd lat="45.4686825" lon="10.9705572"/>
      <nd lat="45.4687455" lon="10.9705855"/>
    </member>
    <member type="way" ref="134083308" role="">
      <nd lat="45.4687098" lon="10.9701458"/>
      <nd lat="45.4688565" lon="10.9700207"/>
      <nd lat="45.4689363" lon="10.9699740"/>
      <nd lat="45.4696855" lon="10.9693547"/>
      <nd lat="45.4698180" lon="10.9692688"/>
      <nd lat="45.4700467" lon="10.9692259"/>
      <nd lat="45.4710381" lon="10.9690877"/>
    </member>
    <member type="way" ref="769265057" role="">
      <nd lat="45.4710381" lon="10.9690877"/>
      <nd lat="45.4714004" lon="10.9687834"/>
      <nd lat="45.4715869" lon="10.9686515"/>
      <nd lat="45.4716025" lon="10.9685950"/>
      <nd lat="45.4716219" lon="10.9685246"/>
      <nd lat="45.4716939" lon="10.9682274"/>
    </member>
    <member type="way" ref="1561124833" role="">
      <nd lat="45.4717962" lon="10.9682009"/>
      <nd lat="45.4717183" lon="10.9682079"/>
      <nd lat="45.4716939" lon="10.9682274"/>
    </member>
    <member type="way" ref="769265056" role="">
      <nd lat="45.4738723" lon="10.9661886"/>
      <nd lat="45.4736058" lon="10.9662183"/>
      <nd lat="45.4733275" lon="10.9662625"/>
      <nd lat="45.4728354" lon="10.9663536"/>
      <nd lat="45.4725916" lon="10.9665677"/>
      <nd lat="45.4723354" lon="10.9669573"/>
      <nd lat="45.4720230" lon="10.9674323"/>
      <nd lat="45.4719114" lon="10.9677865"/>
      <nd lat="45.4717962" lon="10.9682009"/>
    </member>
    <member type="way" ref="35867649" role="">
      <nd lat="45.4753192" lon="10.9650631"/>
      <nd lat="45.4749930" lon="10.9651515"/>
      <nd lat="45.4746104" lon="10.9652446"/>
      <nd lat="45.4745542" lon="10.9652607"/>
      <nd lat="45.4744772" lon="10.9653127"/>
      <nd lat="45.4744555" lon="10.9653519"/>
      <nd lat="45.4744314" lon="10.9654474"/>
      <nd lat="45.4744475" lon="10.9655823"/>
      <nd lat="45.4742227" lon="10.9659498"/>
      <nd lat="45.4740094" lon="10.9661222"/>
      <nd lat="45.4738723" lon="10.9661886"/>
    </member>
    <member type="way" ref="460027332" role="">
      <nd lat="45.4753192" lon="10.9650631"/>
      <nd lat="45.4758000" lon="10.9654672"/>
      <nd lat="45.4761598" lon="10.9655743"/>
    </member>
    <member type="way" ref="75893673" role="">
      <nd lat="45.4761598" lon="10.9655743"/>
      <nd lat="45.4763304" lon="10.9656334"/>
      <nd lat="45.4769735" lon="10.9664542"/>
      <nd lat="45.4772057" lon="10.9669317"/>
      <nd lat="45.4773554" lon="10.9674520"/>
      <nd lat="45.4773941" lon="10.9683928"/>
      <nd lat="45.4774022" lon="10.9685334"/>
      <nd lat="45.4774022" lon="10.9687553"/>
      <nd lat="45.4774520" lon="10.9689379"/>
    </member>
    <member type="way" ref="149732761" role="">
      <nd lat="45.4774520" lon="10.9689379"/>
      <nd lat="45.4774929" lon="10.9688879"/>
      <nd lat="45.4775202" lon="10.9688936"/>
      <nd lat="45.4775384" lon="10.9688974"/>
      <nd lat="45.4776794" lon="10.9691027"/>
      <nd lat="45.4778378" lon="10.9692987"/>
      <nd lat="45.4779827" lon="10.9695645"/>
      <nd lat="45.4781078" lon="10.9698073"/>
    </member>
    <member type="way" ref="149732764" role="">
      <nd lat="45.4781078" lon="10.9698073"/>
      <nd lat="45.4782675" lon="10.9700698"/>
      <nd lat="45.4795840" lon="10.9697802"/>
      <nd lat="45.4801281" lon="10.9687195"/>
      <nd lat="45.4802610" lon="10.9684605"/>
      <nd lat="45.4802761" lon="10.9680957"/>
    </member>
    <member type="way" ref="75893680" role="">
      <nd lat="45.4802761" lon="10.9680957"/>
      <nd lat="45.4803079" lon="10.9670391"/>
      <nd lat="45.4805542" lon="10.9662442"/>
      <nd lat="45.4805750" lon="10.9657371"/>
      <nd lat="45.4808109" lon="10.9655166"/>
      <nd lat="45.4808818" lon="10.9652425"/>
      <nd lat="45.4809187" lon="10.9649165"/>
      <nd lat="45.4809291" lon="10.9646857"/>
      <nd lat="45.4810611" lon="10.9642284"/>
      <nd lat="45.4810815" lon="10.9638489"/>
      <nd lat="45.4811140" lon="10.9635910"/>
      <nd lat="45.4803062" lon="10.9629888"/>
      <nd lat="45.4799726" lon="10.9628234"/>
    </member>
    <member type="way" ref="149732775" role="">
      <nd lat="45.4794207" lon="10.9616192"/>
      <nd lat="45.4794663" lon="10.9619397"/>
      <nd lat="45.4795325" lon="10.9624428"/>
      <nd lat="45.4796083" lon="10.9626046"/>
      <nd lat="45.4797219" lon="10.9627181"/>
      <nd lat="45.4799726" lon="10.9628234"/>
    </member>
    <member type="way" ref="460027333" role="">
      <nd lat="45.4787649" lon="10.9587514"/>
      <nd lat="45.4788047" lon="10.9591192"/>
      <nd lat="45.4788765" lon="10.9593087"/>
      <nd lat="45.4789456" lon="10.9595210"/>
      <nd lat="45.4790998" lon="10.9599002"/>
      <nd lat="45.4791796" lon="10.9601125"/>
      <nd lat="45.4792407" lon="10.9602945"/>
      <nd lat="45.4792833" lon="10.9604386"/>
      <nd lat="45.4793098" lon="10.9606585"/>
      <nd lat="45.4793657" lon="10.9610490"/>
      <nd lat="45.4794055" lon="10.9612727"/>
      <nd lat="45.4794268" lon="10.9615267"/>
      <nd lat="45.4794207" lon="10.9616192"/>
    </member>
    <member type="way" ref="149629680" role="">
      <nd lat="45.4781965" lon="10.9534332"/>
      <nd lat="45.4780205" lon="10.9532615"/>
      <nd lat="45.4779514" lon="10.9531060"/>
      <nd lat="45.4777307" lon="10.9530188"/>
      <nd lat="45.4776776" lon="10.9530643"/>
      <nd lat="45.4776270" lon="10.9531818"/>
      <nd lat="45.4775937" lon="10.9534405"/>
      <nd lat="45.4775742" lon="10.9537929"/>
      <nd lat="45.4775976" lon="10.9540690"/>
      <nd lat="45.4776172" lon="10.9541783"/>
      <nd lat="45.4776833" lon="10.9543725"/>
      <nd lat="45.4778261" lon="10.9547513"/>
      <nd lat="45.4779642" lon="10.9550630"/>
      <nd lat="45.4780019" lon="10.9552027"/>
      <nd lat="45.4780816" lon="10.9553467"/>
      <nd lat="45.4781508" lon="10.9555098"/>
      <nd lat="45.4782279" lon="10.9557107"/>
      <nd lat="45.4782677" lon="10.9558699"/>
      <nd lat="45.4782863" lon="10.9560557"/>
      <nd lat="45.4782863" lon="10.9562718"/>
      <nd lat="45.4782598" lon="10.9564955"/>
      <nd lat="45.4781899" lon="10.9566472"/>
      <nd lat="45.4781614" lon="10.9569732"/>
      <nd lat="45.4781986" lon="10.9572197"/>
      <nd lat="45.4782518" lon="10.9574358"/>
      <nd lat="45.4783076" lon="10.9576633"/>
      <nd lat="45.4783847" lon="10.9578415"/>
      <nd lat="45.4785070" lon="10.9580121"/>
      <nd lat="45.4785681" lon="10.9581448"/>
      <nd lat="45.4786319" lon="10.9582964"/>
      <nd lat="45.4786771" lon="10.9584102"/>
      <nd lat="45.4787649" lon="10.9587514"/>
    </member>
    <member type="way" ref="23948537" role="">
      <nd lat="45.4773644" lon="10.9489839"/>
      <nd lat="45.4773725" lon="10.9492279"/>
      <nd lat="45.4774015" lon="10.9493332"/>
      <nd lat="45.4774318" lon="10.9495657"/>
      <nd lat="45.4774568" lon="10.9496932"/>
      <nd lat="45.4774874" lon="10.9497982"/>
      <nd lat="45.4775581" lon="10.9499968"/>
      <nd lat="45.4779817" lon="10.9510960"/>
      <nd lat="45.4781822" lon="10.9515824"/>
      <nd lat="45.4782408" lon="10.9517728"/>
      <nd lat="45.4782911" lon="10.9521024"/>
      <nd lat="45.4782873" lon="10.9523865"/>
      <nd lat="45.4782880" lon="10.9526126"/>
      <nd lat="45.4782728" lon="10.9531151"/>
      <nd lat="45.4783004" lon="10.9533641"/>
      <nd lat="45.4783160" lon="10.9534223"/>
      <nd lat="45.4783336" lon="10.9535034"/>
      <nd lat="45.4783382" lon="10.9535788"/>
      <nd lat="45.4783212" lon="10.9536105"/>
      <nd lat="45.4782975" lon="10.9536210"/>
      <nd lat="45.4782651" lon="10.9536292"/>
      <nd lat="45.4782358" lon="10.9535913"/>
      <nd lat="45.4781965" lon="10.9534332"/>
    </member>
    <member type="way" ref="23948536" role="">
      <nd lat="45.4771303" lon="10.9484098"/>
      <nd lat="45.4771770" lon="10.9484630"/>
      <nd lat="45.4771900" lon="10.9484940"/>
      <nd lat="45.4772198" lon="10.9485649"/>
      <nd lat="45.4772720" lon="10.9487510"/>
      <nd lat="45.4773298" lon="10.9488952"/>
      <nd lat="45.4773644" lon="10.9489839"/>
    </member>
    <member type="way" ref="157906782" role="alternative">
      <nd lat="45.4752625" lon="10.9691157"/>
      <nd lat="45.4753082" lon="10.9691168"/>
      <nd lat="45.4753150" lon="10.9691169"/>
      <nd lat="45.4754992" lon="10.9691213"/>
      <nd lat="45.4757084" lon="10.9689863"/>
      <nd lat="45.4757952" lon="10.9688343"/>
      <nd lat="45.4758820" lon="10.9685698"/>
      <nd lat="45.4759096" lon="10.9682659"/>
      <nd lat="45.4757991" lon="10.9680408"/>
      <nd lat="45.4756689" lon="10.9678157"/>
      <nd lat="45.4755742" lon="10.9677257"/>
      <nd lat="45.4753808" lon="10.9678101"/>
      <nd lat="45.4752427" lon="10.9678776"/>
      <nd lat="45.4752427" lon="10.9676413"/>
      <nd lat="45.4752546" lon="10.9672811"/>
      <nd lat="45.4753138" lon="10.9671742"/>
      <nd lat="45.4754677" lon="10.9671292"/>
      <nd lat="45.4756373" lon="10.9670560"/>
      <nd lat="45.4757952" lon="10.9669885"/>
      <nd lat="45.4758307" lon="10.9667183"/>
      <nd lat="45.4758662" lon="10.9664932"/>
      <nd lat="45.4759136" lon="10.9662512"/>
      <nd lat="45.4760004" lon="10.9658742"/>
      <nd lat="45.4761069" lon="10.9657110"/>
      <nd lat="45.4761598" lon="10.9655743"/>
    </member>
    <member type="way" ref="366518460" role="alternative">
      <nd lat="45.4728955" lon="10.9703522"/>
      <nd lat="45.4730534" lon="10.9702002"/>
      <nd lat="45.4731560" lon="10.9701665"/>
      <nd lat="45.4732428" lon="10.9700708"/>
      <nd lat="45.4733691" lon="10.9699076"/>
      <nd lat="45.4735042" lon="10.9697980"/>
      <nd lat="45.4736146" lon="10.9696904"/>
      <nd lat="45.4737011" lon="10.9696084"/>
      <nd lat="45.4738861" lon="10.9694686"/>
      <nd lat="45.4739367" lon="10.9694053"/>
      <nd lat="45.4739825" lon="10.9693479"/>
      <nd lat="45.4740511" lon="10.9692462"/>
      <nd lat="45.4741510" lon="10.9692364"/>
      <nd lat="45.4743493" lon="10.9692029"/>
      <nd lat="45.4744771" lon="10.9691722"/>
      <nd lat="45.4752625" lon="10.9691157"/>
    </member>
    <member type="way" ref="1561124832" role="alternative">
      <nd lat="45.4726706" lon="10.9702734"/>
      <nd lat="45.4728955" lon="10.9703522"/>
    </member>
    <member type="way" ref="157906783" role="alternative">
      <nd lat="45.4687455" lon="10.9705855"/>
      <nd lat="45.4689955" lon="10.9704715"/>
      <nd lat="45.4692522" lon="10.9705113"/>
      <nd lat="45.4694922" lon="10.9705033"/>
      <nd lat="45.4697266" lon="10.9705590"/>
      <nd lat="45.4699555" lon="10.9706068"/>
      <nd lat="45.4701486" lon="10.9705802"/>
      <nd lat="45.4703277" lon="10.9704786"/>
      <nd lat="45.4704857" lon="10.9703839"/>
      <nd lat="45.4706866" lon="10.9703123"/>
      <nd lat="45.4708439" lon="10.9702184"/>
      <nd lat="45.4709720" lon="10.9701764"/>
      <nd lat="45.4711942" lon="10.9701763"/>
      <nd lat="45.4713284" lon="10.9701690"/>
      <nd lat="45.4715740" lon="10.9701849"/>
      <nd lat="45.4717432" lon="10.9702340"/>
      <nd lat="45.4717897" lon="10.9701121"/>
      <nd lat="45.4718709" lon="10.9700371"/>
      <nd lat="45.4720412" lon="10.9701292"/>
      <nd lat="45.4720960" lon="10.9702771"/>
      <nd lat="45.4722833" lon="10.9704589"/>
      <nd lat="45.4723746" lon="10.9704310"/>
      <nd lat="45.4726706" lon="10.9702734"/>
    </member>
    <member type="node" ref="14207611031" role="guidepost" lat="45.4772161" lon="10.9484717"/>
    <tag k="ascent" v="433"/>
    <tag k="cai_scale" v="T"/>
    <tag k="descent" v="449"/>
    <tag k="distance" v="15.0"/>
    <tag k="duration" v="5:00"/>
    <tag k="from" v="Parona"/>
    <tag k="name" v="Dorsale Giuliani"/>
    <tag k="network" v="lwn"/>
    <tag k="operator" v="Club Alpino Italiano Sezione di Verona"/>
    <tag k="osmc:symbol" v="blue:blue:yellow_corner:D:black"/>
    <tag k="route" v="hiking"/>
    <tag k="to" v="Montorio"/>
    <tag k="type" v="route"/>
    <tag k="via" v="Quinzano;Avesa;Poiano;Novaglie"/>
    <tag k="website" v="https://www.collineveronesi.it/index.php/map_tracks/view/137"/>
  </relation>
</old>
<new>
  <relation id="2020341" version="56" timestamp="2026-09-22T21:09:34Z" changeset="189420672" uid="18411784" user="SS82">
    <bounds minlat="45.4591049" minlon="10.9484098" maxlat="45.4811140" maxlon="11.0644466"/>
    <member type="node" ref="10918482948" role="guidepost" lat="45.4651860" lon="11.0630869"/>
    <member type="node" ref="10918482949" role="guidepost" lat="45.4591829" lon="11.0643455"/>
    <member type="node" ref="9300850856" role="guidepost" lat="45.4694006" lon="11.0509589"/>
    <member type="node" ref="9300850857" role="guidepost" lat="45.4689384" lon="11.0513043"/>
    <member type="node" ref="7609783881" role="guidepost" lat="45.4773947" lon="10.9491004"/>
    <member type="node" ref="3358237801" role="guidepost" lat="45.4724788" lon="10.9811598"/>
    <member type="node" ref="7183620580" role="guidepost" lat="45.4713995" lon="10.9809583"/>
    <member type="node" ref="7183620581" role="guidepost" lat="45.4713243" lon="10.9808631"/>
    <member type="node" ref="7181014376" role="guidepost" lat="45.4723035" lon="10.9719712"/>
    <member type="node" ref="7179314915" role="guidepost" lat="45.4714879" lon="10.9747262"/>
    <member type="node" ref="7179314914" role="guidepost" lat="45.4717910" lon="10.9744101"/>
    <member type="node" ref="7179314916" role="guidepost" lat="45.4718119" lon="10.9744104"/>
    <member type="node" ref="12660904651" role="guidepost" lat="45.4720999" lon="11.0017409"/>
    <member type="node" ref="12660904646" role="guidepost" lat="45.4722975" lon="11.0146035"/>
    <member type="node" ref="12660904647" role="guidepost" lat="45.4722485" lon="11.0146576"/>
    <member type="node" ref="12660904652" role="guidepost" lat="45.4710247" lon="11.0006908"/>
    <member type="node" ref="12660904653" role="guidepost" lat="45.4722603" lon="10.9895756"/>
    <member type="node" ref="12660904677" role="guidepost" lat="45.4694394" lon="11.0075284"/>
    <member type="node" ref="13657020186" role="guidepost" lat="45.4712430" lon="10.9746934"/>
    <member type="node" ref="13657020187" role="guidepost" lat="45.4714083" lon="10.9765642"/>
    <member type="node" ref="13657020188" role="guidepost" lat="45.4724700" lon="10.9810613"/>
    <member type="way" ref="283741379" role="">
      <nd lat="45.4591672" lon="11.0643707"/>
      <nd lat="45.4591677" lon="11.0643852"/>
      <nd lat="45.4591720" lon="11.0644466"/>
    </member>
    <member type="way" ref="283741378" role="">
      <nd lat="45.4591580" lon="11.0642527"/>
      <nd lat="45.4591672" lon="11.0643707"/>
    </member>
    <member type="way" ref="1175050806" role="">
      <nd lat="45.4591049" lon="11.0636106"/>
      <nd lat="45.4591101" lon="11.0637018"/>
      <nd lat="45.4591580" lon="11.0642527"/>
    </member>
    <member type="way" ref="262949301" role="">
      <nd lat="45.4591049" lon="11.0636106"/>
      <nd lat="45.4599527" lon="11.0635208"/>
      <nd lat="45.4604340" lon="11.0634698"/>
      <nd lat="45.4606174" lon="11.0634506"/>
      <nd lat="45.4607563" lon="11.0634171"/>
    </member>
    <member type="way" ref="1175050807" role="">
      <nd lat="45.4617147" lon="11.0633196"/>
      <nd lat="45.4616037" lon="11.0633379"/>
      <nd lat="45.4609504" lon="11.0633930"/>
      <nd lat="45.4607563" lon="11.0634171"/>
    </member>
    <member type="way" ref="396805232" role="">
      <nd lat="45.4617147" lon="11.0633196"/>
      <nd lat="45.4618756" lon="11.0634478"/>
      <nd lat="45.4620195" lon="11.0634255"/>
      <nd lat="45.4622206" lon="11.0633355"/>
      <nd lat="45.4623298" lon="11.0632935"/>
      <nd lat="45.4625255" lon="11.0632566"/>
      <nd lat="45.4626931" lon="11.0631519"/>
      <nd lat="45.4632979" lon="11.0627986"/>
      <nd lat="45.4638814" lon="11.0624921"/>
      <nd lat="45.4640124" lon="11.0624434"/>
      <nd lat="45.4641484" lon="11.0623808"/>
      <nd lat="45.4643367" lon="11.0623150"/>
      <nd lat="45.4644159" lon="11.0622941"/>
      <nd lat="45.4644497" lon="11.0622897"/>
      <nd lat="45.4644836" lon="11.0623163"/>
      <nd lat="45.4645754" lon="11.0623780"/>
      <nd lat="45.4646533" lon="11.0624335"/>
      <nd lat="45.4648186" lon="11.0625039"/>
      <nd lat="45.4649458" lon="11.0625321"/>
      <nd lat="45.4651403" lon="11.0625329"/>
      <nd lat="45.4652430" lon="11.0625337"/>
      <nd lat="45.4653356" lon="11.0625602"/>
    </member>
    <member type="way" ref="32774060" role="">
      <nd lat="45.4655875" lon="11.0623169"/>
      <nd lat="45.4654482" lon="11.0623889"/>
      <nd lat="45.4653699" lon="11.0624652"/>
      <nd lat="45.4653356" lon="11.0625602"/>
    </member>
    <member type="way" ref="954716655" role="">
      <nd lat="45.4655732" lon="11.0622395"/>
      <nd lat="45.4655875" lon="11.0623169"/>
    </member>
    <member type="way" ref="954711607" role="">
      <nd lat="45.4655732" lon="11.0622395"/>
      <nd lat="45.4655568" lon="11.0621505"/>
      <nd lat="45.4655034" lon="11.0621713"/>
    </member>
    <member type="way" ref="1175616310" role="">
      <nd lat="45.4655034" lon="11.0621713"/>
      <nd lat="45.4655021" lon="11.0621529"/>
    </member>
    <member type="way" ref="283741373" role="">
      <nd lat="45.4655021" lon="11.0621529"/>
      <nd lat="45.4655033" lon="11.0620728"/>
    </member>
    <member type="way" ref="283741372" role="">
      <nd lat="45.4655033" lon="11.0620728"/>
      <nd lat="45.4655075" lon="11.0620080"/>
      <nd lat="45.4655084" lon="11.0615203"/>
      <nd lat="45.4655143" lon="11.0612548"/>
      <nd lat="45.4655048" lon="11.0609151"/>
      <nd lat="45.4654152" lon="11.0602329"/>
      <nd lat="45.4653072" lon="11.0595929"/>
      <nd lat="45.4652596" lon="11.0592093"/>
      <nd lat="45.4652117" lon="11.0584402"/>
      <nd lat="45.4651709" lon="11.0580079"/>
      <nd lat="45.4651179" lon="11.0575459"/>
      <nd lat="45.4650477" lon="11.0571454"/>
      <nd lat="45.4649627" lon="11.0567485"/>
      <nd lat="45.4647816" lon="11.0561231"/>
      <nd lat="45.4646913" lon="11.0556791"/>
      <nd lat="45.4646616" lon="11.0556282"/>
    </member>
    <member type="way" ref="34992441" role="">
      <nd lat="45.4646616" lon="11.0556282"/>
      <nd lat="45.4647107" lon="11.0554423"/>
      <nd lat="45.4650100" lon="11.0551222"/>
      <nd lat="45.4650330" lon="11.0550720"/>
      <nd lat="45.4650802" lon="11.0549688"/>
      <nd lat="45.4651981" lon="11.0544325"/>
      <nd lat="45.4652457" lon="11.0543570"/>
      <nd lat="45.4653188" lon="11.0543018"/>
      <nd lat="45.4654642" lon="11.0542543"/>
      <nd lat="45.4655298" lon="11.0542472"/>
      <nd lat="45.4657725" lon="11.0541551"/>
      <nd lat="45.4660579" lon="11.0539350"/>
    </member>
    <member type="way" ref="34992442" role="">
      <nd lat="45.4660579" lon="11.0539350"/>
      <nd lat="45.4663479" lon="11.0536415"/>
      <nd lat="45.4667969" lon="11.0534347"/>
      <nd lat="45.4672086" lon="11.0534281"/>
      <nd lat="45.4674658" lon="11.0534080"/>
      <nd lat="45.4677839" lon="11.0533147"/>
      <nd lat="45.4680692" lon="11.0532146"/>
      <nd lat="45.4682844" lon="11.0531679"/>
      <nd lat="45.4682423" lon="11.0530145"/>
    </member>
    <member type="way" ref="34992443" role="">
      <nd lat="45.4684247" lon="11.0524343"/>
      <nd lat="45.4682704" lon="11.0528144"/>
      <nd lat="45.4682516" lon="11.0529011"/>
      <nd lat="45.4682423" lon="11.0530145"/>
    </member>
    <member type="way" ref="34992445" role="">
      <nd lat="45.4688679" lon="11.0513967"/>
      <nd lat="45.4688120" lon="11.0514197"/>
      <nd lat="45.4687711" lon="11.0515064"/>
      <nd lat="45.4684247" lon="11.0524343"/>
    </member>
    <member type="way" ref="149913186" role="">
      <nd lat="45.4688679" lon="11.0513967"/>
      <nd lat="45.4691413" lon="11.0512713"/>
    </member>
    <member type="way" ref="1008152290" role="">
      <nd lat="45.4691413" lon="11.0512713"/>
      <nd lat="45.4692830" lon="11.0511301"/>
      <nd lat="45.4693275" lon="11.0510444"/>
    </member>
    <member type="way" ref="34992447" role="">
      <nd lat="45.4693275" lon="11.0510444"/>
      <nd lat="45.4693613" lon="11.0509793"/>
      <nd lat="45.4694352" lon="11.0507245"/>
      <nd lat="45.4695706" lon="11.0504809"/>
      <nd lat="45.4698514" lon="11.0501937"/>
    </member>
    <member type="way" ref="593898784" role="">
      <nd lat="45.4698514" lon="11.0501937"/>
      <nd lat="45.4701887" lon="11.0498446"/>
      <nd lat="45.4703502" lon="11.0496719"/>
      <nd lat="45.4704486" lon="11.0494692"/>
      <nd lat="45.4705580" lon="11.0493300"/>
      <nd lat="45.4706808" lon="11.0492568"/>
      <nd lat="45.4707868" lon="11.0492460"/>
      <nd lat="45.4708886" lon="11.0492712"/>
      <nd lat="45.4710815" lon="11.0492809"/>
    </member>
    <member type="way" ref="34992452" role="">
      <nd lat="45.4747002" lon="11.0463274"/>
      <nd lat="45.4745387" lon="11.0462914"/>
      <nd lat="45.4743242" lon="11.0462398"/>
      <nd lat="45.4741913" lon="11.0462038"/>
      <nd lat="45.4740584" lon="11.0461894"/>
      <nd lat="45.4739784" lon="11.0461762"/>
      <nd lat="45.4739154" lon="11.0461511"/>
      <nd lat="45.4737446" lon="11.0461535"/>
      <nd lat="45.4736630" lon="11.0461798"/>
      <nd lat="45.4735772" lon="11.0462278"/>
      <nd lat="45.4734788" lon="11.0462782"/>
      <nd lat="45.4733938" lon="11.0462962"/>
      <nd lat="45.4732575" lon="11.0463166"/>
      <nd lat="45.4731557" lon="11.0463598"/>
      <nd lat="45.4730447" lon="11.0463862"/>
      <nd lat="45.4730060" lon="11.0463658"/>
      <nd lat="45.4729236" lon="11.0463010"/>
      <nd lat="45.4728260" lon="11.0462626"/>
      <nd lat="45.4727848" lon="11.0462638"/>
      <nd lat="45.4727225" lon="11.0462566"/>
      <nd lat="45.4726216" lon="11.0462242"/>
      <nd lat="45.4725080" lon="11.0462230"/>
      <nd lat="45.4723911" lon="11.0462566"/>
      <nd lat="45.4722733" lon="11.0463454"/>
      <nd lat="45.4721581" lon="11.0465481"/>
      <nd lat="45.4720579" lon="11.0467281"/>
      <nd lat="45.4718897" lon="11.0470052"/>
      <nd lat="45.4717492" lon="11.0472187"/>
      <nd lat="45.4716079" lon="11.0474346"/>
      <nd lat="45.4715288" lon="11.0476014"/>
      <nd lat="45.4714312" lon="11.0478557"/>
      <nd lat="45.4713782" lon="11.0481028"/>
      <nd lat="45.4713311" lon="11.0483259"/>
      <nd lat="45.4713395" lon="11.0485299"/>
      <nd lat="45.4713698" lon="11.0487302"/>
      <nd lat="45.4713796" lon="11.0488637"/>
      <nd lat="45.4713631" lon="11.0489281"/>
      <nd lat="45.4713235" lon="11.0490097"/>
      <nd lat="45.4712823" lon="11.0491225"/>
      <nd lat="45.4712419" lon="11.0492364"/>
      <nd lat="45.4712049" lon="11.0492784"/>
      <nd lat="45.4711772" lon="11.0492880"/>
      <nd lat="45.4711132" lon="11.0492712"/>
      <nd lat="45.4710815" lon="11.0492809"/>
    </member>
    <member type="way" ref="34992456" role="">
      <nd lat="45.4748889" lon="11.0410169"/>
      <nd lat="45.4746933" lon="11.0412473"/>
      <nd lat="45.4744382" lon="11.0415262"/>
      <nd lat="45.4741661" lon="11.0417748"/>
      <nd lat="45.4740835" lon="11.0418422"/>
      <nd lat="45.4740187" lon="11.0419377"/>
      <nd lat="45.4739744" lon="11.0420517"/>
      <nd lat="45.4739496" lon="11.0421688"/>
      <nd lat="45.4739388" lon="11.0423275"/>
      <nd lat="45.4739615" lon="11.0425401"/>
      <nd lat="45.4740101" lon="11.0427650"/>
      <nd lat="45.4740554" lon="11.0429406"/>
      <nd lat="45.4741862" lon="11.0432641"/>
      <nd lat="45.4742963" lon="11.0435322"/>
      <nd lat="45.4743741" lon="11.0437956"/>
      <nd lat="45.4744487" lon="11.0440421"/>
      <nd lat="45.4745696" lon="11.0444241"/>
      <nd lat="45.4747058" lon="11.0448462"/>
      <nd lat="45.4748634" lon="11.0452010"/>
      <nd lat="45.4749626" lon="11.0453545"/>
      <nd lat="45.4751410" lon="11.0456376"/>
      <nd lat="45.4751772" lon="11.0457108"/>
      <nd lat="45.4751990" lon="11.0457804"/>
      <nd lat="45.4752192" lon="11.0458631"/>
      <nd lat="45.4752276" lon="11.0459171"/>
      <nd lat="45.4752259" lon="11.0459819"/>
      <nd lat="45.4752091" lon="11.0460719"/>
      <nd lat="45.4751881" lon="11.0462206"/>
      <nd lat="45.4751553" lon="11.0462674"/>
      <nd lat="45.4750981" lon="11.0463130"/>
      <nd lat="45.4750400" lon="11.0463334"/>
      <nd lat="45.4750047" lon="11.0463346"/>
      <nd lat="45.4747002" lon="11.0463274"/>
    </member>
    <member type="way" ref="261922593" role="">
      <nd lat="45.4750423" lon="11.0402633"/>
      <nd lat="45.4750741" lon="11.0403917"/>
      <nd lat="45.4750629" lon="11.0405651"/>
      <nd lat="45.4750139" lon="11.0407934"/>
      <nd lat="45.4748889" lon="11.0410169"/>
    </member>
    <member type="way" ref="34992450" role="">
      <nd lat="45.4750331" lon="11.0402333"/>
      <nd lat="45.4750423" lon="11.0402633"/>
    </member>
    <member type="way" ref="33234541" role="">
      <nd lat="45.4750331" lon="11.0402333"/>
      <nd lat="45.4749152" lon="11.0400726"/>
      <nd lat="45.4747506" lon="11.0399405"/>
      <nd lat="45.4745757" lon="11.0397865"/>
      <nd lat="45.4744677" lon="11.0395528"/>
      <nd lat="45.4744607" lon="11.0393646"/>
      <nd lat="45.4744588" lon="11.0393081"/>
    </member>
    <member type="way" ref="1013450014" role="">
      <nd lat="45.4744866" lon="11.0393076"/>
      <nd lat="45.4744588" lon="11.0393081"/>
    </member>
    <member type="way" ref="34992459" role="">
      <nd lat="45.4744866" lon="11.0393076"/>
      <nd lat="45.4749028" lon="11.0391331"/>
      <nd lat="45.4752884" lon="11.0388976"/>
    </member>
    <member type="way" ref="561855434" role="">
      <nd lat="45.4757066" lon="11.0381324"/>
      <nd lat="45.4757194" lon="11.0382027"/>
      <nd lat="45.4758096" lon="11.0383861"/>
      <nd lat="45.4758158" lon="11.0384730"/>
      <nd lat="45.4757854" lon="11.0385311"/>
      <nd lat="45.4757418" lon="11.0385874"/>
      <nd lat="45.4755184" lon="11.0387513"/>
      <nd lat="45.4752884" lon="11.0388976"/>
    </member>
    <member type="way" ref="149913182" role="">
      <nd lat="45.4755766" lon="11.0378929"/>
      <nd lat="45.4756606" lon="11.0380907"/>
      <nd lat="45.4757066" lon="11.0381324"/>
    </member>
    <member type="way" ref="34992471" role="">
      <nd lat="45.4755766" lon="11.0378929"/>
      <nd lat="45.4755626" lon="11.0377424"/>
      <nd lat="45.4755633" lon="11.0376568"/>
      <nd lat="45.4755993" lon="11.0375486"/>
      <nd lat="45.4756318" lon="11.0374449"/>
      <nd lat="45.4756659" lon="11.0373234"/>
      <nd lat="45.4757298" lon="11.0371531"/>
      <nd lat="45.4757685" lon="11.0369959"/>
      <nd lat="45.4757979" lon="11.0368856"/>
      <nd lat="45.4758097" lon="11.0368172"/>
      <nd lat="45.4758038" lon="11.0366301"/>
      <nd lat="45.4758173" lon="11.0364873"/>
      <nd lat="45.4758072" lon="11.0363542"/>
      <nd lat="45.4757887" lon="11.0362006"/>
      <nd lat="45.4757349" lon="11.0358863"/>
      <nd lat="45.4756852" lon="11.0356836"/>
      <nd lat="45.4756339" lon="11.0355192"/>
      <nd lat="45.4755220" lon="11.0351773"/>
      <nd lat="45.4754733" lon="11.0350622"/>
      <nd lat="45.4754379" lon="11.0348438"/>
      <nd lat="45.4754219" lon="11.0346831"/>
      <nd lat="45.4753908" lon="11.0345715"/>
      <nd lat="45.4753370" lon="11.0344648"/>
      <nd lat="45.4752789" lon="11.0343400"/>
      <nd lat="45.4752192" lon="11.0342392"/>
      <nd lat="45.4751948" lon="11.0341349"/>
      <nd lat="45.4751595" lon="11.0340473"/>
      <nd lat="45.4750442" lon="11.0338506"/>
      <nd lat="45.4749603" lon="11.0337338"/>
      <nd lat="45.4749082" lon="11.0336884"/>
      <nd lat="45.4748525" lon="11.0336358"/>
      <nd lat="45.4747919" lon="11.0335291"/>
      <nd lat="45.4747953" lon="11.0333971"/>
      <nd lat="45.4748222" lon="11.0333743"/>
    </member>
    <member type="way" ref="231540931" role="">
      <nd lat="45.4725830" lon="11.0255064"/>
      <nd lat="45.4725927" lon="11.0255142"/>
      <nd lat="45.4725929" lon="11.0256860"/>
      <nd lat="45.4726161" lon="11.0260031"/>
      <nd lat="45.4726775" lon="11.0263202"/>
      <nd lat="45.4727948" lon="11.0268046"/>
      <nd lat="45.4728753" lon="11.0273454"/>
      <nd lat="45.4729190" lon="11.0276275"/>
      <nd lat="45.4730036" lon="11.0279485"/>
      <nd lat="45.4731441" lon="11.0282928"/>
      <nd lat="45.4732668" lon="11.0285282"/>
      <nd lat="45.4733869" lon="11.0287597"/>
      <nd lat="45.4734797" lon="11.0290185"/>
      <nd lat="45.4735179" lon="11.0292052"/>
      <nd lat="45.4735874" lon="11.0294795"/>
      <nd lat="45.4736488" lon="11.0296352"/>
      <nd lat="45.4737757" lon="11.0297791"/>
      <nd lat="45.4739271" lon="11.0298472"/>
      <nd lat="45.4740567" lon="11.0299425"/>
      <nd lat="45.4741781" lon="11.0300495"/>
      <nd lat="45.4743142" lon="11.0302741"/>
      <nd lat="45.4744495" lon="11.0305636"/>
      <nd lat="45.4745379" lon="11.0308678"/>
      <nd lat="45.4746056" lon="11.0311721"/>
      <nd lat="45.4746212" lon="11.0316099"/>
      <nd lat="45.4746524" lon="11.0319068"/>
      <nd lat="45.4747224" lon="11.0320208"/>
      <nd lat="45.4747923" lon="11.0320160"/>
      <nd lat="45.4748256" lon="11.0323200"/>
      <nd lat="45.4748190" lon="11.0326952"/>
      <nd lat="45.4748323" lon="11.0331749"/>
      <nd lat="45.4748222" lon="11.0333743"/>
    </member>
    <member type="way" ref="231540929" role="">
      <nd lat="45.4725823" lon="11.0253026"/>
      <nd lat="45.4725830" lon="11.0255064"/>
    </member>
    <member type="way" ref="149913185" role="">
      <nd lat="45.4725765" lon="11.0246635"/>
      <nd lat="45.4725766" lon="11.0250654"/>
      <nd lat="45.4725823" lon="11.0253026"/>
    </member>
    <member type="way" ref="232782101" role="">
      <nd lat="45.4720511" lon="11.0210662"/>
      <nd lat="45.4720664" lon="11.0212266"/>
      <nd lat="45.4720945" lon="11.0213205"/>
      <nd lat="45.4721194" lon="11.0213655"/>
      <nd lat="45.4721856" lon="11.0214943"/>
      <nd lat="45.4722217" lon="11.0216145"/>
      <nd lat="45.4722277" lon="11.0217604"/>
      <nd lat="45.4722066" lon="11.0230235"/>
      <nd lat="45.4722217" lon="11.0230806"/>
      <nd lat="45.4722468" lon="11.0231254"/>
      <nd lat="45.4722899" lon="11.0231394"/>
      <nd lat="45.4724605" lon="11.0231351"/>
      <nd lat="45.4725151" lon="11.0231713"/>
      <nd lat="45.4725478" lon="11.0232251"/>
      <nd lat="45.4725578" lon="11.0233037"/>
      <nd lat="45.4725765" lon="11.0246635"/>
    </member>
    <member type="way" ref="1088269513" role="">
      <nd lat="45.4721805" lon="11.0204350"/>
      <nd lat="45.4721445" lon="11.0204650"/>
      <nd lat="45.4721196" lon="11.0204994"/>
      <nd lat="45.4721038" lon="11.0205338"/>
      <nd lat="45.4720800" lon="11.0206240"/>
      <nd lat="45.4720740" lon="11.0206880"/>
      <nd lat="45.4720687" lon="11.0209027"/>
      <nd lat="45.4720652" lon="11.0209932"/>
      <nd lat="45.4720589" lon="11.0210330"/>
      <nd lat="45.4720511" lon="11.0210662"/>
    </member>
    <member type="way" ref="1546779097" role="">
      <nd lat="45.4724448" lon="11.0203365"/>
      <nd lat="45.4724325" lon="11.0203727"/>
      <nd lat="45.4724198" lon="11.0203913"/>
      <nd lat="45.4724023" lon="11.0203984"/>
      <nd lat="45.4722194" lon="11.0204250"/>
      <nd lat="45.4721805" lon="11.0204350"/>
    </member>
    <member type="way" ref="1088269515" role="">
      <nd lat="45.4724268" lon="11.0200130"/>
      <nd lat="45.4724448" lon="11.0203365"/>
    </member>
    <member type="way" ref="1088269516" role="">
      <nd lat="45.4724253" lon="11.0199992"/>
      <nd lat="45.4724268" lon="11.0200130"/>
    </member>
    <member type="way" ref="1088269511" role="">
      <nd lat="45.4719962" lon="11.0200223"/>
      <nd lat="45.4720507" lon="11.0200349"/>
      <nd lat="45.4721286" lon="11.0200395"/>
      <nd lat="45.4721898" lon="11.0200312"/>
      <nd lat="45.4724253" lon="11.0199992"/>
    </member>
    <member type="way" ref="1088269509" role="">
      <nd lat="45.4719571" lon="11.0200350"/>
      <nd lat="45.4719962" lon="11.0200223"/>
    </member>
    <member type="way" ref="232782106" role="">
      <nd lat="45.4719571" lon="11.0200350"/>
      <nd lat="45.4719356" lon="11.0195393"/>
      <nd lat="45.4719292" lon="11.0193703"/>
      <nd lat="45.4719210" lon="11.0191530"/>
      <nd lat="45.4719166" lon="11.0190384"/>
      <nd lat="45.4718824" lon="11.0183007"/>
      <nd lat="45.4718760" lon="11.0182360"/>
      <nd lat="45.4718674" lon="11.0181489"/>
      <nd lat="45.4718352" lon="11.0178452"/>
      <nd lat="45.4718191" lon="11.0177765"/>
      <nd lat="45.4718048" lon="11.0177070"/>
      <nd lat="45.4717365" lon="11.0175252"/>
      <nd lat="45.4716733" lon="11.0173875"/>
      <nd lat="45.4715740" lon="11.0172591"/>
      <nd lat="45.4715131" lon="11.0171734"/>
      <nd lat="45.4714536" lon="11.0170274"/>
      <nd lat="45.4714248" lon="11.0168348"/>
      <nd lat="45.4714209" lon="11.0165172"/>
      <nd lat="45.4714356" lon="11.0159459"/>
      <nd lat="45.4714536" lon="11.0155768"/>
      <nd lat="45.4714597" lon="11.0154111"/>
    </member>
    <member type="way" ref="328994953" role="">
      <nd lat="45.4715820" lon="11.0154302"/>
      <nd lat="45.4714597" lon="11.0154111"/>
    </member>
    <member type="way" ref="230089810" role="">
      <nd lat="45.4715820" lon="11.0154302"/>
      <nd lat="45.4716021" lon="11.0151301"/>
      <nd lat="45.4716078" lon="11.0149076"/>
      <nd lat="45.4716968" lon="11.0143871"/>
    </member>
    <member type="way" ref="149907964" role="">
      <nd lat="45.4722835" lon="11.0146143"/>
      <nd lat="45.4721311" lon="11.0145376"/>
      <nd lat="45.4720283" lon="11.0144970"/>
      <nd lat="45.4719005" lon="11.0144473"/>
      <nd lat="45.4716968" lon="11.0143871"/>
    </member>
    <member type="way" ref="34848364" role="">
      <nd lat="45.4727701" lon="11.0131381"/>
      <nd lat="45.4726165" lon="11.0135469"/>
      <nd lat="45.4724903" lon="11.0137754"/>
      <nd lat="45.4723822" lon="11.0139230"/>
      <nd lat="45.4723203" lon="11.0141800"/>
      <nd lat="45.4722878" lon="11.0144081"/>
      <nd lat="45.4722835" lon="11.0146143"/>
    </member>
    <member type="way" ref="34848329" role="">
      <nd lat="45.4727701" lon="11.0131381"/>
      <nd lat="45.4727949" lon="11.0130472"/>
      <nd lat="45.4728005" lon="11.0128686"/>
      <nd lat="45.4728201" lon="11.0125594"/>
      <nd lat="45.4728501" lon="11.0123820"/>
      <nd lat="45.4728500" lon="11.0121992"/>
      <nd lat="45.4728060" lon="11.0121413"/>
      <nd lat="45.4726722" lon="11.0121233"/>
      <nd lat="45.4724452" lon="11.0120798"/>
      <nd lat="45.4723055" lon="11.0119970"/>
      <nd lat="45.4721517" lon="11.0119704"/>
      <nd lat="45.4719983" lon="11.0119154"/>
    </member>
    <member type="way" ref="368213526" role="">
      <nd lat="45.4719983" lon="11.0119154"/>
      <nd lat="45.4720508" lon="11.0116534"/>
      <nd lat="45.4720549" lon="11.0115206"/>
      <nd lat="45.4721471" lon="11.0112384"/>
      <nd lat="45.4722554" lon="11.0108093"/>
      <nd lat="45.4723634" lon="11.0103893"/>
      <nd lat="45.4723878" lon="11.0102943"/>
      <nd lat="45.4722675" lon="11.0100797"/>
      <nd lat="45.4722257" lon="11.0099768"/>
      <nd lat="45.4721350" lon="11.0097535"/>
      <nd lat="45.4718582" lon="11.0093501"/>
      <nd lat="45.4716535" lon="11.0091356"/>
      <nd lat="45.4715577" lon="11.0090168"/>
    </member>
    <member type="way" ref="1367421239" role="">
      <nd lat="45.4715577" lon="11.0090168"/>
      <nd lat="45.4715151" lon="11.0089639"/>
      <nd lat="45.4714730" lon="11.0086892"/>
      <nd lat="45.4712743" lon="11.0083202"/>
      <nd lat="45.4709312" lon="11.0079168"/>
      <nd lat="45.4707178" lon="11.0077821"/>
      <nd lat="45.4704730" lon="11.0076355"/>
    </member>
    <member type="way" ref="593898786" role="">
      <nd lat="45.4704730" lon="11.0076355"/>
      <nd lat="45.4702812" lon="11.0076335"/>
      <nd lat="45.4700031" lon="11.0076940"/>
      <nd lat="45.4697768" lon="11.0076774"/>
      <nd lat="45.4695197" lon="11.0076339"/>
      <nd lat="45.4693750" lon="11.0075002"/>
    </member>
    <member type="way" ref="291743700" role="">
      <nd lat="45.4721491" lon="11.0020969"/>
      <nd lat="45.4721411" lon="11.0022010"/>
      <nd lat="45.4720997" lon="11.0023338"/>
      <nd lat="45.4712926" lon="11.0036708"/>
      <nd lat="45.4711782" lon="11.0038834"/>
      <nd lat="45.4711103" lon="11.0040492"/>
      <nd lat="45.4710596" lon="11.0042587"/>
      <nd lat="45.4710252" lon="11.0045360"/>
      <nd lat="45.4709593" lon="11.0049441"/>
      <nd lat="45.4707594" lon="11.0058216"/>
      <nd lat="45.4706069" lon="11.0062694"/>
      <nd lat="45.4704578" lon="11.0066724"/>
      <nd lat="45.4703252" lon="11.0068085"/>
      <nd lat="45.4701822" lon="11.0069537"/>
      <nd lat="45.4699528" lon="11.0071950"/>
      <nd lat="45.4697173" lon="11.0073999"/>
      <nd lat="45.4695526" lon="11.0074737"/>
      <nd lat="45.4694519" lon="11.0074974"/>
      <nd lat="45.4693750" lon="11.0075002"/>
    </member>
    <member type="way" ref="460027308" role="">
      <nd lat="45.4720568" lon="11.0017639"/>
      <nd lat="45.4721025" lon="11.0018509"/>
      <nd lat="45.4721378" lon="11.0019605"/>
      <nd lat="45.4721491" lon="11.0020969"/>
    </member>
    <member type="way" ref="190882979" role="">
      <nd lat="45.4710282" lon="11.0007629"/>
      <nd lat="45.4712479" lon="11.0008892"/>
      <nd lat="45.4716805" lon="11.0011259"/>
      <nd lat="45.4718860" lon="11.0014260"/>
      <nd lat="45.4720568" lon="11.0017639"/>
    </member>
    <member type="way" ref="34848405" role="">
      <nd lat="45.4710282" lon="11.0007629"/>
      <nd lat="45.4709795" lon="11.0005781"/>
      <nd lat="45.4708404" lon="11.0004631"/>
      <nd lat="45.4707212" lon="11.0003459"/>
      <nd lat="45.4706517" lon="11.0002188"/>
      <nd lat="45.4706326" lon="11.0001226"/>
      <nd lat="45.4705759" lon="10.9998124"/>
      <nd lat="45.4704333" lon="10.9992064"/>
      <nd lat="45.4702312" lon="10.9985231"/>
      <nd lat="45.4701902" lon="10.9981999"/>
      <nd lat="45.4701268" lon="10.9980284"/>
    </member>
    <member type="way" ref="34848829" role="">
      <nd lat="45.4701268" lon="10.9980284"/>
      <nd lat="45.4701166" lon="10.9979561"/>
      <nd lat="45.4700826" lon="10.9976600"/>
      <nd lat="45.4702841" lon="10.9973306"/>
      <nd lat="45.4704421" lon="10.9970966"/>
      <nd lat="45.4706861" lon="10.9968762"/>
      <nd lat="45.4708142" lon="10.9968409"/>
      <nd lat="45.4711010" lon="10.9968453"/>
      <nd lat="45.4712695" lon="10.9968195"/>
      <nd lat="45.4712743" lon="10.9966300"/>
      <nd lat="45.4711840" lon="10.9964069"/>
      <nd lat="45.4709734" lon="10.9963039"/>
      <nd lat="45.4707928" lon="10.9962352"/>
      <nd lat="45.4706423" lon="10.9961150"/>
      <nd lat="45.4705520" lon="10.9959605"/>
      <nd lat="45.4704618" lon="10.9956172"/>
      <nd lat="45.4704437" lon="10.9954627"/>
      <nd lat="45.4702631" lon="10.9954284"/>
      <nd lat="45.4700103" lon="10.9954456"/>
      <nd lat="45.4697175" lon="10.9954747"/>
      <nd lat="45.4696190" lon="10.9954469"/>
      <nd lat="45.4696198" lon="10.9953992"/>
      <nd lat="45.4696181" lon="10.9953503"/>
    </member>
    <member type="way" ref="291743701" role="">
      <nd lat="45.4696181" lon="10.9953503"/>
      <nd lat="45.4696228" lon="10.9952098"/>
      <nd lat="45.4696369" lon="10.9950592"/>
      <nd lat="45.4697094" lon="10.9949477"/>
      <nd lat="45.4698984" lon="10.9948823"/>
    </member>
    <member type="way" ref="267559183" role="">
      <nd lat="45.4698984" lon="10.9948823"/>
      <nd lat="45.4700346" lon="10.9947783"/>
      <nd lat="45.4702391" lon="10.9947761"/>
      <nd lat="45.4704317" lon="10.9947160"/>
      <nd lat="45.4706423" lon="10.9945701"/>
      <nd lat="45.4708410" lon="10.9942439"/>
      <nd lat="45.4710456" lon="10.9940036"/>
    </member>
    <member type="way" ref="328994955" role="">
      <nd lat="45.4722491" lon="10.9924750"/>
      <nd lat="45.4721823" lon="10.9926985"/>
      <nd lat="45.4721312" lon="10.9928258"/>
      <nd lat="45.4720318" lon="10.9928812"/>
      <nd lat="45.4719091" lon="10.9929638"/>
      <nd lat="45.4718287" lon="10.9930716"/>
      <nd lat="45.4717122" lon="10.9932086"/>
      <nd lat="45.4715752" lon="10.9933476"/>
      <nd lat="45.4714096" lon="10.9935429"/>
      <nd lat="45.4712631" lon="10.9937168"/>
      <nd lat="45.4710456" lon="10.9940036"/>
    </member>
    <member type="way" ref="328994954" role="">
      <nd lat="45.4722428" lon="10.9916438"/>
      <nd lat="45.4722719" lon="10.9917035"/>
      <nd lat="45.4723164" lon="10.9917516"/>
      <nd lat="45.4723491" lon="10.9917808"/>
      <nd lat="45.4724256" lon="10.9918063"/>
      <nd lat="45.4724319" lon="10.9918230"/>
      <nd lat="45.4724298" lon="10.9918449"/>
      <nd lat="45.4723813" lon="10.9920727"/>
      <nd lat="45.4723037" lon="10.9922633"/>
      <nd lat="45.4722491" lon="10.9924750"/>
    </member>
    <member type="way" ref="328994951" role="">
      <nd lat="45.4722428" lon="10.9916438"/>
      <nd lat="45.4722877" lon="10.9914604"/>
      <nd lat="45.4723051" lon="10.9913078"/>
      <nd lat="45.4723103" lon="10.9912743"/>
      <nd lat="45.4723097" lon="10.9912386"/>
      <nd lat="45.4723011" lon="10.9911993"/>
      <nd lat="45.4722898" lon="10.9911621"/>
      <nd lat="45.4722724" lon="10.9911227"/>
      <nd lat="45.4722249" lon="10.9910266"/>
      <nd lat="45.4721824" lon="10.9909049"/>
      <nd lat="45.4721138" lon="10.9907461"/>
      <nd lat="45.4720877" lon="10.9905623"/>
      <nd lat="45.4721172" lon="10.9903200"/>
      <nd lat="45.4721902" lon="10.9901350"/>
      <nd lat="45.4722506" lon="10.9894313"/>
    </member>
    <member type="way" ref="149735823" role="">
      <nd lat="45.4721388" lon="10.9893975"/>
      <nd lat="45.4722506" lon="10.9894313"/>
    </member>
    <member type="way" ref="35136671" role="">
      <nd lat="45.4721399" lon="10.9890465"/>
      <nd lat="45.4721388" lon="10.9893975"/>
    </member>
    <member type="way" ref="149735821" role="">
      <nd lat="45.4721399" lon="10.9890465"/>
      <nd lat="45.4720518" lon="10.9890037"/>
    </member>
    <member type="way" ref="326770268" role="">
      <nd lat="45.4720518" lon="10.9890037"/>
      <nd lat="45.4720511" lon="10.9889654"/>
      <nd lat="45.4720425" lon="10.9889197"/>
      <nd lat="45.4719877" lon="10.9887716"/>
      <nd lat="45.4719013" lon="10.9885131"/>
      <nd lat="45.4718351" lon="10.9883208"/>
      <nd lat="45.4718235" lon="10.9882737"/>
    </member>
    <member type="way" ref="815877458" role="">
      <nd lat="45.4718235" lon="10.9882737"/>
      <nd lat="45.4717908" lon="10.9881478"/>
    </member>
    <member type="way" ref="815877457" role="">
      <nd lat="45.4717908" lon="10.9881478"/>
      <nd lat="45.4717812" lon="10.9881068"/>
      <nd lat="45.4717652" lon="10.9879848"/>
      <nd lat="45.4717639" lon="10.9878819"/>
    </member>
    <member type="way" ref="23949449" role="">
      <nd lat="45.4723288" lon="10.9867489"/>
      <nd lat="45.4723020" lon="10.9868321"/>
      <nd lat="45.4722740" lon="10.9869145"/>
      <nd lat="45.4722397" lon="10.9869906"/>
      <nd lat="45.4722075" lon="10.9870621"/>
      <nd lat="45.4721824" lon="10.9871185"/>
      <nd lat="45.4721749" lon="10.9871461"/>
      <nd lat="45.4721705" lon="10.9871948"/>
      <nd lat="45.4721610" lon="10.9872538"/>
      <nd lat="45.4721459" lon="10.9873102"/>
      <nd lat="45.4721008" lon="10.9874354"/>
      <nd lat="45.4720653" lon="10.9875316"/>
      <nd lat="45.4720472" lon="10.9875726"/>
      <nd lat="45.4720138" lon="10.9876140"/>
      <nd lat="45.4719514" lon="10.9876711"/>
      <nd lat="45.4718893" lon="10.9877288"/>
      <nd lat="45.4718205" lon="10.9877948"/>
      <nd lat="45.4717863" lon="10.9878368"/>
      <nd lat="45.4717639" lon="10.9878819"/>
    </member>
    <member type="way" ref="24259449" role="">
      <nd lat="45.4724574" lon="10.9810907"/>
      <nd lat="45.4723755" lon="10.9816326"/>
      <nd lat="45.4723171" lon="10.9818127"/>
      <nd lat="45.4722609" lon="10.9819290"/>
      <nd lat="45.4721825" lon="10.9820798"/>
      <nd lat="45.4721533" lon="10.9822062"/>
      <nd lat="45.4721333" lon="10.9824326"/>
      <nd lat="45.4720810" lon="10.9826419"/>
      <nd lat="45.4719170" lon="10.9830879"/>
      <nd lat="45.4719048" lon="10.9832772"/>
      <nd lat="45.4719180" lon="10.9834023"/>
      <nd lat="45.4720297" lon="10.9840358"/>
      <nd lat="45.4720959" lon="10.9842246"/>
      <nd lat="45.4721742" lon="10.9844134"/>
      <nd lat="45.4725942" lon="10.9849313"/>
      <nd lat="45.4727520" lon="10.9851258"/>
      <nd lat="45.4730469" lon="10.9854520"/>
      <nd lat="45.4731914" lon="10.9856408"/>
      <nd lat="45.4732756" lon="10.9858382"/>
      <nd lat="45.4732877" lon="10.9860185"/>
      <nd lat="45.4732215" lon="10.9861386"/>
      <nd lat="45.4730770" lon="10.9861386"/>
      <nd lat="45.4728784" lon="10.9861472"/>
      <nd lat="45.4726737" lon="10.9861987"/>
      <nd lat="45.4725534" lon="10.9863189"/>
      <nd lat="45.4723645" lon="10.9866576"/>
      <nd lat="45.4723288" lon="10.9867489"/>
    </member>
    <member type="way" ref="149735892" role="">
      <nd lat="45.4724574" lon="10.9810907"/>
      <nd lat="45.4723265" lon="10.9809978"/>
      <nd lat="45.4721287" lon="10.9809056"/>
      <nd lat="45.4718823" lon="10.9808379"/>
      <nd lat="45.4716478" lon="10.9808434"/>
      <nd lat="45.4713445" lon="10.9809378"/>
    </member>
    <member type="way" ref="24259456" role="">
      <nd lat="45.4713445" lon="10.9809378"/>
      <nd lat="45.4713503" lon="10.9807160"/>
      <nd lat="45.4713676" lon="10.9803794"/>
      <nd lat="45.4714519" lon="10.9801219"/>
      <nd lat="45.4714880" lon="10.9798301"/>
      <nd lat="45.4714880" lon="10.9795897"/>
      <nd lat="45.4713616" lon="10.9792636"/>
      <nd lat="45.4713616" lon="10.9789031"/>
      <nd lat="45.4713135" lon="10.9786971"/>
      <nd lat="45.4712773" lon="10.9784997"/>
      <nd lat="45.4713135" lon="10.9780448"/>
      <nd lat="45.4713917" lon="10.9776500"/>
    </member>
    <member type="way" ref="769579790" role="">
      <nd lat="45.4713917" lon="10.9766028"/>
      <nd lat="45.4713496" lon="10.9768689"/>
      <nd lat="45.4713496" lon="10.9771607"/>
      <nd lat="45.4713917" lon="10.9773925"/>
      <nd lat="45.4713917" lon="10.9776500"/>
    </member>
    <member type="way" ref="326892763" role="">
      <nd lat="45.4705491" lon="10.9753429"/>
      <nd lat="45.4706754" lon="10.9754527"/>
      <nd lat="45.4708083" lon="10.9754660"/>
      <nd lat="45.4711246" lon="10.9758998"/>
      <nd lat="45.4713255" lon="10.9763110"/>
      <nd lat="45.4713734" lon="10.9764561"/>
      <nd lat="45.4713917" lon="10.9766028"/>
    </member>
    <member type="way" ref="207338328" role="">
      <nd lat="45.4705491" lon="10.9753429"/>
      <nd lat="45.4705026" lon="10.9751588"/>
    </member>
    <member type="way" ref="24259354" role="">
      <nd lat="45.4710844" lon="10.9748054"/>
      <nd lat="45.4710724" lon="10.9748536"/>
      <nd lat="45.4710242" lon="10.9749059"/>
      <nd lat="45.4705294" lon="10.9751358"/>
      <nd lat="45.4705026" lon="10.9751588"/>
    </member>
    <member type="way" ref="24259187" role="">
      <nd lat="45.4712444" lon="10.9745853"/>
      <nd lat="45.4712410" lon="10.9746304"/>
      <nd lat="45.4712119" lon="10.9746840"/>
      <nd lat="45.4710844" lon="10.9748054"/>
    </member>
    <member type="way" ref="149736697" role="">
      <nd lat="45.4712444" lon="10.9745853"/>
      <nd lat="45.4714028" lon="10.9745669"/>
    </member>
    <member type="way" ref="459796825" role="">
      <nd lat="45.4714028" lon="10.9745669"/>
      <nd lat="45.4714406" lon="10.9745635"/>
    </member>
    <member type="way" ref="139830182" role="">
      <nd lat="45.4714406" lon="10.9745635"/>
      <nd lat="45.4715512" lon="10.9745470"/>
      <nd lat="45.4716683" lon="10.9745246"/>
      <nd lat="45.4717133" lon="10.9745191"/>
    </member>
    <member type="way" ref="769091497" role="">
      <nd lat="45.4717133" lon="10.9745191"/>
      <nd lat="45.4718057" lon="10.9745100"/>
    </member>
    <member type="way" ref="1370793595" role="">
      <nd lat="45.4718057" lon="10.9745100"/>
      <nd lat="45.4718024" lon="10.9744254"/>
    </member>
    <member type="way" ref="769091500" role="">
      <nd lat="45.4718024" lon="10.9744254"/>
      <nd lat="45.4717926" lon="10.9741001"/>
    </member>
    <member type="way" ref="769091499" role="">
      <nd lat="45.4717926" lon="10.9741001"/>
      <nd lat="45.4718973" lon="10.9740773"/>
    </member>
    <member type="way" ref="95160426" role="">
      <nd lat="45.4718973" lon="10.9740773"/>
      <nd lat="45.4718826" lon="10.9740201"/>
      <nd lat="45.4718748" lon="10.9738915"/>
      <nd lat="45.4719192" lon="10.9737742"/>
      <nd lat="45.4720211" lon="10.9737034"/>
      <nd lat="45.4720302" lon="10.9736382"/>
      <nd lat="45.4720474" lon="10.9734809"/>
      <nd lat="45.4720542" lon="10.9732806"/>
      <nd lat="45.4721115" lon="10.9732537"/>
      <nd lat="45.4722235" lon="10.9731617"/>
    </member>
    <member type="way" ref="161685297" role="">
      <nd lat="45.4722235" lon="10.9731617"/>
      <nd lat="45.4723631" lon="10.9731375"/>
    </member>
    <member type="way" ref="1488966038" role="">
      <nd lat="45.4723382" lon="10.9721729"/>
      <nd lat="45.4724847" lon="10.9724826"/>
      <nd lat="45.4725078" lon="10.9725758"/>
      <nd lat="45.4725073" lon="10.9726728"/>
      <nd lat="45.4724417" lon="10.9728707"/>
      <nd lat="45.4723631" lon="10.9731375"/>
    </member>
    <member type="way" ref="1169235322" role="">
      <nd lat="45.4723175" lon="10.9721259"/>
      <nd lat="45.4723382" lon="10.9721729"/>
    </member>
    <member type="way" ref="1169235323" role="">
      <nd lat="45.4723131" lon="10.9720708"/>
      <nd lat="45.4723175" lon="10.9721259"/>
    </member>
    <member type="way" ref="24259130" role="">
      <nd lat="45.4697251" lon="10.9711239"/>
      <nd lat="45.4701838" lon="10.9712900"/>
      <nd lat="45.4706979" lon="10.9714507"/>
      <nd lat="45.4709738" lon="10.9715286"/>
      <nd lat="45.4712320" lon="10.9716384"/>
      <nd lat="45.4713508" lon="10.9717036"/>
      <nd lat="45.4714846" lon="10.9717283"/>
      <nd lat="45.4721676" lon="10.9718886"/>
      <nd lat="45.4722498" lon="10.9719042"/>
      <nd lat="45.4722748" lon="10.9719488"/>
      <nd lat="45.4723131" lon="10.9720708"/>
    </member>
    <member type="way" ref="24225798" role="">
      <nd lat="45.4687455" lon="10.9705855"/>
      <nd lat="45.4696481" lon="10.9710816"/>
      <nd lat="45.4697251" lon="10.9711239"/>
    </member>
    <member type="way" ref="1561124834" role="">
      <nd lat="45.4687098" lon="10.9701458"/>
      <nd lat="45.4687706" lon="10.9702028"/>
      <nd lat="45.4687450" lon="10.9703988"/>
      <nd lat="45.4686825" lon="10.9705572"/>
      <nd lat="45.4687455" lon="10.9705855"/>
    </member>
    <member type="way" ref="134083308" role="">
      <nd lat="45.4687098" lon="10.9701458"/>
      <nd lat="45.4688565" lon="10.9700207"/>
      <nd lat="45.4689363" lon="10.9699740"/>
      <nd lat="45.4696855" lon="10.9693547"/>
      <nd lat="45.4698180" lon="10.9692688"/>
      <nd lat="45.4700467" lon="10.9692259"/>
      <nd lat="45.4710381" lon="10.9690877"/>
    </member>
    <member type="way" ref="769265057" role="">
      <nd lat="45.4710381" lon="10.9690877"/>
      <nd lat="45.4714004" lon="10.9687834"/>
      <nd lat="45.4715869" lon="10.9686515"/>
      <nd lat="45.4716025" lon="10.9685950"/>
      <nd lat="45.4716219" lon="10.9685246"/>
      <nd lat="45.4716939" lon="10.9682274"/>
    </member>
    <member type="way" ref="1561124833" role="">
      <nd lat="45.4717962" lon="10.9682009"/>
      <nd lat="45.4717183" lon="10.9682079"/>
      <nd lat="45.4716939" lon="10.9682274"/>
    </member>
    <member type="way" ref="769265056" role="">
      <nd lat="45.4738723" lon="10.9661886"/>
      <nd lat="45.4736058" lon="10.9662183"/>
      <nd lat="45.4733275" lon="10.9662625"/>
      <nd lat="45.4728354" lon="10.9663536"/>
      <nd lat="45.4725916" lon="10.9665677"/>
      <nd lat="45.4723354" lon="10.9669573"/>
      <nd lat="45.4720230" lon="10.9674323"/>
      <nd lat="45.4719114" lon="10.9677865"/>
      <nd lat="45.4717962" lon="10.9682009"/>
    </member>
    <member type="way" ref="35867649" role="">
      <nd lat="45.4753192" lon="10.9650631"/>
      <nd lat="45.4749930" lon="10.9651515"/>
      <nd lat="45.4746104" lon="10.9652446"/>
      <nd lat="45.4745542" lon="10.9652607"/>
      <nd lat="45.4744772" lon="10.9653127"/>
      <nd lat="45.4744555" lon="10.9653519"/>
      <nd lat="45.4744314" lon="10.9654474"/>
      <nd lat="45.4744475" lon="10.9655823"/>
      <nd lat="45.4742227" lon="10.9659498"/>
      <nd lat="45.4740094" lon="10.9661222"/>
      <nd lat="45.4738723" lon="10.9661886"/>
    </member>
    <member type="way" ref="460027332" role="">
      <nd lat="45.4753192" lon="10.9650631"/>
      <nd lat="45.4758000" lon="10.9654672"/>
      <nd lat="45.4761598" lon="10.9655743"/>
    </member>
    <member type="way" ref="75893673" role="">
      <nd lat="45.4761598" lon="10.9655743"/>
      <nd lat="45.4763304" lon="10.9656334"/>
      <nd lat="45.4769735" lon="10.9664542"/>
      <nd lat="45.4772057" lon="10.9669317"/>
      <nd lat="45.4773554" lon="10.9674520"/>
      <nd lat="45.4773941" lon="10.9683928"/>
      <nd lat="45.4774022" lon="10.9685334"/>
      <nd lat="45.4774022" lon="10.9687553"/>
      <nd lat="45.4774520" lon="10.9689379"/>
    </member>
    <member type="way" ref="149732761" role="">
      <nd lat="45.4774520" lon="10.9689379"/>
      <nd lat="45.4774929" lon="10.9688879"/>
      <nd lat="45.4775202" lon="10.9688936"/>
      <nd lat="45.4775384" lon="10.9688974"/>
      <nd lat="45.4776794" lon="10.9691027"/>
      <nd lat="45.4778378" lon="10.9692987"/>
      <nd lat="45.4779827" lon="10.9695645"/>
      <nd lat="45.4781078" lon="10.9698073"/>
    </member>
    <member type="way" ref="149732764" role="">
      <nd lat="45.4781078" lon="10.9698073"/>
      <nd lat="45.4782675" lon="10.9700698"/>
      <nd lat="45.4795840" lon="10.9697802"/>
      <nd lat="45.4801281" lon="10.9687195"/>
      <nd lat="45.4802610" lon="10.9684605"/>
      <nd lat="45.4802761" lon="10.9680957"/>
    </member>
    <member type="way" ref="75893680" role="">
      <nd lat="45.4802761" lon="10.9680957"/>
      <nd lat="45.4803079" lon="10.9670391"/>
      <nd lat="45.4805542" lon="10.9662442"/>
      <nd lat="45.4805750" lon="10.9657371"/>
      <nd lat="45.4808109" lon="10.9655166"/>
      <nd lat="45.4808818" lon="10.9652425"/>
      <nd lat="45.4809187" lon="10.9649165"/>
      <nd lat="45.4809291" lon="10.9646857"/>
      <nd lat="45.4810611" lon="10.9642284"/>
      <nd lat="45.4810815" lon="10.9638489"/>
      <nd lat="45.4811140" lon="10.9635910"/>
      <nd lat="45.4803062" lon="10.9629888"/>
      <nd lat="45.4801368" lon="10.9628870"/>
      <nd lat="45.4800774" lon="10.9628026"/>
    </member>
    <member type="way" ref="149732775" role="">
      <nd lat="45.4794207" lon="10.9616192"/>
      <nd lat="45.4794663" lon="10.9619397"/>
      <nd lat="45.4795325" lon="10.9624428"/>
      <nd lat="45.4796083" lon="10.9626046"/>
      <nd lat="45.4797219" lon="10.9627181"/>
      <nd lat="45.4798838" lon="10.9627797"/>
      <nd lat="45.4800774" lon="10.9628026"/>
    </member>
    <member type="way" ref="460027333" role="">
      <nd lat="45.4787649" lon="10.9587514"/>
      <nd lat="45.4788047" lon="10.9591192"/>
      <nd lat="45.4788765" lon="10.9593087"/>
      <nd lat="45.4789456" lon="10.9595210"/>
      <nd lat="45.4790998" lon="10.9599002"/>
      <nd lat="45.4791796" lon="10.9601125"/>
      <nd lat="45.4792407" lon="10.9602945"/>
      <nd lat="45.4792833" lon="10.9604386"/>
      <nd lat="45.4793098" lon="10.9606585"/>
      <nd lat="45.4793657" lon="10.9610490"/>
      <nd lat="45.4794055" lon="10.9612727"/>
      <nd lat="45.4794268" lon="10.9615267"/>
      <nd lat="45.4794207" lon="10.9616192"/>
    </member>
    <member type="way" ref="149629680" role="">
      <nd lat="45.4781965" lon="10.9534332"/>
      <nd lat="45.4780205" lon="10.9532615"/>
      <nd lat="45.4779514" lon="10.9531060"/>
      <nd lat="45.4777307" lon="10.9530188"/>
      <nd lat="45.4776776" lon="10.9530643"/>
      <nd lat="45.4776270" lon="10.9531818"/>
      <nd lat="45.4775937" lon="10.9534405"/>
      <nd lat="45.4775742" lon="10.9537929"/>
      <nd lat="45.4775976" lon="10.9540690"/>
      <nd lat="45.4776172" lon="10.9541783"/>
      <nd lat="45.4776833" lon="10.9543725"/>
      <nd lat="45.4778261" lon="10.9547513"/>
      <nd lat="45.4779642" lon="10.9550630"/>
      <nd lat="45.4780019" lon="10.9552027"/>
      <nd lat="45.4780816" lon="10.9553467"/>
      <nd lat="45.4781508" lon="10.9555098"/>
      <nd lat="45.4782279" lon="10.9557107"/>
      <nd lat="45.4782677" lon="10.9558699"/>
      <nd lat="45.4782863" lon="10.9560557"/>
      <nd lat="45.4782863" lon="10.9562718"/>
      <nd lat="45.4782598" lon="10.9564955"/>
      <nd lat="45.4781899" lon="10.9566472"/>
      <nd lat="45.4781614" lon="10.9569732"/>
      <nd lat="45.4781986" lon="10.9572197"/>
      <nd lat="45.4782518" lon="10.9574358"/>
      <nd lat="45.4783076" lon="10.9576633"/>
      <nd lat="45.4783847" lon="10.9578415"/>
      <nd lat="45.4785070" lon="10.9580121"/>
      <nd lat="45.4785681" lon="10.9581448"/>
      <nd lat="45.4786319" lon="10.9582964"/>
      <nd lat="45.4786771" lon="10.9584102"/>
      <nd lat="45.4787649" lon="10.9587514"/>
    </member>
    <member type="way" ref="23948537" role="">
      <nd lat="45.4773644" lon="10.9489839"/>
      <nd lat="45.4773725" lon="10.9492279"/>
      <nd lat="45.4774015" lon="10.9493332"/>
      <nd lat="45.4774318" lon="10.9495657"/>
      <nd lat="45.4774568" lon="10.9496932"/>
      <nd lat="45.4774874" lon="10.9497982"/>
      <nd lat="45.4775581" lon="10.9499968"/>
      <nd lat="45.4779817" lon="10.9510960"/>
      <nd lat="45.4781822" lon="10.9515824"/>
      <nd lat="45.4782408" lon="10.9517728"/>
      <nd lat="45.4782911" lon="10.9521024"/>
      <nd lat="45.4782873" lon="10.9523865"/>
      <nd lat="45.4782880" lon="10.9526126"/>
      <nd lat="45.4782728" lon="10.9531151"/>
      <nd lat="45.4783004" lon="10.9533641"/>
      <nd lat="45.4783160" lon="10.9534223"/>
      <nd lat="45.4783336" lon="10.9535034"/>
      <nd lat="45.4783382" lon="10.9535788"/>
      <nd lat="45.4783212" lon="10.9536105"/>
      <nd lat="45.4782975" lon="10.9536210"/>
      <nd lat="45.4782651" lon="10.9536292"/>
      <nd lat="45.4782358" lon="10.9535913"/>
      <nd lat="45.4781965" lon="10.9534332"/>
    </member>
    <member type="way" ref="23948536" role="">
      <nd lat="45.4771303" lon="10.9484098"/>
      <nd lat="45.4771770" lon="10.9484630"/>
      <nd lat="45.4771900" lon="10.9484940"/>
      <nd lat="45.4772198" lon="10.9485649"/>
      <nd lat="45.4772720" lon="10.9487510"/>
      <nd lat="45.4773298" lon="10.9488952"/>
      <nd lat="45.4773644" lon="10.9489839"/>
    </member>
    <member type="way" ref="157906782" role="alternative">
      <nd lat="45.4752625" lon="10.9691157"/>
      <nd lat="45.4753082" lon="10.9691168"/>
      <nd lat="45.4753150" lon="10.9691169"/>
      <nd lat="45.4754992" lon="10.9691213"/>
      <nd lat="45.4757084" lon="10.9689863"/>
      <nd lat="45.4757952" lon="10.9688343"/>
      <nd lat="45.4758820" lon="10.9685698"/>
      <nd lat="45.4759096" lon="10.9682659"/>
      <nd lat="45.4757991" lon="10.9680408"/>
      <nd lat="45.4756689" lon="10.9678157"/>
      <nd lat="45.4755742" lon="10.9677257"/>
      <nd lat="45.4753808" lon="10.9678101"/>
      <nd lat="45.4752427" lon="10.9678776"/>
      <nd lat="45.4752427" lon="10.9676413"/>
      <nd lat="45.4752546" lon="10.9672811"/>
      <nd lat="45.4753138" lon="10.9671742"/>
      <nd lat="45.4754677" lon="10.9671292"/>
      <nd lat="45.4756373" lon="10.9670560"/>
      <nd lat="45.4757952" lon="10.9669885"/>
      <nd lat="45.4758307" lon="10.9667183"/>
      <nd lat="45.4758662" lon="10.9664932"/>
      <nd lat="45.4759136" lon="10.9662512"/>
      <nd lat="45.4760004" lon="10.9658742"/>
      <nd lat="45.4761069" lon="10.9657110"/>
      <nd lat="45.4761598" lon="10.9655743"/>
    </member>
    <member type="way" ref="366518460" role="alternative">
      <nd lat="45.4728955" lon="10.9703522"/>
      <nd lat="45.4730534" lon="10.9702002"/>
      <nd lat="45.4731560" lon="10.9701665"/>
      <nd lat="45.4732428" lon="10.9700708"/>
      <nd lat="45.4733691" lon="10.9699076"/>
      <nd lat="45.4735042" lon="10.9697980"/>
      <nd lat="45.4736146" lon="10.9696904"/>
      <nd lat="45.4737011" lon="10.9696084"/>
      <nd lat="45.4738861" lon="10.9694686"/>
      <nd lat="45.4739367" lon="10.9694053"/>
      <nd lat="45.4739825" lon="10.9693479"/>
      <nd lat="45.4740511" lon="10.9692462"/>
      <nd lat="45.4741510" lon="10.9692364"/>
      <nd lat="45.4743493" lon="10.9692029"/>
      <nd lat="45.4744771" lon="10.9691722"/>
      <nd lat="45.4752625" lon="10.9691157"/>
    </member>
    <member type="way" ref="1561124832" role="alternative">
      <nd lat="45.4726706" lon="10.9702734"/>
      <nd lat="45.4728955" lon="10.9703522"/>
    </member>
    <member type="way" ref="157906783" role="alternative">
      <nd lat="45.4687455" lon="10.9705855"/>
      <nd lat="45.4689955" lon="10.9704715"/>
      <nd lat="45.4692522" lon="10.9705113"/>
      <nd lat="45.4694922" lon="10.9705033"/>
      <nd lat="45.4697266" lon="10.9705590"/>
      <nd lat="45.4699555" lon="10.9706068"/>
      <nd lat="45.4701486" lon="10.9705802"/>
      <nd lat="45.4703277" lon="10.9704786"/>
      <nd lat="45.4704857" lon="10.9703839"/>
      <nd lat="45.4706866" lon="10.9703123"/>
      <nd lat="45.4708439" lon="10.9702184"/>
      <nd lat="45.4709720" lon="10.9701764"/>
      <nd lat="45.4711942" lon="10.9701763"/>
      <nd lat="45.4713284" lon="10.9701690"/>
      <nd lat="45.4715740" lon="10.9701849"/>
      <nd lat="45.4717432" lon="10.9702340"/>
      <nd lat="45.4717897" lon="10.9701121"/>
      <nd lat="45.4718709" lon="10.9700371"/>
      <nd lat="45.4720412" lon="10.9701292"/>
      <nd lat="45.4720960" lon="10.9702771"/>
      <nd lat="45.4722833" lon="10.9704589"/>
      <nd lat="45.4723746" lon="10.9704310"/>
      <nd lat="45.4726706" lon="10.9702734"/>
    </member>
    <member type="node" ref="14207611031" role="guidepost" lat="45.4772161" lon="10.9484717"/>
    <tag k="ascent" v="433"/>
    <tag k="cai_scale" v="T"/>
    <tag k="descent" v="449"/>
    <tag k="distance" v="15.0"/>
    <tag k="duration" v="5:00"/>
    <tag k="from" v="Parona"/>
    <tag k="name" v="Dorsale Giuliani"/>
    <tag k="network" v="lwn"/>
    <tag k="operator" v="Club Alpino Italiano Sezione di Verona"/>
    <tag k="osmc:symbol" v="blue:blue:yellow_corner:D:black"/>
    <tag k="route" v="hiking"/>
    <tag k="to" v="Montorio"/>
    <tag k="type" v="route"/>
    <tag k="via" v="Quinzano;Avesa;Poiano;Novaglie"/>
    <tag k="website" v="https://www.collineveronesi.it/index.php/map_tracks/view/137"/>
  </relation>
</new>
</action>

</osm>
